country,iso,year,n_obs,gci_composite,gci_composite_lower,gci_composite_upper,ci_width
Afghanistan,AFG,2009,7,44.4401,40.0766,48.4952,8.4186
Afghanistan,AFG,2010,7,38.9865,32.4,44.8523,12.4523
Afghanistan,AFG,2011,7,40.7637,35.0058,45.9747,10.9689
Afghanistan,AFG,2012,7,44.1899,38.5059,49.3598,10.8539
Afghanistan,AFG,2013,7,44.5942,40.8048,48.1493,7.3445
Afghanistan,AFG,2014,7,48.2697,44.2486,52.038,7.7895
Afghanistan,AFG,2015,7,45.6772,41.3322,49.7204,8.3883
Afghanistan,AFG,2016,6,44.7248,40.1332,48.9771,8.844
Afghanistan,AFG,2017,6,43.0274,37.4563,48.0975,10.6412
Afghanistan,AFG,2018,6,47.7795,43.0678,52.1459,9.0781
Afghanistan,AFG,2019,6,47.5159,42.3049,52.3065,10.0016
Afghanistan,AFG,2020,5,50.4782,45.2956,55.2572,9.9616
Albania,ALB,2009,8,62.0405,60.4848,63.562,3.0772
Albania,ALB,2010,8,61.4626,60.0936,62.8049,2.7113
Albania,ALB,2011,8,63.0405,61.8894,64.1731,2.2837
Albania,ALB,2012,8,64.6653,63.5255,65.7871,2.2616
Albania,ALB,2013,8,62.8408,61.7908,63.8753,2.0844
Albania,ALB,2014,8,62.9904,61.9962,63.9706,1.9744
Albania,ALB,2015,8,62.5585,61.541,63.5614,2.0204
Albania,ALB,2016,8,62.9102,61.891,63.9148,2.0238
Albania,ALB,2017,8,65.6489,64.6564,66.6278,1.9715
Albania,ALB,2018,8,65.1494,63.9881,66.2921,2.304
Albania,ALB,2019,8,66.5948,65.5516,67.6232,2.0716
Albania,ALB,2020,8,67.258,66.0976,68.4003,2.3027
Albania,ALB,2021,8,68.0203,66.9116,69.1125,2.2009
Albania,ALB,2022,8,69.1195,68.2197,70.0084,1.7887
Albania,ALB,2023,8,72.9956,71.8563,74.1181,2.2618
Albania,ALB,2024,8,73.891,72.9906,74.781,1.7904
Albania,ALB,2025,8,77.3563,76.6432,78.063,1.4198
Algeria,DZA,2009,8,37.6497,35.3682,39.8369,4.4688
Algeria,DZA,2010,8,39.3155,37.7475,40.8392,3.0917
Algeria,DZA,2011,8,41.2465,39.5531,42.8896,3.3365
Algeria,DZA,2012,8,40.9002,39.1659,42.5816,3.4157
Algeria,DZA,2013,8,34.8126,32.7896,36.7584,3.9688
Algeria,DZA,2014,8,41.9719,40.4296,43.4728,3.0432
Algeria,DZA,2015,8,46.163,44.7251,47.5664,2.8414
Algeria,DZA,2016,8,48.3456,47.2053,49.4647,2.2594
Algeria,DZA,2017,8,47.5552,46.0707,49.0035,2.9328
Algeria,DZA,2018,8,49.0052,47.5847,50.3932,2.8086
Algeria,DZA,2019,8,50.2804,48.8609,51.6677,2.8068
Algeria,DZA,2020,8,53.6758,52.2284,55.091,2.8626
Algeria,DZA,2021,8,54.107,52.0278,56.1206,4.0927
Algeria,DZA,2022,8,51.5374,49.6506,53.3687,3.7181
Algeria,DZA,2023,8,51.6632,49.8005,53.4718,3.6713
Algeria,DZA,2024,8,53.037,51.5303,54.5086,2.9784
Algeria,DZA,2025,8,54.372,52.8017,55.9048,3.1032
Angola,AGO,2009,8,29.3481,23.3191,34.6942,11.375
Angola,AGO,2010,8,33.6121,28.3066,38.4095,10.103
Angola,AGO,2011,8,30.4977,28.2313,32.6622,4.431
Angola,AGO,2012,8,26.8489,24.0553,29.4816,5.4263
Angola,AGO,2013,8,29.9496,26.479,33.185,6.706
Angola,AGO,2014,8,25.8423,22.7198,28.7622,6.0425
Angola,AGO,2015,8,18.7121,14.9029,22.1918,7.2889
Angola,AGO,2016,8,18.2561,14.4844,21.7022,7.2178
Angola,AGO,2017,8,16.7726,12.123,20.9255,8.8025
Angola,AGO,2018,7,19.6829,16.1838,22.9061,6.7223
Angola,AGO,2019,8,22.5222,19.7077,25.1632,5.4555
Angola,AGO,2020,8,29.4182,26.9852,31.7325,4.7473
Angola,AGO,2021,8,28.905,25.6736,31.9287,6.2551
Angola,AGO,2022,8,31.3375,29.5953,33.0195,3.4242
Angola,AGO,2023,8,31.4776,28.7292,34.0795,5.3502
Angola,AGO,2024,8,28.8049,26.7908,30.7364,3.9456
Angola,AGO,2025,8,27.2679,25.4743,28.9943,3.52
Argentina,ARG,2009,8,52.689,51.6924,53.6701,1.9776
Argentina,ARG,2010,8,51.1771,50.5077,51.8394,1.3317
Argentina,ARG,2011,8,50.2113,49.5288,50.8863,1.3575
Argentina,ARG,2012,8,52.0201,51.362,52.6714,1.3095
Argentina,ARG,2013,8,50.7966,50.0284,51.5554,1.527
Argentina,ARG,2014,8,52.574,51.9917,53.151,1.1593
Argentina,ARG,2015,8,53.988,53.4267,54.5445,1.1178
Argentina,ARG,2016,8,53.9177,53.2949,54.5345,1.2397
Argentina,ARG,2017,8,56.1754,55.3043,57.035,1.7307
Argentina,ARG,2018,8,56.9998,56.054,57.9321,1.8781
Argentina,ARG,2019,8,57.3605,56.2276,58.4743,2.2467
Argentina,ARG,2020,8,55.7711,54.5019,57.0161,2.5143
Argentina,ARG,2021,8,55.1003,53.6116,56.5554,2.9437
Argentina,ARG,2022,8,52.4897,51.199,53.7544,2.5554
Argentina,ARG,2023,8,50.5642,49.098,51.9963,2.8983
Argentina,ARG,2024,8,51.7096,50.5314,52.8658,2.3344
Argentina,ARG,2025,8,52.0838,50.7855,53.3557,2.5702
Armenia,ARM,2009,8,62.461,60.7708,64.1111,3.3403
Armenia,ARM,2010,8,62.3028,60.6461,63.9208,3.2747
Armenia,ARM,2011,8,62.134,60.8359,63.4082,2.5724
Armenia,ARM,2012,8,62.3013,61.1283,63.4548,2.3264
Armenia,ARM,2013,8,65.108,63.958,66.2397,2.2817
Armenia,ARM,2014,8,65.1074,63.9694,66.2276,2.2581
Armenia,ARM,2015,8,65.6717,64.5943,66.7332,2.1389
Armenia,ARM,2016,8,64.8449,63.6669,66.0038,2.3369
Armenia,ARM,2017,8,65.7717,64.4941,67.0268,2.5327
Armenia,ARM,2018,8,67.3668,66.0046,68.704,2.6994
Armenia,ARM,2019,8,70.1869,68.9707,71.3836,2.4129
Armenia,ARM,2020,8,69.5856,68.4065,70.7462,2.3397
Armenia,ARM,2021,8,71.9801,70.7058,73.2333,2.5274
Armenia,ARM,2022,8,69.7662,68.6415,70.8741,2.2326
Armenia,ARM,2023,8,67.5958,66.1733,68.9912,2.8179
Armenia,ARM,2024,8,69.4641,68.4271,70.4867,2.0596
Armenia,ARM,2025,8,69.121,68.2021,70.0286,1.8265
Australia,AUS,2009,8,94.08,93.0828,95.0663,1.9834
Australia,AUS,2010,8,92.8031,91.8933,93.7037,1.8104
Australia,AUS,2011,8,93.2075,92.2931,94.1128,1.8197
Australia,AUS,2012,8,92.1299,91.1571,93.0922,1.9351
Australia,AUS,2013,8,91.2103,90.2487,92.1615,1.9128
Australia,AUS,2014,8,90.3218,89.3322,91.3004,1.9682
Australia,AUS,2015,8,90.0696,89.0764,91.0517,1.9753
Australia,AUS,2016,8,90.1578,89.128,91.1756,2.0476
Australia,AUS,2017,8,91.463,90.5026,92.4131,1.9105
Australia,AUS,2018,8,90.1013,89.0357,91.1541,2.1184
Australia,AUS,2019,8,90.1085,89.0526,91.1519,2.0993
Australia,AUS,2020,8,90.0712,89.0203,91.1096,2.0893
Australia,AUS,2021,8,89.2613,88.2766,90.235,1.9584
Australia,AUS,2022,8,89.1631,88.3371,89.9814,1.6443
Australia,AUS,2023,8,90.1657,89.2328,91.0888,1.8561
Australia,AUS,2024,8,91.5575,90.7546,92.3532,1.5986
Australia,AUS,2025,8,91.6161,90.7729,92.4514,1.6785
Austria,AUT,2009,8,85.9141,85.1511,86.6704,1.5193
Austria,AUT,2010,8,86.0317,85.4284,86.6308,1.2024
Austria,AUT,2011,8,85.2164,84.6033,85.825,1.2217
Austria,AUT,2012,8,85.5748,84.9859,86.1597,1.1737
Austria,AUT,2013,8,85.9122,85.4512,86.3706,0.9193
Austria,AUT,2014,8,86.0221,85.5716,86.4702,0.8986
Austria,AUT,2015,8,86.1172,85.6432,86.5885,0.9452
Austria,AUT,2016,8,87.0239,86.483,87.5614,1.0783
Austria,AUT,2017,8,88.073,87.4545,88.687,1.2325
Austria,AUT,2018,8,87.4409,86.7617,88.1148,1.3531
Austria,AUT,2019,8,87.36,86.6817,88.0329,1.3512
Austria,AUT,2020,8,87.0942,86.4021,87.7808,1.3787
Austria,AUT,2021,8,87.9448,87.2081,88.6753,1.4672
Austria,AUT,2022,8,88.1494,87.4472,88.846,1.3987
Austria,AUT,2023,8,87.045,86.189,87.8925,1.7034
Austria,AUT,2024,8,86.459,85.7069,87.2046,1.4977
Austria,AUT,2025,8,84.7055,83.9211,85.4827,1.5616
Azerbaijan,AZE,2009,8,58.7516,57.1784,60.2887,3.1103
Azerbaijan,AZE,2010,8,58.9932,57.5502,60.4058,2.8557
Azerbaijan,AZE,2011,8,54.4939,53.069,55.8878,2.8188
Azerbaijan,AZE,2012,8,56.4331,55.1519,57.6898,2.5379
Azerbaijan,AZE,2013,8,58.2844,57.0915,59.4563,2.3648
Azerbaijan,AZE,2014,8,59.6054,58.461,60.7307,2.2697
Azerbaijan,AZE,2015,8,60.2514,59.1107,61.3734,2.2627
Azerbaijan,AZE,2016,8,59.3835,57.4067,61.3039,3.8972
Azerbaijan,AZE,2017,8,61.9515,60.5306,63.3438,2.8132
Azerbaijan,AZE,2018,8,63.3329,61.591,65.0326,3.4416
Azerbaijan,AZE,2019,8,61.1727,59.199,63.0913,3.8923
Azerbaijan,AZE,2020,8,68.0039,66.3644,69.6075,3.2431
Azerbaijan,AZE,2021,8,67.2761,65.3812,69.1228,3.7416
Azerbaijan,AZE,2022,8,66.2235,64.8393,67.5816,2.7423
Azerbaijan,AZE,2023,6,58.2033,56.2053,60.1431,3.9378
Azerbaijan,AZE,2024,7,58.1026,55.973,60.1661,4.1931
Azerbaijan,AZE,2025,7,59.218,57.1179,61.2545,4.1366
Bahamas,BHS,2009,7,69.5367,65.6137,73.2624,7.6487
Bahamas,BHS,2010,6,68.031,62.7009,72.9989,10.298
Bahamas,BHS,2011,6,68.337,64.1132,72.3307,8.2175
Bahamas,BHS,2012,6,71.2927,67.0107,75.3444,8.3338
Bahamas,BHS,2013,6,67.0435,62.6161,71.216,8.5999
Bahamas,BHS,2014,6,67.8915,63.4905,72.0423,8.5518
Bahamas,BHS,2015,6,67.0956,63.78,70.2662,6.4862
Bahamas,BHS,2016,6,65.864,61.5637,69.921,8.3574
Bahamas,BHS,2017,6,66.2342,62.7227,69.5823,6.8597
Bahamas,BHS,2018,6,63.7054,59.3947,67.7669,8.3722
Bahamas,BHS,2019,6,66.4467,61.6459,70.9475,9.3016
Bahamas,BHS,2020,6,66.1037,61.0806,70.7985,9.7179
Bahamas,BHS,2021,6,67.0461,62.5142,71.3112,8.797
Bahamas,BHS,2022,5,64.1132,59.5014,68.4418,8.9404
Bahamas,BHS,2023,5,65.7514,62.0954,69.2299,7.1344
Bahamas,BHS,2024,5,65.5677,59.917,70.8041,10.8872
Bahamas,BHS,2025,5,64.0867,58.6705,69.1163,10.4458
Bahrain,BHR,2009,8,72.4654,71.4139,73.5025,2.0886
Bahrain,BHR,2010,8,73.0353,72.1149,73.9447,1.8297
Bahrain,BHR,2011,8,73.1435,72.2147,74.0611,1.8464
Bahrain,BHR,2012,8,74.3097,73.4107,75.1984,1.7877
Bahrain,BHR,2013,8,74.7691,73.8876,75.6408,1.7532
Bahrain,BHR,2014,8,73.6924,72.8495,74.5262,1.6766
Bahrain,BHR,2015,8,75.0378,74.2115,75.8555,1.644
Bahrain,BHR,2016,8,75.8884,74.9273,76.8378,1.9105
Bahrain,BHR,2017,8,75.6493,74.3113,76.9648,2.6535
Bahrain,BHR,2018,7,73.2984,71.7872,74.7805,2.9933
Bahrain,BHR,2019,7,74.0697,72.3625,75.7401,3.3776
Bahrain,BHR,2020,8,75.0693,73.2503,76.8467,3.5965
Bahrain,BHR,2021,8,76.5768,75.2363,77.895,2.6587
Bahrain,BHR,2022,8,76.6304,75.3256,77.9139,2.5882
Bahrain,BHR,2023,8,75.4271,74.0205,76.8089,2.7884
Bahrain,BHR,2024,8,77.8802,76.7369,79.0073,2.2704
Bahrain,BHR,2025,8,77.8989,76.7592,79.0225,2.2633
Bangladesh,BGD,2009,8,40.6428,38.1493,43.0279,4.8786
Bangladesh,BGD,2010,8,41.2216,39.4394,42.9483,3.5089
Bangladesh,BGD,2011,8,42.769,41.3201,44.1815,2.8614
Bangladesh,BGD,2012,8,45.4081,44.2623,46.5318,2.2695
Bangladesh,BGD,2013,8,45.1621,43.867,46.4288,2.5618
Bangladesh,BGD,2014,8,46.3335,45.2619,47.3858,2.1239
Bangladesh,BGD,2015,8,46.162,45.5242,46.7929,1.2687
Bangladesh,BGD,2016,8,44.9068,43.6786,46.1094,2.4308
Bangladesh,BGD,2017,8,45.3118,43.948,46.6442,2.6962
Bangladesh,BGD,2018,8,46.4616,45.0288,47.8603,2.8315
Bangladesh,BGD,2019,8,46.2524,44.8257,47.6453,2.8197
Bangladesh,BGD,2020,8,45.2844,43.7575,46.7722,3.0147
Bangladesh,BGD,2021,8,44.401,42.3172,46.4117,4.0945
Bangladesh,BGD,2022,8,43.7888,42.3573,45.1852,2.8278
Bangladesh,BGD,2023,8,42.7828,41.0388,44.4745,3.4357
Bangladesh,BGD,2024,8,42.724,41.4616,43.9587,2.4972
Bangladesh,BGD,2025,8,42.2434,40.9336,43.5233,2.5897
Barbados,BRB,2009,8,78.7563,76.8681,80.6011,3.733
Barbados,BRB,2010,7,78.8421,76.7042,80.9247,4.2205
Barbados,BRB,2011,7,77.2262,74.9399,79.4485,4.5087
Barbados,BRB,2012,7,77.5711,75.6351,79.4612,3.8261
Barbados,BRB,2013,7,76.6641,74.4592,78.8091,4.3499
Barbados,BRB,2014,7,75.41,71.2838,79.329,8.0452
Barbados,BRB,2015,7,74.729,71.3912,77.9292,6.538
Barbados,BRB,2016,7,72.4131,69.2782,75.424,6.1459
Barbados,BRB,2017,7,69.5003,66.2616,72.6035,6.3418
Barbados,BRB,2018,6,70.3112,66.9184,73.5566,6.6381
Barbados,BRB,2019,6,69.443,66.5584,72.2196,5.6613
Barbados,BRB,2020,7,69.9176,65.9516,73.6829,7.7313
Barbados,BRB,2021,7,69.2931,65.6857,72.7329,7.0472
Barbados,BRB,2022,7,67.7952,63.8406,71.5466,7.706
Barbados,BRB,2023,7,66.5693,63.0402,69.9339,6.8937
Barbados,BRB,2024,7,66.8301,63.2759,70.2179,6.942
Barbados,BRB,2025,7,67.4516,63.5492,71.1553,7.6061
Belarus,BLR,2009,7,55.67,51.9249,59.2107,7.2858
Belarus,BLR,2010,7,56.2489,52.5466,59.7526,7.206
Belarus,BLR,2011,7,54.3911,50.5515,58.0135,7.462
Belarus,BLR,2012,7,55.5464,51.5837,59.2808,7.6971
Belarus,BLR,2013,7,54.1163,49.8893,58.0808,8.1916
Belarus,BLR,2014,7,54.688,51.1075,58.0796,6.9721
Belarus,BLR,2015,7,55.2076,51.1955,58.985,7.7895
Belarus,BLR,2016,7,56.2795,52.2737,60.0537,7.78
Belarus,BLR,2017,7,60.492,56.8076,63.9874,7.1798
Belarus,BLR,2018,7,60.4774,56.9337,63.8458,6.9121
Belarus,BLR,2019,7,58.4046,54.5782,62.0234,7.4452
Belarus,BLR,2020,7,59.7007,56.2749,62.9612,6.6863
Belarus,BLR,2021,6,60.6776,57.7362,63.4975,5.7612
Belarus,BLR,2022,6,60.1219,56.4617,63.5948,7.1331
Belarus,BLR,2023,5,59.2344,56.3324,62.0164,5.684
Belarus,BLR,2024,5,52.6484,47.6079,57.3146,9.7067
Belarus,BLR,2025,5,53.3252,47.9369,58.2907,10.3538
Belgium,BEL,2009,8,87.4277,86.2127,88.6257,2.413
Belgium,BEL,2010,8,86.1623,85.1066,87.205,2.0984
Belgium,BEL,2011,8,87.5115,86.4161,88.5932,2.1771
Belgium,BEL,2012,8,86.7098,85.9174,87.495,1.5776
Belgium,BEL,2013,8,87.0076,86.2786,87.7304,1.4518
Belgium,BEL,2014,8,87.0473,86.2664,87.8212,1.5548
Belgium,BEL,2015,8,88.0387,87.4379,88.6353,1.1974
Belgium,BEL,2016,8,90.135,89.4038,90.8602,1.4564
Belgium,BEL,2017,8,89.9802,89.148,90.8045,1.6566
Belgium,BEL,2018,8,89.3203,88.5284,90.1051,1.5768
Belgium,BEL,2019,8,87.6698,86.8896,88.4429,1.5533
Belgium,BEL,2020,8,88.9779,88.2286,89.7209,1.4923
Belgium,BEL,2021,8,88.4726,87.7467,89.1924,1.4457
Belgium,BEL,2022,8,88.54,87.8655,89.2094,1.3439
Belgium,BEL,2023,8,88.1327,87.3034,88.9543,1.6509
Belgium,BEL,2024,8,87.0981,86.3953,87.7951,1.3997
Belgium,BEL,2025,8,86.6125,85.883,87.3359,1.4528
Belize,BLZ,2009,7,61.1492,57.466,64.6447,7.1787
Belize,BLZ,2010,7,60.7052,56.7925,64.4057,7.6132
Belize,BLZ,2011,7,61.1252,57.6573,64.426,6.7687
Belize,BLZ,2012,5,60.9616,57.1138,64.6045,7.4907
Belize,BLZ,2013,5,64.3244,60.8588,67.628,6.7692
Belize,BLZ,2018,5,61.6942,58.642,64.6169,5.9749
Belize,BLZ,2019,5,59.6139,56.3956,62.6858,6.2902
Belize,BLZ,2020,5,61.8302,59.4994,64.0849,4.5855
Belize,BLZ,2021,5,61.1745,58.0694,64.1452,6.0757
Belize,BLZ,2022,5,58.7034,55.558,61.7076,6.1497
Belize,BLZ,2023,5,62.3813,58.6943,65.8822,7.1879
Belize,BLZ,2024,5,60.1439,56.3224,63.7618,7.4394
Belize,BLZ,2025,5,60.2003,57.065,63.1972,6.1322
Benin,BEN,2009,8,52.4068,50.6443,54.1212,3.4769
Benin,BEN,2010,8,49.3,47.6582,50.8985,3.2402
Benin,BEN,2011,8,48.8999,47.196,50.5571,3.3611
Benin,BEN,2012,8,50.5604,48.9468,52.1327,3.1859
Benin,BEN,2013,8,48.142,46.4982,49.7419,3.2437
Benin,BEN,2014,8,47.3609,45.913,48.7743,2.8613
Benin,BEN,2015,8,46.4909,45.042,47.905,2.863
Benin,BEN,2016,8,49.5927,48.0916,51.0577,2.9661
Benin,BEN,2017,8,52.7369,50.9702,54.4555,3.4854
Benin,BEN,2018,8,49.8558,47.7237,51.9159,4.1923
Benin,BEN,2019,8,54.4849,52.5076,56.4031,3.8954
Benin,BEN,2020,8,54.7015,52.9422,56.414,3.4717
Benin,BEN,2021,8,56.0647,54.218,57.8606,3.6426
Benin,BEN,2022,8,55.7916,54.2695,57.2789,3.0094
Benin,BEN,2023,8,58.9423,57.2388,60.6037,3.3649
Benin,BEN,2024,8,61.3537,60.041,62.6417,2.6008
Benin,BEN,2025,8,62.7529,61.4628,64.0196,2.5568
Bhutan,BTN,2009,7,55.6628,51.4358,59.6313,8.1954
Bhutan,BTN,2010,7,60.4921,56.8846,63.9182,7.0335
Bhutan,BTN,2011,7,59.9736,56.4809,63.2952,6.8143
Bhutan,BTN,2012,7,62.7665,60.2882,65.1596,4.8713
Bhutan,BTN,2013,7,61.14,58.8176,63.3862,4.5686
Bhutan,BTN,2014,8,63.7959,62.1043,65.4479,3.3435
Bhutan,BTN,2015,7,65.0534,63.79,66.2947,2.5047
Bhutan,BTN,2016,7,66.4285,65.1822,67.6536,2.4714
Bhutan,BTN,2017,7,67.6667,66.4602,68.8536,2.3935
Bhutan,BTN,2018,7,70.5217,68.9888,72.0238,3.0351
Bolivia,BOL,2009,8,45.9555,43.4137,48.3915,4.9777
Bolivia,BOL,2010,8,43.1191,40.8575,45.2937,4.4362
Bolivia,BOL,2011,8,48.2213,46.403,49.9861,3.5831
Bolivia,BOL,2012,8,48.4178,46.7281,50.0612,3.3331
Bolivia,BOL,2013,8,51.2476,49.6643,52.7915,3.1272
Bolivia,BOL,2014,8,52.6644,51.1826,54.1121,2.9295
Bolivia,BOL,2015,8,53.4139,52.0442,54.7546,2.7104
Bolivia,BOL,2016,8,51.0437,49.457,52.5907,3.1337
Bolivia,BOL,2017,8,49.3787,47.6816,51.0297,3.3481
Bolivia,BOL,2018,7,48.3172,46.1951,50.367,4.1719
Bolivia,BOL,2019,8,47.4254,45.3669,49.4149,4.0481
Bolivia,BOL,2020,8,46.4369,44.3933,48.4118,4.0184
Bolivia,BOL,2021,8,45.1566,43.0363,47.2021,4.1658
Bolivia,BOL,2022,8,44.2,42.0089,46.3103,4.3014
Bolivia,BOL,2023,8,42.6105,39.7914,45.295,5.5036
Bolivia,BOL,2024,8,43.0243,40.5033,45.4376,4.9343
Bolivia,BOL,2025,8,41.3537,38.8541,43.7454,4.8913
Bosnia and Herzegovina,BIH,2009,8,55.1244,53.3938,56.8097,3.4159
Bosnia and Herzegovina,BIH,2010,8,54.063,52.6414,55.4537,2.8123
Bosnia and Herzegovina,BIH,2011,8,54.2084,52.8398,55.5483,2.7085
Bosnia and Herzegovina,BIH,2012,8,53.1185,51.8474,54.3646,2.5173
Bosnia and Herzegovina,BIH,2013,8,56.5749,55.2646,57.8595,2.5948
Bosnia and Herzegovina,BIH,2014,8,57.2879,56.1727,58.3846,2.2118
Bosnia and Herzegovina,BIH,2015,8,56.2517,55.0702,57.4123,2.342
Bosnia and Herzegovina,BIH,2016,8,52.5678,51.5103,53.6079,2.0976
Bosnia and Herzegovina,BIH,2017,8,54.5636,53.1192,55.9762,2.857
Bosnia and Herzegovina,BIH,2018,8,55.644,54.0299,57.2188,3.1889
Bosnia and Herzegovina,BIH,2019,8,53.2431,51.6575,54.7899,3.1324
Bosnia and Herzegovina,BIH,2020,8,52.9485,51.2352,54.6166,3.3813
Bosnia and Herzegovina,BIH,2021,8,53.5849,51.7034,55.4122,3.7088
Bosnia and Herzegovina,BIH,2022,8,51.4784,49.9562,52.9642,3.008
Bosnia and Herzegovina,BIH,2023,8,49.5858,47.8016,51.3191,3.5175
Bosnia and Herzegovina,BIH,2024,8,50.4098,48.956,51.83,2.8739
Bosnia and Herzegovina,BIH,2025,8,49.7825,48.2029,51.3223,3.1194
Botswana,BWA,2009,8,72.1495,70.7792,73.4954,2.7162
Botswana,BWA,2010,8,71.7693,70.7082,72.8156,2.1074
Botswana,BWA,2011,8,70.7099,69.7015,71.705,2.0036
Botswana,BWA,2012,8,70.3341,69.4124,71.2447,1.8323
Botswana,BWA,2013,8,69.1922,68.5211,69.8573,1.3362
Botswana,BWA,2014,8,68.9578,68.3496,69.5609,1.2112
Botswana,BWA,2015,8,68.9862,68.3603,69.6068,1.2465
Botswana,BWA,2016,8,67.9657,67.2263,68.6976,1.4714
Botswana,BWA,2017,8,69.7081,68.8753,70.5317,1.6564
Botswana,BWA,2018,8,67.357,66.2186,68.4779,2.2592
Botswana,BWA,2019,8,68.2162,67.1687,69.249,2.0803
Botswana,BWA,2020,8,68.7548,67.6704,69.8235,2.1532
Botswana,BWA,2021,8,68.7496,67.7353,69.7501,2.0147
Botswana,BWA,2022,8,73.0097,72.1084,73.9005,1.7921
Botswana,BWA,2023,8,74.8876,73.7313,76.0271,2.2958
Botswana,BWA,2024,8,76.1058,75.174,77.0266,1.8526
Botswana,BWA,2025,8,72.6783,71.8031,73.5437,1.7406
Brazil,BRA,2009,8,70.0559,69.3559,70.7494,1.3935
Brazil,BRA,2010,8,67.5922,67.1209,68.0605,0.9396
Brazil,BRA,2011,8,66.6082,66.1094,67.1035,0.9941
Brazil,BRA,2012,8,66.6228,66.11,67.1319,1.0219
Brazil,BRA,2013,8,66.913,66.4673,67.356,0.8887
Brazil,BRA,2014,8,66.3782,65.934,66.8197,0.8857
Brazil,BRA,2015,8,64.7442,64.3054,65.1803,0.8749
Brazil,BRA,2016,8,61.6341,61.1178,62.1466,1.0288
Brazil,BRA,2017,8,61.2868,60.5299,62.0354,1.5054
Brazil,BRA,2018,8,61.1022,59.898,62.2856,2.3876
Brazil,BRA,2019,8,61.2887,60.1837,62.3762,2.1926
Brazil,BRA,2020,8,60.7675,59.4496,62.0605,2.6109
Brazil,BRA,2021,8,61.8899,60.6024,63.1539,2.5515
Brazil,BRA,2022,8,62.4445,61.5801,63.2983,1.7182
Brazil,BRA,2023,8,65.3594,64.1521,66.5467,2.3947
Brazil,BRA,2024,8,65.063,64.2177,65.8984,1.6807
Brazil,BRA,2025,8,63.454,62.5789,64.3182,1.7393
Brunei,BRN,2009,8,70.3841,68.1408,72.562,4.4212
Brunei,BRN,2010,7,70.0928,65.3982,74.509,9.1108
Brunei,BRN,2011,7,69.9658,64.7524,74.8377,10.0853
Brunei,BRN,2012,7,71.8365,68.2408,75.2693,7.0285
Brunei,BRN,2013,7,71.8129,68.2403,75.2245,6.9842
Brunei,BRN,2014,7,72.7238,69.442,75.8703,6.4284
Brunei,BRN,2015,7,71.709,67.3925,75.7922,8.3998
Brunei,BRN,2016,7,72.7057,68.8471,76.3786,7.5316
Brunei,BRN,2017,7,69.8531,65.7908,73.705,7.9142
Brunei,BRN,2018,7,71.4567,67.7467,74.9927,7.246
Brunei,BRN,2019,7,70.716,66.8629,74.3807,7.5178
Brunei,BRN,2020,7,73.2594,69.7501,76.615,6.8649
Brunei,BRN,2021,7,73.6298,70.8632,76.3003,5.4371
Brunei,BRN,2022,7,76.8719,74.4955,79.1788,4.6833
Brunei,BRN,2024,5,75.1963,71.6755,78.5649,6.8895
Brunei,BRN,2025,5,77.8513,74.6002,80.975,6.3748
Bulgaria,BGR,2009,8,68.1066,66.7164,69.4708,2.7544
Bulgaria,BGR,2010,8,67.2999,65.9552,68.6202,2.6649
Bulgaria,BGR,2011,8,67.1081,65.796,68.3969,2.6009
Bulgaria,BGR,2012,8,66.7714,65.5846,67.9389,2.3543
Bulgaria,BGR,2013,8,67.3701,66.1895,68.5317,2.3422
Bulgaria,BGR,2014,8,67.8282,66.6906,68.9485,2.2579
Bulgaria,BGR,2015,8,67.2157,66.142,68.2737,2.1317
Bulgaria,BGR,2016,8,67.5789,66.7206,68.4272,1.7065
Bulgaria,BGR,2017,8,69.2733,68.3178,70.2166,1.8989
Bulgaria,BGR,2018,8,67.0292,65.8802,68.1602,2.28
Bulgaria,BGR,2019,8,68.577,67.6689,69.4741,1.8053
Bulgaria,BGR,2020,8,70.2559,69.3857,71.116,1.7303
Bulgaria,BGR,2021,8,72.2158,71.2572,73.1625,1.9053
Bulgaria,BGR,2022,8,72.0732,71.223,72.914,1.691
Bulgaria,BGR,2023,8,73.0019,71.9553,74.0343,2.079
Bulgaria,BGR,2024,8,73.0637,72.2522,73.8666,1.6144
Bulgaria,BGR,2025,8,72.4031,71.5871,73.2105,1.6234
Burkina Faso,BFA,2009,8,62.3017,60.6125,63.9508,3.3383
Burkina Faso,BFA,2010,8,59.1167,57.4062,60.7849,3.3787
Burkina Faso,BFA,2011,8,55.3156,53.6636,56.9265,3.2628
Burkina Faso,BFA,2012,8,54.9587,53.3975,56.483,3.0856
Burkina Faso,BFA,2013,8,53.9876,52.2345,55.6937,3.4592
Burkina Faso,BFA,2014,8,53.2553,51.7106,54.7632,3.0526
Burkina Faso,BFA,2015,8,54.2617,52.8683,55.6254,2.7571
Burkina Faso,BFA,2016,8,52.9549,51.4309,54.443,3.0121
Burkina Faso,BFA,2017,8,54.5462,52.2511,56.762,4.5109
Burkina Faso,BFA,2018,7,54.0993,51.4056,56.684,5.2784
Burkina Faso,BFA,2019,8,52.0031,50.2206,53.7363,3.5157
Burkina Faso,BFA,2020,8,48.5582,46.6448,50.4126,3.7678
Burkina Faso,BFA,2021,6,45.3217,42.6149,47.9077,5.2928
Burkina Faso,BFA,2022,6,46.7472,44.0163,49.3572,5.3409
Burkina Faso,BFA,2023,6,46.927,44.114,49.6121,5.4981
Burkina Faso,BFA,2024,6,45.9946,43.5792,48.3142,4.735
Burkina Faso,BFA,2025,6,45.9112,43.3773,48.3397,4.9624
Burundi,BDI,2009,8,24.3935,19.928,28.4473,8.5194
Burundi,BDI,2010,8,27.4221,23.4339,31.0923,7.6585
Burundi,BDI,2011,8,19.337,14.4046,23.7348,9.3302
Burundi,BDI,2012,8,24.481,20.5357,28.1021,7.5664
Burundi,BDI,2013,8,20.5917,15.9134,24.7954,8.882
Burundi,BDI,2014,8,20.1697,15.5482,24.3245,8.7763
Burundi,BDI,2015,8,26.8848,23.2711,30.2336,6.9625
Burundi,BDI,2016,8,30.061,26.734,33.1715,6.4374
Burundi,BDI,2017,8,29.2852,26.5486,31.8721,5.3236
Burundi,BDI,2018,8,27.0069,23.6372,30.1456,6.5084
Burundi,BDI,2019,8,29.6358,25.7626,33.217,7.4544
Burundi,BDI,2020,7,37.7615,34.8704,40.5031,5.6327
Burundi,BDI,2021,7,37.2039,34.1276,40.1102,5.9826
Cabo Verde,CPV,2009,8,65.0652,62.0224,67.9833,5.9609
Cabo Verde,CPV,2010,8,63.3381,60.3216,66.23,5.9084
Cabo Verde,CPV,2011,8,64.3937,62.2402,66.4836,4.2434
Cabo Verde,CPV,2012,8,63.6993,61.5577,65.7776,4.2199
Cabo Verde,CPV,2013,8,64.3231,62.3416,66.2506,3.909
Cabo Verde,CPV,2014,8,63.2958,61.2122,65.3192,4.107
Cabo Verde,CPV,2015,8,62.7108,60.6908,64.6738,3.983
Cabo Verde,CPV,2016,8,64.2299,62.4094,66.0047,3.5953
Cabo Verde,CPV,2017,8,64.711,62.2404,67.0986,4.8582
Cabo Verde,CPV,2018,8,63.9493,61.9547,65.8889,3.9341
Cabo Verde,CPV,2019,8,64.17,62.2309,66.0573,3.8264
Cabo Verde,CPV,2020,8,66.397,64.5075,68.2383,3.7308
Cabo Verde,CPV,2021,8,67.54,65.6205,69.4103,3.7898
Cabo Verde,CPV,2022,8,66.8184,65.0945,68.5022,3.4076
Cabo Verde,CPV,2023,8,67.3198,65.5387,69.0583,3.5196
Cabo Verde,CPV,2024,8,66.8207,64.9419,68.6519,3.71
Cabo Verde,CPV,2025,8,67.0807,65.534,68.5952,3.0612
Cambodia,KHM,2009,8,45.0017,42.6864,47.2279,4.5415
Cambodia,KHM,2010,8,47.464,45.6531,49.2213,3.5682
Cambodia,KHM,2011,8,48.0969,46.6056,49.5519,2.9463
Cambodia,KHM,2012,8,50.2878,48.9517,51.5955,2.6438
Cambodia,KHM,2013,8,54.1925,52.9728,55.3893,2.4165
Cambodia,KHM,2014,8,54.3099,53.1079,55.4899,2.382
Cambodia,KHM,2015,8,52.9363,51.8001,54.0523,2.2522
Cambodia,KHM,2016,8,53.0268,51.683,54.3425,2.6595
Cambodia,KHM,2017,8,53.4914,51.9795,54.968,2.9885
Cambodia,KHM,2018,8,54.1458,52.4869,55.7627,3.2758
Cambodia,KHM,2019,8,52.3287,50.7433,53.8749,3.1316
Cambodia,KHM,2020,8,54.0571,52.6659,55.4186,2.7527
Cambodia,KHM,2021,8,54.9926,53.7824,56.1804,2.398
Cambodia,KHM,2022,8,55.1871,53.9862,56.3661,2.3798
Cambodia,KHM,2023,8,54.8425,53.2614,56.3858,3.1245
Cambodia,KHM,2024,8,55.7553,54.3543,57.1267,2.7724
Cambodia,KHM,2025,8,56.5308,55.1393,57.8933,2.7539
Cameroon,CMR,2009,8,47.2414,45.2881,49.1325,3.8445
Cameroon,CMR,2010,8,46.6133,45.0794,48.1082,3.0288
Cameroon,CMR,2011,8,47.4551,46.1499,48.7324,2.5825
Cameroon,CMR,2012,8,47.9878,46.7237,49.2259,2.5022
Cameroon,CMR,2013,8,50.1139,48.4241,51.7583,3.3342
Cameroon,CMR,2014,8,51.2885,49.6319,52.9021,3.2702
Cameroon,CMR,2015,8,49.5981,48.0226,51.1339,3.1113
Cameroon,CMR,2016,8,49.6298,48.4051,50.8305,2.4254
Cameroon,CMR,2017,8,47.4718,45.7753,49.1213,3.346
Cameroon,CMR,2018,8,46.1521,44.3338,47.9156,3.5817
Cameroon,CMR,2019,8,45.5724,43.7988,47.2935,3.4947
Cameroon,CMR,2020,8,44.3919,42.8345,45.9082,3.0737
Cameroon,CMR,2021,8,45.0934,42.8393,47.263,4.4237
Cameroon,CMR,2022,8,45.6347,43.4404,47.7494,4.309
Cameroon,CMR,2023,8,46.389,44.036,48.6514,4.6154
Cameroon,CMR,2024,8,47.9317,45.8597,49.9343,4.0746
Cameroon,CMR,2025,8,46.0581,43.9324,48.1094,4.177
Canada,CAN,2009,8,94.3439,93.4643,95.215,1.7507
Canada,CAN,2010,8,93.8238,92.8315,94.8053,1.9738
Canada,CAN,2011,8,92.9588,91.9579,93.9488,1.9909
Canada,CAN,2012,8,93.7013,92.6921,94.6993,2.0073
Canada,CAN,2013,8,93.9158,92.8258,94.9928,2.167
Canada,CAN,2014,8,92.8852,91.8473,93.9113,2.064
Canada,CAN,2015,8,93.3614,92.3221,94.3889,2.0668
Canada,CAN,2016,8,92.7988,91.6773,93.9064,2.2292
Canada,CAN,2017,8,93.6408,92.6147,94.6553,2.0406
Canada,CAN,2018,8,93.5983,92.6168,94.5693,1.9525
Canada,CAN,2019,8,92.2878,91.2459,93.3177,2.0718
Canada,CAN,2020,8,93.2276,92.284,94.1614,1.8774
Canada,CAN,2021,8,91.8877,90.9645,92.8014,1.8368
Canada,CAN,2022,8,92.7837,91.8954,93.6633,1.7678
Canada,CAN,2023,8,92.4643,91.5658,93.3538,1.7881
Canada,CAN,2024,8,95.1784,94.3651,95.9845,1.6193
Canada,CAN,2025,8,93.8315,93.0445,94.6116,1.5671
Central African Republic,CAF,2009,5,46.5749,37.6386,54.3274,16.6889
Central African Republic,CAF,2010,5,42.142,32.0923,50.6497,18.5574
Central African Republic,CAF,2011,5,46.0269,34.7643,55.4567,20.6924
Central African Republic,CAF,2012,5,45.7874,37.5144,53.0283,15.5139
Central African Republic,CAF,2013,5,46.737,39.8392,52.9104,13.0712
Central African Republic,CAF,2014,5,43.7409,36.5708,50.1067,13.5359
Central African Republic,CAF,2015,5,44.6418,35.8418,52.269,16.4272
Central African Republic,CAF,2016,5,43.948,36.0433,50.8877,14.8443
Central African Republic,CAF,2017,5,45.0373,38.7506,50.7061,11.9555
Central African Republic,CAF,2018,5,44.994,34.5837,53.8045,19.2207
Central African Republic,CAF,2019,5,45.4588,37.2705,52.6315,15.361
Central African Republic,CAF,2020,5,45.6406,36.8251,53.2913,16.4661
Chad,TCD,2009,8,21.7332,17.3529,25.7017,8.3488
Chad,TCD,2010,8,21.3485,17.5523,24.8299,7.2776
Chad,TCD,2011,8,26.7984,23.9503,29.4793,5.529
Chad,TCD,2012,8,26.3652,23.7233,28.8618,5.1385
Chad,TCD,2013,8,24.0558,20.3252,27.4935,7.1683
Chad,TCD,2014,8,19.8661,15.6962,23.6508,7.9546
Chad,TCD,2015,8,23.4805,19.8426,26.8372,6.9946
Chad,TCD,2016,8,24.8482,22.4643,27.1106,4.6463
Chad,TCD,2017,8,19.4299,16.1465,22.4683,6.3219
Chad,TCD,2018,8,21.4077,17.6138,24.8874,7.2736
Chad,TCD,2019,8,24.9666,21.35,28.3108,6.9608
Chad,TCD,2020,8,19.114,14.1417,23.5416,9.3999
Chad,TCD,2021,8,14.6924,7.5945,20.6551,13.0606
Chad,TCD,2022,8,13.6801,7.5539,18.9297,11.3758
Chad,TCD,2023,8,26.4561,22.5208,30.0775,7.5566
Chad,TCD,2024,8,21.079,16.8161,24.9472,8.1311
Chad,TCD,2025,8,24.0602,19.3175,28.339,9.0215
Chile,CHL,2009,8,78.9045,78.2165,79.5867,1.3702
Chile,CHL,2010,8,78.4974,78,78.9917,0.9917
Chile,CHL,2011,8,77.7382,77.2151,78.2579,1.0428
Chile,CHL,2012,8,77.9645,77.4208,78.5046,1.0837
Chile,CHL,2013,8,78.0696,77.4812,78.6536,1.1724
Chile,CHL,2014,8,77.6137,77.2485,77.9772,0.7286
Chile,CHL,2015,8,78.4096,78.0418,78.7758,0.7341
Chile,CHL,2016,8,78.1321,77.6351,78.626,0.9909
Chile,CHL,2017,8,77.9754,77.2283,78.7157,1.4874
Chile,CHL,2018,8,80.0195,78.7875,81.2331,2.4456
Chile,CHL,2019,8,79.0173,77.891,80.1281,2.2371
Chile,CHL,2020,8,77.6334,76.433,78.8159,2.3829
Chile,CHL,2021,8,78.5612,77.8396,79.2764,1.4367
Chile,CHL,2022,8,77.5868,76.91,78.2579,1.3479
Chile,CHL,2023,8,77.3927,76.5228,78.2532,1.7304
Chile,CHL,2024,8,77.1715,76.5902,77.7486,1.1584
Chile,CHL,2025,8,76.8143,76.1895,77.4343,1.2448
China,CHN,2009,8,68.6882,67.2421,70.1064,2.8643
China,CHN,2010,8,69.8315,68.3889,71.2466,2.8577
China,CHN,2011,8,70.2523,69.0679,71.4182,2.3503
China,CHN,2012,8,71.4054,70.2453,72.548,2.3026
China,CHN,2013,8,71.8433,70.6651,73.0033,2.3382
China,CHN,2014,8,72.6578,71.5593,73.7406,2.1814
China,CHN,2015,8,74.2518,73.1484,75.3398,2.1914
China,CHN,2016,8,73.6018,72.498,74.69,2.192
China,CHN,2017,8,73.8694,72.7498,74.9731,2.2233
China,CHN,2018,8,74.8611,73.6776,76.0269,2.3492
China,CHN,2019,8,76.2856,75.1671,77.3885,2.2214
China,CHN,2020,8,79.3054,78.1729,80.4222,2.2493
China,CHN,2021,8,78.8553,77.7476,79.948,2.2004
China,CHN,2022,8,76.2375,75.3956,77.0706,1.675
China,CHN,2023,8,76.9897,76.0396,77.9287,1.8891
China,CHN,2024,8,77.7578,76.8372,78.6679,1.8307
China,CHN,2025,8,78.9955,78.0958,79.8852,1.7894
Colombia,COL,2009,8,64.2916,63.4447,65.1285,1.6838
Colombia,COL,2010,8,61.9212,61.2545,62.5814,1.327
Colombia,COL,2011,8,61.5522,60.8666,62.2311,1.3645
Colombia,COL,2012,8,62.7178,62.0196,63.4091,1.3895
Colombia,COL,2013,8,62.0136,61.2025,62.8153,1.6129
Colombia,COL,2014,8,63.1859,62.6138,63.7533,1.1395
Colombia,COL,2015,8,63.6626,63.1344,64.1868,1.0524
Colombia,COL,2016,8,63.961,63.3398,64.5768,1.237
Colombia,COL,2017,8,64.5451,63.8508,65.2325,1.3817
Colombia,COL,2018,8,62.641,61.838,63.4348,1.5969
Colombia,COL,2019,8,63.5418,62.7815,64.2939,1.5124
Colombia,COL,2020,8,63.7359,62.9414,64.5215,1.5801
Colombia,COL,2021,8,65.0891,64.2536,65.9149,1.6613
Colombia,COL,2022,8,65.3564,64.7238,65.9835,1.2597
Colombia,COL,2023,8,64.2136,63.197,65.2159,2.0189
Colombia,COL,2024,8,66.2142,65.5376,66.8845,1.3469
Colombia,COL,2025,8,65.7536,65.0488,66.4515,1.4027
Comoros,COM,2009,7,45.9433,40.5319,50.8954,10.3635
Comoros,COM,2010,7,46.7006,41.7168,51.2955,9.5787
Comoros,COM,2011,7,47.6462,42.7988,52.1284,9.3297
Comoros,COM,2012,7,47.5071,42.3523,52.2503,9.8981
Comoros,COM,2013,7,47.4938,43.0018,51.6702,8.6684
Comoros,COM,2014,7,46.3788,41.6634,50.7432,9.0798
Comoros,COM,2015,7,46.7626,42.0247,51.1479,9.1232
Comoros,COM,2016,7,48.1413,44.258,51.788,7.53
Comoros,COM,2017,7,49.863,44.3758,54.8971,10.5213
Comoros,COM,2018,7,45.5854,41.5419,49.366,7.8241
Comoros,COM,2019,7,47.094,42.9221,50.9911,8.069
Comoros,COM,2020,7,45.7831,40.5864,50.5541,9.9677
Comoros,COM,2021,7,45.7726,40.3374,50.7437,10.4063
Comoros,COM,2022,6,46.7354,42.1567,50.9839,8.8271
Comoros,COM,2023,6,47.6518,42.6482,52.2673,9.619
Comoros,COM,2024,6,44.5302,41.3971,47.5015,6.1044
Comoros,COM,2025,6,46.2615,42.7525,49.5722,6.8197
Costa Rica,CRI,2009,8,76.7124,76.0608,77.3587,1.2979
Costa Rica,CRI,2010,8,75.7223,75.129,76.3112,1.1822
Costa Rica,CRI,2011,8,74.9944,74.2759,75.7064,1.4304
Costa Rica,CRI,2012,8,74.3496,73.6456,75.0473,1.4017
Costa Rica,CRI,2013,8,74.5429,73.9506,75.1308,1.1802
Costa Rica,CRI,2014,8,75.393,74.8123,75.9693,1.157
Costa Rica,CRI,2015,8,74.9507,74.5555,75.3438,0.7882
Costa Rica,CRI,2016,8,74.2388,73.6292,74.8436,1.2144
Costa Rica,CRI,2017,8,74.354,73.566,75.1342,1.5682
Costa Rica,CRI,2018,8,74.0442,73.2499,74.8303,1.5804
Costa Rica,CRI,2019,8,73.6716,72.8693,74.4655,1.5962
Costa Rica,CRI,2020,8,73.7249,72.9997,74.4432,1.4435
Costa Rica,CRI,2021,8,74.8608,74.2037,75.5124,1.3087
Costa Rica,CRI,2022,8,75.3364,74.7664,75.9022,1.1358
Costa Rica,CRI,2023,8,73.2523,72.4123,74.0832,1.6709
Costa Rica,CRI,2024,8,74.1445,73.6456,74.6403,0.9947
Costa Rica,CRI,2025,8,74.7711,74.2579,75.2809,1.0229
Croatia,HRV,2009,8,70.0606,68.6715,71.4242,2.7527
Croatia,HRV,2010,8,68.7509,67.3511,70.1246,2.7735
Croatia,HRV,2011,8,68.0588,66.7833,69.3125,2.5292
Croatia,HRV,2012,8,66.514,65.1225,67.8793,2.7568
Croatia,HRV,2013,8,67.0473,65.927,68.1507,2.2237
Croatia,HRV,2014,8,66.838,65.6535,68.0035,2.35
Croatia,HRV,2015,8,66.1962,65.0496,67.3248,2.2752
Croatia,HRV,2016,8,65.4384,64.3353,66.5248,2.1896
Croatia,HRV,2017,8,66.1697,64.8405,67.4748,2.6344
Croatia,HRV,2018,8,63.6023,62.1838,64.9927,2.8089
Croatia,HRV,2019,8,64.0937,62.7803,65.3831,2.6028
Croatia,HRV,2020,8,63.257,61.8066,64.678,2.8715
Croatia,HRV,2021,8,63.7984,62.4347,65.1362,2.7016
Croatia,HRV,2022,8,67.6811,66.4805,68.8622,2.3817
Croatia,HRV,2023,8,65.5901,63.9807,67.1642,3.1835
Croatia,HRV,2024,8,68.6894,67.6714,69.6935,2.0221
Croatia,HRV,2025,8,67.4802,66.3066,68.6352,2.3286
Cyprus,CYP,2009,8,87.244,85.3264,89.1198,3.7934
Cyprus,CYP,2010,8,87.0531,85.454,88.6229,3.1688
Cyprus,CYP,2011,8,87.0417,85.3361,88.7141,3.378
Cyprus,CYP,2012,8,85.0737,83.3037,86.8074,3.5037
Cyprus,CYP,2013,8,83.8799,82.2418,85.4866,3.2448
Cyprus,CYP,2014,8,80.758,78.9626,82.5148,3.5522
Cyprus,CYP,2015,8,81.408,79.7548,83.0285,3.2737
Cyprus,CYP,2016,8,78.916,77.5459,80.2631,2.7172
Cyprus,CYP,2017,8,77.3,75.9857,78.593,2.6073
Cyprus,CYP,2018,8,80.4033,79.0591,81.7256,2.6666
Cyprus,CYP,2019,8,79.2841,77.9504,80.596,2.6456
Cyprus,CYP,2020,8,80.9068,79.5935,82.1994,2.606
Cyprus,CYP,2021,8,81.433,80.2038,82.6441,2.4403
Cyprus,CYP,2022,8,78.4667,77.1222,79.7889,2.6666
Cyprus,CYP,2023,8,76.6883,75.2225,78.1273,2.9048
Cyprus,CYP,2024,8,79.4916,78.1952,80.7675,2.5723
Cyprus,CYP,2025,7,78.2601,77.4922,79.0208,1.5286
Czech Republic,CZE,2009,8,77.7369,76.5137,78.9416,2.4279
Czech Republic,CZE,2010,8,78.4107,77.3238,79.4831,2.1592
Czech Republic,CZE,2011,8,76.2407,74.9897,77.4722,2.4826
Czech Republic,CZE,2012,8,76.1803,75.0226,77.3213,2.2986
Czech Republic,CZE,2013,8,76.7594,75.6216,77.881,2.2594
Czech Republic,CZE,2014,8,75.6914,74.7315,76.6397,1.9082
Czech Republic,CZE,2015,8,76.333,75.3655,77.2888,1.9233
Czech Republic,CZE,2016,8,78.3334,77.3722,79.2831,1.9108
Czech Republic,CZE,2017,8,78.3599,77.3563,79.3511,1.9948
Czech Republic,CZE,2018,8,77.7199,76.593,78.8312,2.2382
Czech Republic,CZE,2019,8,78.349,77.3228,79.3622,2.0394
Czech Republic,CZE,2020,8,77.5902,76.5374,78.6292,2.0918
Czech Republic,CZE,2021,8,77.5503,76.4449,78.6405,2.1956
Czech Republic,CZE,2022,8,76.6716,75.5861,77.7424,2.1563
Czech Republic,CZE,2023,8,77.5647,76.3264,78.7839,2.4575
Czech Republic,CZE,2024,8,76.9656,76.0026,77.917,1.9144
Czech Republic,CZE,2025,8,76.8012,75.821,77.7694,1.9484
Côte d'Ivoire,CIV,2009,8,47.1434,45.1854,49.0388,3.8535
Côte d'Ivoire,CIV,2010,8,49.2676,47.6467,50.8463,3.1996
Côte d'Ivoire,CIV,2011,8,51.0322,49.4278,52.5961,3.1684
Côte d'Ivoire,CIV,2012,8,51.3062,49.7504,52.8239,3.0735
Côte d'Ivoire,CIV,2013,8,51.4609,49.8077,53.0712,3.2635
Côte d'Ivoire,CIV,2014,8,55.5639,54.1619,56.9362,2.7743
Côte d'Ivoire,CIV,2015,8,57.8147,56.6439,58.9651,2.3212
Côte d'Ivoire,CIV,2016,8,58.662,57.4524,59.8501,2.3977
Côte d'Ivoire,CIV,2017,8,58.0433,56.6183,59.4384,2.8201
Côte d'Ivoire,CIV,2018,7,56.8979,55.142,58.6082,3.4662
Côte d'Ivoire,CIV,2019,8,55.6273,53.9139,57.2967,3.3828
Côte d'Ivoire,CIV,2020,8,57.3143,55.6397,58.9474,3.3078
Côte d'Ivoire,CIV,2021,8,54.8696,52.8123,56.8633,4.0509
Côte d'Ivoire,CIV,2022,8,55.9828,54.0829,57.829,3.7461
Côte d'Ivoire,CIV,2023,8,55.5905,53.7311,57.3981,3.6669
Côte d'Ivoire,CIV,2024,8,60.5499,59.0111,62.0548,3.0436
Côte d'Ivoire,CIV,2025,8,58.6923,56.8137,60.5197,3.706
Democratic Republic of Congo,COD,2009,8,47.5715,43.9164,51.015,7.0986
Democratic Republic of Congo,COD,2010,8,43.7503,39.3759,47.8125,8.4365
Democratic Republic of Congo,COD,2011,8,42.7063,38.2508,46.8346,8.5838
Democratic Republic of Congo,COD,2012,8,42.0042,37.4378,46.2248,8.787
Democratic Republic of Congo,COD,2013,7,42.2211,38.8905,45.3647,6.4742
Democratic Republic of Congo,COD,2014,8,37.8492,32.9672,42.3191,9.3519
Democratic Republic of Congo,COD,2015,8,40.8938,36.3796,45.0656,8.686
Democratic Republic of Congo,COD,2016,8,39.1989,34.4349,43.5758,9.141
Democratic Republic of Congo,COD,2017,8,38.6121,34.8021,42.1688,7.3668
Democratic Republic of Congo,COD,2018,8,37.2727,33.0108,41.2151,8.2043
Democratic Republic of Congo,COD,2019,8,30.9583,26.7549,34.8258,8.0709
Democratic Republic of Congo,COD,2020,8,31.6995,28.0338,35.1096,7.0758
Democratic Republic of Congo,COD,2021,8,33.3996,28.0711,38.2145,10.1434
Democratic Republic of Congo,COD,2022,8,21.3221,15.1901,26.6698,11.4797
Democratic Republic of Congo,COD,2023,8,32.6985,27.273,37.5879,10.3149
Democratic Republic of Congo,COD,2024,8,26.5119,21.3079,31.1803,9.8724
Democratic Republic of Congo,COD,2025,8,26.3233,21.9818,30.285,8.3032
Denmark,DNK,2009,8,96.7411,95.7899,97.6827,1.8928
Denmark,DNK,2010,8,96.1401,95.4506,96.8245,1.3739
Denmark,DNK,2011,8,94.8608,94.3224,95.396,1.0736
Denmark,DNK,2012,8,94.9345,94.3823,95.4833,1.1011
Denmark,DNK,2013,8,93.6638,93.1443,94.1803,1.036
Denmark,DNK,2014,8,92.302,91.8358,92.7659,0.9301
Denmark,DNK,2015,8,92.5623,92.1182,93.0042,0.886
Denmark,DNK,2016,8,93.3599,92.7004,94.0147,1.3143
Denmark,DNK,2017,8,93.7701,93.1009,94.4344,1.3335
Denmark,DNK,2018,8,92.0334,91.2637,92.7965,1.5328
Denmark,DNK,2019,8,92.6452,91.9234,93.3613,1.4379
Denmark,DNK,2020,8,92.637,91.8693,93.3981,1.5288
Denmark,DNK,2021,8,92.2475,91.502,92.9868,1.4849
Denmark,DNK,2022,8,91.9982,91.2972,92.6937,1.3965
Denmark,DNK,2023,8,91.5116,90.6825,92.3331,1.6506
Denmark,DNK,2024,8,92.6992,91.9617,93.4307,1.469
Denmark,DNK,2025,8,91.9022,91.1632,92.635,1.4718
Djibouti,DJI,2009,6,57.246,52.7693,61.438,8.6687
Djibouti,DJI,2010,5,54.6061,49.4954,59.3395,9.8442
Djibouti,DJI,2011,5,52.9961,44.3937,60.5628,16.1691
Djibouti,DJI,2012,5,50.889,44.1264,56.9822,12.8558
Djibouti,DJI,2013,5,53.2036,46.204,59.5042,13.3002
Djibouti,DJI,2014,5,53.0884,47.9316,57.8557,9.9241
Djibouti,DJI,2015,5,52.858,44.9998,59.8424,14.8426
Djibouti,DJI,2016,5,52.7291,44.4586,60.0356,15.577
Dominican Republic,DOM,2009,8,58.6498,57.2202,60.0495,2.8293
Dominican Republic,DOM,2010,8,57.7236,56.5111,58.9144,2.4033
Dominican Republic,DOM,2011,8,56.8925,55.6402,58.1214,2.4811
Dominican Republic,DOM,2012,8,55.1402,53.7726,56.4795,2.7068
Dominican Republic,DOM,2013,8,56.5906,55.341,57.8168,2.4757
Dominican Republic,DOM,2014,8,57.4904,56.4247,58.5393,2.1146
Dominican Republic,DOM,2015,8,58.4796,57.496,59.4489,1.9529
Dominican Republic,DOM,2016,8,55.414,54.3169,56.4929,2.176
Dominican Republic,DOM,2017,8,54.2356,52.6131,55.8181,3.2051
Dominican Republic,DOM,2018,8,54.3387,53.0833,55.57,2.4868
Dominican Republic,DOM,2019,8,57.6133,56.491,58.7168,2.2258
Dominican Republic,DOM,2020,8,59.641,58.3836,60.8754,2.4918
Dominican Republic,DOM,2021,8,60.5932,59.1429,62.0133,2.8704
Dominican Republic,DOM,2022,8,61.8638,60.5931,63.1115,2.5184
Dominican Republic,DOM,2023,8,63.3553,61.6982,64.9742,3.276
Dominican Republic,DOM,2024,8,63.0191,61.8941,64.1262,2.232
Dominican Republic,DOM,2025,8,63.7799,62.6263,64.9149,2.2886
Ecuador,ECU,2009,8,49.0773,47.4769,50.6365,3.1596
Ecuador,ECU,2010,8,46.5514,45.1134,47.9552,2.8418
Ecuador,ECU,2011,8,48.4299,47.2407,49.596,2.3553
Ecuador,ECU,2012,8,49.8917,48.9461,50.8229,1.8769
Ecuador,ECU,2013,8,51.0579,49.733,52.3552,2.6222
Ecuador,ECU,2014,8,59.9305,59.153,60.6991,1.5461
Ecuador,ECU,2015,8,60.2382,59.5474,60.9221,1.3747
Ecuador,ECU,2016,8,55.4793,54.3997,56.5413,2.1416
Ecuador,ECU,2017,8,54.9425,53.69,56.1711,2.4811
Ecuador,ECU,2018,8,52.7685,51.4838,54.0276,2.5438
Ecuador,ECU,2019,8,55.2419,54.0543,56.4081,2.3538
Ecuador,ECU,2020,8,55.1144,53.7212,56.4782,2.757
Ecuador,ECU,2021,8,55.7858,54.0536,57.4731,3.4194
Ecuador,ECU,2022,8,56.2117,54.927,57.4716,2.5447
Ecuador,ECU,2023,8,53.2858,51.6966,54.8361,3.1395
Ecuador,ECU,2024,8,51.2813,49.7734,52.7534,2.98
Ecuador,ECU,2025,8,51.4191,49.9888,52.8172,2.8284
Egypt,EGY,2009,8,57.3796,56.2462,58.4939,2.2477
Egypt,EGY,2010,8,55.3949,54.4344,56.3413,1.9068
Egypt,EGY,2011,8,53.2307,52.294,54.1538,1.8598
Egypt,EGY,2012,8,52.1835,51.1651,53.1855,2.0204
Egypt,EGY,2013,8,49.3491,48.326,50.3552,2.0293
Egypt,EGY,2014,8,46.8233,45.7597,47.8681,2.1085
Egypt,EGY,2015,8,47.1321,46.1112,48.1357,2.0245
Egypt,EGY,2016,8,46.6663,45.3454,47.9583,2.6129
Egypt,EGY,2017,8,47.5347,45.3776,49.6163,4.2387
Egypt,EGY,2018,8,49.4671,47.5782,51.2991,3.7209
Egypt,EGY,2019,8,53.3676,51.7193,54.9741,3.2547
Egypt,EGY,2020,8,55.2942,53.7333,56.8184,3.085
Egypt,EGY,2021,8,57.2885,55.4635,59.0644,3.6009
Egypt,EGY,2022,8,61.324,59.7963,62.8185,3.0222
Egypt,EGY,2023,8,59.6737,57.8411,61.4579,3.6168
Egypt,EGY,2024,8,61.4365,60.0408,62.8043,2.7635
Egypt,EGY,2025,8,60.8759,59.5051,62.2197,2.7146
El Salvador,SLV,2009,8,63.051,61.4761,64.5911,3.1151
El Salvador,SLV,2010,8,62.3001,61.3911,63.1973,1.8062
El Salvador,SLV,2011,8,59.1756,58.2073,60.1302,1.9229
El Salvador,SLV,2012,8,58.6603,57.6776,59.6289,1.9513
El Salvador,SLV,2013,8,58.3191,57.2217,59.3988,2.177
El Salvador,SLV,2014,8,57.6742,56.6869,58.6471,1.9603
El Salvador,SLV,2015,8,58.6539,57.8801,59.4189,1.5387
El Salvador,SLV,2016,8,55.8164,54.8017,56.8155,2.0138
El Salvador,SLV,2017,8,54.875,53.5393,56.1837,2.6444
El Salvador,SLV,2018,8,52.2613,50.8332,53.6577,2.8245
El Salvador,SLV,2019,8,50.6355,49.3094,51.9336,2.6241
El Salvador,SLV,2020,8,52.7337,51.2803,54.1543,2.8741
El Salvador,SLV,2021,8,53.404,52.1228,54.6598,2.5371
El Salvador,SLV,2022,8,52.9009,51.5945,54.1809,2.5864
El Salvador,SLV,2023,8,52.0857,50.4941,53.6378,3.1436
El Salvador,SLV,2024,8,54.1631,52.8853,55.416,2.5307
El Salvador,SLV,2025,8,55.3232,54.0604,56.5617,2.5013
Equatorial Guinea,GNQ,2011,5,41.5506,34.0835,48.129,14.0455
Equatorial Guinea,GNQ,2012,5,44.1884,37.2304,50.3902,13.1597
Equatorial Guinea,GNQ,2013,5,44.091,37.6402,49.8863,12.2462
Equatorial Guinea,GNQ,2014,5,44.4363,36.7197,51.2355,14.5158
Equatorial Guinea,GNQ,2015,5,43.1567,35.59,49.8274,14.2374
Equatorial Guinea,GNQ,2016,5,46.7093,38.7206,53.7409,15.0203
Equatorial Guinea,GNQ,2017,5,43.6876,37.1188,49.575,12.4562
Equatorial Guinea,GNQ,2018,5,34.6042,26.162,41.838,15.676
Equatorial Guinea,GNQ,2019,5,24.3492,12.3354,33.751,21.4156
Equatorial Guinea,GNQ,2020,5,34.0101,25.123,41.558,16.4351
Equatorial Guinea,GNQ,2021,5,32.3629,23.2786,40.0256,16.7469
Equatorial Guinea,GNQ,2023,5,39.9614,32.6422,46.4099,13.7677
Equatorial Guinea,GNQ,2024,5,43.3482,36.1385,49.7419,13.6033
Equatorial Guinea,GNQ,2025,5,40.1976,30.4862,48.4327,17.9465
Estonia,EST,2009,8,86.8056,85.5756,88.0183,2.4427
Estonia,EST,2010,8,84.832,83.6373,86.01,2.3727
Estonia,EST,2011,8,83.9264,82.6559,85.1778,2.5219
Estonia,EST,2012,8,84.7084,83.5261,85.8744,2.3483
Estonia,EST,2013,8,85.4974,84.4015,86.5794,2.1779
Estonia,EST,2014,8,84.9286,83.8334,86.0098,2.1764
Estonia,EST,2015,8,85.0697,84.0609,86.0667,2.0058
Estonia,EST,2016,8,85.9227,85.0666,86.7703,1.7038
Estonia,EST,2017,8,85.5678,84.7534,86.3745,1.6211
Estonia,EST,2018,8,84.6785,83.7933,85.5546,1.7612
Estonia,EST,2019,8,83.5773,82.7057,84.4399,1.7342
Estonia,EST,2020,8,83.9661,83.1409,84.7833,1.6424
Estonia,EST,2021,8,84.809,83.8813,85.7267,1.8454
Estonia,EST,2022,8,84.7371,83.8859,85.5799,1.694
Estonia,EST,2023,8,85.3003,84.1787,86.4072,2.2285
Estonia,EST,2024,8,85.5026,84.6111,86.3848,1.7737
Estonia,EST,2025,8,84.104,83.2175,84.9812,1.7637
Eswatini,SWZ,2009,8,50.473,46.5089,54.1967,7.6878
Eswatini,SWZ,2010,8,52.2178,48.658,55.5861,6.9281
Eswatini,SWZ,2011,8,47.5079,44.8021,50.0961,5.294
Eswatini,SWZ,2012,8,50.6056,48.1339,52.9819,4.848
Eswatini,SWZ,2013,8,48.6434,46.3129,50.8871,4.5742
Eswatini,SWZ,2014,8,51.5043,49.3128,53.6212,4.3084
Eswatini,SWZ,2015,8,54.8999,52.9026,56.8371,3.9345
Eswatini,SWZ,2016,8,55.553,53.5037,57.5397,4.036
Eswatini,SWZ,2017,8,56.2079,54.1636,58.1902,4.0265
Eswatini,SWZ,2018,8,57.8234,55.8813,59.7102,3.8288
Eswatini,SWZ,2019,8,57.1462,55.3085,58.9341,3.6256
Eswatini,SWZ,2020,8,56.5869,54.6443,58.4736,3.8293
Eswatini,SWZ,2021,6,58.4661,57.2167,59.6926,2.4758
Eswatini,SWZ,2022,6,57.7196,56.5963,58.8241,2.2278
Eswatini,SWZ,2023,6,58.2128,56.2423,60.1268,3.8845
Eswatini,SWZ,2024,7,59.0855,56.8449,61.2537,4.4088
Eswatini,SWZ,2025,7,57.7344,55.4652,59.9285,4.4633
Ethiopia,ETH,2009,8,46.5167,44.411,48.5496,4.1386
Ethiopia,ETH,2010,8,48.1684,45.9904,50.2699,4.2795
Ethiopia,ETH,2011,8,47.6741,45.7021,49.583,3.881
Ethiopia,ETH,2012,8,47.2199,45.6048,48.7922,3.1874
Ethiopia,ETH,2013,8,47.5198,45.5291,49.4461,3.9171
Ethiopia,ETH,2014,8,46.0901,44.3638,47.7669,3.403
Ethiopia,ETH,2015,8,45.9599,44.3355,47.5403,3.2048
Ethiopia,ETH,2016,8,48.3505,46.7239,49.9342,3.2103
Ethiopia,ETH,2017,7,51.6293,49.8994,53.3124,3.413
Ethiopia,ETH,2018,8,51.842,49.0173,54.5443,5.527
Ethiopia,ETH,2019,8,49.8317,47.1772,52.3756,5.1984
Ethiopia,ETH,2020,8,47.2749,44.5247,49.9033,5.3787
Ethiopia,ETH,2021,7,49.4181,46.0788,52.5834,6.5046
Ethiopia,ETH,2022,7,48.8398,45.7671,51.7637,5.9966
Ethiopia,ETH,2023,7,49.6028,46.1742,52.8485,6.6743
Ethiopia,ETH,2024,6,48.4369,45.953,50.8223,4.8694
Ethiopia,ETH,2025,6,47.9683,45.2359,50.5813,5.3454
Fiji,FJI,2009,7,60.5468,56.6154,64.2638,7.6484
Fiji,FJI,2010,7,61.0675,56.9356,64.9644,8.0288
Fiji,FJI,2011,7,57.2499,52.7103,61.4971,8.7868
Fiji,FJI,2012,7,59.3932,55.3692,63.1904,7.8212
Fiji,FJI,2013,7,58.9607,54.4725,63.1674,8.6949
Fiji,FJI,2014,7,58.3232,54.6013,61.8484,7.2471
Fiji,FJI,2015,7,59.1612,54.7557,63.2957,8.5399
Fiji,FJI,2016,7,60.3718,56.8694,63.7028,6.8334
Fiji,FJI,2017,7,60.3386,56.4108,64.0518,7.641
Fiji,FJI,2018,7,58.7918,54.8777,62.4899,7.6122
Fiji,FJI,2019,7,60.4425,56.6744,64.013,7.3386
Fiji,FJI,2020,7,62.5502,59.0121,65.9169,6.9048
Fiji,FJI,2021,7,62.2752,58.2681,66.0633,7.7952
Fiji,FJI,2022,6,61.2958,58.1265,64.3253,6.1988
Fiji,FJI,2023,6,63.4901,59.817,66.9803,7.1633
Fiji,FJI,2024,6,62.3256,59.2559,65.2652,6.0093
Fiji,FJI,2025,6,62.3657,58.4041,66.1133,7.7092
Finland,FIN,2009,8,94.5416,93.6768,95.3983,1.7216
Finland,FIN,2010,8,94.1979,93.3651,95.023,1.6579
Finland,FIN,2011,8,93.321,92.4568,94.177,1.7202
Finland,FIN,2012,8,94.0664,93.3005,94.8259,1.5254
Finland,FIN,2013,8,93.912,93.1403,94.6773,1.537
Finland,FIN,2014,8,93.582,92.8697,94.2887,1.419
Finland,FIN,2015,8,93.014,92.5329,93.4926,0.9597
Finland,FIN,2016,8,92.6732,92.0622,93.2801,1.2179
Finland,FIN,2017,8,93.215,92.5719,93.8535,1.2816
Finland,FIN,2018,8,92.6248,91.8968,93.3469,1.4501
Finland,FIN,2019,8,91.6298,90.9089,92.3449,1.436
Finland,FIN,2020,8,92.1157,91.3394,92.8853,1.5459
Finland,FIN,2021,8,90.9322,90.0931,91.7634,1.6703
Finland,FIN,2022,8,90.2571,89.4654,91.0418,1.5763
Finland,FIN,2023,8,90.3135,89.4932,91.1262,1.633
Finland,FIN,2024,8,89.7968,89.0091,90.5775,1.5684
Finland,FIN,2025,8,88.2961,87.4903,89.0944,1.6041
France,FRA,2009,8,86.3994,85.3811,87.4057,2.0246
France,FRA,2010,8,85.6818,84.634,86.7168,2.0828
France,FRA,2011,8,85.0247,84.0831,85.956,1.8729
France,FRA,2012,8,85.1859,84.1386,86.2205,2.0819
France,FRA,2013,8,85.4531,84.5347,86.3617,1.827
France,FRA,2014,8,84.3303,83.3711,85.2787,1.9076
France,FRA,2015,8,86.6704,85.7534,87.5777,1.8243
France,FRA,2016,8,85.0716,84.0356,86.0951,2.0596
France,FRA,2017,8,85.8805,84.8996,86.8503,1.9507
France,FRA,2018,8,85.7305,84.7557,86.6942,1.9385
France,FRA,2019,8,85.8099,84.8387,86.7702,1.9315
France,FRA,2020,8,86.1574,85.2124,87.0921,1.8797
France,FRA,2021,8,85.7957,84.7961,86.7837,1.9876
France,FRA,2022,8,85.2155,84.3674,86.0553,1.6879
France,FRA,2023,8,85.4368,84.3494,86.5104,2.1609
France,FRA,2024,8,84.1437,83.1708,85.1056,1.9348
France,FRA,2025,8,85.1681,84.3191,86.0087,1.6896
Gabon,GAB,2009,8,42.8401,39.2181,46.2433,7.0252
Gabon,GAB,2010,8,45.9472,42.7327,48.9941,6.2614
Gabon,GAB,2011,8,47.2435,44.2543,50.0893,5.8351
Gabon,GAB,2012,8,46.6288,43.3597,49.726,6.3663
Gabon,GAB,2013,8,46.5892,43.6988,49.3443,5.6455
Gabon,GAB,2014,8,49.0336,47.1015,50.9059,3.8044
Gabon,GAB,2015,8,47.8445,45.8961,49.7315,3.8354
Gabon,GAB,2016,8,49.2769,47.4347,51.0649,3.6302
Gabon,GAB,2017,8,49.1161,47.3194,50.861,3.5416
Gabon,GAB,2018,7,50.5759,48.5126,52.5722,4.0596
Gabon,GAB,2019,7,49.8101,47.7069,51.8432,4.1363
Gabon,GAB,2020,8,46.6548,44.4128,48.8147,4.4018
Gabon,GAB,2021,5,50.4857,49.0706,51.8689,2.7984
Gabon,GAB,2022,5,50.19,48.7015,51.6432,2.9416
Gabon,GAB,2023,5,52.5527,50.6258,54.4224,3.7966
Gabon,GAB,2024,6,52.8609,50.9396,54.7255,3.786
Gabon,GAB,2025,7,53.7629,52.0901,55.393,3.3029
Gambia,GMB,2009,8,56.7374,54.3303,59.0594,4.7291
Gambia,GMB,2010,8,57.9809,56.0524,59.8552,3.8028
Gambia,GMB,2011,8,57.9501,56.1516,59.7012,3.5496
Gambia,GMB,2012,8,58.0006,56.1633,59.7885,3.6252
Gambia,GMB,2013,8,57.3716,55.4808,59.2098,3.729
Gambia,GMB,2014,8,56.6171,54.6022,58.5719,3.9697
Gambia,GMB,2015,8,56.2449,54.3048,58.1291,3.8242
Gambia,GMB,2016,8,54.4664,52.5447,56.3321,3.7873
Gambia,GMB,2017,8,54.3379,51.9043,56.6824,4.7781
Gambia,GMB,2018,8,54.1464,51.6048,56.5907,4.986
Gambia,GMB,2019,8,57.1139,55.4391,58.7472,3.308
Gambia,GMB,2020,8,57.0178,54.9106,59.0596,4.149
Gambia,GMB,2021,6,53.6146,51.2668,55.8788,4.6119
Gambia,GMB,2022,6,53.3169,51.103,55.4561,4.3531
Gambia,GMB,2023,6,54.6185,51.8156,57.3042,5.4885
Gambia,GMB,2024,5,55.7972,53.6795,57.8481,4.1686
Gambia,GMB,2025,5,52.304,50.2757,54.2688,3.9931
Georgia,GEO,2009,8,63.9798,62.5812,65.3512,2.7699
Georgia,GEO,2010,8,62.8778,61.5228,64.2071,2.6843
Georgia,GEO,2011,8,62.1008,60.9501,63.2326,2.2824
Georgia,GEO,2012,8,64.0826,63.1154,65.0366,1.9212
Georgia,GEO,2013,8,65.0212,63.7925,66.2291,2.4366
Georgia,GEO,2014,8,66.6294,65.6685,67.5777,1.9093
Georgia,GEO,2015,8,67.7811,66.7528,68.7952,2.0424
Georgia,GEO,2016,8,68.0172,67.113,68.9103,1.7973
Georgia,GEO,2017,8,68.9468,67.8365,70.0406,2.2041
Georgia,GEO,2018,8,68.0529,66.9695,69.1205,2.151
Georgia,GEO,2019,8,68.9765,67.9616,69.9777,2.0161
Georgia,GEO,2020,8,70.0453,69.0365,71.0406,2.0042
Georgia,GEO,2021,8,72.2948,71.207,73.3672,2.1602
Georgia,GEO,2022,8,74.3537,73.4479,75.249,1.8011
Georgia,GEO,2023,8,76.0963,74.9885,77.1887,2.2002
Georgia,GEO,2024,8,77.0775,76.0702,78.0722,2.002
Georgia,GEO,2025,8,76.5597,75.4557,77.6485,2.1928
Germany,DEU,2009,8,90.4477,89.6962,91.1929,1.4968
Germany,DEU,2010,8,90.1686,89.446,90.8852,1.4392
Germany,DEU,2011,8,88.6413,87.9294,89.3475,1.418
Germany,DEU,2012,8,89.8007,89.106,90.4899,1.3838
Germany,DEU,2013,8,90.3691,89.767,90.967,1.1999
Germany,DEU,2014,8,90.9468,90.3734,91.5164,1.143
Germany,DEU,2015,8,91.4661,90.9153,92.0136,1.0983
Germany,DEU,2016,8,91.4073,90.7807,92.0295,1.2488
Germany,DEU,2017,8,93.7129,92.8862,94.5321,1.6458
Germany,DEU,2018,8,94.9152,94.054,95.7684,1.7143
Germany,DEU,2019,8,92.2415,91.3438,93.1302,1.7863
Germany,DEU,2020,8,91.6768,90.6882,92.6546,1.9664
Germany,DEU,2021,8,89.3021,88.2616,90.3304,2.0688
Germany,DEU,2022,8,85.6522,84.6231,86.669,2.0459
Germany,DEU,2023,8,84.9604,84.0843,85.8274,1.7431
Germany,DEU,2024,8,85.3918,84.6051,86.1713,1.5662
Germany,DEU,2025,8,84.3502,83.588,85.1056,1.5176
Ghana,GHA,2009,8,58.0427,56.5251,59.5265,3.0015
Ghana,GHA,2010,8,55.9546,54.7679,57.1202,2.3523
Ghana,GHA,2011,8,56.1266,55.0164,57.2182,2.2017
Ghana,GHA,2012,8,56.9474,55.917,57.9619,2.0449
Ghana,GHA,2013,8,56.7387,55.6222,57.8366,2.2144
Ghana,GHA,2014,8,58.404,57.6281,59.171,1.5428
Ghana,GHA,2015,8,58.427,57.6638,59.1815,1.5176
Ghana,GHA,2016,8,59.2153,58.1735,60.2412,2.0678
Ghana,GHA,2017,8,58.3506,57.1865,59.4949,2.3084
Ghana,GHA,2018,8,58.0671,56.744,59.3644,2.6204
Ghana,GHA,2019,8,59.971,58.6916,61.2266,2.535
Ghana,GHA,2020,8,59.4217,58.3277,60.4982,2.1704
Ghana,GHA,2021,8,58.3366,57.025,59.6229,2.5979
Ghana,GHA,2022,8,57.9489,56.6661,59.2074,2.5413
Ghana,GHA,2023,8,57.6071,56.0646,59.1145,3.05
Ghana,GHA,2024,8,58.3441,57.1661,59.5017,2.3356
Ghana,GHA,2025,8,56.2963,55.0029,57.5645,2.5617
Greece,GRC,2009,8,72.2612,71.2095,73.2985,2.089
Greece,GRC,2010,8,70.3275,69.3809,71.2622,1.8813
Greece,GRC,2011,8,69.2592,68.184,70.3191,2.1351
Greece,GRC,2012,8,66.2279,65.2664,67.1768,1.9104
Greece,GRC,2013,8,64.6077,63.8353,65.3718,1.5366
Greece,GRC,2014,8,65.5703,64.891,66.2431,1.352
Greece,GRC,2015,8,66.7788,66.0786,67.4724,1.3938
Greece,GRC,2016,8,66.349,65.5007,67.1873,1.6866
Greece,GRC,2017,8,66.8477,65.7266,67.9517,2.225
Greece,GRC,2018,8,66.5719,65.4001,67.725,2.3249
Greece,GRC,2019,8,66.4914,65.4138,67.5531,2.1392
Greece,GRC,2020,8,65.88,64.8501,66.8954,2.0454
Greece,GRC,2021,8,66.9475,65.7941,68.0828,2.2887
Greece,GRC,2022,8,68.9503,68.1051,69.786,1.681
Greece,GRC,2023,8,69.0113,67.9322,70.0748,2.1426
Greece,GRC,2024,8,69.6158,68.7246,70.4965,1.7719
Greece,GRC,2025,8,68.3029,67.4065,69.1884,1.7819
Guatemala,GTM,2009,8,63.3772,61.8815,64.8417,2.9602
Guatemala,GTM,2010,8,61.2609,60.1155,62.3874,2.2719
Guatemala,GTM,2011,8,62.4092,61.3313,63.4707,2.1395
Guatemala,GTM,2012,8,60.2798,59.3837,61.1643,1.7806
Guatemala,GTM,2013,8,61.137,60.2921,61.9716,1.6795
Guatemala,GTM,2014,8,62.6502,61.8634,63.4282,1.5647
Guatemala,GTM,2015,8,62.5498,61.7229,63.3669,1.644
Guatemala,GTM,2016,8,63.3219,62.4653,64.1682,1.7029
Guatemala,GTM,2017,8,63.9443,62.7707,65.0987,2.328
Guatemala,GTM,2018,8,63.6577,62.1232,65.1595,3.0363
Guatemala,GTM,2019,8,60.6611,59.4941,61.8084,2.3143
Guatemala,GTM,2020,8,61.4467,59.821,63.0348,3.2138
Guatemala,GTM,2021,8,61.862,60.3379,63.3533,3.0154
Guatemala,GTM,2022,8,59.9612,58.8355,61.0686,2.2332
Guatemala,GTM,2023,8,59.1773,57.7175,60.6061,2.8886
Guatemala,GTM,2024,8,60.0711,59.0438,61.0832,2.0394
Guatemala,GTM,2025,8,60.2642,59.254,61.2595,2.0055
Guinea,GIN,2009,8,43.3133,39.9339,46.5024,6.5685
Guinea,GIN,2010,8,42.7531,39.2584,46.0436,6.7852
Guinea,GIN,2011,8,47.3223,44.1533,50.3306,6.1772
Guinea,GIN,2012,8,42.9509,39.5762,46.1352,6.559
Guinea,GIN,2013,8,44.6555,42.3734,46.8507,4.4773
Guinea,GIN,2014,8,46.4246,44.6384,48.1581,3.5197
Guinea,GIN,2015,8,44.4913,42.8779,46.0606,3.1828
Guinea,GIN,2016,8,45.9901,43.9498,47.9616,4.0119
Guinea,GIN,2017,8,44.5293,42.0944,46.8654,4.771
Guinea,GIN,2018,8,48.0577,46.2291,49.8322,3.6031
Guinea,GIN,2019,8,47.1138,45.2319,48.9378,3.7059
Guinea,GIN,2020,8,51.4331,49.8725,52.9554,3.0829
Guinea,GIN,2021,8,47.4524,45.0861,49.7281,4.642
Guinea,GIN,2022,5,47.7439,45.9462,49.489,3.5428
Guinea,GIN,2023,5,44.4735,42.1295,46.7257,4.5963
Guinea,GIN,2024,5,45.9375,43.9207,47.8871,3.9663
Guinea,GIN,2025,5,47.2872,45.3146,49.1964,3.8818
Guinea-Bissau,GNB,2009,6,49.874,43.945,55.2773,11.3323
Guinea-Bissau,GNB,2010,6,50.0854,45.3237,54.503,9.1793
Guinea-Bissau,GNB,2011,6,49.1974,42.9939,54.8236,11.8297
Guinea-Bissau,GNB,2012,6,52.279,46.3717,57.6765,11.3049
Guinea-Bissau,GNB,2013,6,52.1353,46.8223,57.0319,10.2096
Guinea-Bissau,GNB,2014,6,51.0721,46.3491,55.4597,9.1106
Guinea-Bissau,GNB,2015,6,50.9019,45.8092,55.6061,9.7969
Guinea-Bissau,GNB,2016,6,49.3208,44.125,54.1062,9.9812
Guinea-Bissau,GNB,2017,6,48.2747,43.3041,52.8646,9.5605
Guinea-Bissau,GNB,2018,6,42.6902,36.689,48.1117,11.4227
Guinea-Bissau,GNB,2019,6,47.832,42.5465,52.6869,10.1405
Guinea-Bissau,GNB,2020,6,45.8699,39.4613,51.6431,12.1818
Guinea-Bissau,GNB,2021,6,45.4399,40.2853,50.1739,9.8886
Guinea-Bissau,GNB,2022,6,47.6384,42.6693,52.2244,9.5551
Guinea-Bissau,GNB,2023,6,47.4507,40.5008,53.671,13.1702
Guinea-Bissau,GNB,2024,6,46.7911,39.9745,52.8998,12.9253
Guinea-Bissau,GNB,2025,6,44.1577,37.3805,50.2153,12.8348
Guyana,GUY,2009,8,61.72,59.9149,63.479,3.564
Guyana,GUY,2010,8,57.5051,55.2436,59.6919,4.4483
Guyana,GUY,2011,8,60.4258,58.7459,62.0652,3.3192
Guyana,GUY,2012,8,61.6034,59.9367,63.2307,3.294
Guyana,GUY,2013,8,62.8841,60.9085,64.8053,3.8968
Guyana,GUY,2014,8,64.3362,62.5493,66.0792,3.5299
Guyana,GUY,2015,8,63.2906,61.5716,64.9683,3.3967
Guyana,GUY,2016,8,63.8856,62.3719,65.3675,2.9957
Guyana,GUY,2017,7,65.4345,63.5924,67.2302,3.6377
Guyana,GUY,2018,6,64.2058,62.2386,66.1197,3.8811
Guyana,GUY,2019,6,62.5481,60.4536,64.5813,4.1276
Guyana,GUY,2020,6,60.7155,58.7637,62.6132,3.8495
Guyana,GUY,2021,6,61.4241,59.0805,63.6906,4.6101
Guyana,GUY,2022,5,61.448,59.7248,63.1291,3.4043
Guyana,GUY,2023,5,60.1957,58.6227,61.7331,3.1104
Guyana,GUY,2024,5,58.8791,57.4582,60.2705,2.8124
Guyana,GUY,2025,5,57.9847,56.6639,59.2797,2.6157
Haiti,HTI,2009,8,46.391,42.5645,49.9834,7.4189
Haiti,HTI,2010,8,45.8977,42.4354,49.1662,6.7308
Haiti,HTI,2011,8,48.1552,44.9225,51.2224,6.2999
Haiti,HTI,2012,8,47.2107,45.1656,49.1877,4.0221
Haiti,HTI,2013,8,43.3438,41.0413,45.5565,4.5152
Haiti,HTI,2014,8,46.0205,43.9175,48.0505,4.133
Haiti,HTI,2015,8,44.5682,42.509,46.5564,4.0474
Haiti,HTI,2016,8,40.7026,38.2448,43.0551,4.8103
Haiti,HTI,2017,8,36.4033,32.8543,39.7258,6.8715
Haiti,HTI,2018,8,33.256,29.8722,36.425,6.5528
Haiti,HTI,2019,8,34.9441,31.6973,37.9969,6.2995
Haiti,HTI,2020,7,33.8897,30.4277,37.1291,6.7014
Haiti,HTI,2023,5,40.7113,37.3109,43.9135,6.6026
Haiti,HTI,2024,5,36.4367,32.8454,39.7962,6.9509
Haiti,HTI,2025,5,33.1464,29.0997,36.8893,7.7896
Honduras,HND,2009,8,58.3761,56.5912,60.1144,3.5232
Honduras,HND,2010,8,56.5868,55.1814,57.9628,2.7814
Honduras,HND,2011,8,56.0164,54.8647,57.1481,2.2834
Honduras,HND,2012,8,57.4865,56.4259,58.5303,2.1044
Honduras,HND,2013,8,56.2761,55.2108,57.3243,2.1135
Honduras,HND,2014,8,57.3923,56.3372,58.4309,2.0938
Honduras,HND,2015,8,59.4711,58.5095,60.4192,1.9097
Honduras,HND,2016,8,60.1009,59.1491,61.0396,1.8904
Honduras,HND,2017,8,58.0689,56.7628,59.3499,2.587
Honduras,HND,2018,8,56.6644,55.3135,57.988,2.6745
Honduras,HND,2019,8,57.4169,56.2561,58.5577,2.3016
Honduras,HND,2020,8,54.352,53.0042,55.6719,2.6677
Honduras,HND,2021,8,48.6499,47.0316,50.2258,3.1942
Honduras,HND,2022,8,48.8679,47.2262,50.4661,3.2399
Honduras,HND,2023,8,47.6705,45.8066,49.478,3.6714
Honduras,HND,2024,8,48.7846,47.2417,50.289,3.0473
Honduras,HND,2025,8,50.5345,49.0266,52.0063,2.9797
Hong Kong,HKG,2009,8,98.5795,97.6355,99.5141,1.8786
Hong Kong,HKG,2010,8,99.0925,98.2179,99.959,1.7411
Hong Kong,HKG,2011,8,97.7502,96.8258,98.6654,1.8396
Hong Kong,HKG,2012,8,97.4008,96.5305,98.263,1.7326
Hong Kong,HKG,2013,8,98.6266,97.8446,99.4022,1.5576
Hong Kong,HKG,2014,8,98.3193,97.5556,99.0768,1.5211
Hong Kong,HKG,2015,8,98.5297,97.7585,99.2946,1.5362
Hong Kong,HKG,2016,8,98.3324,97.5067,99.1509,1.6442
Hong Kong,HKG,2017,8,98.635,97.6902,99.5705,1.8803
Hong Kong,HKG,2018,8,97.9158,96.6979,99.118,2.4201
Hong Kong,HKG,2019,8,95.6185,94.441,96.7811,2.3401
Hong Kong,HKG,2020,8,96.28,95.0875,97.4573,2.3698
Hong Kong,HKG,2021,8,95.0432,93.7652,96.3035,2.5383
Hong Kong,HKG,2022,8,93.993,93.0316,94.9443,1.9127
Hong Kong,HKG,2023,8,94.2533,93.2336,95.2616,2.0279
Hong Kong,HKG,2024,8,94.2322,93.1264,95.3247,2.1983
Hong Kong,HKG,2025,8,94.5375,93.6094,95.4563,1.8469
Hungary,HUN,2009,8,70.9127,69.5384,72.2622,2.7238
Hungary,HUN,2010,8,70.7376,69.8338,71.6305,1.7967
Hungary,HUN,2011,8,69.524,68.5687,70.4671,1.8984
Hungary,HUN,2012,8,69.1373,68.302,69.9633,1.6612
Hungary,HUN,2013,8,67.6909,66.9339,68.4402,1.5063
Hungary,HUN,2014,8,68.3985,67.5433,69.2438,1.7005
Hungary,HUN,2015,8,68.0172,67.1598,68.8646,1.7048
Hungary,HUN,2016,8,66.6133,65.734,67.4821,1.748
Hungary,HUN,2017,8,66.3446,65.0246,67.6409,2.6163
Hungary,HUN,2018,8,65.9508,64.819,67.0651,2.246
Hungary,HUN,2019,8,65.9638,64.8544,67.0563,2.2019
Hungary,HUN,2020,8,66.9073,65.8488,67.9506,2.1018
Hungary,HUN,2021,8,67.9611,66.912,68.9954,2.0834
Hungary,HUN,2022,8,68.9764,68.1091,69.8336,1.7244
Hungary,HUN,2023,8,69.7047,68.7247,70.672,1.9473
Hungary,HUN,2024,8,69.8609,69.0786,70.6351,1.5566
Hungary,HUN,2025,8,67.3343,66.4788,68.1799,1.7011
Iceland,ISL,2009,8,90.9233,89.9019,91.933,2.0311
Iceland,ISL,2010,8,89.1567,88.1128,90.1883,2.0754
Iceland,ISL,2011,8,87.858,87.0055,88.7022,1.6967
Iceland,ISL,2012,8,87.9909,87.1865,88.7879,1.6014
Iceland,ISL,2013,8,87.0351,86.1372,87.9238,1.7866
Iceland,ISL,2014,8,87.0274,86.2349,87.8126,1.5777
Iceland,ISL,2015,8,86.2234,85.3583,87.0798,1.7214
Iceland,ISL,2016,8,88.1139,87.4109,88.8113,1.4005
Iceland,ISL,2017,8,89.7565,88.9854,90.5208,1.5354
Iceland,ISL,2018,8,89.0995,88.2846,89.9068,1.6222
Iceland,ISL,2019,8,88.0283,87.2635,88.7865,1.5229
Iceland,ISL,2020,8,88.5415,87.808,89.2689,1.4609
Iceland,ISL,2021,8,90.0692,88.5247,91.587,3.0623
Iceland,ISL,2022,8,89.8167,89.0211,90.6051,1.5839
Iceland,ISL,2023,8,88.9496,87.9242,89.9631,2.0389
Iceland,ISL,2024,8,87.0525,85.6387,88.4434,2.8047
Iceland,ISL,2025,8,88.5131,87.5992,89.4175,1.8183
India,IND,2009,8,67.6503,66.9575,68.3367,1.3792
India,IND,2010,8,66.994,66.4974,67.4871,0.9897
India,IND,2011,8,65.0521,64.536,65.5644,1.0284
India,IND,2012,8,65.4198,64.9196,65.9166,0.997
India,IND,2013,8,65.0518,64.6236,65.4776,0.854
India,IND,2014,8,65.1969,64.7521,65.639,0.8869
India,IND,2015,8,64.6169,64.156,65.0747,0.9187
India,IND,2016,8,63.7191,63.1684,64.2656,1.0972
India,IND,2017,8,67.8289,67.1393,68.5119,1.3726
India,IND,2018,8,68.7748,67.659,69.8739,2.2149
India,IND,2019,8,67.9322,66.8193,69.0285,2.2092
India,IND,2020,8,65.9861,64.81,67.1431,2.3331
India,IND,2021,8,62.4608,61.1294,63.7671,2.6377
India,IND,2022,8,60.5934,59.7247,61.4511,1.7264
India,IND,2023,8,60.209,58.8939,61.4992,2.6053
India,IND,2024,8,59.6124,58.5042,60.7028,2.1986
India,IND,2025,8,59.1287,57.991,60.2475,2.2565
Indonesia,IDN,2009,8,67.1815,66.2512,68.1001,1.8488
Indonesia,IDN,2010,8,67.2452,66.674,67.8119,1.1379
Indonesia,IDN,2011,8,66.813,66.2167,67.4044,1.1877
Indonesia,IDN,2012,8,66.0927,65.4363,66.7432,1.307
Indonesia,IDN,2013,8,67.0657,66.546,67.5817,1.0357
Indonesia,IDN,2014,8,68.881,68.4763,69.2835,0.8071
Indonesia,IDN,2015,8,70.5797,70.2003,70.9572,0.7569
Indonesia,IDN,2016,8,69.6878,69.2567,70.1164,0.8597
Indonesia,IDN,2017,8,70.3243,69.6423,71.0001,1.3578
Indonesia,IDN,2018,8,71.2179,70.4518,71.9764,1.5246
Indonesia,IDN,2019,8,71.5436,70.8277,72.2528,1.425
Indonesia,IDN,2020,8,71.9401,71.2451,72.6287,1.3836
Indonesia,IDN,2021,8,71.3458,70.2212,72.4539,2.2327
Indonesia,IDN,2022,8,75.1909,74.6074,75.7701,1.1626
Indonesia,IDN,2023,8,75.1068,74.2616,75.943,1.6814
Indonesia,IDN,2024,8,76.283,75.6546,76.9065,1.252
Indonesia,IDN,2025,8,75.2001,74.607,75.7887,1.1818
Iran,IRN,2009,8,52.9793,49.5193,56.2595,6.7402
Iran,IRN,2010,8,49.5334,46.0466,52.8311,6.7845
Iran,IRN,2011,8,49.0286,47.1509,50.8499,3.699
Iran,IRN,2012,8,48.8533,47.0987,50.5583,3.4596
Iran,IRN,2013,8,50.1416,48.2667,51.9607,3.6939
Iran,IRN,2014,8,47.6263,45.6471,49.5418,3.8947
Iran,IRN,2015,8,49.36,47.3202,51.3334,4.0132
Iran,IRN,2016,8,48.0877,46.144,49.9702,3.8262
Iran,IRN,2017,8,49.6595,48.0459,51.2315,3.1855
Iran,IRN,2018,8,50.5815,48.6986,52.4084,3.7098
Iran,IRN,2019,7,50.5571,48.6449,52.4117,3.7668
Iran,IRN,2020,7,42.1166,39.9991,44.1569,4.1578
Iran,IRN,2021,6,38.8961,36.9821,40.7442,3.7622
Iran,IRN,2022,6,40.372,37.0256,43.5256,6.5
Iran,IRN,2023,6,40.9921,37.8623,43.9537,6.0914
Iran,IRN,2024,6,38.929,35.9982,41.7082,5.7101
Iran,IRN,2025,6,39.3306,35.9895,42.477,6.4876
Iraq,IRQ,2009,7,49.1972,45.8366,52.3812,6.5447
Iraq,IRQ,2010,7,51.6408,48.452,54.6742,6.2221
Iraq,IRQ,2011,7,48.5706,45.3159,51.6584,6.3425
Iraq,IRQ,2012,7,48.6989,45.5575,51.6846,6.1271
Iraq,IRQ,2013,7,48.4284,44.9491,51.7172,6.7681
Iraq,IRQ,2014,7,49.8234,46.3962,53.0684,6.6723
Iraq,IRQ,2015,7,48.0019,44.9623,50.8946,5.9323
Iraq,IRQ,2016,7,48.3927,45.7516,50.9225,5.1709
Iraq,IRQ,2017,6,49.4578,47.1822,51.6514,4.4692
Iraq,IRQ,2018,5,50.2033,48.5191,51.8426,3.3235
Iraq,IRQ,2019,5,50.4012,48.7241,52.0338,3.3097
Iraq,IRQ,2020,6,50.7099,48.9642,52.4074,3.4432
Iraq,IRQ,2021,6,50.4282,48.1968,52.5814,4.3846
Iraq,IRQ,2022,6,51.9743,49.8793,54.0013,4.1221
Iraq,IRQ,2023,6,51.7036,49.2166,54.095,4.8783
Iraq,IRQ,2024,7,51.5367,48.7948,54.1627,5.368
Iraq,IRQ,2025,7,52.0435,49.8683,54.1456,4.2773
Ireland,IRL,2009,8,94.7205,93.606,95.8216,2.2156
Ireland,IRL,2010,8,91.925,90.8048,93.0314,2.2265
Ireland,IRL,2011,8,89.268,88.2177,90.3057,2.088
Ireland,IRL,2012,8,89.4882,88.4755,90.4893,2.0138
Ireland,IRL,2013,8,89.143,88.1054,90.1685,2.0631
Ireland,IRL,2014,8,89.6116,88.6939,90.5197,1.8258
Ireland,IRL,2015,8,89.3103,88.665,89.9508,1.2858
Ireland,IRL,2016,8,90.2047,89.4416,90.9612,1.5195
Ireland,IRL,2017,8,89.595,88.7001,90.4808,1.7807
Ireland,IRL,2018,8,89.0813,88.1781,89.9753,1.7972
Ireland,IRL,2019,8,86.832,85.9694,87.686,1.7166
Ireland,IRL,2020,8,86.4772,85.6502,87.2962,1.6461
Ireland,IRL,2021,8,86.3995,85.6167,87.1752,1.5585
Ireland,IRL,2022,8,86.9358,86.2591,87.6073,1.3482
Ireland,IRL,2023,8,85.9413,85.0504,86.823,1.7726
Ireland,IRL,2024,8,85.6403,84.8445,86.4287,1.5842
Ireland,IRL,2025,8,85.0005,84.23,85.7641,1.534
Israel,ISR,2009,8,83.3899,82.2895,84.4759,2.1864
Israel,ISR,2010,8,83.8055,82.8998,84.7016,1.8019
Israel,ISR,2011,8,83.2654,82.2925,84.227,1.9345
Israel,ISR,2012,8,83.8272,82.8926,84.7516,1.859
Israel,ISR,2013,8,83.7915,82.9134,84.6605,1.7471
Israel,ISR,2014,8,82.2555,81.315,83.1854,1.8704
Israel,ISR,2015,8,82.2736,81.3953,83.1427,1.7473
Israel,ISR,2016,8,83.0472,82.1826,83.9029,1.7203
Israel,ISR,2017,8,86.032,85.2294,86.8271,1.5977
Israel,ISR,2018,7,86.6242,85.8294,87.4117,1.5823
Israel,ISR,2019,8,87.0462,86.1772,87.9064,1.7292
Israel,ISR,2020,8,86.7422,85.889,87.5871,1.6981
Israel,ISR,2021,8,86.9891,86.1188,87.8505,1.7317
Israel,ISR,2022,8,86.9431,86.1242,87.7542,1.63
Israel,ISR,2023,8,86.6006,85.5689,87.6201,2.0513
Israel,ISR,2024,8,85.4627,84.4625,86.4513,1.9889
Israel,ISR,2025,8,88.6943,87.8858,89.4953,1.6096
Italy,ITA,2009,8,72.7846,71.8307,73.7268,1.8961
Italy,ITA,2010,8,71.6053,70.8329,72.3699,1.537
Italy,ITA,2011,8,71.3586,70.5085,72.1992,1.6907
Italy,ITA,2012,8,72.3584,71.6435,73.0666,1.4231
Italy,ITA,2013,8,72.4751,71.9117,73.0344,1.1228
Italy,ITA,2014,8,72.374,71.8191,72.9249,1.1058
Italy,ITA,2015,8,73.8143,73.2703,74.3545,1.0842
Italy,ITA,2016,8,73.217,72.4395,73.9866,1.5471
Italy,ITA,2017,8,74.0555,73.1062,74.9933,1.8871
Italy,ITA,2018,8,72.9473,71.9568,73.9252,1.9684
Italy,ITA,2019,8,73.7222,72.7592,74.6733,1.9141
Italy,ITA,2020,8,72.8091,71.7981,73.8069,2.0088
Italy,ITA,2021,8,74.6539,73.6579,75.6373,1.9794
Italy,ITA,2022,8,77.5589,76.8003,78.3104,1.5101
Italy,ITA,2023,8,79.136,78.1346,80.1252,1.9906
Italy,ITA,2024,8,79.0761,78.3331,79.8123,1.4792
Italy,ITA,2025,8,78.4301,77.604,79.2477,1.6436
Jamaica,JAM,2009,8,64.6811,63.2619,66.0726,2.8107
Jamaica,JAM,2010,8,64.9282,63.9172,65.925,2.0078
Jamaica,JAM,2011,8,63.9334,62.7836,65.0647,2.2811
Jamaica,JAM,2012,8,64.0164,63.1298,64.892,1.7622
Jamaica,JAM,2013,8,64.3673,63.1848,65.5304,2.3456
Jamaica,JAM,2014,8,65.4081,64.3937,66.4082,2.0146
Jamaica,JAM,2015,8,66.2055,65.2324,67.1655,1.9331
Jamaica,JAM,2016,8,66.5828,65.4657,67.6829,2.2172
Jamaica,JAM,2017,8,67.4154,66.1436,68.6653,2.5216
Jamaica,JAM,2018,8,66.7031,65.1182,68.2539,3.1357
Jamaica,JAM,2019,8,67.0435,65.5393,68.5173,2.978
Jamaica,JAM,2020,8,68.3726,66.9316,69.7859,2.8543
Jamaica,JAM,2021,8,67.2365,65.4544,68.9759,3.5214
Jamaica,JAM,2022,8,66.0627,64.5846,67.5111,2.9265
Jamaica,JAM,2023,8,65.0173,63.5882,66.4182,2.8299
Jamaica,JAM,2024,8,66.2616,64.889,67.6086,2.7197
Jamaica,JAM,2025,8,65.4218,64.2491,66.5755,2.3264
Japan,JPN,2009,8,92.2685,91.5948,92.9372,1.3424
Japan,JPN,2010,8,92.189,91.5606,92.8131,1.2525
Japan,JPN,2011,8,91.7425,91.0995,92.3809,1.2814
Japan,JPN,2012,8,91.5143,90.927,92.0977,1.1707
Japan,JPN,2013,8,91.0993,90.4612,91.7328,1.2716
Japan,JPN,2014,8,91.8267,91.259,92.3908,1.1318
Japan,JPN,2015,8,93.1974,92.6755,93.7163,1.0408
Japan,JPN,2016,8,93.7524,93.1662,94.3348,1.1687
Japan,JPN,2017,8,93.312,92.4467,94.1691,1.7225
Japan,JPN,2018,8,93.9795,92.8316,95.1131,2.2814
Japan,JPN,2019,8,92.8177,91.7395,93.883,2.1435
Japan,JPN,2020,8,92.2485,91.2373,93.2484,2.0111
Japan,JPN,2021,8,90.5342,89.458,91.5974,2.1394
Japan,JPN,2022,8,89.0082,88.0966,89.9104,1.8138
Japan,JPN,2023,8,89.582,88.6413,90.5127,1.8714
Japan,JPN,2024,8,87.9626,87.1445,88.773,1.6285
Japan,JPN,2025,8,87.4693,86.5725,88.3569,1.7843
Jordan,JOR,2009,8,71.7269,70.8501,72.5938,1.7437
Jordan,JOR,2010,8,70.151,69.3604,70.9334,1.573
Jordan,JOR,2011,8,67.8674,67.2219,68.5073,1.2854
Jordan,JOR,2012,8,67.1051,66.4667,67.738,1.2713
Jordan,JOR,2013,8,68.566,67.9661,69.1612,1.1951
Jordan,JOR,2014,8,68.6672,68.064,69.2654,1.2014
Jordan,JOR,2015,8,71.409,70.8091,72.0042,1.1951
Jordan,JOR,2016,8,70.2898,69.4461,71.1242,1.6781
Jordan,JOR,2017,8,70.7457,69.8252,71.6551,1.8299
Jordan,JOR,2018,8,69.9856,68.6553,71.2925,2.6372
Jordan,JOR,2019,8,70.5937,69.3743,71.7936,2.4193
Jordan,JOR,2020,8,72.1194,70.9168,73.3032,2.3864
Jordan,JOR,2021,8,73.703,72.5198,74.8683,2.3485
Jordan,JOR,2022,8,73.8433,72.8668,74.8075,1.9406
Jordan,JOR,2023,8,75.2456,74.0793,76.3947,2.3153
Jordan,JOR,2024,8,78.3142,77.3554,79.2617,1.9063
Jordan,JOR,2025,8,78.4232,77.4807,79.3548,1.8741
Kazakhstan,KAZ,2009,8,59.8003,58.7159,60.8677,2.1518
Kazakhstan,KAZ,2010,8,57.7904,56.8339,58.7334,1.8995
Kazakhstan,KAZ,2011,8,56.0761,55.0416,57.0944,2.0528
Kazakhstan,KAZ,2012,8,56.7348,55.7897,57.6665,1.8768
Kazakhstan,KAZ,2013,8,61.1322,60.3177,61.9372,1.6194
Kazakhstan,KAZ,2014,8,62.411,61.589,63.2234,1.6344
Kazakhstan,KAZ,2015,8,62.78,61.949,63.6012,1.6522
Kazakhstan,KAZ,2016,8,62.8694,61.6602,64.058,2.3978
Kazakhstan,KAZ,2017,8,62.6334,61.4789,63.769,2.2901
Kazakhstan,KAZ,2018,8,59.4647,57.9934,60.9046,2.9112
Kazakhstan,KAZ,2019,8,61.2382,59.9753,62.4784,2.503
Kazakhstan,KAZ,2020,8,61.5621,60.2621,62.8381,2.576
Kazakhstan,KAZ,2021,8,59.9713,58.4085,61.4988,3.0903
Kazakhstan,KAZ,2022,8,55.3268,54.0702,56.5596,2.4894
Kazakhstan,KAZ,2023,8,55.5156,53.8677,57.1227,3.255
Kazakhstan,KAZ,2024,8,56.6216,55.4002,57.8207,2.4205
Kazakhstan,KAZ,2025,8,56.4427,55.0968,57.7615,2.6648
Kenya,KEN,2009,8,61.8238,60.1892,63.4206,3.2314
Kenya,KEN,2010,8,60.6039,59.1895,61.9895,2.8
Kenya,KEN,2011,8,59.9145,58.8448,60.9677,2.1229
Kenya,KEN,2012,8,61.5987,60.8868,62.3032,1.4164
Kenya,KEN,2013,8,61.3614,60.5564,62.157,1.6007
Kenya,KEN,2014,8,61.4209,60.7173,62.1174,1.4001
Kenya,KEN,2015,8,62.8952,62.1837,63.5994,1.4157
Kenya,KEN,2016,8,61.9989,60.9126,63.0683,2.1557
Kenya,KEN,2017,8,62.097,60.7666,63.4023,2.6357
Kenya,KEN,2018,8,62.2488,60.7805,63.6867,2.9062
Kenya,KEN,2019,8,61.9031,60.5527,63.2277,2.675
Kenya,KEN,2020,8,61.3938,60.2089,62.5586,2.3498
Kenya,KEN,2021,8,60.0992,58.9684,61.2115,2.2431
Kenya,KEN,2022,8,59.2006,58.2898,60.0992,1.8094
Kenya,KEN,2023,8,57.8709,56.6748,59.0459,2.3711
Kenya,KEN,2024,8,58.7037,57.9008,59.497,1.5961
Kenya,KEN,2025,8,57.796,57.0441,58.5394,1.4953
Kuwait,KWT,2009,8,68.0909,67.2505,68.9218,1.6713
Kuwait,KWT,2010,8,67.3729,66.7626,67.9781,1.2155
Kuwait,KWT,2011,8,67.1733,66.5776,67.7641,1.1865
Kuwait,KWT,2012,8,66.1901,65.5655,66.8093,1.2437
Kuwait,KWT,2013,8,64.5358,63.8408,65.224,1.3832
Kuwait,KWT,2014,8,65.0831,64.5162,65.6456,1.1294
Kuwait,KWT,2015,8,65.4612,64.8763,66.0414,1.1651
Kuwait,KWT,2016,8,68.4786,67.6613,69.2868,1.6255
Kuwait,KWT,2017,8,70.5488,69.4915,71.5915,2.1
Kuwait,KWT,2018,8,68.9084,67.7622,70.037,2.2748
Kuwait,KWT,2019,8,70.7018,69.4745,71.9093,2.4348
Kuwait,KWT,2020,8,71.8709,70.6241,73.0975,2.4734
Kuwait,KWT,2021,8,72.9272,71.5495,74.2806,2.7311
Kuwait,KWT,2022,8,72.1867,70.9108,73.4415,2.5307
Kuwait,KWT,2023,8,72.6009,71.4109,73.7726,2.3617
Kuwait,KWT,2024,8,71.8225,70.6769,72.951,2.2741
Kuwait,KWT,2025,8,69.5226,68.304,70.7214,2.4174
Kyrgyzstan,KGZ,2009,8,48.119,45.7736,50.376,4.6024
Kyrgyzstan,KGZ,2010,8,46.1274,43.7263,48.434,4.7077
Kyrgyzstan,KGZ,2011,8,47.2703,45.7751,48.7287,2.9536
Kyrgyzstan,KGZ,2012,8,49.1188,47.7768,50.4317,2.6549
Kyrgyzstan,KGZ,2013,8,49.3769,47.834,50.8816,3.0476
Kyrgyzstan,KGZ,2014,8,51.8088,50.4673,53.1221,2.6548
Kyrgyzstan,KGZ,2015,8,54.4325,53.1672,55.6733,2.5061
Kyrgyzstan,KGZ,2016,8,54.5564,53.3334,55.7566,2.4233
Kyrgyzstan,KGZ,2017,8,55.8103,54.4521,57.1408,2.6887
Kyrgyzstan,KGZ,2018,8,55.5892,53.9683,57.1705,3.2022
Kyrgyzstan,KGZ,2019,8,56.7037,55.1294,58.2411,3.1117
Kyrgyzstan,KGZ,2020,8,56.9263,55.3762,58.4407,3.0646
Kyrgyzstan,KGZ,2021,8,56.8036,54.9599,58.597,3.637
Kyrgyzstan,KGZ,2022,8,56.8791,55.3605,58.3634,3.0029
Kyrgyzstan,KGZ,2023,8,55.0865,53.0119,57.0964,4.0846
Kyrgyzstan,KGZ,2024,8,56.4904,54.9192,58.0247,3.1055
Kyrgyzstan,KGZ,2025,8,56.957,55.1689,58.6979,3.529
Laos,LAO,2009,8,52.0549,49.1779,54.8052,5.6273
Laos,LAO,2010,8,53.8274,51.09,56.452,5.362
Laos,LAO,2011,8,52.5498,49.741,55.2385,5.4975
Laos,LAO,2012,8,51.8616,49.0517,54.5504,5.4988
Laos,LAO,2013,8,55.1785,52.512,57.7394,5.2274
Laos,LAO,2014,8,55.1387,53.6186,56.6239,3.0053
Laos,LAO,2015,8,55.9556,54.8286,57.0634,2.2348
Laos,LAO,2016,8,53.0748,51.4892,54.6216,3.1325
Laos,LAO,2017,8,52.295,50.4864,54.0529,3.5665
Laos,LAO,2018,8,53.5041,51.5487,55.401,3.8524
Laos,LAO,2019,8,52.7189,50.6435,54.7281,4.0846
Laos,LAO,2020,8,52.4426,50.3994,54.4214,4.022
Laos,LAO,2021,8,50.5575,48.0988,52.9218,4.823
Laos,LAO,2022,8,51.1132,49.2987,52.876,3.5774
Laos,LAO,2023,8,49.0225,46.803,51.1636,4.3606
Laos,LAO,2024,8,51.7132,49.799,53.5703,3.7713
Laos,LAO,2025,8,52.9575,51.0537,54.8055,3.7519
Latvia,LVA,2009,8,75.6554,74.1207,77.1605,3.0398
Latvia,LVA,2010,8,73.9265,72.4746,75.3516,2.8771
Latvia,LVA,2011,8,74.6227,73.2736,75.9487,2.6751
Latvia,LVA,2012,8,76.2044,75.0142,77.3769,2.3628
Latvia,LVA,2013,8,76.0165,74.9992,77.0207,2.0215
Latvia,LVA,2014,8,76.1387,75.2224,77.0445,1.8221
Latvia,LVA,2015,8,77.298,76.262,78.3206,2.0585
Latvia,LVA,2016,8,78.0869,77.2154,78.9489,1.7335
Latvia,LVA,2017,8,77.6614,76.7631,78.5497,1.7866
Latvia,LVA,2018,8,75.0902,74.2506,75.9208,1.6702
Latvia,LVA,2019,8,76.2157,75.4293,76.9942,1.5649
Latvia,LVA,2020,8,77.1,76.3659,77.8274,1.4614
Latvia,LVA,2021,8,77.0706,76.2337,77.8988,1.6651
Latvia,LVA,2022,8,77.2863,76.5064,78.0586,1.5523
Latvia,LVA,2023,8,74.7119,73.7759,75.6368,1.861
Latvia,LVA,2024,8,72.6673,71.8978,73.4291,1.5313
Latvia,LVA,2025,8,71.3686,70.524,72.2039,1.6799
Lebanon,LBN,2009,8,69.4559,67.0306,71.8044,4.7739
Lebanon,LBN,2010,8,69.2429,66.7431,71.6609,4.9179
Lebanon,LBN,2011,8,68.3113,67.1202,69.4835,2.3633
Lebanon,LBN,2012,8,68.362,67.2731,69.4349,2.1618
Lebanon,LBN,2013,8,66.1144,65.0971,67.1175,2.0204
Lebanon,LBN,2014,8,64.8666,63.8772,65.8424,1.9653
Lebanon,LBN,2015,8,63.7218,62.777,64.654,1.877
Lebanon,LBN,2016,8,65.1666,64.4395,65.8864,1.4469
Lebanon,LBN,2017,8,67.4622,66.4467,68.4637,2.017
Lebanon,LBN,2018,8,66.7361,65.4091,68.0392,2.6301
Lebanon,LBN,2019,8,66.1651,64.8726,67.4348,2.5622
Lebanon,LBN,2020,8,65.4591,63.8417,67.0407,3.199
Lebanon,LBN,2021,8,61.844,60.1872,63.4619,3.2747
Lebanon,LBN,2022,8,58.8934,57.3716,60.3815,3.01
Lebanon,LBN,2023,5,56.7815,54.9693,58.5449,3.5756
Lebanon,LBN,2024,6,53.6827,51.3053,55.9745,4.6692
Lebanon,LBN,2025,6,55.3951,53.0096,57.6959,4.6863
Lesotho,LSO,2009,8,56.2518,53.7934,58.621,4.8275
Lesotho,LSO,2010,8,56.0255,53.7453,58.2287,4.4835
Lesotho,LSO,2011,8,56.9322,55.1451,58.672,3.5269
Lesotho,LSO,2012,8,54.2967,52.4888,56.0549,3.5661
Lesotho,LSO,2013,8,51.2889,49.614,52.9196,3.3056
Lesotho,LSO,2014,8,53.5464,51.7866,55.2588,3.4722
Lesotho,LSO,2015,8,54.8652,53.2935,56.3994,3.1059
Lesotho,LSO,2016,8,53.8018,52.2514,55.3154,3.064
Lesotho,LSO,2017,8,53.3467,51.6243,55.0235,3.3992
Lesotho,LSO,2018,8,49.7973,47.7046,51.8207,4.1161
Lesotho,LSO,2019,8,52.5563,50.7199,54.3406,3.6206
Lesotho,LSO,2020,8,51.7756,49.8187,53.6731,3.8544
Lesotho,LSO,2021,8,46.935,44.7309,49.0598,4.3289
Lesotho,LSO,2022,8,45.7493,43.5804,47.8405,4.2601
Lesotho,LSO,2023,8,46.4675,44.267,48.5887,4.3216
Lesotho,LSO,2024,8,46.526,44.5995,48.3913,3.7918
Lesotho,LSO,2025,8,48.2355,46.3851,50.0305,3.6454
Liberia,LBR,2009,8,52.8908,49.6384,55.9837,6.3453
Liberia,LBR,2010,8,50.5066,47.0476,53.7814,6.7338
Liberia,LBR,2011,8,50.9547,46.9582,54.7083,7.7502
Liberia,LBR,2012,8,51.715,48.257,54.9911,6.7341
Liberia,LBR,2013,8,54.1103,51.485,56.6321,5.1472
Liberia,LBR,2014,8,52.0934,49.6114,54.4807,4.8693
Liberia,LBR,2015,8,51.8535,50.2349,53.4312,3.1963
Liberia,LBR,2016,8,49.2632,47.3194,51.1466,3.8272
Liberia,LBR,2017,8,43.0948,40.1362,45.9063,5.7701
Liberia,LBR,2018,8,43.4428,40.6986,46.0604,5.3618
Liberia,LBR,2019,8,43.0853,40.2292,45.8039,5.5747
Liberia,LBR,2020,8,43.7608,41.1301,46.2754,5.1453
Liberia,LBR,2021,8,41.4086,38.454,44.2137,5.7597
Liberia,LBR,2022,8,41.7836,38.8432,44.5765,5.7333
Liberia,LBR,2023,8,49.3399,46.9172,51.6697,4.7525
Liberia,LBR,2024,8,48.6396,46.2239,50.9622,4.7384
Liberia,LBR,2025,8,45.068,42.8387,47.2147,4.376
Libya,LBY,2009,8,35.6849,31.9795,39.1418,7.1623
Libya,LBY,2010,8,33.8475,30.4144,37.0615,6.647
Libya,LBY,2011,8,29.2391,25.7709,32.4702,6.6992
Libya,LBY,2012,8,28.8147,25.2376,32.1388,6.9011
Libya,LBY,2013,8,34.4651,31.2,37.5329,6.3329
Libya,LBY,2014,8,32.944,29.6965,35.9926,6.2961
Libya,LBY,2015,8,25.1349,21.2504,28.7075,7.4571
Libya,LBY,2016,8,33.5713,30.0695,36.8445,6.775
Libya,LBY,2017,8,33.8583,29.5964,37.7875,8.1911
Libya,LBY,2018,7,28.7342,23.9298,33.0919,9.1621
Libya,LBY,2019,7,25.687,19.817,30.8763,11.0593
Libya,LBY,2020,6,23.2544,16.9192,28.7776,11.8584
Libya,LBY,2021,6,22.3824,15.9876,27.9409,11.9533
Libya,LBY,2022,6,20.2836,14.6617,25.2299,10.5683
Libya,LBY,2023,6,16.3829,10.0609,21.8128,11.7519
Libya,LBY,2024,6,16.4563,10.8425,21.3572,10.5147
Libya,LBY,2025,6,21.7752,16.9626,26.0952,9.1327
Lithuania,LTU,2009,8,74.3803,72.8041,75.925,3.1209
Lithuania,LTU,2010,8,72.6387,71.2481,74.0043,2.7562
Lithuania,LTU,2011,8,72.4871,71.1509,73.8002,2.6494
Lithuania,LTU,2012,8,73.4257,72.1536,74.6771,2.5235
Lithuania,LTU,2013,8,72.8949,71.7107,74.061,2.3503
Lithuania,LTU,2014,8,73.4419,72.3515,74.5171,2.1656
Lithuania,LTU,2015,8,72.8284,71.6795,73.9604,2.2809
Lithuania,LTU,2016,8,73.5491,72.8117,74.2796,1.4679
Lithuania,LTU,2017,8,73.6313,72.7956,74.4581,1.6625
Lithuania,LTU,2018,8,72.6775,71.8407,73.5052,1.6645
Lithuania,LTU,2019,8,73.1398,72.3135,73.9573,1.6438
Lithuania,LTU,2020,8,74.3006,73.4526,75.1394,1.6869
Lithuania,LTU,2021,8,75.386,74.5433,76.2196,1.6763
Lithuania,LTU,2022,8,76.1568,75.4028,76.9036,1.5009
Lithuania,LTU,2023,8,77.1452,76.2257,78.0541,1.8285
Lithuania,LTU,2024,8,78.5304,77.742,79.3111,1.5691
Lithuania,LTU,2025,8,79.5934,78.6829,80.4939,1.811
Luxembourg,LUX,2009,8,94.1557,93.0786,95.22,2.1414
Luxembourg,LUX,2010,8,96.0152,95.102,96.9193,1.8173
Luxembourg,LUX,2011,8,96.0516,95.1892,96.9061,1.7169
Luxembourg,LUX,2012,8,95.8535,95.0865,96.6142,1.5277
Luxembourg,LUX,2013,8,95.73,95.0439,96.4111,1.3672
Luxembourg,LUX,2014,8,95.9834,95.2783,96.6832,1.405
Luxembourg,LUX,2015,8,96.1731,95.5198,96.8217,1.302
Luxembourg,LUX,2016,8,96.7351,95.7657,97.6943,1.9286
Luxembourg,LUX,2017,8,96.2346,95.3732,97.088,1.7149
Luxembourg,LUX,2018,8,96.2429,95.4274,97.0512,1.6238
Luxembourg,LUX,2019,8,96.1288,95.3125,96.938,1.6255
Luxembourg,LUX,2020,8,96.2193,95.3984,97.033,1.6346
Luxembourg,LUX,2021,8,95.214,94.525,95.8978,1.3727
Luxembourg,LUX,2022,7,93.3349,92.8427,93.8245,0.9818
Luxembourg,LUX,2023,8,93.4379,92.0963,94.7598,2.6635
Luxembourg,LUX,2024,7,93.2931,92.8069,93.7766,0.9697
Luxembourg,LUX,2025,7,92.4717,91.9881,92.9527,0.9646
Madagascar,MDG,2009,8,47.3118,45.2151,49.3369,4.1218
Madagascar,MDG,2010,8,48.9107,46.9148,50.8428,3.9281
Madagascar,MDG,2011,8,44.8268,42.6957,46.882,4.1862
Madagascar,MDG,2012,8,45.5234,43.3097,47.656,4.3463
Madagascar,MDG,2013,8,46.6289,44.6337,48.5589,3.9252
Madagascar,MDG,2014,8,48.7274,46.6664,50.7203,4.0539
Madagascar,MDG,2015,8,49.86,47.7836,51.8681,4.0846
Madagascar,MDG,2016,8,47.476,45.7992,49.1068,3.3076
Madagascar,MDG,2017,8,46.5557,44.827,48.2351,3.4081
Madagascar,MDG,2018,8,45.2205,43.2447,47.1313,3.8866
Madagascar,MDG,2019,8,45.0106,42.985,46.9678,3.9828
Madagascar,MDG,2020,8,41.1886,39.0278,43.268,4.2402
Madagascar,MDG,2021,6,42.8696,39.9437,45.6512,5.7074
Madagascar,MDG,2022,6,39.7996,37.216,42.2659,5.0499
Madagascar,MDG,2023,6,40.8193,37.7563,43.7208,5.9645
Madagascar,MDG,2024,6,38.432,35.5813,41.1384,5.5571
Madagascar,MDG,2025,6,43.1844,40.4322,45.8091,5.3769
Malawi,MWI,2009,8,54.1608,52.0417,56.212,4.1703
Malawi,MWI,2010,8,52.2287,50.6196,53.7975,3.1779
Malawi,MWI,2011,8,52.5703,51.0485,54.0561,3.0076
Malawi,MWI,2012,8,53.321,51.7559,54.8483,3.0924
Malawi,MWI,2013,8,52.2751,50.7876,53.728,2.9404
Malawi,MWI,2014,8,53.616,52.1669,55.0328,2.866
Malawi,MWI,2015,8,53.4205,51.9176,54.8887,2.9711
Malawi,MWI,2016,8,50.7452,49.5066,51.9595,2.4529
Malawi,MWI,2017,8,47.2895,45.6202,48.9131,3.293
Malawi,MWI,2018,8,44.0887,42.272,45.8495,3.5775
Malawi,MWI,2019,8,44.9025,43.1852,46.5703,3.3851
Malawi,MWI,2020,8,46.7725,45.2619,48.2454,2.9835
Malawi,MWI,2021,8,46.6552,44.6347,48.6088,3.9741
Malawi,MWI,2022,8,46.4942,44.8618,48.0827,3.2209
Malawi,MWI,2023,8,46.7,44.7761,48.5631,3.787
Malawi,MWI,2024,8,49.15,47.6679,50.5966,2.9287
Malawi,MWI,2025,8,49.1566,47.6852,50.5931,2.9079
Malaysia,MYS,2009,8,83.4861,82.9947,83.9747,0.98
Malaysia,MYS,2010,8,83.3482,82.8926,83.8013,0.9088
Malaysia,MYS,2011,8,82.9995,82.6048,83.3923,0.7876
Malaysia,MYS,2012,8,84.4618,84.0396,84.8818,0.8422
Malaysia,MYS,2013,8,85.1893,84.8257,85.5513,0.7256
Malaysia,MYS,2014,8,85.2009,84.8346,85.5657,0.7311
Malaysia,MYS,2015,8,86.5346,86.1813,86.8864,0.7051
Malaysia,MYS,2016,8,87.8949,87.4263,88.361,0.9347
Malaysia,MYS,2017,8,86.3861,85.7649,87.0028,1.2379
Malaysia,MYS,2018,8,86.6328,85.6156,87.6381,2.0224
Malaysia,MYS,2019,8,85.106,84.0585,86.1406,2.0821
Malaysia,MYS,2020,8,86.1058,85.0348,87.1635,2.1288
Malaysia,MYS,2021,8,83.8562,82.7826,84.9163,2.1337
Malaysia,MYS,2022,8,80.2929,79.3714,81.2041,1.8327
Malaysia,MYS,2023,8,80.4785,79.5288,81.4173,1.8886
Malaysia,MYS,2024,8,81.4964,80.6509,82.3334,1.6824
Malaysia,MYS,2025,8,79.1822,78.3028,80.0521,1.7493
Mali,MLI,2009,8,52.7788,50.9073,54.5963,3.6891
Mali,MLI,2010,8,50.4108,48.7122,52.0638,3.3515
Mali,MLI,2011,8,50.0448,48.5272,51.5256,2.9984
Mali,MLI,2012,8,49.9457,48.3866,51.4661,3.0796
Mali,MLI,2013,8,51.1456,49.6363,52.619,2.9827
Mali,MLI,2014,8,51.8242,50.2559,53.3541,3.0982
Mali,MLI,2015,8,52.2597,50.7268,53.7559,3.0291
Mali,MLI,2016,8,52.6942,51.0602,54.2868,3.2266
Mali,MLI,2017,8,52.28,50.3485,54.1538,3.8054
Mali,MLI,2018,8,53.5873,51.5111,55.5979,4.0868
Mali,MLI,2019,8,50.1177,47.915,52.244,4.329
Mali,MLI,2020,8,47.0237,44.6829,49.2754,4.5925
Mali,MLI,2021,8,44.7293,42.3757,46.9905,4.6148
Mali,MLI,2022,8,46.7981,44.5551,48.9591,4.404
Mali,MLI,2023,8,48.2196,46.1607,50.2102,4.0495
Mali,MLI,2024,8,48.6677,46.9018,50.3834,3.4816
Mali,MLI,2025,8,51.5553,49.9854,53.0866,3.1012
Malta,MLT,2009,8,85.4059,83.5363,87.2352,3.6989
Malta,MLT,2010,8,84.4023,82.6462,86.1226,3.4763
Malta,MLT,2011,8,83.4538,81.9443,84.9366,2.9923
Malta,MLT,2012,8,82.3884,81.3282,83.4351,2.1069
Malta,MLT,2013,8,83.9323,82.7826,85.0664,2.2838
Malta,MLT,2014,8,84.8018,83.9681,85.6274,1.6593
Malta,MLT,2015,8,83.8773,83.052,84.6946,1.6427
Malta,MLT,2016,8,83.7212,82.8656,84.5682,1.7026
Malta,MLT,2017,8,83.7962,82.7041,84.8742,2.1701
Malta,MLT,2018,8,83.2855,81.9905,84.5607,2.5702
Malta,MLT,2019,8,82.4417,81.2282,83.6376,2.4095
Malta,MLT,2020,8,82.8707,81.719,84.0066,2.2876
Malta,MLT,2021,8,82.2706,80.949,83.5714,2.6225
Malta,MLT,2022,8,80.9991,79.5913,82.3831,2.7918
Malta,MLT,2023,8,78.964,77.4443,80.4554,3.0111
Malta,MLT,2024,7,79.8759,79.3575,80.391,1.0335
Malta,MLT,2025,7,78.6055,78.0431,79.1639,1.1208
Mauritania,MRT,2009,8,35.5886,31.7997,39.1178,7.3181
Mauritania,MRT,2010,8,36.4191,32.7003,39.8899,7.1896
Mauritania,MRT,2011,8,33.2048,29.8827,36.3197,6.437
Mauritania,MRT,2012,8,29.1834,25.6189,32.4979,6.879
Mauritania,MRT,2013,8,33.95,30.7623,36.9482,6.1859
Mauritania,MRT,2014,8,25.0497,21.2329,28.5646,7.3317
Mauritania,MRT,2015,8,21.8318,17.9963,25.3484,7.3521
Mauritania,MRT,2016,8,18.7996,14.8251,22.417,7.5919
Mauritania,MRT,2017,8,18.9486,13.7304,23.5685,9.8381
Mauritania,MRT,2018,8,17.0683,10.5843,22.6267,12.0424
Mauritania,MRT,2019,8,21.4526,16.0872,26.2097,10.1225
Mauritania,MRT,2020,7,23.5288,17.8077,28.5825,10.7748
Mauritania,MRT,2021,7,20.5465,14.8517,25.5516,10.6999
Mauritania,MRT,2024,5,24.3043,19.7862,28.401,8.6149
Mauritania,MRT,2025,5,24.1552,19.6937,28.2045,8.5108
Mauritius,MUS,2009,8,79.1068,78.2513,79.9533,1.702
Mauritius,MUS,2010,8,78.4193,77.6585,79.173,1.5144
Mauritius,MUS,2011,8,78.264,77.6211,78.9018,1.2807
Mauritius,MUS,2012,8,77.1279,76.3937,77.8553,1.4616
Mauritius,MUS,2013,8,78.1448,77.4062,78.8767,1.4706
Mauritius,MUS,2014,8,78.5447,77.7877,79.2947,1.507
Mauritius,MUS,2015,8,78.506,77.8402,79.1663,1.3261
Mauritius,MUS,2016,8,77.4876,76.5744,78.3904,1.816
Mauritius,MUS,2017,8,77.1511,76.3902,77.9048,1.5146
Mauritius,MUS,2018,8,77.9869,76.8619,79.0962,2.2344
Mauritius,MUS,2019,8,76.0149,75.106,76.9135,1.8075
Mauritius,MUS,2020,8,75.9602,74.876,77.0296,2.1535
Mauritius,MUS,2021,8,76.8593,75.841,77.8647,2.0237
Mauritius,MUS,2022,8,75.7237,74.8808,76.5576,1.6769
Mauritius,MUS,2023,8,74.0682,73.2291,74.8983,1.6692
Mauritius,MUS,2024,8,74.7655,74.2444,75.2831,1.0387
Mauritius,MUS,2025,8,73.8984,73.3662,74.427,1.0607
Mexico,MEX,2009,8,63.1771,62.3892,63.9563,1.567
Mexico,MEX,2010,8,62.7017,62.0864,63.3116,1.2251
Mexico,MEX,2011,8,61.7657,61.1727,62.3536,1.1809
Mexico,MEX,2012,8,62.9025,62.3241,63.4761,1.1521
Mexico,MEX,2013,8,63.0932,62.537,63.645,1.108
Mexico,MEX,2014,8,64.2621,63.7081,64.8117,1.1036
Mexico,MEX,2015,8,64.1,63.5617,64.6343,1.0726
Mexico,MEX,2016,8,65.604,64.915,66.2865,1.3716
Mexico,MEX,2017,8,66.6894,65.869,67.5006,1.6316
Mexico,MEX,2018,8,64.6751,63.7935,65.546,1.7525
Mexico,MEX,2019,8,65.5581,64.7307,66.3761,1.6454
Mexico,MEX,2020,8,64.5095,63.6537,65.355,1.7014
Mexico,MEX,2021,8,63.4382,62.4682,64.395,1.9268
Mexico,MEX,2022,8,61.7614,60.9448,62.5685,1.6236
Mexico,MEX,2023,8,61.9174,60.8009,63.0163,2.2154
Mexico,MEX,2024,8,62.5656,61.8354,63.2882,1.4528
Mexico,MEX,2025,8,63.0086,62.2834,63.7263,1.443
Moldova,MDA,2009,8,58.6311,56.8579,60.3585,3.5006
Moldova,MDA,2010,8,59.383,57.9454,60.7905,2.8451
Moldova,MDA,2011,8,54.6807,53.2776,56.0537,2.7761
Moldova,MDA,2012,8,56.5142,55.177,57.8247,2.6476
Moldova,MDA,2013,8,55.6857,54.2536,57.0869,2.8332
Moldova,MDA,2014,8,55.9714,54.7272,57.1922,2.4649
Moldova,MDA,2015,8,56.9254,55.6684,58.1588,2.4903
Moldova,MDA,2016,8,55.4903,54.2728,56.6854,2.4125
Moldova,MDA,2017,8,53.0843,51.6263,54.5095,2.8832
Moldova,MDA,2018,8,54.2665,52.652,55.8413,3.1893
Moldova,MDA,2019,8,57.9562,56.5061,59.3754,2.8693
Moldova,MDA,2020,8,58.4678,56.9147,59.9856,3.0709
Moldova,MDA,2021,8,59.0761,57.4993,60.6167,3.1173
Moldova,MDA,2022,8,60.6272,59.3617,61.8696,2.5079
Moldova,MDA,2023,6,59.9683,58.1805,61.7101,3.5296
Moldova,MDA,2024,7,62.627,60.5647,64.6299,4.0653
Moldova,MDA,2025,7,66.0058,64.1591,67.8062,3.6471
Mongolia,MNG,2009,8,58.9901,57.2733,60.6641,3.3908
Mongolia,MNG,2010,8,58.3329,57.0263,59.6144,2.5881
Mongolia,MNG,2011,8,58.0847,56.8502,59.2968,2.4466
Mongolia,MNG,2012,8,57.8813,56.7267,59.0162,2.2895
Mongolia,MNG,2013,8,58.5686,57.0197,60.0825,3.0628
Mongolia,MNG,2014,8,57.8939,56.6101,59.1533,2.5432
Mongolia,MNG,2015,8,56.9749,55.7089,58.2171,2.5083
Mongolia,MNG,2016,8,56.4706,55.2074,57.7098,2.5024
Mongolia,MNG,2017,8,58.3748,56.9633,59.757,2.7937
Mongolia,MNG,2018,8,57.1147,55.5888,58.6061,3.0173
Mongolia,MNG,2019,8,56.9508,55.5055,58.3651,2.8596
Mongolia,MNG,2020,8,57.5508,56.236,58.8401,2.6041
Mongolia,MNG,2021,8,54.7755,53.327,56.1921,2.8651
Mongolia,MNG,2022,8,54.2345,53.0446,55.4027,2.358
Mongolia,MNG,2023,8,53.9512,52.3026,55.5583,3.2557
Mongolia,MNG,2024,8,52.944,51.6283,54.2328,2.6044
Mongolia,MNG,2025,8,53.4907,52.1512,54.8025,2.6512
Montenegro,MNE,2009,8,73.2722,71.684,74.8282,3.1442
Montenegro,MNE,2010,8,72.215,70.8975,73.5101,2.6125
Montenegro,MNE,2011,8,71.6123,70.2554,72.9452,2.6898
Montenegro,MNE,2012,8,69.8307,68.4505,71.1858,2.7352
Montenegro,MNE,2013,8,68.2925,66.9722,69.5895,2.6173
Montenegro,MNE,2014,8,69.4574,68.2257,70.6691,2.4434
Montenegro,MNE,2015,8,68.4273,67.2347,69.6008,2.3661
Montenegro,MNE,2016,8,67.5462,66.5004,68.5773,2.0769
Montenegro,MNE,2017,8,66.1216,65.0547,67.1728,2.1181
Montenegro,MNE,2018,8,66.7723,65.5184,68.0048,2.4864
Montenegro,MNE,2019,8,69.2132,68.0993,70.3105,2.2111
Montenegro,MNE,2020,8,69.7144,68.5942,70.818,2.2238
Montenegro,MNE,2021,8,70.6073,69.5056,71.6931,2.1875
Montenegro,MNE,2022,8,69.0992,68.0716,70.1128,2.0411
Montenegro,MNE,2023,8,66.1152,64.6832,67.5193,2.8361
Montenegro,MNE,2024,8,65.6707,64.3277,66.989,2.6613
Montenegro,MNE,2025,8,64.6508,63.2949,65.9813,2.6864
Morocco,MAR,2009,8,58.184,56.6698,59.6645,2.9947
Morocco,MAR,2010,8,58.1549,56.9313,59.3565,2.4252
Morocco,MAR,2011,8,60.6627,59.6507,61.66,2.0093
Morocco,MAR,2012,8,60.5451,59.7846,61.2972,1.5126
Morocco,MAR,2013,8,60.5817,59.7897,61.3645,1.5748
Morocco,MAR,2014,8,59.2222,58.309,60.1231,1.8141
Morocco,MAR,2015,8,61.0736,60.219,61.9177,1.6987
Morocco,MAR,2016,8,58.5271,57.6112,59.4306,1.8194
Morocco,MAR,2017,8,57.8795,56.6192,59.1163,2.497
Morocco,MAR,2018,8,59.1756,57.901,60.4265,2.5255
Morocco,MAR,2019,8,62.5659,61.3092,63.8003,2.4911
Morocco,MAR,2020,8,62.883,61.7461,64.0018,2.2557
Morocco,MAR,2021,8,63.2668,61.9065,64.6011,2.6946
Morocco,MAR,2022,8,60.5694,59.6234,61.5024,1.879
Morocco,MAR,2023,8,59.5116,58.2401,60.7596,2.5195
Morocco,MAR,2024,8,61.1105,60.241,61.969,1.7281
Morocco,MAR,2025,8,61.8148,60.9178,62.7003,1.7825
Mozambique,MOZ,2009,8,49.7917,47.5411,51.9622,4.4211
Mozambique,MOZ,2010,8,47.6462,45.4695,49.7461,4.2765
Mozambique,MOZ,2011,8,46.6308,44.9256,48.288,3.3624
Mozambique,MOZ,2012,8,48.5605,46.9139,50.1633,3.2494
Mozambique,MOZ,2013,8,47.1635,45.2751,48.9936,3.7185
Mozambique,MOZ,2014,8,47.2438,45.7376,48.7127,2.9751
Mozambique,MOZ,2015,8,47.5242,46.2975,48.7262,2.4288
Mozambique,MOZ,2016,8,46.3422,44.8932,47.7564,2.8632
Mozambique,MOZ,2017,8,45.3117,43.7196,46.8613,3.1417
Mozambique,MOZ,2018,8,41.7285,39.8504,43.5453,3.6949
Mozambique,MOZ,2019,8,40.9971,38.9937,42.9303,3.9365
Mozambique,MOZ,2020,8,41.7465,39.8023,43.6252,3.8229
Mozambique,MOZ,2021,6,42.7374,39.997,45.3506,5.3537
Mozambique,MOZ,2022,6,41.5658,39.1189,43.9094,4.7905
Mozambique,MOZ,2023,6,41.9852,39.1464,44.6867,5.5403
Mozambique,MOZ,2024,6,39.548,36.5322,42.4047,5.8726
Mozambique,MOZ,2025,6,39.3717,36.2285,42.3422,6.1137
Myanmar,MMR,2009,7,30.3529,26.045,34.3058,8.2609
Myanmar,MMR,2010,7,33.9783,29.4618,38.1232,8.6614
Myanmar,MMR,2011,7,34.6818,29.8148,39.1235,9.3087
Myanmar,MMR,2012,7,36.2246,29.8138,41.929,12.1152
Myanmar,MMR,2013,7,37.0186,32.7262,40.9862,8.2599
Myanmar,MMR,2014,8,33.4703,30.5432,36.2358,5.6926
Myanmar,MMR,2015,8,34.3152,31.6261,36.8688,5.2427
Myanmar,MMR,2016,8,36.5083,34.0441,38.8613,4.8172
Myanmar,MMR,2017,7,37.0311,33.0858,40.7005,7.6147
Myanmar,MMR,2018,6,38.2524,34.0017,42.189,8.1873
Myanmar,MMR,2019,6,38.0468,34.2615,41.5804,7.319
Myanmar,MMR,2020,5,37.1653,33.7452,40.3765,6.6313
Myanmar,MMR,2021,5,36.2856,32.8581,39.5011,6.643
Myanmar,MMR,2022,5,35.4159,32.1127,38.5197,6.4069
Myanmar,MMR,2023,5,32.5786,29.5967,35.3912,5.7945
Myanmar,MMR,2024,6,32.6085,28.8635,36.0902,7.2267
Myanmar,MMR,2025,6,31.3154,26.7768,35.4664,8.6895
Namibia,NAM,2009,8,67.3625,66.1582,68.5472,2.389
Namibia,NAM,2010,8,67.3231,66.2394,68.3908,2.1514
Namibia,NAM,2011,8,66.6433,65.6863,67.5878,1.9015
Namibia,NAM,2012,8,67.2056,66.2581,68.141,1.8828
Namibia,NAM,2013,8,64.5466,63.6281,65.4533,1.8252
Namibia,NAM,2014,8,65.3058,64.4184,66.1823,1.7639
Namibia,NAM,2015,8,65.6317,64.6674,66.5832,1.9159
Namibia,NAM,2016,8,66.3895,65.2676,67.4943,2.2267
Namibia,NAM,2017,8,70.1815,68.9581,71.3852,2.427
Namibia,NAM,2018,8,67.3202,65.7277,68.8786,3.151
Namibia,NAM,2019,8,68.5737,67.5668,69.567,2.0001
Namibia,NAM,2020,8,67.1759,65.8341,68.4934,2.6593
Namibia,NAM,2021,8,66.9664,65.636,68.2729,2.6369
Namibia,NAM,2022,8,67.3963,66.3057,68.4709,2.1653
Namibia,NAM,2023,8,66.5754,65.1845,67.94,2.7556
Namibia,NAM,2024,8,66.1572,64.9162,67.3773,2.4611
Namibia,NAM,2025,8,69.7154,68.9252,70.4973,1.5722
Nepal,NPL,2009,8,46.6984,44.5663,48.7562,4.1899
Nepal,NPL,2010,8,45.9573,44.0878,47.7688,3.6811
Nepal,NPL,2011,8,45.2008,43.248,47.09,3.842
Nepal,NPL,2012,8,44.0559,42.2211,45.8337,3.6126
Nepal,NPL,2013,8,42.7279,40.4713,44.8977,4.4264
Nepal,NPL,2014,8,45.2067,43.1016,47.238,4.1364
Nepal,NPL,2015,8,48.54,46.591,50.4278,3.8368
Nepal,NPL,2016,8,48.776,47.3549,50.1644,2.8096
Nepal,NPL,2017,8,49.9798,48.3677,51.5504,3.1827
Nepal,NPL,2018,8,53.2643,51.681,54.809,3.128
Nepal,NPL,2019,8,54.0513,52.5355,55.532,2.9965
Nepal,NPL,2020,8,54.4628,53.0038,55.8894,2.8856
Nepal,NPL,2021,8,54.8708,52.934,56.751,3.817
Nepal,NPL,2022,8,52.937,50.9936,54.8224,3.8288
Nepal,NPL,2023,8,56.5914,54.9264,58.2152,3.2888
Nepal,NPL,2024,8,58.0746,56.5925,59.5245,2.932
Nepal,NPL,2025,8,56.2709,54.9775,57.5392,2.5617
Netherlands,NLD,2009,8,94.4458,93.5594,95.3237,1.7643
Netherlands,NLD,2010,8,93.4284,92.5487,94.2996,1.7509
Netherlands,NLD,2011,8,92.9362,92.1822,93.684,1.5017
Netherlands,NLD,2012,8,93.6009,92.8134,94.3815,1.5681
Netherlands,NLD,2013,8,93.373,92.6,94.1394,1.5393
Netherlands,NLD,2014,8,93.1843,92.3329,94.0277,1.6948
Netherlands,NLD,2015,8,92.4712,91.7373,93.1991,1.4618
Netherlands,NLD,2016,8,93.1505,92.3132,93.9802,1.667
Netherlands,NLD,2017,8,93.513,92.5821,94.4343,1.8521
Netherlands,NLD,2018,8,94.0487,93.1526,94.936,1.7834
Netherlands,NLD,2019,8,92.223,91.4095,93.0291,1.6196
Netherlands,NLD,2020,8,93.0995,92.2857,93.9059,1.6202
Netherlands,NLD,2021,8,92.0319,91.059,92.9943,1.9353
Netherlands,NLD,2022,8,91.3183,90.5806,92.0499,1.4693
Netherlands,NLD,2023,8,90.0805,89.1725,90.9793,1.8069
Netherlands,NLD,2024,8,89.7889,88.8271,90.7403,1.9132
Netherlands,NLD,2025,8,87.3966,86.5566,88.2286,1.6721
New Zealand,NZL,2009,8,93.7662,92.5475,94.9686,2.4211
New Zealand,NZL,2010,8,93.8124,92.6186,94.9906,2.372
New Zealand,NZL,2011,8,94.091,92.8959,95.2704,2.3745
New Zealand,NZL,2012,8,94.3597,93.1719,95.5322,2.3603
New Zealand,NZL,2013,8,94.376,93.2128,95.5244,2.3116
New Zealand,NZL,2014,8,95.368,94.325,96.3992,2.0742
New Zealand,NZL,2015,8,95.8052,94.6439,96.952,2.3081
New Zealand,NZL,2016,8,95.1775,94.194,96.1505,1.9565
New Zealand,NZL,2017,8,94.8645,93.9364,95.7833,1.8469
New Zealand,NZL,2018,8,93.3268,92.0491,94.5866,2.5375
New Zealand,NZL,2019,8,93.232,92.2182,94.2346,2.0164
New Zealand,NZL,2020,8,92.02,91.0302,92.999,1.9689
New Zealand,NZL,2021,8,91.8339,90.7978,92.8581,2.0602
New Zealand,NZL,2022,8,89.6018,88.6542,90.5392,1.885
New Zealand,NZL,2023,8,88.568,87.4825,89.6401,2.1576
New Zealand,NZL,2024,8,91.7636,90.7227,92.7924,2.0698
New Zealand,NZL,2025,8,90.2843,89.3033,91.2546,1.9513
Nicaragua,NIC,2009,8,53.9368,52.033,55.7854,3.7525
Nicaragua,NIC,2010,8,54.8728,53.3509,56.3596,3.0087
Nicaragua,NIC,2011,8,52.5192,51.0736,53.9322,2.8586
Nicaragua,NIC,2012,8,51.9967,50.3949,53.5585,3.1635
Nicaragua,NIC,2013,8,51.7856,50.2482,53.2861,3.0379
Nicaragua,NIC,2014,8,53.1854,51.661,54.674,3.013
Nicaragua,NIC,2015,8,52.6324,51.1002,54.1281,3.0279
Nicaragua,NIC,2016,8,49.2973,47.5931,50.9549,3.3618
Nicaragua,NIC,2017,8,50.2308,48.4293,51.9808,3.5514
Nicaragua,NIC,2018,8,52.5819,50.4266,54.6657,4.2391
Nicaragua,NIC,2019,8,51.5304,49.4522,53.5415,4.0893
Nicaragua,NIC,2020,8,45.8442,43.5354,48.0652,4.5298
Nicaragua,NIC,2021,8,42.8497,40.4226,45.1766,4.754
Nicaragua,NIC,2022,8,38.2836,35.8143,40.6436,4.8292
Nicaragua,NIC,2023,5,45.8374,43.8593,47.7507,3.8913
Nicaragua,NIC,2024,6,47.0256,43.9178,49.9783,6.0606
Nicaragua,NIC,2025,5,47.1991,45.7192,48.643,2.9238
Niger,NER,2009,7,52.606,48.6839,56.2978,7.6139
Niger,NER,2010,7,55.7365,52.1182,59.1638,7.0456
Niger,NER,2011,7,53.417,50.1241,56.5474,6.4233
Niger,NER,2012,7,54.9576,50.8568,58.813,7.9561
Niger,NER,2013,7,53.6385,49.7404,57.3112,7.5708
Niger,NER,2014,7,54.4,50.5155,58.0623,7.5468
Niger,NER,2015,7,55.1051,51.0881,58.8867,7.7986
Niger,NER,2016,7,54.5614,50.3794,58.4874,8.1079
Niger,NER,2017,7,58.284,53.8978,62.3992,8.5014
Niger,NER,2018,7,56.7501,52.6783,60.5839,7.9056
Niger,NER,2019,7,54.8079,49.9949,59.2857,9.2908
Niger,NER,2020,6,53.2332,49.4162,56.833,7.4168
Niger,NER,2021,6,53.9092,49.9134,57.6691,7.7557
Niger,NER,2022,6,52.6716,48.542,56.5468,8.0048
Niger,NER,2023,6,52.295,48.3559,56.0011,7.6451
Niger,NER,2024,6,52.6839,48.609,56.5108,7.9018
Niger,NER,2025,6,51.2425,47.099,55.1262,8.0272
Nigeria,NGA,2009,8,55.65,54.1143,57.1502,3.0358
Nigeria,NGA,2010,8,53.6417,52.3611,54.897,2.5359
Nigeria,NGA,2011,8,50.6913,49.3945,51.9614,2.567
Nigeria,NGA,2012,8,52.1465,50.9039,53.3649,2.461
Nigeria,NGA,2013,8,53.2359,52.035,54.4144,2.3793
Nigeria,NGA,2014,8,53.8782,52.8347,54.9049,2.0702
Nigeria,NGA,2015,8,53.7656,52.7366,54.7782,2.0417
Nigeria,NGA,2016,8,52.7361,51.4355,54.0104,2.5748
Nigeria,NGA,2017,8,51.0253,49.7311,52.2929,2.5618
Nigeria,NGA,2018,8,48.7021,47.1732,50.1933,3.0201
Nigeria,NGA,2019,8,47.8263,46.292,49.3222,3.0303
Nigeria,NGA,2020,8,47.2188,45.712,48.6884,2.9764
Nigeria,NGA,2021,8,45.3232,43.3168,47.2626,3.9458
Nigeria,NGA,2022,8,45.8148,44.1288,47.4536,3.3248
Nigeria,NGA,2023,8,42.1348,39.7178,44.4517,4.734
Nigeria,NGA,2024,8,43.385,41.3483,45.3512,4.0029
Nigeria,NGA,2025,8,41.8579,39.7786,43.8624,4.0837
North Macedonia,MKD,2009,8,65.4377,63.6867,67.1468,3.4601
North Macedonia,MKD,2010,8,65.4142,63.7571,67.0337,3.2766
North Macedonia,MKD,2011,8,67.0176,65.395,68.6048,3.2098
North Macedonia,MKD,2012,8,67.6316,66.0445,69.1849,3.1405
North Macedonia,MKD,2013,8,66.7691,65.3736,68.1382,2.7646
North Macedonia,MKD,2014,8,69.4982,68.2811,70.6957,2.4147
North Macedonia,MKD,2015,8,70.1214,68.8651,71.3569,2.4918
North Macedonia,MKD,2016,8,69.099,67.8262,70.3502,2.524
North Macedonia,MKD,2017,8,71.0982,69.9271,72.2514,2.3244
North Macedonia,MKD,2018,7,68.8682,67.4076,70.3004,2.8928
North Macedonia,MKD,2019,8,63.6997,62.2109,65.1576,2.9467
North Macedonia,MKD,2020,8,63.9568,62.4861,65.3974,2.9113
North Macedonia,MKD,2021,8,66.5304,65.1037,67.9293,2.8256
North Macedonia,MKD,2022,8,64.7851,63.5451,66.0039,2.4588
North Macedonia,MKD,2023,8,63.9196,62.4586,65.3508,2.8922
North Macedonia,MKD,2024,8,65.0784,63.8746,66.2622,2.3876
North Macedonia,MKD,2025,8,65.2643,64.1266,66.3841,2.2574
Norway,NOR,2009,8,93.7506,93.1886,94.309,1.1204
Norway,NOR,2010,8,93.2423,92.737,93.7448,1.0078
Norway,NOR,2011,8,92.8968,92.3835,93.4071,1.0235
Norway,NOR,2012,8,92.3713,91.8897,92.8503,0.9607
Norway,NOR,2013,8,92.8174,92.3175,93.3145,0.997
Norway,NOR,2014,8,92.98,92.515,93.4425,0.9276
Norway,NOR,2015,8,93.3082,92.852,93.7621,0.9102
Norway,NOR,2016,8,94.4257,93.9138,94.9348,1.0209
Norway,NOR,2017,8,94.5993,94.0233,95.1717,1.1484
Norway,NOR,2018,8,92.717,92.0968,93.3329,1.2361
Norway,NOR,2019,8,91.1907,90.4177,91.957,1.5393
Norway,NOR,2020,6,91.5017,90.7327,92.2641,1.5314
Norway,NOR,2021,6,90.409,89.4635,91.3446,1.8811
Norway,NOR,2022,6,90.6516,89.8305,91.4651,1.6347
Norway,NOR,2023,6,89.189,88.2587,90.1094,1.8507
Norway,NOR,2024,6,90.2488,89.3757,91.1134,1.7377
Norway,NOR,2025,7,90.3065,89.5161,91.0899,1.5738
Oman,OMN,2009,8,71.1924,70.085,72.2837,2.1987
Oman,OMN,2010,8,70.9089,69.9359,71.8694,1.9335
Oman,OMN,2011,8,69.9392,68.9945,70.8721,1.8776
Oman,OMN,2012,8,70.392,69.4993,71.2741,1.7748
Oman,OMN,2013,8,69.2763,68.4077,70.1347,1.727
Oman,OMN,2014,8,69.578,68.75,70.3968,1.6467
Oman,OMN,2015,8,66.9274,66.0355,67.8084,1.7729
Oman,OMN,2016,8,65.0874,64.1334,66.0287,1.8953
Oman,OMN,2017,8,68.2176,67.1037,69.3148,2.2111
Oman,OMN,2018,7,70.0269,68.8406,71.1945,2.3539
Oman,OMN,2019,8,73.8986,72.348,75.4187,3.0707
Oman,OMN,2020,8,73.3602,72.0328,74.665,2.6321
Oman,OMN,2021,8,75.8761,74.3398,77.3829,3.0431
Oman,OMN,2022,8,75.4765,74.3534,76.5836,2.2302
Oman,OMN,2023,8,76.8951,75.7734,78.0012,2.2277
Oman,OMN,2024,8,79.7652,78.7538,80.7641,2.0103
Oman,OMN,2025,8,80.0906,79.1055,81.0638,1.9583
Pakistan,PAK,2009,8,48.708,47.5017,49.8906,2.3889
Pakistan,PAK,2010,8,49.4564,48.4899,50.4078,1.9179
Pakistan,PAK,2011,8,47.6988,46.6113,48.7668,2.1554
Pakistan,PAK,2012,8,46.3418,45.2869,47.3781,2.0912
Pakistan,PAK,2013,8,49.2468,48.2964,50.1825,1.886
Pakistan,PAK,2014,8,47.8829,47.2067,48.5516,1.3449
Pakistan,PAK,2015,8,48.1512,47.5006,48.7948,1.2942
Pakistan,PAK,2016,8,46.4885,45.592,47.3715,1.7795
Pakistan,PAK,2017,8,44.7198,43.3682,46.0405,2.6723
Pakistan,PAK,2018,8,47.9794,46.5729,49.3535,2.7807
Pakistan,PAK,2019,8,52.0486,50.8066,53.2663,2.4597
Pakistan,PAK,2020,8,53.1102,51.8476,54.3481,2.5004
Pakistan,PAK,2021,8,51.1348,49.6064,52.6264,3.02
Pakistan,PAK,2022,8,55.0821,54.1015,56.0481,1.9467
Pakistan,PAK,2023,8,52.9954,51.3529,54.5962,3.2433
Pakistan,PAK,2024,8,52.1496,50.9255,53.3502,2.4247
Pakistan,PAK,2025,8,46.7984,45.3274,48.2336,2.9063
Panama,PAN,2009,8,72.4425,71.4586,73.4138,1.9552
Panama,PAN,2010,8,72.999,72.0273,73.9585,1.9312
Panama,PAN,2011,8,71.6305,70.8187,72.4336,1.6149
Panama,PAN,2012,8,71.0453,70.2128,71.8686,1.6557
Panama,PAN,2013,8,72.8741,72.0935,73.6468,1.5533
Panama,PAN,2014,8,74.9057,74.1589,75.6454,1.4865
Panama,PAN,2015,8,73.961,73.4049,74.5132,1.1083
Panama,PAN,2016,8,73.2896,72.8253,73.7512,0.9259
Panama,PAN,2017,8,75.2327,74.5195,75.9394,1.42
Panama,PAN,2018,8,71.7543,70.9593,72.5409,1.5816
Panama,PAN,2019,8,69.7502,69.0488,70.445,1.3962
Panama,PAN,2020,8,70.447,69.7204,71.1665,1.4461
Panama,PAN,2021,8,71.601,70.8222,72.3718,1.5496
Panama,PAN,2022,8,70.6379,69.8236,71.4435,1.6199
Panama,PAN,2023,8,67.6438,66.5751,68.697,2.1219
Panama,PAN,2024,8,67.452,66.5413,68.3516,1.8103
Panama,PAN,2025,8,66.1135,65.1337,67.0801,1.9464
Papua New Guinea,PNG,2009,6,59.9931,56.0685,63.703,7.6345
Papua New Guinea,PNG,2010,6,60.8898,55.8218,65.6079,9.7861
Papua New Guinea,PNG,2011,6,59.8708,54.4502,64.8891,10.4389
Papua New Guinea,PNG,2012,6,59.3316,55.3682,63.0748,7.7066
Papua New Guinea,PNG,2013,6,60.0261,54.8035,64.875,10.0715
Papua New Guinea,PNG,2014,6,59.8993,55.6178,63.9261,8.3084
Papua New Guinea,PNG,2015,6,59.5214,55.3231,63.4737,8.1506
Papua New Guinea,PNG,2016,6,60.0774,55.0999,64.7144,9.6145
Papua New Guinea,PNG,2017,6,58.9904,54.6711,63.0484,8.3773
Papua New Guinea,PNG,2018,6,59.3874,54.4267,64.0077,9.581
Papua New Guinea,PNG,2019,6,59.2151,54.1025,63.9662,9.8637
Papua New Guinea,PNG,2020,6,60.9323,57.0131,64.6392,7.6261
Papua New Guinea,PNG,2021,6,62.1817,57.3997,66.6546,9.2549
Papua New Guinea,PNG,2022,6,58.1801,53.5811,62.4818,8.9007
Papua New Guinea,PNG,2023,6,58.5159,55.3294,61.5573,6.2279
Papua New Guinea,PNG,2024,6,59.4464,54.8137,63.7811,8.9674
Papua New Guinea,PNG,2025,6,62.1375,57.9394,66.0954,8.1561
Paraguay,PRY,2009,8,49.3127,47.6642,50.9177,3.2535
Paraguay,PRY,2010,8,46.6397,45.1319,48.11,2.9781
Paraguay,PRY,2011,8,49.0052,47.7435,50.2411,2.4975
Paraguay,PRY,2012,8,51.7581,50.6439,52.8526,2.2087
Paraguay,PRY,2013,8,52.0806,51.0054,53.1375,2.1321
Paraguay,PRY,2014,8,52.6831,51.5943,53.7534,2.1591
Paraguay,PRY,2015,8,52.97,52.0125,53.9133,1.9008
Paraguay,PRY,2016,8,52.2566,50.9689,53.5184,2.5496
Paraguay,PRY,2017,8,51.3447,49.7543,52.8954,3.1411
Paraguay,PRY,2018,8,51.9435,50.3456,53.5017,3.1561
Paraguay,PRY,2019,8,52.1985,50.974,53.3996,2.4256
Paraguay,PRY,2020,8,52.4936,51.3549,53.6121,2.2573
Paraguay,PRY,2021,8,53.2463,51.993,54.4752,2.4823
Paraguay,PRY,2022,8,50.6631,49.4973,51.8074,2.3101
Paraguay,PRY,2023,8,47.7992,46.1671,49.3879,3.2208
Paraguay,PRY,2024,8,49.3058,48.2121,50.3802,2.1681
Paraguay,PRY,2025,8,49.6429,48.5672,50.6999,2.1327
Peru,PER,2009,8,65.0835,64.157,65.9981,1.841
Peru,PER,2010,8,65.0399,64.3044,65.7679,1.4634
Peru,PER,2011,8,63.4801,62.8351,64.1192,1.2841
Peru,PER,2012,8,64.1358,63.4873,64.7784,1.2911
Peru,PER,2013,8,62.7855,62.0033,63.5589,1.5556
Peru,PER,2014,8,63.1739,62.5951,63.7481,1.153
Peru,PER,2015,8,63.2888,62.7619,63.8117,1.0497
Peru,PER,2016,8,62.439,61.6436,63.2254,1.5818
Peru,PER,2017,8,63.1614,62.1095,64.1976,2.0881
Peru,PER,2018,8,61.1133,60.1702,62.0436,1.8734
Peru,PER,2019,8,61.3287,60.2364,62.4038,2.1674
Peru,PER,2020,8,60.6667,59.4919,61.8217,2.3298
Peru,PER,2021,8,60.3578,58.9537,61.7335,2.7798
Peru,PER,2022,8,60.5068,59.5028,61.4961,1.9933
Peru,PER,2023,8,58.3239,56.9364,59.6832,2.7468
Peru,PER,2024,8,58.3432,57.2836,59.3862,2.1026
Peru,PER,2025,8,57.8043,56.7006,58.89,2.1894
Philippines,PHL,2009,8,61.5927,60.6449,62.5277,1.8828
Philippines,PHL,2010,8,60.3815,59.7555,61.0018,1.2463
Philippines,PHL,2011,8,60.3677,59.7788,60.9515,1.1727
Philippines,PHL,2012,8,62.5367,61.9152,63.1526,1.2374
Philippines,PHL,2013,8,64.3869,63.8947,64.8756,0.9809
Philippines,PHL,2014,8,66.2197,65.8627,66.5749,0.7122
Philippines,PHL,2015,8,68.415,68.0527,68.7755,0.7228
Philippines,PHL,2016,8,69.199,68.7029,69.6917,0.9887
Philippines,PHL,2017,8,68.9844,68.1055,69.853,1.7475
Philippines,PHL,2018,8,67.5798,66.2895,68.8476,2.5581
Philippines,PHL,2019,8,70.8873,69.6399,72.1144,2.4746
Philippines,PHL,2020,8,71.7851,70.5568,72.9938,2.437
Philippines,PHL,2021,8,68.385,67.0767,69.6704,2.5937
Philippines,PHL,2022,8,68.0138,67.1107,68.9059,1.7952
Philippines,PHL,2023,8,65.8702,64.7156,67.0066,2.2911
Philippines,PHL,2024,8,67.8604,66.896,68.8123,1.9163
Philippines,PHL,2025,8,70.2253,69.3678,71.073,1.7052
Poland,POL,2009,8,73.605,72.3005,74.8878,2.5873
Poland,POL,2010,8,73.2334,72.0129,74.4348,2.4218
Poland,POL,2011,8,74.0258,72.6997,75.3295,2.6298
Poland,POL,2012,8,73.7607,72.5957,74.9083,2.3126
Poland,POL,2013,8,73.3376,72.1542,74.503,2.3488
Poland,POL,2014,8,73.2727,72.079,74.4481,2.3692
Poland,POL,2015,8,75.4011,74.2538,76.5317,2.2779
Poland,POL,2016,8,75.909,74.7681,77.0334,2.2653
Poland,POL,2017,8,76.1182,75.0547,77.1676,2.1129
Poland,POL,2018,8,75.2347,74.0564,76.3955,2.3391
Poland,POL,2019,8,74.1086,73.0227,75.1795,2.1568
Poland,POL,2020,8,73.0066,72.002,73.9982,1.9962
Poland,POL,2021,8,72.6855,71.6387,73.7181,2.0794
Poland,POL,2022,8,72.3406,71.3697,73.2993,1.9296
Poland,POL,2023,8,71.8147,70.5707,73.0386,2.4679
Poland,POL,2024,8,73.2479,72.3647,74.121,1.7564
Poland,POL,2025,8,74.396,73.3433,75.4345,2.0912
Portugal,PRT,2009,8,83.8528,82.7583,84.9333,2.1749
Portugal,PRT,2010,8,82.7739,81.6369,83.8956,2.2587
Portugal,PRT,2011,8,80.9731,79.8861,82.0458,2.1596
Portugal,PRT,2012,8,79.7256,78.5738,80.8613,2.2875
Portugal,PRT,2013,8,79.7841,78.8154,80.7414,1.9261
Portugal,PRT,2014,8,80.163,79.6355,80.6871,1.0515
Portugal,PRT,2015,8,80.8206,80.3065,81.3314,1.0248
Portugal,PRT,2016,8,80.7047,80.0901,81.3147,1.2246
Portugal,PRT,2017,8,79.5044,78.7498,80.252,1.5022
Portugal,PRT,2018,8,79.4653,78.6315,80.2905,1.659
Portugal,PRT,2019,8,79.8235,79.0265,80.6128,1.5863
Portugal,PRT,2020,8,79.6919,78.8384,80.5366,1.6982
Portugal,PRT,2021,8,80.36,79.4428,81.2669,1.8242
Portugal,PRT,2022,8,79.7595,78.9313,80.5793,1.648
Portugal,PRT,2023,8,79.5909,78.5686,80.6005,2.0318
Portugal,PRT,2024,8,79.9016,79.0765,80.7184,1.6419
Portugal,PRT,2025,8,79.5359,78.7933,80.2718,1.4785
Puerto Rico,PRI,2009,6,77.1715,73.4726,80.7055,7.2329
Puerto Rico,PRI,2010,6,76.457,73.2466,79.5417,6.2951
Puerto Rico,PRI,2011,6,76.6954,73.4244,79.8362,6.4117
Puerto Rico,PRI,2012,6,74.9026,71.5362,78.1292,6.593
Puerto Rico,PRI,2013,6,79.1502,75.3494,82.7798,7.4304
Puerto Rico,PRI,2014,6,79.0733,75.9319,82.0967,6.1648
Puerto Rico,PRI,2015,6,78.9558,75.7251,82.0619,6.3367
Puerto Rico,PRI,2016,5,77.661,73.3385,81.7607,8.4223
Puerto Rico,PRI,2017,5,76.9904,72.4436,81.2901,8.8465
Puerto Rico,PRI,2018,6,74.9772,70.4527,79.2528,8.8002
Qatar,QAT,2009,8,78.0014,77.1383,78.8553,1.717
Qatar,QAT,2010,8,78.1984,77.2726,79.1137,1.8411
Qatar,QAT,2011,8,79.1679,78.3419,79.9855,1.6436
Qatar,QAT,2012,8,77.6381,76.7881,78.4791,1.691
Qatar,QAT,2013,8,80.6289,79.7565,81.4921,1.7356
Qatar,QAT,2014,8,79.5925,78.7751,80.4018,1.6267
Qatar,QAT,2015,8,79.2935,78.5347,80.0453,1.5106
Qatar,QAT,2016,8,80.2381,79.4113,81.0567,1.6454
Qatar,QAT,2017,8,80.3762,79.2775,81.4602,2.1827
Qatar,QAT,2018,8,79.367,78.0776,80.6362,2.5586
Qatar,QAT,2019,8,79.5004,78.2328,80.7484,2.5157
Qatar,QAT,2020,8,81.183,79.9648,82.3835,2.4187
Qatar,QAT,2021,8,82.2066,80.8553,83.5362,2.6809
Qatar,QAT,2022,8,81.7379,80.5948,82.8652,2.2704
Qatar,QAT,2023,8,81.5597,80.3042,82.7963,2.4922
Qatar,QAT,2024,8,82.8733,81.6385,84.09,2.4514
Qatar,QAT,2025,8,82.2459,81.041,83.4336,2.3927
Republic of Congo,COG,2009,7,52.0566,47.1845,56.576,9.3914
Republic of Congo,COG,2010,7,50.1715,46.1031,53.9864,7.8834
Republic of Congo,COG,2011,7,50.7988,46.2694,55.018,8.7486
Republic of Congo,COG,2012,7,47.5746,43.8437,51.0854,7.2418
Republic of Congo,COG,2013,7,48.2004,44.1222,52.0186,7.8964
Republic of Congo,COG,2014,7,46.9468,42.9523,50.6883,7.736
Republic of Congo,COG,2015,7,45.2239,40.5208,49.5735,9.0527
Republic of Congo,COG,2016,7,48.7586,43.6559,53.4627,9.8067
Republic of Congo,COG,2017,7,48.688,45.1543,52.0258,6.8715
Republic of Congo,COG,2018,7,52.8475,48.5608,56.861,8.3001
Republic of Congo,COG,2019,7,49.7405,45.3922,53.7991,8.4069
Republic of Congo,COG,2020,7,47.799,43.9652,51.4013,7.4362
Republic of Congo,COG,2021,7,46.5423,40.5035,52.0178,11.5142
Republic of Congo,COG,2022,7,49.6424,44.6976,54.2154,9.5178
Republic of Congo,COG,2023,7,47.2654,41.227,52.7448,11.5178
Republic of Congo,COG,2024,7,48.2728,42.4734,53.56,11.0866
Republic of Congo,COG,2025,7,48.553,43.8658,52.9012,9.0354
Romania,ROU,2009,8,67.5746,65.9237,69.1889,3.2652
Romania,ROU,2010,8,67.7706,66.3726,69.1424,2.7698
Romania,ROU,2011,8,67.5381,66.1624,68.8882,2.7258
Romania,ROU,2012,8,65.1699,63.7941,66.5197,2.7256
Romania,ROU,2013,8,63.3752,62.0189,64.7057,2.6868
Romania,ROU,2014,8,64.5486,63.2206,65.8522,2.6316
Romania,ROU,2015,8,66.0047,64.9143,67.0788,2.1645
Romania,ROU,2016,8,66.1942,64.926,67.4404,2.5144
Romania,ROU,2017,8,65.1254,63.8159,66.4113,2.5955
Romania,ROU,2018,8,64.5958,63.1963,65.9682,2.7719
Romania,ROU,2019,8,65.8502,64.4772,67.1973,2.7201
Romania,ROU,2020,8,66.7688,65.2528,68.2538,3.001
Romania,ROU,2021,8,66.0596,64.8555,67.2439,2.3884
Romania,ROU,2022,8,66.5578,65.4362,67.6622,2.2261
Romania,ROU,2023,8,66.6928,65.4791,67.8864,2.4074
Romania,ROU,2024,8,66.7077,65.6887,67.7125,2.0239
Romania,ROU,2025,8,66.9311,65.8899,67.9575,2.0676
Russia,RUS,2009,8,60.9516,59.2627,62.5997,3.337
Russia,RUS,2010,8,59.3943,57.9056,60.8508,2.9452
Russia,RUS,2011,8,60.3597,58.8879,61.8004,2.9125
Russia,RUS,2012,8,60.5864,59.1033,62.0379,2.9346
Russia,RUS,2013,8,60.0036,58.5843,61.3938,2.8095
Russia,RUS,2014,8,62.6108,61.2342,63.9606,2.7264
Russia,RUS,2015,8,65.3867,64.1446,66.6076,2.4629
Russia,RUS,2016,8,67.1265,65.6301,68.5926,2.9625
Russia,RUS,2017,8,67.2293,65.9094,68.5258,2.6164
Russia,RUS,2018,8,68.0269,66.7162,69.3145,2.5984
Russia,RUS,2019,8,68.131,66.829,69.4104,2.5814
Russia,RUS,2020,8,66.8646,65.5021,68.2021,2.7
Russia,RUS,2021,7,67.1228,65.6867,68.531,2.8443
Russia,RUS,2022,7,68.3464,67.2505,69.4262,2.1756
Russia,RUS,2024,5,65.5293,63.5096,67.4935,3.9839
Russia,RUS,2025,5,62.492,60.5559,64.3756,3.8197
Rwanda,RWA,2009,8,50.4813,47.3288,53.4799,6.151
Rwanda,RWA,2010,8,51.8045,48.8532,54.6223,5.7691
Rwanda,RWA,2011,8,53.9163,52.8595,54.9558,2.0964
Rwanda,RWA,2012,8,55.2622,54.314,56.1967,1.8828
Rwanda,RWA,2013,8,55.1681,53.8416,56.468,2.6264
Rwanda,RWA,2014,8,54.7385,53.9891,55.4793,1.4902
Rwanda,RWA,2015,8,55.9767,55.2559,56.6896,1.4337
Rwanda,RWA,2016,8,56.8263,55.7945,57.8422,2.0478
Rwanda,RWA,2017,8,56.3639,55.213,57.4949,2.2819
Rwanda,RWA,2018,8,56.685,55.5033,57.8457,2.3423
Rwanda,RWA,2019,8,58.6325,57.5905,59.6586,2.0681
Rwanda,RWA,2020,8,58.6088,57.5099,59.6899,2.18
Rwanda,RWA,2021,8,58.4772,57.3762,59.5605,2.1843
Rwanda,RWA,2022,8,60.1303,59.3531,60.8988,1.5458
Rwanda,RWA,2023,8,60.3689,59.1847,61.5328,2.3481
Rwanda,RWA,2024,8,63.5264,62.7238,64.32,1.5962
Rwanda,RWA,2025,8,64.1738,63.3784,64.9602,1.5818
Saudi Arabia,SAU,2009,8,66.8722,65.859,67.8714,2.0125
Saudi Arabia,SAU,2010,8,65.6921,65.0737,66.3052,1.2315
Saudi Arabia,SAU,2011,8,68.4912,67.9069,69.0709,1.164
Saudi Arabia,SAU,2012,8,68.103,67.4804,68.7204,1.2401
Saudi Arabia,SAU,2013,8,67.0047,66.3476,67.656,1.3084
Saudi Arabia,SAU,2014,8,67.4254,66.8614,67.985,1.1236
Saudi Arabia,SAU,2015,8,66.7516,66.1871,67.3116,1.1245
Saudi Arabia,SAU,2016,8,67.6288,66.9047,68.3458,1.4411
Saudi Arabia,SAU,2017,8,67.6172,66.6138,68.607,1.9932
Saudi Arabia,SAU,2018,8,68.1357,66.9406,69.3116,2.371
Saudi Arabia,SAU,2019,8,69.7065,68.5602,70.8355,2.2753
Saudi Arabia,SAU,2020,8,73.906,72.6577,75.1343,2.4766
Saudi Arabia,SAU,2021,8,76.4509,75.2731,77.6115,2.3384
Saudi Arabia,SAU,2022,8,76.3229,75.3047,77.328,2.0233
Saudi Arabia,SAU,2023,8,77.2079,76.0235,78.3749,2.3515
Saudi Arabia,SAU,2024,8,79.5419,78.4746,80.5952,2.1206
Saudi Arabia,SAU,2025,8,78.5728,77.4799,79.6511,2.1712
Senegal,SEN,2009,8,60.8426,59.3469,62.3063,2.9594
Senegal,SEN,2010,8,58.687,57.1624,60.1775,3.0151
Senegal,SEN,2011,8,59.1966,57.8886,60.4796,2.591
Senegal,SEN,2012,8,59.3383,58.2412,60.4178,2.1766
Senegal,SEN,2013,8,59.6891,58.4665,60.8899,2.4234
Senegal,SEN,2014,8,58.9815,57.7728,60.1689,2.3961
Senegal,SEN,2015,8,61.2247,60.0597,62.3702,2.3105
Senegal,SEN,2016,8,61.11,59.9754,62.2261,2.2507
Senegal,SEN,2017,8,61.1019,59.7307,62.4463,2.7157
Senegal,SEN,2018,8,60.5851,58.9709,62.162,3.1912
Senegal,SEN,2019,8,60.3068,58.735,61.8431,3.1081
Senegal,SEN,2020,8,60.9275,59.3124,62.5053,3.1929
Senegal,SEN,2021,8,59.7123,58.0015,61.3808,3.3793
Senegal,SEN,2022,8,58.5676,57.0843,60.0187,2.9344
Senegal,SEN,2023,8,55.7606,54.0302,57.4461,3.4159
Senegal,SEN,2024,8,57.4715,55.9901,58.9204,2.9302
Senegal,SEN,2025,8,54.6349,52.9353,56.2908,3.3555
Serbia,SRB,2009,8,59.9495,57.7786,62.053,4.2744
Serbia,SRB,2010,8,57.7199,55.5769,59.7959,4.2189
Serbia,SRB,2011,8,55.7074,53.7517,57.6059,3.8542
Serbia,SRB,2012,8,56.9367,55.0086,58.81,3.8014
Serbia,SRB,2013,8,56.4066,54.6101,58.1551,3.545
Serbia,SRB,2014,8,56.739,55.097,58.3409,3.2439
Serbia,SRB,2015,8,56.4266,54.9052,57.9135,3.0083
Serbia,SRB,2016,8,57.1843,55.7858,58.5538,2.768
Serbia,SRB,2017,8,56.6549,55.04,58.231,3.1911
Serbia,SRB,2018,8,57.694,56.1164,59.235,3.1186
Serbia,SRB,2019,8,62.0216,60.5646,63.4485,2.8839
Serbia,SRB,2020,8,61.6659,60.175,63.1252,2.9501
Serbia,SRB,2021,8,61.3673,59.6517,63.0411,3.3895
Serbia,SRB,2022,8,60.9032,59.582,62.1994,2.6173
Serbia,SRB,2023,8,61.8086,60.3647,63.2229,2.8583
Serbia,SRB,2024,8,63.3522,62.2187,64.4676,2.2489
Serbia,SRB,2025,8,60.5759,59.398,61.7337,2.3357
Seychelles,SYC,2009,8,57.2071,53.9238,60.3347,6.4108
Seychelles,SYC,2010,8,60.1656,57.1478,63.055,5.9072
Seychelles,SYC,2011,8,62.3457,59.7082,64.8867,5.1785
Seychelles,SYC,2012,8,64.0281,61.5259,66.4446,4.9187
Seychelles,SYC,2013,8,64.4932,62.5395,66.3945,3.855
Seychelles,SYC,2014,8,67.1721,65.6007,68.7102,3.1095
Seychelles,SYC,2015,8,67.3421,66.0101,68.6501,2.64
Seychelles,SYC,2016,8,68.4655,66.7196,70.1709,3.4513
Seychelles,SYC,2017,8,71.7843,70.1239,73.4091,3.2851
Seychelles,SYC,2018,8,71.5908,70.1458,73.0087,2.8629
Seychelles,SYC,2019,8,74.6826,73.275,76.0653,2.7903
Seychelles,SYC,2020,8,75.8298,74.4472,77.1885,2.7413
Seychelles,SYC,2021,6,74.0055,72.6101,75.376,2.7659
Seychelles,SYC,2022,6,72.7091,71.1794,74.2087,3.0294
Seychelles,SYC,2023,6,72.3761,70.3414,74.3579,4.0165
Seychelles,SYC,2024,6,72.0197,70.1053,73.8871,3.7818
Seychelles,SYC,2025,6,73.3683,71.526,75.1675,3.6415
Sierra Leone,SLE,2009,8,48.5467,45.2199,51.6992,6.4793
Sierra Leone,SLE,2010,8,49.1967,45.837,52.3799,6.5429
Sierra Leone,SLE,2011,8,44.5352,40.5055,48.3009,7.7954
Sierra Leone,SLE,2012,8,47.5982,43.8779,51.0997,7.2218
Sierra Leone,SLE,2013,8,49.2214,47.1689,51.2067,4.0378
Sierra Leone,SLE,2014,8,48.8222,47.0606,50.5339,3.4732
Sierra Leone,SLE,2015,8,49.385,47.579,51.1388,3.5598
Sierra Leone,SLE,2016,8,45.1287,43.1564,47.0361,3.8797
Sierra Leone,SLE,2017,8,38.9311,36.2471,41.4875,5.2404
Sierra Leone,SLE,2018,8,41.9131,39.191,44.5084,5.3174
Sierra Leone,SLE,2019,8,41.0962,38.4003,43.6667,5.2664
Sierra Leone,SLE,2020,8,38.5521,35.6175,41.3342,5.7166
Sierra Leone,SLE,2021,8,35.5401,32.2913,38.596,6.3048
Sierra Leone,SLE,2022,8,33.4765,29.7925,36.9081,7.1156
Sierra Leone,SLE,2023,8,30.4824,26.7924,33.9095,7.1171
Sierra Leone,SLE,2024,8,26.5631,22.5747,30.2298,7.655
Sierra Leone,SLE,2025,7,24.6599,21.7476,27.3923,5.6447
Singapore,SGP,2009,8,100,99.3597,100,0.6403
Singapore,SGP,2010,8,99.6177,99.0087,100,0.9913
Singapore,SGP,2011,8,98.3309,97.6984,98.9592,1.2608
Singapore,SGP,2012,8,98.3879,97.821,98.9513,1.1303
Singapore,SGP,2013,8,98.3428,97.7778,98.9045,1.1266
Singapore,SGP,2014,8,97.5082,96.8886,98.1236,1.2349
Singapore,SGP,2015,8,96.8541,96.3144,97.3907,1.0763
Singapore,SGP,2016,8,96.8469,96.155,97.5337,1.3786
Singapore,SGP,2017,8,96.2793,95.5751,96.9782,1.4031
Singapore,SGP,2018,8,95.485,94.4688,96.49,2.0213
Singapore,SGP,2019,8,94.9042,93.9038,95.8937,1.9899
Singapore,SGP,2020,8,95.1068,94.1461,96.0575,1.9114
Singapore,SGP,2021,8,94.605,93.6862,95.5147,1.8285
Singapore,SGP,2022,8,93.5131,92.4966,94.5182,2.0215
Singapore,SGP,2023,8,93.0917,92.0264,94.1446,2.1182
Singapore,SGP,2024,8,93.087,92.0958,94.0674,1.9716
Singapore,SGP,2025,8,93.2667,92.2454,94.2765,2.0311
Slovakia,SVK,2009,8,75.2159,73.9913,76.4216,2.4303
Slovakia,SVK,2010,8,76.1162,74.8785,77.3348,2.4563
Slovakia,SVK,2011,8,74.2091,72.9327,75.4648,2.5321
Slovakia,SVK,2012,8,72.9591,71.6595,74.2371,2.5776
Slovakia,SVK,2013,8,74.1565,72.9242,75.3694,2.4452
Slovakia,SVK,2014,8,73.7318,72.6547,74.794,2.1393
Slovakia,SVK,2015,8,73.737,72.5184,74.9365,2.4181
Slovakia,SVK,2016,8,74.6648,73.6704,75.6465,1.9762
Slovakia,SVK,2017,8,75.0669,73.9395,76.1782,2.2388
Slovakia,SVK,2018,8,73.7852,72.5216,75.0285,2.5069
Slovakia,SVK,2019,8,74.2406,73.0984,75.3662,2.2678
Slovakia,SVK,2020,8,71.9491,70.8149,73.0666,2.2517
Slovakia,SVK,2021,8,73.8176,72.7411,74.8793,2.1383
Slovakia,SVK,2022,8,73.7533,72.7558,74.7381,1.9823
Slovakia,SVK,2023,8,71.6296,70.4037,72.836,2.4323
Slovakia,SVK,2024,8,72.4336,71.2032,73.6444,2.4411
Slovakia,SVK,2025,8,71.3641,70.279,72.4338,2.1547
Slovenia,SVN,2009,8,78.4401,77.0141,79.8412,2.827
Slovenia,SVN,2010,8,80.3207,79.0713,81.5512,2.48
Slovenia,SVN,2011,8,77.079,75.6903,78.4439,2.7536
Slovenia,SVN,2012,8,77.0838,75.7196,78.4249,2.7054
Slovenia,SVN,2013,8,73.5058,72.2879,74.7047,2.4167
Slovenia,SVN,2014,8,72.9912,71.7802,74.1833,2.4031
Slovenia,SVN,2015,8,72.9708,71.8761,74.0501,2.174
Slovenia,SVN,2016,8,73.0385,71.8764,74.1832,2.3068
Slovenia,SVN,2017,8,75.9823,75.0007,76.9517,1.951
Slovenia,SVN,2018,8,74.6289,73.5509,75.6922,2.1413
Slovenia,SVN,2019,8,74.2706,73.1784,75.3476,2.1692
Slovenia,SVN,2020,8,75.8492,74.7672,76.9164,2.1492
Slovenia,SVN,2021,8,76.7702,75.6776,77.8479,2.1703
Slovenia,SVN,2022,8,75.4174,74.4849,76.3389,1.854
Slovenia,SVN,2023,8,74.7874,73.5766,75.9795,2.4028
Slovenia,SVN,2024,8,74.729,73.866,75.5825,1.7165
Slovenia,SVN,2025,8,73.4813,72.5559,74.3956,1.8397
South Africa,ZAF,2009,8,75.2416,74.4256,76.0491,1.6235
South Africa,ZAF,2010,8,73.6393,73.0154,74.2581,1.2426
South Africa,ZAF,2011,8,71.4771,70.8063,72.1419,1.3357
South Africa,ZAF,2012,8,70.1876,69.5152,70.8539,1.3386
South Africa,ZAF,2013,8,69.35,68.8766,69.8204,0.9438
South Africa,ZAF,2014,8,69.5376,69.0158,70.0557,1.0399
South Africa,ZAF,2015,8,69.8133,69.327,70.2965,0.9695
South Africa,ZAF,2016,8,69.7837,69.1907,70.3721,1.1814
South Africa,ZAF,2017,8,70.8368,70.0927,71.5736,1.4809
South Africa,ZAF,2018,8,67.0423,66.1509,67.9228,1.7718
South Africa,ZAF,2019,8,65.514,64.5451,66.4698,1.9247
South Africa,ZAF,2020,8,64.2397,63.1664,65.2969,2.1305
South Africa,ZAF,2021,8,63.3178,62.1678,64.4492,2.2814
South Africa,ZAF,2022,8,62.2764,61.3682,63.1729,1.8047
South Africa,ZAF,2023,8,63.5446,62.501,64.573,2.072
South Africa,ZAF,2024,8,65.283,64.7515,65.8106,1.0591
South Africa,ZAF,2025,8,63.2252,62.5621,63.882,1.3199
South Korea,KOR,2009,8,80.963,80.0209,81.8944,1.8735
South Korea,KOR,2010,8,79.754,79.0058,80.4953,1.4895
South Korea,KOR,2011,8,78.1283,77.4055,78.8447,1.4392
South Korea,KOR,2012,8,79.3555,78.6433,80.0614,1.4182
South Korea,KOR,2013,8,80.0366,79.279,80.7873,1.5083
South Korea,KOR,2014,8,79.7895,79.1151,80.4585,1.3434
South Korea,KOR,2015,8,79.1704,78.4683,79.8664,1.3981
South Korea,KOR,2016,8,81.0183,80.251,81.7786,1.5276
South Korea,KOR,2017,8,80.657,79.783,81.5216,1.7386
South Korea,KOR,2018,8,80.7163,79.703,81.7171,2.0141
South Korea,KOR,2019,8,82.6462,81.7846,83.499,1.7144
South Korea,KOR,2020,8,82.013,81.0433,82.9715,1.9282
South Korea,KOR,2021,8,83.3343,82.3245,84.3319,2.0074
South Korea,KOR,2022,8,82.5637,81.7135,83.4052,1.6917
South Korea,KOR,2023,8,83.6447,82.7003,84.5786,1.8782
South Korea,KOR,2024,8,82.8057,82.0003,83.6033,1.6029
South Korea,KOR,2025,8,83.2612,82.389,84.1244,1.7354
Spain,ESP,2009,8,86.1432,85.2665,87.0109,1.7445
Spain,ESP,2010,8,83.5602,82.7616,84.3513,1.5897
Spain,ESP,2011,8,81.5374,80.6677,82.398,1.7303
Spain,ESP,2012,8,80.3045,79.413,81.1862,1.7732
Spain,ESP,2013,8,79.5139,78.838,80.1842,1.3461
Spain,ESP,2014,8,79.4107,78.7236,80.0921,1.3685
Spain,ESP,2015,8,79.7519,79.0281,80.4693,1.4412
Spain,ESP,2016,8,78.9894,78.2623,79.71,1.4477
Spain,ESP,2017,8,79.6149,78.7136,80.5062,1.7925
Spain,ESP,2018,8,79.3625,78.4523,80.2626,1.8104
Spain,ESP,2019,8,79.0669,78.218,79.9069,1.6889
Spain,ESP,2020,8,80.163,79.2905,81.0263,1.7358
Spain,ESP,2021,8,81.5678,80.6232,82.5016,1.8784
Spain,ESP,2022,8,81.4039,80.6356,82.1651,1.5294
Spain,ESP,2023,8,79.4376,78.5148,80.3499,1.8351
Spain,ESP,2024,8,79.3845,78.5899,80.1714,1.5815
Spain,ESP,2025,8,79.8599,79.1215,80.5916,1.4701
Sri Lanka,LKA,2009,8,66.3877,65.061,67.6903,2.6293
Sri Lanka,LKA,2010,8,64.7921,63.7911,65.7793,1.9882
Sri Lanka,LKA,2011,8,64.9814,64.0316,65.9187,1.8871
Sri Lanka,LKA,2012,8,66.3116,65.5154,67.0991,1.5837
Sri Lanka,LKA,2013,8,65.5605,64.3412,66.7594,2.4181
Sri Lanka,LKA,2014,8,64.0778,63.2296,64.9159,1.6863
Sri Lanka,LKA,2015,8,65.3094,64.4772,66.1319,1.6548
Sri Lanka,LKA,2016,8,65.4035,64.2787,66.5108,2.2321
Sri Lanka,LKA,2017,8,65.8108,64.5444,67.0552,2.5107
Sri Lanka,LKA,2018,8,64.3253,62.7452,65.8709,3.1257
Sri Lanka,LKA,2019,8,64.268,62.7319,65.7714,3.0395
Sri Lanka,LKA,2020,8,65.5317,64.1304,66.906,2.7757
Sri Lanka,LKA,2021,8,66.6805,65.111,68.2167,3.1057
Sri Lanka,LKA,2022,8,65.9568,64.7173,67.1752,2.4579
Sri Lanka,LKA,2023,8,64.9072,63.4784,66.3078,2.8294
Sri Lanka,LKA,2024,8,62.3119,61.0368,63.5641,2.5273
Sri Lanka,LKA,2025,8,60.4883,59.1515,61.7994,2.6479
Sudan,SDN,2009,7,43.6028,39.4602,47.4639,8.0037
Sudan,SDN,2010,7,45.1468,40.9038,49.0998,8.196
Sudan,SDN,2011,7,40.8871,36.1754,45.227,9.0516
Sudan,SDN,2012,7,39.6656,35.6063,43.4421,7.8358
Sudan,SDN,2013,7,42.7367,38.024,47.0848,9.0608
Sudan,SDN,2014,7,38.6449,33.5132,43.3272,9.814
Sudan,SDN,2015,7,45.9059,41.393,50.0948,8.7018
Sudan,SDN,2016,7,41.7838,35.5267,47.4069,11.8801
Sudan,SDN,2017,7,44.5255,40.8856,47.9486,7.063
Sudan,SDN,2018,7,45.0089,40.9567,48.7955,7.8388
Sudan,SDN,2019,7,43.1273,37.8454,47.9573,10.1119
Sudan,SDN,2020,6,42.6978,39.0028,46.165,7.1622
Sudan,SDN,2021,5,45.3733,40.6854,49.7106,9.0252
Sudan,SDN,2023,5,42.6746,36.6399,48.1233,11.4834
Suriname,SUR,2009,8,54.8344,52.1483,57.4129,5.2646
Suriname,SUR,2010,7,53.4467,49.5012,57.161,7.6598
Suriname,SUR,2011,7,52.1097,48.5521,55.4758,6.9237
Suriname,SUR,2012,7,53.7437,49.8845,57.3821,7.4976
Suriname,SUR,2013,7,55.7277,51.8496,59.3872,7.5375
Suriname,SUR,2014,7,56.4383,52.2531,60.3717,8.1186
Suriname,SUR,2015,7,55.4258,51.6338,59.0079,7.3741
Suriname,SUR,2016,7,56.2901,52.8627,59.5467,6.684
Suriname,SUR,2017,7,57.2915,53.8238,60.5861,6.7623
Suriname,SUR,2018,6,53.0758,49.015,56.8913,7.8764
Suriname,SUR,2019,6,57.7562,54.212,61.1205,6.9085
Suriname,SUR,2020,6,57.3878,52.7277,61.7406,9.0129
Suriname,SUR,2021,6,56.7994,53.1379,60.2675,7.1296
Suriname,SUR,2022,6,57.2167,52.9798,61.1977,8.2179
Suriname,SUR,2023,6,56.7379,53.0257,60.2513,7.2256
Suriname,SUR,2024,6,56.6512,52.7547,60.3291,7.5744
Suriname,SUR,2025,6,54.6402,50.7194,58.3353,7.6159
Sweden,SWE,2009,8,96.5597,95.9331,97.1821,1.2491
Sweden,SWE,2010,8,95.4287,94.7152,96.1366,1.4214
Sweden,SWE,2011,8,95.3848,94.8197,95.9465,1.1268
Sweden,SWE,2012,8,95.357,94.8069,95.9039,1.0969
Sweden,SWE,2013,8,94.5909,93.9938,95.1841,1.1903
Sweden,SWE,2014,8,94.8745,94.3158,95.4298,1.114
Sweden,SWE,2015,8,93.9746,93.3985,94.5471,1.1486
Sweden,SWE,2016,8,94.0193,93.4168,94.6179,1.2011
Sweden,SWE,2017,8,94.7877,94.1735,95.3978,1.2243
Sweden,SWE,2018,8,94.9168,94.2254,95.6031,1.3777
Sweden,SWE,2019,8,93.3259,92.6303,94.0162,1.3859
Sweden,SWE,2020,8,92.2146,91.4929,92.9305,1.4377
Sweden,SWE,2021,8,90.815,90.0087,91.6141,1.6055
Sweden,SWE,2022,8,91.2588,90.5446,91.9673,1.4226
Sweden,SWE,2023,8,91.5792,90.6896,92.46,1.7704
Sweden,SWE,2024,8,90.1367,89.0855,91.1755,2.09
Sweden,SWE,2025,8,90.6284,89.8505,91.3995,1.549
Switzerland,CHE,2009,8,95.9924,95.3834,96.5973,1.2139
Switzerland,CHE,2010,8,96.8586,96.3178,97.3962,1.0785
Switzerland,CHE,2011,8,96.0543,95.4885,96.6168,1.1283
Switzerland,CHE,2012,8,96.2304,95.6524,96.8048,1.1524
Switzerland,CHE,2013,8,96.7815,96.1943,97.3651,1.1708
Switzerland,CHE,2014,8,96.2239,95.6621,96.7823,1.1202
Switzerland,CHE,2015,8,96.9599,96.4003,97.5162,1.1158
Switzerland,CHE,2016,8,96.9151,96.3065,97.5196,1.2131
Switzerland,CHE,2017,8,98.427,97.6945,99.1539,1.4594
Switzerland,CHE,2018,8,98.6308,97.8666,99.3888,1.5222
Switzerland,CHE,2019,8,96.8468,96.0882,97.5993,1.511
Switzerland,CHE,2020,8,97.0596,96.1647,97.9458,1.7811
Switzerland,CHE,2021,8,97.1789,96.4592,97.893,1.4337
Switzerland,CHE,2022,8,96.4364,95.749,97.1188,1.3698
Switzerland,CHE,2023,8,96.9573,96.2242,97.6847,1.4605
Switzerland,CHE,2024,8,97.9594,97.3011,98.613,1.312
Switzerland,CHE,2025,8,96.9258,96.3207,97.5271,1.2064
Syria,SYR,2009,7,47.4486,43.7519,50.9288,7.1769
Syria,SYR,2010,7,44.6658,41.5835,47.5914,6.0079
Syria,SYR,2011,7,44.7833,41.4132,47.9673,6.5542
Syria,SYR,2012,7,46.7443,43.2376,50.0542,6.8166
Syria,SYR,2013,5,47.7518,44.3668,50.955,6.5882
São Tomé and Príncipe,STP,2009,5,63.6491,59.8453,67.2574,7.4121
São Tomé and Príncipe,STP,2010,6,64.4287,60.1089,68.4998,8.3909
São Tomé and Príncipe,STP,2011,6,65.5728,61.7275,69.2218,7.4943
São Tomé and Príncipe,STP,2012,6,64.3169,60.1415,68.2594,8.1179
São Tomé and Príncipe,STP,2013,6,63.8237,60.6654,66.8464,6.181
São Tomé and Príncipe,STP,2014,6,64.2393,61.2137,67.1406,5.9269
São Tomé and Príncipe,STP,2015,6,62.6355,58.5237,66.5177,7.994
São Tomé and Príncipe,STP,2016,6,63.0775,58.7515,67.1511,8.3996
São Tomé and Príncipe,STP,2017,6,57.5628,52.919,61.9019,8.9829
São Tomé and Príncipe,STP,2018,6,60.1599,56.0155,64.0658,8.0504
São Tomé and Príncipe,STP,2019,6,57.7674,52.5211,62.6287,10.1076
São Tomé and Príncipe,STP,2020,6,59.7973,55.4268,63.9025,8.4757
São Tomé and Príncipe,STP,2021,6,59.2103,53.965,64.0758,10.1108
São Tomé and Príncipe,STP,2022,5,57.6135,54.1164,60.9352,6.8188
São Tomé and Príncipe,STP,2023,5,58.6195,53.654,63.2415,9.5875
São Tomé and Príncipe,STP,2024,5,55.889,51.2742,60.1978,8.9236
São Tomé and Príncipe,STP,2025,6,56.4219,52.5281,60.0969,7.5688
Taiwan,TWN,2009,7,87.2627,86.0302,88.4778,2.4476
Taiwan,TWN,2010,6,85.2705,83.4909,87.0135,3.5226
Taiwan,TWN,2011,6,85.9522,84.1814,87.6869,3.5055
Taiwan,TWN,2012,6,84.8855,83.064,86.6685,3.6044
Taiwan,TWN,2013,6,84.9925,83.1862,86.761,3.5747
Taiwan,TWN,2014,6,84.7365,82.8018,86.6277,3.8259
Taiwan,TWN,2015,6,86.5759,84.377,88.7196,4.3425
Taiwan,TWN,2016,6,85.9847,83.595,88.3092,4.7143
Taiwan,TWN,2017,6,86.4596,84.8326,88.0563,3.2237
Taiwan,TWN,2018,6,84.5344,82.1386,86.864,4.7253
Taiwan,TWN,2019,6,88.6401,86.5512,90.68,4.1288
Taiwan,TWN,2020,6,88.3189,86.2669,90.3234,4.0565
Taiwan,TWN,2021,6,89.4938,87.1396,91.7864,4.6468
Taiwan,TWN,2022,6,89.3496,87.4279,91.2298,3.8019
Taiwan,TWN,2023,6,88.2624,86.1488,90.3257,4.1769
Taiwan,TWN,2024,7,89.4886,87.3761,91.5513,4.1752
Taiwan,TWN,2025,7,89.7816,87.3216,92.1744,4.8528
Tajikistan,TJK,2009,8,50.8868,48.368,53.3068,4.9388
Tajikistan,TJK,2010,8,50.8162,48.6839,52.8773,4.1933
Tajikistan,TJK,2011,8,50.0468,48.2551,51.7876,3.5324
Tajikistan,TJK,2012,8,52.1303,50.7084,53.5206,2.8122
Tajikistan,TJK,2013,8,57.0508,55.0799,58.9643,3.8844
Tajikistan,TJK,2014,8,56.3489,54.5591,58.091,3.5319
Tajikistan,TJK,2015,8,54.1894,52.4153,55.9156,3.5003
Tajikistan,TJK,2016,8,56.3565,54.846,57.8329,2.9869
Tajikistan,TJK,2017,8,58.0144,56.6769,59.3254,2.6485
Tajikistan,TJK,2018,7,55.2799,53.5764,56.9398,3.3634
Tajikistan,TJK,2019,8,56.2132,54.1347,58.2276,4.0929
Tajikistan,TJK,2020,8,56.5747,54.8914,58.2159,3.3245
Tajikistan,TJK,2021,8,55.9778,53.9484,57.9459,3.9975
Tajikistan,TJK,2022,8,53.2727,51.8968,54.6193,2.7225
Tajikistan,TJK,2023,5,52.9744,51.0087,54.8807,3.8719
Tajikistan,TJK,2024,5,52.6827,51.0632,54.2617,3.1985
Tajikistan,TJK,2025,5,52.1865,50.5435,53.7875,3.244
Tanzania,TZA,2009,8,47.7792,45.6084,49.8738,4.2654
Tanzania,TZA,2010,8,49.171,47.3112,50.9755,3.6643
Tanzania,TZA,2011,8,48.698,47.4256,49.9441,2.5185
Tanzania,TZA,2012,8,49.6053,48.2425,50.9384,2.6959
Tanzania,TZA,2013,8,52.1659,50.9448,53.3637,2.419
Tanzania,TZA,2014,8,50.4794,49.1867,51.7455,2.5588
Tanzania,TZA,2015,8,51.2422,49.9452,52.5126,2.5674
Tanzania,TZA,2016,8,51.2844,49.6752,52.8529,3.1777
Tanzania,TZA,2017,8,51.3915,49.9732,52.7782,2.8051
Tanzania,TZA,2018,8,51.0793,49.2496,52.8565,3.6069
Tanzania,TZA,2019,8,52.6495,50.8525,54.3965,3.544
Tanzania,TZA,2020,8,54.0538,52.3244,55.7376,3.4132
Tanzania,TZA,2021,8,54.953,53.5565,56.3199,2.7634
Tanzania,TZA,2022,8,55.1708,54.2148,56.1129,1.8981
Tanzania,TZA,2023,8,55.1903,53.5698,56.7711,3.2013
Tanzania,TZA,2024,8,57.1557,56.0417,58.2512,2.2095
Tanzania,TZA,2025,8,57.2458,56.1923,58.2827,2.0904
Thailand,THA,2009,8,74.2878,73.5284,75.0399,1.5115
Thailand,THA,2010,8,73.5849,73.1451,74.0221,0.877
Thailand,THA,2011,8,73.4357,72.9815,73.8872,0.9056
Thailand,THA,2012,8,73.5006,73.0423,73.9562,0.9139
Thailand,THA,2013,8,73.2491,72.6707,73.8232,1.1524
Thailand,THA,2014,8,74.6246,74.1955,75.0513,0.8558
Thailand,THA,2015,8,74.3153,73.8546,74.7733,0.9188
Thailand,THA,2016,8,75.1653,74.6988,75.6289,0.9301
Thailand,THA,2017,8,74.701,73.9173,75.4769,1.5596
Thailand,THA,2018,8,74.5779,73.7154,75.4308,1.7155
Thailand,THA,2019,8,74.0065,73.2407,74.7648,1.5242
Thailand,THA,2020,8,74.1944,73.2436,75.1337,1.8901
Thailand,THA,2021,8,74.4267,73.6665,75.1796,1.513
Thailand,THA,2022,8,73.4977,72.8726,74.1177,1.2451
Thailand,THA,2023,8,73.322,72.4643,74.1701,1.7058
Thailand,THA,2024,8,72.6425,72.0608,73.2197,1.159
Thailand,THA,2025,8,72.1051,71.5598,72.6464,1.0866
Timor-Leste,TLS,2009,7,46.6574,44.4019,48.8296,4.4277
Timor-Leste,TLS,2010,7,45.7733,43.6276,47.8428,4.2152
Timor-Leste,TLS,2011,8,48.8391,45.4253,52.0701,6.6447
Timor-Leste,TLS,2012,8,49.1807,45.8445,52.3429,6.4983
Timor-Leste,TLS,2013,8,53.4912,50.3853,56.4522,6.0669
Timor-Leste,TLS,2014,8,49.5473,46.2277,52.6951,6.4674
Timor-Leste,TLS,2015,8,52.7519,49.7119,55.6519,5.94
Timor-Leste,TLS,2016,8,55.4956,52.589,58.2774,5.6883
Timor-Leste,TLS,2017,8,53.283,50.5619,55.8919,5.33
Timor-Leste,TLS,2018,5,53.3527,51.5128,55.1406,3.6278
Timor-Leste,TLS,2019,5,53.0368,51.1385,54.8798,3.7413
Timor-Leste,TLS,2020,5,53.7995,51.974,55.5741,3.6001
Timor-Leste,TLS,2021,5,54.2463,52.4207,56.0213,3.6006
Timor-Leste,TLS,2022,5,54.2541,52.4243,56.0331,3.6088
Timor-Leste,TLS,2023,5,56.1722,54.3665,57.9292,3.5627
Timor-Leste,TLS,2024,6,55.7982,53.9505,57.5949,3.6444
Timor-Leste,TLS,2025,6,57.2641,55.3473,59.1267,3.7794
Togo,TGO,2009,7,50.213,46.0668,54.0964,8.0296
Togo,TGO,2010,7,49.4452,45.522,53.1303,7.6084
Togo,TGO,2011,7,51.7438,47.6447,55.5897,7.945
Togo,TGO,2012,7,55.395,51.3666,59.1873,7.8207
Togo,TGO,2013,7,52.0645,47.8525,56.0105,8.158
Togo,TGO,2014,7,48.9345,43.2577,54.123,10.8652
Togo,TGO,2015,7,50.0337,46.4036,53.4604,7.0568
Togo,TGO,2016,7,51.3037,47.0381,55.2946,8.2565
Togo,TGO,2017,7,55.6306,51.4544,59.5541,8.0997
Togo,TGO,2018,7,55.0184,51.1462,58.6713,7.5252
Togo,TGO,2019,7,53.9722,49.9575,57.749,7.7915
Togo,TGO,2020,7,52.2874,48.9912,55.4188,6.4276
Togo,TGO,2021,7,53.349,49.4663,57.0075,7.5412
Togo,TGO,2022,7,51.6998,46.5042,56.4949,9.9907
Togo,TGO,2023,7,53.6301,49.5753,57.4417,7.8664
Togo,TGO,2024,7,53.4697,48.6312,57.9651,9.3339
Togo,TGO,2025,7,52.6043,48.3081,56.6256,8.3175
Trinidad and Tobago,TTO,2009,8,69.5399,68.3331,70.7274,2.3943
Trinidad and Tobago,TTO,2010,8,69.1238,68.0616,70.1709,2.1093
Trinidad and Tobago,TTO,2011,8,67.2232,66.1574,68.2736,2.1161
Trinidad and Tobago,TTO,2012,8,65.5728,64.485,66.6444,2.1594
Trinidad and Tobago,TTO,2013,8,64.8895,63.2491,66.4928,3.2437
Trinidad and Tobago,TTO,2014,8,64.8605,63.6506,66.0501,2.3996
Trinidad and Tobago,TTO,2015,8,65.6947,64.6823,66.693,2.0107
Trinidad and Tobago,TTO,2016,8,64.5727,63.4347,65.6929,2.2582
Trinidad and Tobago,TTO,2017,8,64.1573,62.7395,65.5472,2.8077
Trinidad and Tobago,TTO,2018,8,64.0421,62.5647,65.4892,2.9244
Trinidad and Tobago,TTO,2019,8,64.7866,63.6022,65.9517,2.3495
Trinidad and Tobago,TTO,2020,8,62.7081,61.5703,63.8276,2.2573
Trinidad and Tobago,TTO,2021,8,63.2107,61.9169,64.4811,2.5642
Trinidad and Tobago,TTO,2022,8,61.794,60.6056,62.9623,2.3567
Trinidad and Tobago,TTO,2023,8,59.3841,57.8924,60.8435,2.9511
Trinidad and Tobago,TTO,2024,8,60.4945,59.0815,61.8789,2.7974
Trinidad and Tobago,TTO,2025,8,59.7915,58.3169,61.2346,2.9176
Tunisia,TUN,2009,8,66.7223,65.4681,67.9552,2.4871
Tunisia,TUN,2010,8,66.0882,65.0765,67.0858,2.0093
Tunisia,TUN,2011,8,67.1902,66.2466,68.1216,1.875
Tunisia,TUN,2012,8,64.7422,63.8823,65.5918,1.7095
Tunisia,TUN,2013,8,65.1744,63.9592,66.3694,2.4102
Tunisia,TUN,2014,8,60.0521,59.0262,61.0626,2.0364
Tunisia,TUN,2015,8,58.4072,57.4276,59.3727,1.9451
Tunisia,TUN,2016,8,55.4596,54.157,56.7367,2.5797
Tunisia,TUN,2017,8,55.9967,54.5297,57.4314,2.9018
Tunisia,TUN,2018,8,57.855,56.1128,59.5526,3.4398
Tunisia,TUN,2019,8,59.0536,57.4262,60.6426,3.2164
Tunisia,TUN,2020,8,57.3475,55.5408,59.1061,3.5653
Tunisia,TUN,2021,8,59.0242,57.1763,60.8226,3.6464
Tunisia,TUN,2022,8,57.6858,56.1049,59.2299,3.125
Tunisia,TUN,2023,8,52.6356,50.7564,54.4603,3.7039
Tunisia,TUN,2024,8,54.4227,53.1096,55.7094,2.5997
Tunisia,TUN,2025,8,56.1456,55.005,57.2667,2.2617
Turkey,TUR,2009,8,67.3746,66.1212,68.6067,2.4856
Turkey,TUR,2010,8,65.9895,64.8188,67.1414,2.3226
Turkey,TUR,2011,8,65.9027,64.8182,66.971,2.1528
Turkey,TUR,2012,8,65.203,64.0895,66.2994,2.2098
Turkey,TUR,2013,8,67.9763,66.9604,68.9783,2.018
Turkey,TUR,2014,8,67.9576,66.8681,69.0311,2.163
Turkey,TUR,2015,8,68.0975,66.9997,69.1792,2.1795
Turkey,TUR,2016,8,66.5589,65.9686,67.1443,1.1757
Turkey,TUR,2017,8,64.5041,63.6286,65.369,1.7404
Turkey,TUR,2018,7,64.5192,63.4673,65.5557,2.0884
Turkey,TUR,2019,8,63.3189,62.3403,64.284,1.9438
Turkey,TUR,2020,8,61.5606,60.5789,62.5285,1.9496
Turkey,TUR,2021,8,63.4206,62.06,64.7553,2.6954
Turkey,TUR,2022,8,63.0483,62.1957,63.8906,1.6948
Turkey,TUR,2023,8,58.2382,56.8039,59.6423,2.8384
Turkey,TUR,2024,8,58.8031,57.895,59.6991,1.8042
Turkey,TUR,2025,8,59.0207,58.0301,59.9969,1.9667
Turkmenistan,TKM,2009,5,46.8377,40.9844,52.162,11.1777
Uganda,UGA,2009,8,58.8867,57.4329,60.3097,2.8768
Uganda,UGA,2010,8,57.234,55.5368,58.8887,3.3518
Uganda,UGA,2011,8,57.2623,55.6567,58.8299,3.1732
Uganda,UGA,2012,8,58.1098,56.745,59.4473,2.7023
Uganda,UGA,2013,8,58.1188,56.6452,59.5606,2.9154
Uganda,UGA,2014,8,57.009,55.913,58.0872,2.1742
Uganda,UGA,2015,8,56.0393,54.9346,57.1256,2.191
Uganda,UGA,2016,8,56.2147,54.8367,57.5642,2.7275
Uganda,UGA,2017,8,55.6289,54.163,57.0623,2.8993
Uganda,UGA,2018,8,53.9547,52.3753,55.496,3.1207
Uganda,UGA,2019,8,54.3799,52.8186,55.904,3.0853
Uganda,UGA,2020,8,53.6835,52.2521,55.0835,2.8315
Uganda,UGA,2021,8,52.0539,50.6704,53.4076,2.7372
Uganda,UGA,2022,5,50.8423,49.8161,51.8517,2.0356
Uganda,UGA,2023,5,50.0648,48.4961,51.5942,3.0982
Uganda,UGA,2024,6,49.8638,47.6977,51.9556,4.2579
Uganda,UGA,2025,6,51.2696,49.2602,53.2159,3.9556
Ukraine,UKR,2009,8,59.1728,57.6955,60.6183,2.9229
Ukraine,UKR,2010,8,56.3632,54.9963,57.702,2.7057
Ukraine,UKR,2011,8,56.2251,54.9093,57.515,2.6057
Ukraine,UKR,2012,8,54.6778,53.3248,56.0029,2.6781
Ukraine,UKR,2013,8,55.6845,54.3473,56.9946,2.6473
Ukraine,UKR,2014,8,55.9967,54.8856,57.0891,2.2034
Ukraine,UKR,2015,8,57.209,56.3592,58.0479,1.6887
Ukraine,UKR,2016,8,58.1993,57.1252,59.2564,2.1313
Ukraine,UKR,2017,8,54.628,53.2763,55.9519,2.6756
Ukraine,UKR,2018,8,56.0952,54.2585,57.8817,3.6232
Ukraine,UKR,2019,8,56.0059,54.3436,57.6268,3.2832
Ukraine,UKR,2020,8,58.1726,56.7091,59.6047,2.8956
Ukraine,UKR,2021,8,57.7284,56.1982,59.2241,3.0259
Ukraine,UKR,2022,8,58.1455,57.1194,59.1559,2.0365
Ukraine,UKR,2023,8,59.0301,57.4704,60.5545,3.0841
Ukraine,UKR,2024,8,62.7574,61.4041,64.0849,2.6808
Ukraine,UKR,2025,8,62.3768,61.0452,63.6833,2.6381
United Arab Emirates,ARE,2009,8,80.0613,79.1795,80.9336,1.7541
United Arab Emirates,ARE,2010,8,79.9637,79.172,80.7478,1.5758
United Arab Emirates,ARE,2011,8,79.1865,78.3795,79.9855,1.606
United Arab Emirates,ARE,2012,8,79.9328,79.1239,80.7337,1.6098
United Arab Emirates,ARE,2013,8,81.816,81.0636,82.5616,1.498
United Arab Emirates,ARE,2014,8,82.5732,81.8531,83.2871,1.434
United Arab Emirates,ARE,2015,8,81.662,81.047,82.2724,1.2254
United Arab Emirates,ARE,2016,8,82.8781,81.7581,83.9832,2.2251
United Arab Emirates,ARE,2017,8,82.8211,82.1867,83.4507,1.264
United Arab Emirates,ARE,2018,8,84.4041,83.5238,85.2754,1.7515
United Arab Emirates,ARE,2019,8,85.1886,84.4552,85.9157,1.4605
United Arab Emirates,ARE,2020,8,85.8531,84.9979,86.6997,1.7018
United Arab Emirates,ARE,2021,8,86.2326,85.4455,87.0125,1.567
United Arab Emirates,ARE,2022,8,85.9949,85.1808,86.8013,1.6205
United Arab Emirates,ARE,2023,8,85.1262,84.172,86.0698,1.8978
United Arab Emirates,ARE,2024,8,86.6737,85.822,87.517,1.695
United Arab Emirates,ARE,2025,8,85.3384,84.4345,86.2328,1.7982
United Kingdom,GBR,2009,8,95.2807,94.4554,96.0985,1.6431
United Kingdom,GBR,2010,8,94.3184,93.5484,95.0818,1.5334
United Kingdom,GBR,2011,8,93.6031,92.8361,94.3636,1.5275
United Kingdom,GBR,2012,8,93.489,92.6847,94.2861,1.6013
United Kingdom,GBR,2013,8,93.5453,92.7396,94.3438,1.6041
United Kingdom,GBR,2014,8,94.0801,93.278,94.8752,1.5972
United Kingdom,GBR,2015,8,93.7978,92.9518,94.6359,1.6841
United Kingdom,GBR,2016,8,93.1555,92.2056,94.0955,1.8899
United Kingdom,GBR,2017,8,92.7542,91.8572,93.6424,1.7851
United Kingdom,GBR,2018,8,93.3818,92.4384,94.3154,1.877
United Kingdom,GBR,2019,8,92.832,91.8888,93.7654,1.8766
United Kingdom,GBR,2020,8,92.0958,91.1274,93.0538,1.9264
United Kingdom,GBR,2021,8,89.9422,88.8584,91.0129,2.1545
United Kingdom,GBR,2022,8,89.3637,88.3586,90.3573,1.9986
United Kingdom,GBR,2023,8,89.9925,89.0294,90.9451,1.9157
United Kingdom,GBR,2024,8,90.145,89.2619,91.0193,1.7574
United Kingdom,GBR,2025,8,90.0653,89.2249,90.8977,1.6728
United States of America,USA,2009,8,95.5039,94.2038,96.7857,2.5819
United States of America,USA,2010,8,93.6627,92.5216,94.7896,2.2679
United States of America,USA,2011,8,92.1289,91.0575,93.1875,2.1301
United States of America,USA,2012,8,91.0773,89.7932,92.343,2.5498
United States of America,USA,2013,8,92.0226,90.8119,93.2171,2.4052
United States of America,USA,2014,8,93.4396,92.2372,94.6262,2.389
United States of America,USA,2015,8,92.7708,91.505,94.019,2.514
United States of America,USA,2016,8,92.7266,91.4831,93.9531,2.47
United States of America,USA,2017,8,93.7138,92.5582,94.8548,2.2966
United States of America,USA,2018,8,95.2722,94.2016,96.3303,2.1287
United States of America,USA,2019,8,96.0404,95.0631,97.0075,1.9444
United States of America,USA,2020,8,96.0348,94.9699,97.0876,2.1177
United States of America,USA,2021,8,95.5516,94.5457,96.5466,2.0009
United States of America,USA,2022,8,97.013,96.0317,97.9841,1.9524
United States of America,USA,2023,8,97.1124,95.8664,98.3419,2.4755
United States of America,USA,2024,8,96.4795,95.4438,97.5037,2.0599
United States of America,USA,2025,8,95.0008,94.0097,95.9813,1.9717
Uruguay,URY,2009,8,64.8397,63.484,66.1701,2.6861
Uruguay,URY,2010,8,63.997,62.9344,65.0438,2.1094
Uruguay,URY,2011,8,65.5388,64.6759,66.3915,1.7157
Uruguay,URY,2012,8,66.1527,65.3301,66.966,1.6359
Uruguay,URY,2013,8,65.7915,65.0299,66.545,1.5151
Uruguay,URY,2014,8,65.8311,65.1854,66.471,1.2857
Uruguay,URY,2015,8,66.4878,65.8121,67.1572,1.3451
Uruguay,URY,2016,8,66.3984,65.6555,67.1336,1.4781
Uruguay,URY,2017,8,69.6026,68.7082,70.4863,1.7781
Uruguay,URY,2018,8,66.0388,65.013,67.0502,2.0372
Uruguay,URY,2019,8,66.6679,65.8145,67.5114,1.6968
Uruguay,URY,2020,8,67.76,66.9645,68.547,1.5826
Uruguay,URY,2021,8,70.2644,69.4772,71.0434,1.5662
Uruguay,URY,2022,8,71.8045,71.1713,72.4324,1.2611
Uruguay,URY,2023,8,71.9395,70.9497,72.9166,1.9669
Uruguay,URY,2024,8,72.6773,72.1015,73.2488,1.1473
Uruguay,URY,2025,8,72.6613,72.0556,73.2623,1.2067
Uzbekistan,UZB,2009,8,59.1903,56.4466,61.8265,5.3799
Uzbekistan,UZB,2010,8,56.3153,53.4784,59.0342,5.5557
Uzbekistan,UZB,2011,8,54.4414,51.7076,57.0635,5.3559
Uzbekistan,UZB,2012,8,53.5888,50.8578,56.2073,5.3495
Uzbekistan,UZB,2013,8,55.3745,52.4193,58.2006,5.7813
Uzbekistan,UZB,2014,8,54.5302,51.5092,57.4153,5.9061
Uzbekistan,UZB,2015,8,57.4782,54.9538,59.9098,4.9559
Uzbekistan,UZB,2016,8,57.6072,54.7412,60.3542,5.613
Uzbekistan,UZB,2017,7,57.919,55.1439,60.5828,5.4389
Uzbekistan,UZB,2018,6,58.0275,55.6699,60.3044,4.6345
Uzbekistan,UZB,2019,6,60.4007,58.2168,62.5167,4.2999
Uzbekistan,UZB,2020,6,62.8789,61.0625,64.6493,3.5868
Uzbekistan,UZB,2021,6,64.4935,62.6971,66.2455,3.5484
Uzbekistan,UZB,2022,8,66.0195,64.6774,67.3369,2.6595
Uzbekistan,UZB,2023,8,62.443,60.3314,64.4923,4.1609
Uzbekistan,UZB,2024,8,58.4385,56.5188,60.3046,3.7858
Uzbekistan,UZB,2025,8,58.2293,56.4511,59.9612,3.5101
Venezuela,VEN,2009,8,32.1252,28.8532,35.1931,6.3399
Venezuela,VEN,2010,8,29.5066,26.4987,32.3353,5.8366
Venezuela,VEN,2011,8,30.6096,27.8768,33.1959,5.3191
Venezuela,VEN,2012,8,29.1926,26.3379,31.8847,5.5468
Venezuela,VEN,2013,8,27.5067,24.0008,30.765,6.7642
Venezuela,VEN,2014,8,25.5447,22.3512,28.5258,6.1747
Venezuela,VEN,2015,8,22.374,18.7941,25.6768,6.8828
Venezuela,VEN,2016,8,22.4838,19.2263,25.5107,6.2843
Venezuela,VEN,2017,7,18.943,15.5802,22.0474,6.4672
Venezuela,VEN,2018,7,14.1137,9.5511,18.1767,8.6256
Venezuela,VEN,2019,7,6.8435,1.7277,11.2578,9.5302
Venezuela,VEN,2020,7,11.7317,4.8906,17.4627,12.5721
Venezuela,VEN,2021,6,15.3627,6.8426,22.3084,15.4658
Venezuela,VEN,2022,6,2.4482,0,10.4626,10.4626
Venezuela,VEN,2023,6,0,0,8.459,8.459
Venezuela,VEN,2024,6,6.0036,0,13.0165,13.0165
Venezuela,VEN,2025,6,8.9284,0.7067,15.5214,14.8147
Vietnam,VNM,2009,8,64.1239,63.1277,65.1062,1.9785
Vietnam,VNM,2010,8,63.6111,62.9799,64.2368,1.2569
Vietnam,VNM,2011,8,61.59,60.9556,62.2186,1.263
Vietnam,VNM,2012,8,60.1615,59.5377,60.7798,1.2421
Vietnam,VNM,2013,8,59.7465,59.1321,60.3553,1.2232
Vietnam,VNM,2014,8,60.1116,59.6056,60.6138,1.0083
Vietnam,VNM,2015,8,60.7031,60.1523,61.2496,1.0973
Vietnam,VNM,2016,8,60.43,59.5764,61.273,1.6965
Vietnam,VNM,2017,8,60.3252,59.3256,61.3103,1.9846
Vietnam,VNM,2018,8,60.8114,59.7378,61.8684,2.1305
Vietnam,VNM,2019,8,60.3418,59.1536,61.5097,2.3562
Vietnam,VNM,2020,8,62.5,61.4322,63.5515,2.1193
Vietnam,VNM,2021,8,68.7416,67.5534,69.9109,2.3575
Vietnam,VNM,2022,8,69.6345,68.6439,70.612,1.9682
Vietnam,VNM,2023,8,70.8578,69.7278,71.971,2.2432
Vietnam,VNM,2024,8,73.1474,72.2579,74.0266,1.7687
Vietnam,VNM,2025,8,72.9491,72.0689,73.8193,1.7504
Yemen,YEM,2009,8,39.4661,35.4274,43.2241,7.7968
Yemen,YEM,2010,8,37.7135,33.774,41.3799,7.6059
Yemen,YEM,2011,8,37.7967,33.9598,41.3744,7.4146
Yemen,YEM,2012,8,30.1947,27.7498,32.521,4.7712
Yemen,YEM,2013,8,31.5291,29.1197,33.8253,4.7056
Yemen,YEM,2014,8,32.4884,30.3407,34.5467,4.206
Yemen,YEM,2015,8,31.5136,29.368,33.569,4.201
Yemen,YEM,2016,7,31.4936,29.6511,33.2691,3.6181
Yemen,YEM,2017,7,28.2714,24.393,31.8518,7.4587
Yemen,YEM,2018,7,32.6019,30.0092,35.0658,5.0566
Yemen,YEM,2019,7,33.3018,30.9335,35.563,4.6295
Yemen,YEM,2020,7,35.323,32.5635,37.9418,5.3783
Yemen,YEM,2021,6,35.8075,33.0702,38.4071,5.3369
Yemen,YEM,2022,6,36.1398,33.6221,38.5411,4.919
Yemen,YEM,2023,7,35.2328,31.9775,38.2938,6.3163
Yemen,YEM,2024,7,31.0434,27.6687,34.1984,6.5298
Yemen,YEM,2025,7,28.802,25.3372,32.0287,6.6915
Zambia,ZMB,2009,8,61.0119,59.4708,62.5191,3.0483
Zambia,ZMB,2010,8,59.5392,58.4045,60.6551,2.2507
Zambia,ZMB,2011,8,58.917,57.8265,59.99,2.1635
Zambia,ZMB,2012,8,60.0136,58.9801,61.0316,2.0516
Zambia,ZMB,2013,8,60.6841,59.6799,61.6738,1.9939
Zambia,ZMB,2014,8,62.3469,61.3936,63.2874,1.8938
Zambia,ZMB,2015,8,62.4088,61.5122,63.2939,1.7817
Zambia,ZMB,2016,8,62.4013,61.4334,63.356,1.9226
Zambia,ZMB,2017,8,59.9786,58.9583,60.9839,2.0256
Zambia,ZMB,2018,8,54.3213,53.0643,55.5542,2.4899
Zambia,ZMB,2019,8,53.9854,52.7992,55.1501,2.3509
Zambia,ZMB,2020,8,51.9487,50.6476,53.2232,2.5757
Zambia,ZMB,2021,8,52.7399,51.1075,54.3311,3.2236
Zambia,ZMB,2022,8,54.3902,53.253,55.5075,2.2545
Zambia,ZMB,2023,8,54.11,52.6091,55.5764,2.9673
Zambia,ZMB,2024,8,54.3026,52.96,55.6176,2.6576
Zambia,ZMB,2025,8,60.1923,59.0497,61.3159,2.2662
Zimbabwe,ZWE,2009,8,30.6178,27.7447,33.3293,5.5847
Zimbabwe,ZWE,2010,8,30.8192,28.3841,33.1376,4.7535
Zimbabwe,ZWE,2011,8,38.0762,36.2766,39.817,3.5404
Zimbabwe,ZWE,2012,8,38.591,36.7564,40.3648,3.6084
Zimbabwe,ZWE,2013,8,37.5629,35.6219,39.4352,3.8132
Zimbabwe,ZWE,2014,8,40.5783,38.7118,42.3834,3.6715
Zimbabwe,ZWE,2015,8,38.5397,36.5615,40.4474,3.8859
Zimbabwe,ZWE,2016,8,37.4829,35.5551,39.3429,3.7878
Zimbabwe,ZWE,2017,8,38.3322,35.648,40.8879,5.2399
Zimbabwe,ZWE,2018,8,40.2393,37.6022,42.7551,5.1529
Zimbabwe,ZWE,2019,8,38.4611,35.8458,40.9544,5.1086
Zimbabwe,ZWE,2020,8,42.5399,39.8359,45.1197,5.2838
Zimbabwe,ZWE,2021,8,41.2701,38.4427,43.96,5.5173
Zimbabwe,ZWE,2022,8,42.3206,39.2946,45.1916,5.897
Zimbabwe,ZWE,2023,8,49.6781,47.1121,52.1404,5.0283
Zimbabwe,ZWE,2024,8,49.2814,47.0002,51.48,4.4797
Zimbabwe,ZWE,2025,8,49.1523,46.8616,51.3596,4.498
