country,iso,year,n_obs_vars,market_supporting_policy_scaled,index_lower_scaled,index_upper_scaled
Luxembourg,LUX,2025,15,93.5110357289283,90.9494771614311,93.8253606421337
Singapore,SGP,2025,17,93.3517795332074,92.7774737861087,94.0050528599331
United Arab Emirates,ARE,2025,17,93.1577191971774,92.5781430943161,93.7843056233105
United States of America,USA,2025,16,92.0154450060386,90.6006730967658,92.8403210061516
Switzerland,CHE,2025,16,91.6367778675028,89.9199449550292,92.2635996213908
Hong Kong,HKG,2025,16,91.6223527106549,90.9771855699225,92.3582012861924
Qatar,QAT,2025,17,90.6067702434284,90.0530759120249,91.2852822493276
Finland,FIN,2025,16,89.0757198910745,88.1174327057232,89.6279252948883
Oman,OMN,2025,17,87.784436847242,87.2070317740187,88.5009713607961
Saudi Arabia,SAU,2025,17,86.9988149270696,86.4188133656829,87.6467957093005
Canada,CAN,2025,16,86.841034872944,85.2306780280018,87.3401531346159
Bahrain,BHR,2025,17,86.4847152073462,85.9637850951046,87.177906530199
Sweden,SWE,2025,15,85.9839248279097,83.9707374701718,86.221503075919
Norway,NOR,2025,13,85.6426631524578,84.1341018302838,88.9240021633001
United Kingdom,GBR,2025,17,85.4159757902311,84.8323797240507,85.9772940168197
Taiwan,TWN,2025,15,85.4027485581519,85.0597714615967,87.1573144120724
Netherlands,NLD,2025,16,85.0921515060092,84.5124437297344,86.1021570148669
New Zealand,NZL,2025,17,84.9355398911638,84.2920590550333,85.5155351019944
Denmark,DNK,2025,15,84.0947327726886,83.4972794409455,85.7036957601669
Iceland,ISL,2025,17,83.3194054482941,82.6773724417808,83.9653382470301
Australia,AUS,2025,17,83.1485790216247,82.443564273329,83.6978544478125
Japan,JPN,2025,17,82.5675739411473,81.9257663061391,83.1378634335079
Ireland,IRL,2025,16,82.1984963519617,81.5488021190417,83.0985299103158
Belgium,BEL,2025,15,81.9679143392598,81.5662767135203,84.4260239326561
Malaysia,MYS,2025,17,81.4526588177068,80.9205178931153,82.0554482857039
Germany,DEU,2025,16,81.4012778215584,79.6340655532342,81.794572600959
Rwanda,RWA,2025,15,81.2472103051601,78.7948016511261,82.2478717647467
Israel,ISR,2025,16,81.2083113278313,80.64630820306,83.8821640191072
Georgia,GEO,2025,17,81.0675603010672,80.5063626139736,81.7143217521768
France,FRA,2025,16,80.6943046061568,79.2224656725456,81.3746356757892
Estonia,EST,2025,15,80.658203009268,78.699465801396,82.1884509333077
Austria,AUT,2025,15,79.5335716806071,77.8436557571437,80.8122484418647
China,CHN,2025,16,78.1170093199508,76.4250327212851,78.6817377951438
Indonesia,IDN,2025,17,77.7214433245798,77.1158474266772,78.3588807943213
South Korea,KOR,2025,16,76.3285606669345,73.7634974452474,76.4607151553355
Mauritius,MUS,2025,17,75.8957157453524,75.2678843743164,76.4156709764138
Uruguay,URY,2025,16,75.3964050060693,73.4755411963258,76.589853423575
Lithuania,LTU,2025,16,74.5931982506485,73.2940426396265,75.7843847171886
Jordan,JOR,2025,17,73.9621442411004,73.2296871511399,74.5540620263081
Brunei,BRN,2025,6,73.8019653586063,64.1493301122116,78.4768862286339
Botswana,BWA,2025,16,73.5208944257636,71.8946402289094,74.5859950340027
Vietnam,VNM,2025,16,71.696333497851,68.7743180568052,71.8258099579151
Côte d'Ivoire,CIV,2025,16,71.5616700542217,70.5316550478729,73.2430551115295
Albania,ALB,2025,15,71.3642445617825,66.9190422180868,72.6352717278321
Italy,ITA,2025,16,71.3370267169574,69.914031553895,72.1526333278722
Lebanon,LBN,2025,8,71.0725687845542,57.4998145686053,74.1747017106889
Malta,MLT,2025,16,70.7355397873479,69.4759100987308,71.6065461095687
Zambia,ZMB,2025,15,70.6747496668066,65.3788416645758,71.180073137088
Namibia,NAM,2025,15,70.2985998993693,67.9138714451675,72.5308411040357
Czech Republic,CZE,2025,15,68.2423337438905,67.4081645747359,70.4133483753743
Chile,CHL,2025,17,68.0038685478379,66.6081314849388,68.4899055114179
Senegal,SEN,2025,16,67.4856032652569,67.4760172105912,70.2377059925634
Jamaica,JAM,2025,16,67.3774316980141,65.4295324240723,68.7310743398646
Cabo Verde,CPV,2025,16,67.1241793802856,63.6991375856621,68.392015058295
Cyprus,CYP,2025,16,67.0861817502942,64.3662121610895,67.4982458692494
Fiji,FJI,2025,7,66.6858542141633,61.4470764330384,69.7838875579819
Laos,LAO,2025,16,66.417337020986,63.2572660538291,67.1334242818752
Spain,ESP,2025,16,66.3956963041116,64.8764364002801,67.0856856640692
Latvia,LVA,2025,16,65.5770625540596,63.8290477730737,65.9575212839325
Slovenia,SVN,2025,15,65.4994931335707,62.0034291431233,66.8304248029227
Costa Rica,CRI,2025,17,65.392949923925,64.6844825629935,65.9283064078445
Slovakia,SVK,2025,13,65.2878384017462,61.3222980297014,69.2533787737909
Portugal,PRT,2025,16,65.2105660573196,62.637460904663,65.4768076048768
Thailand,THA,2025,17,64.9764830223405,63.6781283237417,65.4492169839929
Panama,PAN,2025,17,64.9712375857924,60.6630345869275,65.2524986318971
Uzbekistan,UZB,2025,13,64.7675708294658,61.4030034273564,68.2888337284841
Philippines,PHL,2025,17,64.604897523092,61.5250535461793,64.9511427423625
Bhutan,BTN,2025,7,64.5750028826374,55.915687959269,67.0134380432984
Tanzania,TZA,2025,16,64.2853432788378,63.9750333942792,66.7717425656178
Hungary,HUN,2025,15,63.7747374017542,61.9171243271948,65.7770490837137
Iraq,IRQ,2025,12,63.6994657483531,55.5863147464254,63.971740399507
Ukraine,UKR,2025,17,63.6321325843821,59.7639940709943,64.0599330139896
Kuwait,KWT,2025,17,63.597897610345,62.8953498098488,64.1277800115684
Azerbaijan,AZE,2025,7,63.5928496671809,58.5531218423768,71.6972464543673
Armenia,ARM,2025,16,63.5719025747724,61.6733136913787,64.581749015593
Bulgaria,BGR,2025,16,63.5544652493017,61.2792457611117,64.3887890936788
Morocco,MAR,2025,17,63.5039023409324,62.8097131581628,64.0596987361074
Pakistan,PAK,2025,17,63.3748020020277,62.0419040401521,63.8791299826245
Colombia,COL,2025,17,63.2608750241088,60.5651728422519,63.7380223972544
Kenya,KEN,2025,17,63.0707197915454,62.4290483545879,63.6004939654671
Barbados,BRB,2025,14,63.0163682926702,60.4630352059957,66.5374299734546
Greece,GRC,2025,16,62.8516129572772,60.8948945298425,63.6267297434518
Ethiopia,ETH,2025,6,62.8213834461011,55.3389079776678,72.0509742256583
Sri Lanka,LKA,2025,17,62.7968112657389,59.6456829382353,63.120002008008
Dominican Republic,DOM,2025,16,62.4866098924627,59.1952108715928,63.0209344638788
Serbia,SRB,2025,16,61.1323844146208,59.7354040664106,62.8414205196677
Mexico,MEX,2025,17,61.0048171526114,57.0097935383369,61.2532751466951
Suriname,SUR,2025,8,60.6969114048537,53.2094169805422,64.8752569492267
Algeria,DZA,2025,16,60.2686576457705,59.5675217849851,62.5587720961606
Ghana,GHA,2025,15,59.9621748237152,56.9137239824501,60.5785788288071
Kazakhstan,KAZ,2025,16,59.879512428718,55.1090127793767,60.6061993620768
North Macedonia,MKD,2025,15,59.6196419321084,53.4096835726944,59.9091891062597
Poland,POL,2025,16,59.384000058111,57.7418478947207,60.9674808611485
Lesotho,LSO,2025,14,59.3490565358734,52.7778860400644,60.6353062712503
Myanmar,MMR,2025,8,59.2248084627863,49.2594239873131,61.4863766805388
Turkey,TUR,2025,17,59.1676432353618,56.3651607980075,59.5376704235329
Montenegro,MNE,2025,15,59.1410984507824,53.3021974855609,60.4385274406664
Papua New Guinea,PNG,2025,6,59.1106118752051,51.9768136632577,60.6574228760959
Trinidad and Tobago,TTO,2025,16,58.7792020351225,56.0968474289263,61.4304770968985
Seychelles,SYC,2025,7,58.5201783680097,47.7820867943469,62.2678109677622
Timor-Leste,TLS,2025,6,57.9159332910344,48.7722287467322,60.0835488705386
Gabon,GAB,2025,12,57.585973761324,51.8708060264663,59.7071874210575
Malawi,MWI,2025,14,57.0789021545484,51.9167818120069,58.1187726040337
Egypt,EGY,2025,16,57.0560090027989,54.9663793814707,58.2016283360366
Togo,TGO,2025,7,56.9582353062935,56.1110668440914,63.5789730670357
Cameroon,CMR,2025,17,56.4641696505623,53.6347019418041,56.9880740678023
Madagascar,MDG,2025,8,56.0229922234826,40.0577782595499,56.4985462844523
Moldova,MDA,2025,7,55.6633336685489,50.0926300025823,64.8601609549121
São Tomé and Príncipe,STP,2025,6,55.4871757074793,52.8868243605329,61.5116868268188
Zimbabwe,ZWE,2025,14,55.2172418131298,50.6438326205565,59.4938327781914
Romania,ROU,2025,16,55.1964500116468,52.7441646179405,56.0527113390833
Bangladesh,BGD,2025,17,55.1538711644951,52.4920314367778,55.6280927020295
Mongolia,MNG,2025,16,55.1065909489648,51.0351255097826,57.5673770693925
Republic of Congo,COG,2025,6,54.8928938091097,53.0535842739633,60.0411686513599
Kyrgyzstan,KGZ,2025,15,54.8562423818412,49.698124436703,55.9343725453329
Cambodia,KHM,2025,16,54.6115112968028,51.4023913256118,56.9892185750003
Belarus,BLR,2025,7,54.5163448695255,45.8786283918859,58.6033963113897
Peru,PER,2025,17,54.5057986991337,52.2555375299772,56.7560598682903
India,IND,2025,16,54.3557844411003,51.6287223451303,55.3810407344296
Russia,RUS,2025,8,53.7011221155504,47.6224166401807,63.5132496711045
Mali,MLI,2025,15,53.276305316728,50.8752776484167,56.6597635248692
South Africa,ZAF,2025,17,52.7780075460713,49.9808304146133,53.220453658324
Guinea-Bissau,GNB,2025,6,52.4649890812359,46.3380523986741,55.9398946701132
Niger,NER,2025,6,52.0662400876715,48.5713848354535,55.5610953398895
Tunisia,TUN,2025,17,51.4714256086247,50.7933930644118,52.0386195861038
Eswatini,SWZ,2025,6,51.2679770205992,42.2271641671677,58.0176809811818
Comoros,COM,2025,6,51.2010210978559,46.3679033627709,55.8115425893651
Nepal,NPL,2025,15,50.8831962201749,48.7874369577522,54.1485418190421
Benin,BEN,2025,15,50.6647576849067,47.7932628730748,51.5399903769434
Brazil,BRA,2025,17,49.7716079959886,48.0728033887619,51.4704126032153
Equatorial Guinea,GNQ,2025,7,49.356816042701,40.0529058010589,51.3450571659363
Croatia,HRV,2025,14,48.4983394446023,45.0620227382029,52.0384520357318
Guatemala,GTM,2025,17,48.2070481637578,44.280763601849,49.029712998483
Cuba,CUB,2025,8,48.1965335186676,42.7889874569977,56.0524008955888
Liberia,LBR,2025,14,48.0938369110039,47.5875666720269,54.7130712455223
Honduras,HND,2025,17,47.6074494051323,43.3022672650107,52.6662852936427
Iran,IRN,2025,14,47.5344266175556,43.2772580187258,56.2221079842671
Ecuador,ECU,2025,17,47.4278225948576,42.7262773128125,47.4944060007709
El Salvador,SLV,2025,16,47.0872802091656,42.5589510095979,49.7782220914829
Burkina Faso,BFA,2025,7,46.7148983062375,43.2262586646079,57.5305596163324
Somalia,SOM,2025,7,46.3808516252955,41.0359353542645,52.6699513737896
Paraguay,PRY,2025,17,46.2872499913513,44.6031968992769,47.1321992726973
Sierra Leone,SLE,2025,15,44.8956565511915,39.1609926942522,45.6096779186922
Nigeria,NGA,2025,16,43.7444911340718,40.4376019270453,45.6771564216044
Uganda,UGA,2025,7,43.1111040877586,40.337045457507,55.3889640857319
Chad,TCD,2025,15,43.0624366234064,37.3956396659838,48.1687844830221
Haiti,HTI,2025,6,42.9938585926577,33.4159572431794,56.2696027529948
Angola,AGO,2025,16,42.740052691339,39.001221806713,43.7992971324603
Syria,SYR,2025,6,42.4639521726047,40.4269559847142,51.8174535603571
Libya,LBY,2025,7,42.0093055267701,37.1365947427916,47.4476348177369
Mozambique,MOZ,2025,8,41.3936839669949,40.5589642404391,57.8127836203327
Mauritania,MRT,2025,6,40.9521891878971,29.3876735302784,47.7484199064199
Bosnia and Herzegovina,BIH,2025,15,37.0612356896109,30.4765203706697,41.3414766608679
Argentina,ARG,2025,16,36.3719708839718,31.8100968347643,37.6054272629159
Bolivia,BOL,2025,16,31.8975796005683,22.8173864559401,32.0445991795576
Yemen,YEM,2025,14,29.7567055943599,20.9397851005523,35.5889750255011
Democratic Republic of Congo,COD,2025,15,25.3940202583997,15.420704193786,26.6362694321304
Venezuela,VEN,2025,16,14.2948464478365,2.75206917206212,18.7602272350472
Singapore,SGP,2024,17,93.3969677248693,92.8195167314781,94.041983955256
Luxembourg,LUX,2024,15,93.1498796837946,90.8788615529098,93.9071188467737
United Arab Emirates,ARE,2024,17,92.7248175373216,92.137889815139,93.3663750795539
Hong Kong,HKG,2024,15,91.7741605937378,90.1597377346544,92.2576706470941
Switzerland,CHE,2024,16,91.6740990240935,89.7200041006698,92.1809150003497
United States of America,USA,2024,16,91.151500401068,90.2520278317447,92.4292189894797
Qatar,QAT,2024,17,90.1193695369508,89.5614237559336,90.7424050809176
Finland,FIN,2024,16,88.8723812503308,88.6098610469304,90.1155885017508
Canada,CAN,2024,16,87.6395971318779,85.9279195187568,88.2186280619764
Oman,OMN,2024,17,86.8603462238423,86.3355775508326,87.5698002755803
Saudi Arabia,SAU,2024,17,86.398609166415,85.8726892497133,87.1194110032835
Netherlands,NLD,2024,16,86.2106180331542,85.5660151068529,87.1084550499166
Bahrain,BHR,2024,17,85.7250007239034,85.1209609581639,86.3467517966068
Sweden,SWE,2024,15,85.6009694946741,83.7598073481502,86.5328205782045
Taiwan,TWN,2024,15,85.3484776327859,84.3578272006495,86.6044596754683
New Zealand,NZL,2024,17,85.315105445705,84.7276568024776,85.8885420686296
United Kingdom,GBR,2024,17,85.2346531721574,84.6365844947997,85.8663505944475
Denmark,DNK,2024,15,85.1795701197822,83.7923833130055,85.9567944909589
Belgium,BEL,2024,15,84.2648900788774,82.7726825231404,85.7570976346144
Iceland,ISL,2024,17,83.6376817119951,82.9896035092725,84.2882782146176
Australia,AUS,2024,17,83.3966756770413,82.7642220372643,84.0546531616074
Germany,DEU,2024,16,82.7558202569765,80.9608744719056,83.0026730608341
Japan,JPN,2024,17,82.6485556876476,82.060213886486,83.21316900659
Ireland,IRL,2024,16,82.1646110535386,81.4831110891416,82.9591049607762
Malaysia,MYS,2024,17,81.8564873799465,81.2501166503111,82.4811577685947
Estonia,EST,2024,15,81.5140070256426,80.571378955353,83.4860573454651
Georgia,GEO,2024,17,80.738691505867,80.1840333992774,81.3868410441657
France,FRA,2024,16,80.2684389003589,78.4769787689752,81.0097168213462
Austria,AUT,2024,15,79.4361412000943,78.6348426868003,81.565787206246
Rwanda,RWA,2024,15,79.1009952830438,76.9142784938215,80.7556069218916
Israel,ISR,2024,16,78.188192205773,77.3311121253982,80.8667318367489
Indonesia,IDN,2024,17,77.050638164179,76.4332025197155,77.72025125561
Mauritius,MUS,2024,17,76.0728954922623,75.4380490119465,76.6253674273366
China,CHN,2024,16,76.0340793179766,75.0429300486527,77.6486166645203
Lithuania,LTU,2024,16,74.8370237987099,73.4125206788403,75.3837644157119
South Korea,KOR,2024,16,74.7807375942689,72.2340790713118,75.0027059373604
Uruguay,URY,2024,16,74.1242116141787,73.2147970324488,76.1334606727273
Brunei,BRN,2024,6,73.8019653586063,64.1493301122116,78.4768862286339
Botswana,BWA,2024,16,73.7848562891015,72.3979918821004,74.9643616496567
Jordan,JOR,2024,17,73.2031083853977,72.5166436662049,73.79693250521
Malta,MLT,2024,16,71.5746225890693,69.8291780861644,72.2586788990673
Italy,ITA,2024,16,71.1883867211989,70.5707506559321,72.5390308453051
Côte d'Ivoire,CIV,2024,16,71.0185366516619,69.3785809289239,71.8557819845183
Azerbaijan,AZE,2024,7,69.118215645055,57.3204666678452,71.1270137609033
Czech Republic,CZE,2024,15,69.118215645055,67.6782547220715,71.0736235671179
Vietnam,VNM,2024,16,68.8031075702692,67.099036272255,70.2264105680746
Chile,CHL,2024,17,68.7046345693993,68.0097455772194,69.3000822329905
Senegal,SEN,2024,16,67.9210857118333,66.2333694950667,69.122337572356
Cyprus,CYP,2024,16,67.4296640577305,64.6765575272341,67.8871481493556
Spain,ESP,2024,16,67.1547517658875,65.3889705531446,67.734427169463
Jamaica,JAM,2024,16,66.8171634842978,64.434212067537,67.8292281791246
Slovakia,SVK,2024,13,66.4611254823601,58.3575134085253,66.8370340383358
Albania,ALB,2024,15,66.2477948410096,63.6618689384222,68.9802117599108
Hungary,HUN,2024,15,65.9620237657114,63.4360367624141,66.8151861808758
Barbados,BRB,2024,14,65.9322370557584,61.8310161861931,67.6180026689665
Latvia,LVA,2024,16,65.7308771177432,63.8994045976792,65.9054597717879
Uzbekistan,UZB,2024,13,65.6634014708197,63.2085198030996,69.212188572081
Pakistan,PAK,2024,17,65.4678030569745,64.5605573445428,66.042914688065
Portugal,PRT,2024,16,65.2873804120979,62.7363594726352,65.6320839251843
Bhutan,BTN,2024,7,64.9837274106626,56.4839697682693,68.6683362930402
Tanzania,TZA,2024,16,64.8770023894642,63.0298279544433,65.5941377095373
Thailand,THA,2024,17,64.8762244187506,64.0614661568811,65.3135144548101
Fiji,FJI,2024,7,64.7472561372021,60.9916111636593,69.5054345044961
Slovenia,SVN,2024,15,64.7472561372021,63.3651886258665,68.2689577954713
Panama,PAN,2024,17,64.7347177884754,61.9603554404856,65.1452030772945
Togo,TGO,2024,7,64.2246168438328,56.5148444334627,64.4125653220106
Bulgaria,BGR,2024,16,64.114656887422,60.78515025574,64.3467271054561
Costa Rica,CRI,2024,17,64.114656887422,63.4411759548853,64.5823073324729
Sri Lanka,LKA,2024,17,64.114656887422,61.9854777751159,64.8168752670344
Kuwait,KWT,2024,17,64.1074343574187,63.3887188707262,64.6147763889719
Iraq,IRQ,2024,6,63.6994657483531,55.5863147464254,63.971740399507
Namibia,NAM,2024,15,63.688512502554,63.3454986654314,70.7437734781525
Laos,LAO,2024,16,63.4558412490294,61.6339462175764,65.1361817772463
Colombia,COL,2024,17,63.3301724026214,62.2255714860355,63.8131508453125
Serbia,SRB,2024,16,63.1225973470668,60.428376450059,63.4633766199567
Kenya,KEN,2024,17,63.1177325951707,62.4772789514665,63.6360392094975
Cabo Verde,CPV,2024,16,62.8533139083259,62.0923768822953,67.0062596947934
Armenia,ARM,2024,16,62.8400092045526,61.2277242716972,64.1684816629889
Ukraine,UKR,2024,17,62.8400092045526,59.0291322251143,63.1036073644329
Ethiopia,ETH,2024,6,62.8213834461011,55.3389079776678,72.0509742256583
Greece,GRC,2024,16,62.5693587781649,61.107611526839,63.8465460231163
Morocco,MAR,2024,17,62.0456148808454,61.5113221275552,62.5855771888111
Dominican Republic,DOM,2024,16,61.6860950855295,57.3476753926611,61.8898790127806
Zambia,ZMB,2024,15,61.208520013741,59.4580971028904,65.4703956266597
Russia,RUS,2024,8,61.1082805576172,46.2319430749266,65.0895271512739
Lebanon,LBN,2024,8,60.6466038044096,59.3329582416235,73.5187979845268
Ghana,GHA,2024,15,59.7233024994957,57.0175760228418,60.8191560968093
Poland,POL,2024,16,59.4156290017539,56.3532133714481,59.9190072564992
Turkey,TUR,2024,17,59.0157841416297,57.9126792585079,59.492505667732
Algeria,DZA,2024,16,58.7639815520312,57.1244041471456,60.0330655850586
Trinidad and Tobago,TTO,2024,16,58.7639815520312,56.4623756328203,61.9350492530805
Kazakhstan,KAZ,2024,16,58.7389863115393,55.9480213657431,60.5941249026415
Niger,NER,2024,6,58.7070494218433,53.1480846114975,59.1213804517117
Philippines,PHL,2024,17,58.537142659331,58.4702401166128,61.6886651260168
Timor-Leste,TLS,2024,6,57.9159332910344,48.7722287467322,60.0835488705386
Gabon,GAB,2024,6,57.585973761324,51.8708060264663,59.7071874210575
Cameroon,CMR,2024,17,57.4286870978772,54.9110471879789,57.9119897544602
Egypt,EGY,2024,16,57.4286870978772,55.2136022093332,58.4186042405404
Mexico,MEX,2024,17,57.4286870978772,56.3539473224964,60.5731387672657
Zimbabwe,ZWE,2024,14,57.4286870978772,48.9545480502968,59.0698201718929
North Macedonia,MKD,2024,15,56.6579557114102,52.6163503903597,58.1418047910402
Montenegro,MNE,2024,15,56.6547276976686,53.9205074645609,60.440997423364
Papua New Guinea,PNG,2024,6,56.437488560217,52.4239541517606,60.5114105478927
Myanmar,MMR,2024,8,55.8667186369801,50.2481371462051,61.8137384280152
São Tomé and Príncipe,STP,2024,6,55.4871757074793,52.8868243605329,61.5116868268188
Romania,ROU,2024,16,55.4722688550759,52.9239140579324,56.1214900924383
Cambodia,KHM,2024,16,55.1856452035025,51.6279925164299,56.8704254061175
Suriname,SUR,2024,8,54.9554254344868,54.4484697883084,65.2335518069564
Lesotho,LSO,2024,14,54.8928938091097,52.3858533522574,59.5442498029097
Republic of Congo,COG,2024,6,54.8928938091097,53.0535842739633,60.0411686513599
Seychelles,SYC,2024,7,54.5934887458388,47.8561421390274,61.8863719931021
Iran,IRN,2024,14,54.2397208201665,45.1673342352804,57.4246710166669
Mongolia,MNG,2024,16,54.2397208201665,50.4598087760553,56.813778039033
South Africa,ZAF,2024,17,54.2377311908081,53.3153534699383,54.759180667589
India,IND,2024,16,53.9520312494169,50.7097764718911,54.3787509036937
Mali,MLI,2024,15,53.7767355774244,49.8430811428494,54.9608689685292
Peru,PER,2024,17,53.7767355774244,50.1551156162624,54.71618716526
Bangladesh,BGD,2024,17,53.6515403031847,53.3090228821853,54.8238410865443
Malawi,MWI,2024,14,53.579216013879,51.2854182697719,57.8103175969664
Liberia,LBR,2024,13,53.2317580914878,46.1739662456177,54.9951175416397
Haiti,HTI,2024,6,53.1243239199428,32.6715744934489,54.0038498280313
Kyrgyzstan,KGZ,2024,15,52.7976354419341,49.8497687498202,55.4525838242517
Nepal,NPL,2024,15,52.7315955532154,48.7686151731709,54.3947428814838
Moldova,MDA,2024,7,52.7024184118819,50.5978169541774,65.6290138114515
Cuba,CUB,2024,8,52.6689303592251,43.0453277615431,57.4436016314595
Belarus,BLR,2024,7,52.6332118440864,47.7504795110772,59.1277874332049
Guinea-Bissau,GNB,2024,6,52.4649890812359,46.3380523986741,55.9398946701132
Croatia,HRV,2024,14,51.2679770205992,46.8963173717516,52.7657048072514
Eswatini,SWZ,2024,6,51.2679770205992,42.2271641671677,58.0176809811818
Comoros,COM,2024,6,51.2010210978559,46.3679033627709,55.8115425893651
Tunisia,TUN,2024,17,50.7034211956352,49.9311525420329,51.3213086633251
Brazil,BRA,2024,17,50.2328124611067,47.2694557520958,50.6359937134669
Burkina Faso,BFA,2024,7,49.356816042701,45.1456623456532,58.6314596692991
Equatorial Guinea,GNQ,2024,7,49.356816042701,40.0529058010589,51.3450571659363
Guatemala,GTM,2024,17,48.5251945728603,44.409210377095,48.9055665430421
Mozambique,MOZ,2024,8,48.209441875763,42.0694639083527,58.6113990921636
El Salvador,SLV,2024,16,47.2473426579623,41.9584805168192,48.8210951777576
Benin,BEN,2024,15,46.7884856367257,46.273579326391,50.2378528938811
Honduras,HND,2024,17,46.5498111174423,45.2308554747517,53.7555623628479
Nicaragua,NIC,2024,7,46.4907138866742,38.8650692216299,61.1064006814989
Somalia,SOM,2024,7,46.3808516252955,41.0359353542645,52.6699513737896
Ecuador,ECU,2024,17,46.3587472159792,42.2609166578199,47.3502824757234
Paraguay,PRY,2024,17,46.2112667250947,44.1870030838535,46.802080358432
Sierra Leone,SLE,2024,14,46.0027780303804,38.6990159435717,46.0300352052778
Nigeria,NGA,2024,16,44.5248464951459,39.9628289331354,45.2005798710285
Uganda,UGA,2024,7,43.1111040877586,40.337045457507,55.3889640857319
Chad,TCD,2024,15,43.0638697389696,38.4643481174112,47.2670099488444
Angola,AGO,2024,16,42.6618465857181,38.938571596581,43.8738407368026
Syria,SYR,2024,6,42.4639521726047,40.4269559847142,51.8174535603571
Libya,LBY,2024,7,41.0077868626294,36.0190166076642,47.4234114955392
Mauritania,MRT,2024,6,40.9521891878971,29.3876735302784,47.7484199064199
Madagascar,MDG,2024,8,40.2723370846883,32.3298232818333,48.2148508875432
Bosnia and Herzegovina,BIH,2024,15,38.7950922930312,32.3187286723348,41.8712208547242
Argentina,ARG,2024,16,33.4712802356676,30.1373787363736,35.6142174890803
Yemen,YEM,2024,13,32.5217138608968,21.9048863965099,36.1021630078491
Bolivia,BOL,2024,16,29.0564815972232,25.2865807209601,34.0643183385095
Democratic Republic of Congo,COD,2024,15,26.0831151758434,19.1949066670474,28.880183407855
Venezuela,VEN,2024,16,11.0652962982588,1.83896845859773,18.4537343874976
Singapore,SGP,2023,15,94.3991979391429,92.8103614341213,94.7632980825986
Switzerland,CHE,2023,14,94.0066969918915,90.6493480570574,94.0981689876141
Luxembourg,LUX,2023,13,93.8071857744365,90.7657162836198,94.2067104750467
United States of America,USA,2023,14,93.3693538421492,91.3151041901554,94.02159955326
United Arab Emirates,ARE,2023,15,91.4467090318411,90.4167509533612,92.8561333026136
Hong Kong,HKG,2023,13,90.8567404649519,89.1826849013242,91.9172514239058
Finland,FIN,2023,14,90.1314376198009,88.9584119577855,91.5604432981695
Netherlands,NLD,2023,14,88.9056466534272,86.5802126462436,89.4317912060312
Qatar,QAT,2023,15,87.616328517447,87.20894521414,89.9084066456762
United Kingdom,GBR,2023,15,86.8510984819003,84.989831486074,87.5710393637855
Denmark,DNK,2023,13,86.2373579641601,84.2088426503413,87.4223888420354
Belgium,BEL,2023,13,86.0211234591655,82.3236001166658,86.6110309097033
Sweden,SWE,2023,13,85.8811330376829,83.9068818375124,87.3353984273065
Taiwan,TWN,2023,14,85.7423556622967,84.2209448828087,87.2052311622419
Canada,CAN,2023,14,85.1568505015543,85.001370720024,88.3974618635411
Japan,JPN,2023,15,84.9343598215245,82.6541957152276,85.5304007444056
Saudi Arabia,SAU,2023,15,84.7674452176388,82.9342346669291,86.1246832888166
Oman,OMN,2023,15,84.6411369136454,83.4199008661174,86.756600294432
Germany,DEU,2023,14,84.6239736875051,82.6789715158754,86.1630856216627
Iceland,ISL,2023,15,84.2386987636653,83.176672853612,86.1502898477865
Bahrain,BHR,2023,15,83.7520753737019,82.8844309891335,85.8871363681603
New Zealand,NZL,2023,15,83.7150140584159,81.5223209642481,84.1447073105252
Australia,AUS,2023,14,82.5327610434155,82.4706752978307,86.2431012611951
Austria,AUT,2023,13,82.313481499229,80.3875815142521,85.1516157955928
Malaysia,MYS,2023,15,82.2265947553777,80.7156279961973,83.5907703184346
Ireland,IRL,2023,14,81.8253766440159,81.6667059133532,85.1020943352113
Estonia,EST,2023,13,81.6481407464436,78.593240949489,83.3386654726994
France,FRA,2023,14,80.8364089456207,78.5153544793321,82.4172730327798
Israel,ISR,2023,15,80.228659271211,77.1995610921718,81.0550056864461
Rwanda,RWA,2023,13,80.2201371044276,76.1811567949104,82.3838281480528
Georgia,GEO,2023,15,77.8642028318453,77.5999043343777,81.5711084865863
Mauritius,MUS,2023,15,76.6325895538702,74.5673052334329,78.6992978791463
China,CHN,2023,15,76.4431413458627,73.3616728362012,77.0751052322585
South Korea,KOR,2023,14,75.6282553904096,71.8627000433143,76.9531236939737
Botswana,BWA,2023,14,74.7509490767636,73.733651217834,79.0954990082782
Lithuania,LTU,2023,14,74.5318164003661,71.7147033713861,76.4881229266433
Indonesia,IDN,2023,15,74.4763320433084,72.4957472414434,76.6653114617857
Uruguay,URY,2023,14,72.8195166743184,72.2196728343255,77.3826413108612
Italy,ITA,2023,14,72.3542738821818,69.1018226598232,74.2542241107161
Chile,CHL,2023,15,70.9681460144723,67.6390051739544,72.6760199023452
Jordan,JOR,2023,15,70.498058943487,66.5319424280183,71.2369454842853
Malta,MLT,2023,14,70.009109420402,68.6039744831521,73.4032542846806
Vietnam,VNM,2023,14,69.5511679348497,65.1474264238678,70.8267851754668
Czech Republic,CZE,2023,13,69.1043041404022,63.2519505605562,69.3333000059613
Uzbekistan,UZB,2023,11,68.4023620390512,63.3830817880684,72.0058214906285
Côte d'Ivoire,CIV,2023,14,68.3805603427611,66.034510735565,71.9710172625021
Spain,ESP,2023,14,68.2743443132136,65.2382808343572,70.7869420599569
Panama,PAN,2023,15,67.8746146464147,63.1412908778686,68.5833832527884
Cyprus,CYP,2023,14,67.3466256522644,65.2286824732728,70.4882878916185
Portugal,PRT,2023,14,67.1873914544427,62.8600173760007,68.7514680112054
Latvia,LVA,2023,14,67.010276307105,65.808036211284,70.2745577084394
Thailand,THA,2023,15,66.771602899504,62.4853706888344,67.5413481796932
Hungary,HUN,2023,13,66.4143018967857,62.5970488590813,68.3181376133847
Albania,ALB,2023,14,66.3390532738127,61.9543610900091,68.4699357860267
Tanzania,TZA,2023,14,66.0055856019504,60.3754313558308,66.8183759276872
Namibia,NAM,2023,14,65.8855684653379,64.3387131303681,71.3125353230563
Jamaica,JAM,2023,14,65.8697161256732,64.5845474582887,69.7573989893726
Senegal,SEN,2023,14,65.6505395292981,63.9504803193983,69.6410335310951
Bulgaria,BGR,2023,14,65.6050381740336,59.3717854546932,65.8963416783328
Fiji,FJI,2023,6,65.4228304899543,61.0463264712483,69.2910067689739
Kuwait,KWT,2023,15,64.6619107137147,61.9854717277891,66.9551422505267
Cabo Verde,CPV,2023,15,64.6544011903538,60.9663039048321,67.0044793406127
Slovenia,SVN,2023,13,64.4978963913513,62.1986270029838,67.9878226394362
Pakistan,PAK,2023,15,64.3486365162565,61.4252481674486,67.8199338119393
Ethiopia,ETH,2023,5,64.2986556124947,54.1263354577794,72.3229512645651
Barbados,BRB,2023,13,63.5347441388199,61.7038816049484,68.5285575981189
Sri Lanka,LKA,2023,15,63.4446465926967,60.0443145738258,65.8027064023623
Haiti,HTI,2023,6,63.2547892472317,53.3493366675572,73.1602418269062
Costa Rica,CRI,2023,15,63.0702256913623,60.3361210873524,65.046251509954
Greece,GRC,2023,14,63.0646537909541,60.2236152683167,65.0899718625667
Zambia,ZMB,2023,14,63.0565987613127,58.9676879264472,65.7878957585202
Laos,LAO,2023,14,62.720281514939,58.4708916743563,65.2524413836677
Serbia,SRB,2023,14,62.6599853100437,58.1051749761997,64.1148239311373
Dominican Republic,DOM,2023,14,62.4538142245833,55.8017405560284,62.9420397367424
Colombia,COL,2023,15,62.2260694701528,60.2340122465999,64.9706987808532
Ukraine,UKR,2023,15,61.7732995392265,56.7161862643549,62.8253306386431
Kenya,KEN,2023,15,61.561033829689,58.7833909972499,64.3386766621281
Suriname,SUR,2023,7,61.5389148732183,56.3598060170217,66.1715747826396
Armenia,ARM,2023,14,61.1233915547492,57.9874867522122,64.2592963572862
Togo,TGO,2023,6,61.0599586990098,55.7983605903414,63.785820096004
Kazakhstan,KAZ,2023,14,61.0218680914132,54.9929414589094,61.570494812787
Slovakia,SVK,2023,12,60.9915396813442,59.4023430055296,66.662261904646
Morocco,MAR,2023,15,59.4988644310911,57.5169142029997,63.4498709881463
Poland,POL,2023,14,58.7783445485634,56.0980288888892,62.3941153677056
Montenegro,MNE,2023,14,58.684582293008,54.4822947465174,60.7980684846429
Ghana,GHA,2023,13,58.6341330124182,57.0503793330603,63.7700224482928
Papua New Guinea,PNG,2023,6,58.3220895607403,52.6527511204911,61.2296832818227
Niger,NER,2023,6,58.3111175065983,54.53505917218,60.266882546585
São Tomé and Príncipe,STP,2023,5,58.2674517322448,50.7527663267924,61.2873137291485
Algeria,DZA,2023,14,57.8566528075727,55.5007292210965,62.692503508513
Cameroon,CMR,2023,14,57.6573118738319,53.666350141389,60.6768355937335
Republic of Congo,COG,2023,5,57.5915149976822,53.5561570330021,59.8384643790085
Turkey,TUR,2023,15,57.3000405304131,56.0447829627765,61.9365290117304
Philippines,PHL,2023,15,57.2302773690937,56.9109570897435,63.7913071636097
Trinidad and Tobago,TTO,2023,15,57.0757876459522,54.2159109994021,59.9356642925023
Mexico,MEX,2023,15,56.4387768374813,51.810861596366,58.1257238850503
Egypt,EGY,2023,14,56.3530844045305,55.9915469110826,62.9820170255067
Zimbabwe,ZWE,2023,12,56.0863634251323,43.0013713543378,56.6811020294363
Romania,ROU,2023,14,55.9469247666737,52.8095318162542,58.2934579544331
Mozambique,MOZ,2023,7,55.9035228907154,43.3935977394264,57.6807730549958
North Macedonia,MKD,2023,13,55.8049105388993,54.933820974795,62.7454014297814
Cambodia,KHM,2023,15,55.4341406342437,50.8646113670559,56.9890583079671
Belarus,BLR,2023,6,55.1585253646359,47.9876091872189,58.9298334837775
Comoros,COM,2023,5,55.1512454993913,50.3961262031075,58.5629286096582
Timor-Leste,TLS,2023,5,54.7036360790203,48.0216971267994,59.1063057953998
South Africa,ZAF,2023,15,54.2937252071382,51.6094897035527,56.6993510563995
Burkina Faso,BFA,2023,6,54.1775655291451,43.1170751381904,57.466695360721
Lesotho,LSO,2023,12,54.1090253512635,47.976790216322,57.3070220871924
Iran,IRN,2023,12,54.0504975228036,38.5525166059857,54.7419073071628
Mongolia,MNG,2023,14,53.8943795390348,48.3780103542305,56.6973400904402
Bangladesh,BGD,2023,15,53.759674009422,51.8662992378938,58.0810550465796
India,IND,2023,15,53.4722083189532,49.6878708680178,55.4331112442056
Malawi,MWI,2023,12,53.0139386172608,50.1840490489184,59.2208704739532
Seychelles,SYC,2023,6,52.9377045658488,48.5317092601234,62.8447087433134
Mali,MLI,2023,13,52.9269063359909,49.3180142466457,58.5356950007052
Syria,SYR,2023,5,52.9170727237924,47.9411060122283,57.8930394353566
Nepal,NPL,2023,14,52.7640038354298,50.169584013451,57.1398371247216
Liberia,LBR,2023,13,52.2599431777763,46.4241487966319,55.4943312745589
Peru,PER,2023,15,52.030201144035,50.3850864633522,57.7931482750777
Sudan,SDN,2023,5,51.7176785921844,50.3808910693555,58.8638342339746
Brazil,BRA,2023,15,51.4481087704605,47.2586337257045,54.250929888431
Kyrgyzstan,KGZ,2023,13,50.8209475646801,45.7225078335144,54.2027187179749
Madagascar,MDG,2023,7,50.5121688963479,42.69640423545,57.9590172707748
Guinea-Bissau,GNB,2023,5,50.2474313371404,48.2435313074661,56.9511105191681
Croatia,HRV,2023,12,49.9712796478221,48.2022434215843,56.8160409199351
El Salvador,SLV,2023,14,49.4358318323286,40.1312997878807,49.5413085421023
Somalia,SOM,2023,5,48.8541336897933,45.994709924249,56.3345986107943
Ecuador,ECU,2023,15,48.1890236726762,45.3026451429566,51.8894083263894
Equatorial Guinea,GNQ,2023,5,47.3726704052679,43.46731140482,51.2780294057158
Tunisia,TUN,2023,15,46.6163134075184,41.3488064547336,48.3883417235112
Sierra Leone,SLE,2023,13,46.4834741528676,41.8693994797174,50.9359659443886
Chad,TCD,2023,13,46.4633793712617,40.8702243835567,50.2148392508901
Guatemala,GTM,2023,15,45.9595121713646,42.6929584368939,50.5902688662251
Angola,AGO,2023,14,45.6695892630856,39.7654587880534,47.6299856880121
Cuba,CUB,2023,7,45.4593374062206,44.3172205783948,56.8733852506654
Paraguay,PRY,2023,15,43.5182170293097,43.2234094346169,49.8067572846322
Benin,BEN,2023,13,43.3422166694918,40.6971756025998,47.8714507712503
Honduras,HND,2023,15,41.4622462542118,36.2833744855344,46.628789535413
Gambia,GMB,2023,5,40.4820476609543,35.7711059414706,51.1989944504039
Nigeria,NGA,2023,14,40.3071545826012,38.2137961221083,47.2238467203489
Libya,LBY,2023,6,38.8077944538449,36.2736134674575,47.4052791048989
Yemen,YEM,2023,12,37.6232269152776,24.635949804421,39.1891550143725
Bosnia and Herzegovina,BIH,2023,13,37.0925149077378,31.1070802514558,43.2971117723439
Bolivia,BOL,2023,14,33.3211031665212,27.5202457375703,37.3609590566298
Argentina,ARG,2023,14,31.4849909444127,30.7651699604893,38.1397733027662
Democratic Republic of Congo,COD,2023,13,27.2142446637453,18.1386110401496,31.097458245236
Venezuela,VEN,2023,14,9.05552622610913,0,17.9119796437488
Singapore,SGP,2022,15,94.5145211882167,93.1322024058597,95.1221628331239
United States of America,USA,2022,14,92.2691175128323,91.0956837063959,93.9574609650354
Switzerland,CHE,2022,14,91.3038616926877,90.9834872135349,94.3709315408321
United Arab Emirates,ARE,2022,15,91.0998544043218,89.9356850172457,92.5315962999748
Finland,FIN,2022,14,90.5580437779697,88.4379145971163,90.9057576165892
Hong Kong,HKG,2022,13,90.1122523608302,89.9868687608522,92.7301091047321
Luxembourg,LUX,2022,13,89.7863137638953,89.571002823783,94.2633758416262
Qatar,QAT,2022,15,89.6760220333789,87.0357187108492,89.8239774885539
Netherlands,NLD,2022,14,88.4531558829641,87.3934304321147,90.3833802159889
Canada,CAN,2022,14,87.198066876531,84.7580181013775,88.0099096717739
Denmark,DNK,2022,13,86.6063302273405,84.1842568443033,87.7084820812654
Iceland,ISL,2022,15,86.5898062258849,83.632431053498,86.6612069269547
Japan,JPN,2022,15,85.8915264370161,83.2672710305039,85.9054446477986
Austria,AUT,2022,13,85.6606772894031,82.0422507476876,86.4478738575014
United Kingdom,GBR,2022,15,85.3760022803313,83.378535842117,85.9875875350542
Taiwan,TWN,2022,14,84.9027904713216,83.9492292762899,86.7258722405349
Germany,DEU,2022,14,84.8277172256564,82.9725925052182,86.076490167409
New Zealand,NZL,2022,15,84.6893762489398,82.9180119784601,85.487510053807
Oman,OMN,2022,14,84.6379516326535,81.4792954261498,85.9541912952402
Belgium,BEL,2022,13,84.3861401138309,81.2460714608553,85.7192959831549
Sweden,SWE,2022,13,84.3227062669315,82.857937109679,86.2702252251467
Bahrain,BHR,2022,15,84.3183317940919,82.6748087324596,85.7068953006399
Australia,AUS,2022,14,83.9975450828113,80.8086299215103,84.5020206182201
Ireland,IRL,2022,14,82.0668918656087,81.4236906462836,84.8834266197003
Saudi Arabia,SAU,2022,15,81.8965760010434,81.2378618202093,84.8745249416582
Estonia,EST,2022,13,81.1578590657843,78.314994986583,83.1782140604717
Israel,ISR,2022,15,80.760180624527,77.6014487451879,81.0950026055719
Malaysia,MYS,2022,15,80.6960756975952,79.7574710464477,83.000910915655
France,FRA,2022,14,79.7162696925681,78.8641893423117,82.7229690028835
Mauritius,MUS,2022,15,79.4269992514587,75.7930839090781,79.7494359158585
Rwanda,RWA,2022,13,78.6251192543108,76.4080034370358,82.1845407726762
Georgia,GEO,2022,15,76.6151224712646,75.0229110565776,79.1943752829182
Azerbaijan,AZE,2022,14,75.5927199982977,74.4918038080631,79.7072376619886
South Korea,KOR,2022,14,74.3300996468325,72.8093523604306,77.7794759293088
Indonesia,IDN,2022,15,74.1861515422655,70.7887332980794,75.0694484747363
Uruguay,URY,2022,14,74.0180621156732,72.8380808599232,77.945974654044
China,CHN,2022,15,73.1193467410664,71.9307279174687,75.7007059851154
Spain,ESP,2022,14,72.8350915835777,67.9604422103309,72.9970305440812
Chile,CHL,2022,15,72.8071483482498,70.805120052323,75.5987034803802
Malta,MLT,2022,14,72.7658022425865,70.4427797045569,75.5883052972444
Côte d'Ivoire,CIV,2022,14,71.9457983014713,68.847605474545,75.0439911283975
Botswana,BWA,2022,14,71.6210075259833,71.0314942491748,76.1237499988069
Uzbekistan,UZB,2022,14,70.6268621138186,67.5506504235174,75.0068442605714
Panama,PAN,2022,15,70.596205686293,66.7917042404802,72.3953302708446
Lithuania,LTU,2022,14,70.5452385312236,69.5941539276199,74.6450777751356
Latvia,LVA,2022,14,70.4825241233233,69.6519022315235,74.244370315198
Jamaica,JAM,2022,13,70.3436551101719,66.0281532444059,71.6532969890197
Cyprus,CYP,2022,14,69.6879993505347,68.4642067042577,73.5776834210411
Senegal,SEN,2022,14,68.3079658858137,65.2992327328731,71.2773080116027
Brunei,BRN,2022,12,67.9052116493455,67.5475827314914,75.2630299084967
Barbados,BRB,2022,13,67.8616511774446,64.6022072611578,71.6332335697993
Ethiopia,ETH,2022,6,67.8088620356327,60.1911274363295,73.6896032479699
Italy,ITA,2022,14,67.4009542885631,65.814733039846,70.6732424162006
Namibia,NAM,2022,15,67.3331567132488,64.1097079197983,69.7330289287429
Russia,RUS,2022,15,66.9899266117731,63.1608091345521,69.3205637892406
Jordan,JOR,2022,15,66.9331939542176,66.680886179345,71.2397737705432
Portugal,PRT,2022,14,66.6460704402781,64.5024634889658,69.7361251973658
Czech Republic,CZE,2022,13,66.1824637202654,63.4861550185731,69.6405677359587
Vietnam,VNM,2022,14,66.0605049207812,65.5006266708835,71.1178286296117
Slovenia,SVN,2022,13,65.9375950806375,61.5292189146411,67.3327762207042
Sri Lanka,LKA,2022,15,65.8322677431288,61.2077287700082,66.3738544072552
Thailand,THA,2022,15,65.6550371954079,63.8459389445573,68.9218301106835
Lebanon,LBN,2022,15,65.4496147188268,56.1955922347274,65.9276861866957
Costa Rica,CRI,2022,15,64.9212044670325,62.2067368013475,66.8043356273382
Pakistan,PAK,2022,15,64.6649395566356,62.3626773462974,68.1569427742086
Laos,LAO,2022,14,64.1539327002363,58.2420112329019,64.925826117425
Zambia,ZMB,2022,14,64.1455668765129,56.7075780671479,64.4677869267424
Philippines,PHL,2022,15,63.6899965340149,60.8260940519938,66.553899016036
Hungary,HUN,2022,12,63.5862149586711,59.5346949850126,66.9037189714026
Greece,GRC,2022,14,63.5124819089602,59.4144478795128,64.1211264892895
Tajikistan,TJK,2022,14,63.3516366895558,57.6002091408133,64.6786501092298
Colombia,COL,2022,15,63.1479073783263,61.7578678756152,66.7839891451162
Tanzania,TZA,2022,15,63.122592033443,60.5199339678848,65.9042691421902
Kuwait,KWT,2022,15,62.9157557942755,61.4361081454612,67.1531956087997
Slovakia,SVK,2022,12,62.8811994102971,59.3655883909133,67.0372014833565
Morocco,MAR,2022,15,62.7910234192887,58.6534661198131,64.0742806616933
Niger,NER,2022,6,62.6063464243034,60.1194850361434,65.0932078124634
Turkey,TUR,2022,15,62.5741134808304,58.8634113883375,64.1867188779294
Armenia,ARM,2022,14,62.5608605889084,62.1889449638947,70.1953351296765
Dominican Republic,DOM,2022,14,62.4984911590545,54.6334519010873,62.863817780108
Cabo Verde,CPV,2022,15,62.407534588599,61.1764881393661,66.8902833494923
Kenya,KEN,2022,15,62.2333772331594,60.9155698136249,66.3305353234416
Serbia,SRB,2022,14,61.4346325383364,57.5542476295935,63.4848491830992
North Macedonia,MKD,2022,13,61.2800030405102,56.6881843104923,64.0805833785898
Fiji,FJI,2022,6,61.1205159090194,60.0543733428964,67.9862726929537
Egypt,EGY,2022,14,61.1099514875714,57.0611631392506,63.018749783446
Montenegro,MNE,2022,15,61.0538036100289,57.7415306475351,63.1416323986419
Suriname,SUR,2022,7,60.964296782324,57.1957524595205,66.1794012021998
Albania,ALB,2022,14,60.6314790594112,56.9863008185449,63.3044084052684
Ghana,GHA,2022,13,60.614282346235,56.4243871690363,62.4584334078292
Belarus,BLR,2022,6,60.1054634025582,50.3968514780009,60.5562265961042
São Tomé and Príncipe,STP,2022,5,59.6575897446278,49.6857373099224,61.1751271803134
Poland,POL,2022,14,59.2455684568805,57.5755731994536,62.5675731354542
Republic of Congo,COG,2022,4,58.9408255919689,53.8074434125216,59.7371122428327
Trinidad and Tobago,TTO,2022,14,58.6770935277312,56.7107361415313,63.1610058319305
Bulgaria,BGR,2022,14,58.6682783287217,57.7089887975536,63.4870512240497
Ukraine,UKR,2022,15,58.6154706079691,55.6570505898915,61.5051205552993
Peru,PER,2022,15,58.0147917246186,52.9779967708712,60.1756844940332
Algeria,DZA,2022,13,57.1788281028145,53.9095933922667,60.8343190570029
Comoros,COM,2022,5,57.1263577001587,52.4102376232754,59.938621619805
Mexico,MEX,2022,15,56.9651394235125,53.9814952691657,60.6283064624799
Cuba,CUB,2022,7,56.0560815215079,44.8236696522667,56.8022816019368
Cameroon,CMR,2022,14,56.0008721351943,53.2910991460746,61.2032724090654
Togo,TGO,2022,7,55.8678084518967,55.1292844370569,64.0223034630856
Kazakhstan,KAZ,2022,14,55.2307903067247,54.1672715803368,61.6089165527112
Mongolia,MNG,2022,14,54.0188148993835,48.0933706003847,56.2121249423374
Seychelles,SYC,2022,7,53.8954766267572,49.7197934307358,62.187549547964
Sierra Leone,SLE,2022,13,53.8580499445632,44.2441767635803,54.2989997922861
Romania,ROU,2022,14,53.6151606177413,52.4848349870458,57.6534410053878
Kyrgyzstan,KGZ,2022,13,53.3008539792591,44.7151230018535,53.8145151316862
South Africa,ZAF,2022,15,53.2917558986139,50.0535565456483,56.0309027358635
Timor-Leste,TLS,2022,5,53.0974874730137,47.646431316833,58.6176842578303
Bangladesh,BGD,2022,15,52.9451670598186,52.2979161950955,58.0495640796806
Ecuador,ECU,2022,15,52.6202312335522,46.0788025483531,53.6965215285953
Mali,MLI,2022,13,52.4798226107289,48.6077867560022,57.4294547352213
Papua New Guinea,PNG,2022,6,52.4512925103838,48.4022766684119,56.5003083523556
Nepal,NPL,2022,14,52.1672179519275,49.3624677781724,56.6625417060507
Cambodia,KHM,2022,15,51.9903961940425,49.8773529520673,56.314398179514
India,IND,2022,14,51.6825186319869,49.6225869876689,55.1157409001668
Lesotho,LSO,2022,12,51.3144804697672,48.2398517874775,57.9844820280781
Syria,SYR,2022,5,50.8355347753304,43.7528452698793,54.4896065356066
Croatia,HRV,2022,14,50.6332505830018,47.074913073965,55.0180338076191
Moldova,MDA,2022,14,50.5319458101626,50.0895935668366,59.5310062412077
Liberia,LBR,2022,12,50.1367961761401,45.8380154774681,54.224705692396
Somalia,SOM,2022,4,50.0907747220422,48.4740972092404,58.1669222292962
Brazil,BRA,2022,15,50.019616111046,47.8028228418955,54.4614870552347
Tunisia,TUN,2022,14,50.0058686307034,48.0075828743531,54.6733521395119
El Salvador,SLV,2022,14,49.2818927253408,43.55842315896,52.9306276792977
Iran,IRN,2022,14,49.2444968335807,40.5423869117917,52.0491416693345
Guinea-Bissau,GNB,2022,5,49.1386524650925,45.0084286241758,53.2688763060091
Burkina Faso,BFA,2022,6,48.6433942139367,44.7540584036256,59.0189322484829
Guatemala,GTM,2022,15,48.0413686144862,43.818534906603,51.4861967141454
Mozambique,MOZ,2022,7,47.1061240099637,42.555265350839,58.9676323165993
Paraguay,PRY,2022,15,46.666907097925,45.3229587772791,51.6859745625596
Nigeria,NGA,2022,14,46.1127884647743,40.0148857312966,48.5296969797138
Angola,AGO,2022,14,45.6795515254904,40.3420036433441,48.6076685879776
Honduras,HND,2022,15,44.7378306772414,37.8276336229045,49.1522397515187
Equatorial Guinea,GNQ,2022,5,43.104396166993,40.0693955075404,46.1393968264455
Malawi,MWI,2022,13,42.6048945236919,42.0740154934164,53.3189261988068
Benin,BEN,2022,14,42.1424695880391,38.7117521296072,45.5248113522727
Bosnia and Herzegovina,BIH,2022,13,41.9868034491313,33.1336954208894,45.2877764938489
Madagascar,MDG,2022,7,41.6228781175571,34.1466797547816,49.0990764803327
Gambia,GMB,2022,6,40.0621253593323,36.3426223868012,51.2252834497357
Zimbabwe,ZWE,2022,12,38.7469586193864,37.1042007057068,49.3627283634535
Libya,LBY,2022,6,37.4067845414875,35.6134269973029,47.3830860932204
Argentina,ARG,2022,14,36.826705654957,31.9270547722466,40.0379695726029
Chad,TCD,2022,12,36.8172591950987,35.931081754289,48.8358441461594
Nicaragua,NIC,2022,14,36.5590508018818,28.7109199509978,42.0074465308056
Yemen,YEM,2022,12,36.2815588506486,25.9222736581355,39.1585491194988
Bolivia,BOL,2022,14,32.5340826501036,32.0673591734702,41.8947249685442
Democratic Republic of Congo,COD,2022,13,23.5620427002331,20.3123624851457,32.4241368033609
Venezuela,VEN,2022,14,8.87289240663184,0,19.9019752362105
Singapore,SGP,2021,14,93.8932517561561,93.4391288337613,96.1320622797207
Luxembourg,LUX,2021,12,93.4853825016525,90.2479609401779,94.4107454032068
Switzerland,CHE,2021,13,92.4462702147121,90.2784944206963,94.333392691248
Hong Kong,HKG,2021,12,90.6773139092364,90.2951138188547,93.7677020006417
United Arab Emirates,ARE,2021,14,90.2008045918114,89.6483764530044,92.5590401885379
Netherlands,NLD,2021,13,90.1756569486917,87.9218000514099,91.6623086755037
Qatar,QAT,2021,14,89.7811199291664,86.1489481901374,90.2180134277856
Finland,FIN,2021,13,88.2467292027729,86.3812955809352,90.1121628246105
United States of America,USA,2021,14,88.23732499649,87.808378568914,91.2615276673488
Germany,DEU,2021,13,88.2268083314358,84.933239018978,89.4527777812421
New Zealand,NZL,2021,14,86.1859301819915,85.3248422437092,88.4261852731506
Austria,AUT,2021,12,85.8264273199306,81.689805796354,86.7667734753113
Denmark,DNK,2021,12,85.7825904647989,85.0139227652414,89.1101088405432
Canada,CAN,2021,14,85.3355204353903,82.9586266656286,86.6821766714669
Malaysia,MYS,2021,14,85.0601284996368,82.3215814554475,86.077449879532
Sweden,SWE,2021,12,84.723889880355,82.2437956978012,86.5186408194348
Japan,JPN,2021,14,84.5570367139054,83.7468569156605,87.2139189247338
Oman,OMN,2021,14,83.9992064752362,81.1292095279949,85.3145233726742
Bahrain,BHR,2021,14,83.6703566005928,81.9353021279899,85.0432762804249
United Kingdom,GBR,2021,13,83.623034990487,83.3850174086677,87.6161338224045
Taiwan,TWN,2021,13,83.0513642341731,80.8663404432807,84.7874385646388
Iceland,ISL,2021,14,82.9200681222176,81.6133407384069,86.076930524267
Belgium,BEL,2021,12,82.5736178725038,80.1287401699468,85.1469206927274
France,FRA,2021,13,82.2842589348332,78.9147856479088,83.7560624446057
Saudi Arabia,SAU,2021,14,81.8454635902985,79.4137193827466,83.6933999343297
Mauritius,MUS,2021,14,80.9389988542001,77.28516614029,81.6602891615575
Israel,ISR,2021,14,80.9197325718862,77.5862010626759,82.4060352467158
Australia,AUS,2021,13,80.6767340667512,79.5877675117,84.6079476258621
Ireland,IRL,2021,13,80.3434690073335,79.7504757488638,84.1492546388235
China,CHN,2021,14,76.4128836459915,70.8329845560469,76.6750684043965
Estonia,EST,2021,12,76.3454320099202,76.0307857276333,82.8453042337125
Malta,MLT,2021,13,76.2742466430668,73.7164685743764,78.9227346986053
Azerbaijan,AZE,2021,13,75.9030231624121,71.6940286682586,78.4752998659518
Chile,CHL,2021,14,75.8048355630908,71.8304685267812,76.8419164862591
Rwanda,RWA,2021,12,75.7136581480588,74.8391813317925,81.4762210102722
Georgia,GEO,2021,14,75.6737711333535,72.9053937051992,78.1322546401497
South Korea,KOR,2021,13,74.4952107072414,71.3145060210691,77.210953115833
Spain,ESP,2021,13,74.3681611838446,69.8755183642686,75.5437437769147
Cyprus,CYP,2021,13,74.3550738355125,68.2081400927659,74.6429785132728
Uruguay,URY,2021,13,73.2752948208224,69.6408732040051,76.6542907071894
Panama,PAN,2021,14,72.8166015090189,68.9525561137674,74.8520207723979
Barbados,BRB,2021,11,72.2413887340256,66.2981037706699,74.5092584998393
Lithuania,LTU,2021,13,71.5163288668682,67.4978123884225,72.7909949551963
Senegal,SEN,2021,14,71.283348824807,67.0796687645388,73.7707692127242
Brunei,BRN,2021,12,70.103481658964,67.9055737069953,74.1105595194257
Vietnam,VNM,2021,14,70.0703225757109,65.2691567128789,71.0181161296267
Latvia,LVA,2021,13,69.3986124425541,68.7273522235702,74.0525690383455
Jamaica,JAM,2021,13,68.9130122794227,65.4290445525448,71.6518700342684
Botswana,BWA,2021,13,68.6902315243333,66.5511800123142,72.7372697452153
Ethiopia,ETH,2021,6,68.0795509684944,58.3260778094253,73.1723548282275
Czech Republic,CZE,2021,12,67.7745126715627,62.3374277323028,68.7964975720318
Thailand,THA,2021,14,67.7627015940228,65.2202961429322,70.5489045915736
Portugal,PRT,2021,13,67.7153541916534,65.0307007915421,70.8446151165209
Côte d'Ivoire,CIV,2021,13,67.7138136992303,65.656606180596,72.6477755263501
Sri Lanka,LKA,2021,14,67.663871534354,63.1587389465912,68.8882005473164
Slovakia,SVK,2021,11,66.7665134025845,59.0518116084076,66.8788883422983
Armenia,ARM,2021,13,66.6693189512894,64.8877936803876,71.5798105814853
North Macedonia,MKD,2021,12,66.5460673675906,58.6625188430467,66.9119612558029
Lebanon,LBN,2021,14,66.5032619212894,60.2892615153653,68.4810246480459
Tajikistan,TJK,2021,12,66.4300061958782,61.1177883552249,68.1917932333073
Jordan,JOR,2021,14,66.278089063486,64.664344317662,69.9986397319544
Namibia,NAM,2021,14,66.1165867105044,65.8198872790642,72.2390755977164
Fiji,FJI,2021,6,65.9245778508986,59.7588871564277,68.4965124372326
Slovenia,SVN,2021,12,65.8102317998413,61.2094876395334,68.4453989031237
Turkey,TUR,2021,14,65.1542659822863,59.716987985836,66.3575123290462
Philippines,PHL,2021,14,65.0829242365836,58.1417437242049,65.4063489038463
Kazakhstan,KAZ,2021,13,65.0380663534931,58.633742390295,65.947915656888
Russia,RUS,2021,14,64.8809687010858,61.9719980886844,68.9035725172122
Morocco,MAR,2021,14,64.8579328526408,60.9895459121624,66.8273862376909
Kuwait,KWT,2021,14,64.8299844185111,62.2775824124453,68.1874538352281
Indonesia,IDN,2021,14,64.6694569693665,64.3170650507684,71.9245916584151
Colombia,COL,2021,14,64.5435001262126,61.0821477904195,66.7363013245235
Costa Rica,CRI,2021,14,64.5214763968899,63.8123300279848,68.9178069471143
Bulgaria,BGR,2021,13,64.432136221256,57.1748165840894,64.7701064579079
Montenegro,MNE,2021,14,63.9796449084993,62.9815709795876,68.4138625096309
Italy,ITA,2021,13,63.4192843360363,60.4580823230613,66.5215314765489
Syria,SYR,2021,6,63.3701932749791,59.1135086396722,67.626877910286
Kenya,KEN,2021,14,63.1579644453889,60.0459980183775,66.2206794371163
Pakistan,PAK,2021,14,62.8923802929861,58.6067738045972,64.8439513731084
Trinidad and Tobago,TTO,2021,13,62.489383963101,57.8472340388665,64.6722497467774
Papua New Guinea,PNG,2021,6,62.4227642530775,58.2278178221723,66.6177106839827
Tanzania,TZA,2021,13,62.3192927250314,58.9905825609207,66.2391969165918
Cabo Verde,CPV,2021,14,61.9234914769806,61.4604844964853,67.1897680798677
Poland,POL,2021,13,61.5380587901498,58.5439536340895,64.1688658026284
Hungary,HUN,2021,11,61.5017095462292,58.4463126811475,66.1655508242169
Niger,NER,2021,5,61.1997926162794,58.6985790095817,63.7010062229771
Dominican Republic,DOM,2021,13,60.9931046845949,54.6633216714235,61.4159147967395
Togo,TGO,2021,6,60.8775656270967,56.1527649493933,63.2653131835851
Albania,ALB,2021,13,60.4867397511033,55.3455596875663,64.0175359240221
Belarus,BLR,2021,6,60.426553650113,51.4513418756678,60.7194451822979
Mexico,MEX,2021,14,60.4038857308703,54.9326355649461,62.2406059157647
Republic of Congo,COG,2021,4,60.290136186255,57.5016210289471,63.078651343563
Suriname,SUR,2021,7,60.2313957710519,55.6172359076336,65.8560837161539
Laos,LAO,2021,13,59.9216980574014,57.3027045723305,64.7561157310051
Peru,PER,2021,14,59.8487820942862,52.976822477265,61.0123410092302
Guinea,GIN,2021,13,59.8294212402514,56.7873970403671,65.2818774861438
São Tomé and Príncipe,STP,2021,5,59.6416859072628,53.3670523636261,61.5148896642467
Greece,GRC,2021,13,59.1449115108426,57.1043675271431,63.1617328442095
Comoros,COM,2021,5,59.1014699009261,54.4243490434433,61.3143146299517
Seychelles,SYC,2021,7,59.0922082320684,49.9712455842534,62.788870881322
South Africa,ZAF,2021,14,58.7531563671991,53.2192035029996,59.0120824521975
Ukraine,UKR,2021,14,58.5033055806818,55.3157501263446,61.3234954175217
Uganda,UGA,2021,11,58.072599514711,51.1973009979991,59.4462175225835
Bangladesh,BGD,2021,14,57.8461401133359,52.4893392586914,58.6705323076956
Burundi,BDI,2021,12,57.7827539637144,50.3912830864792,59.8904629774409
Egypt,EGY,2021,13,57.7417908488773,53.5319865386529,60.622760489055
Serbia,SRB,2021,13,57.7188757506289,55.2517059039677,63.1200836544152
Zambia,ZMB,2021,13,57.4557965873018,55.8740963353298,63.9905314546496
Cuba,CUB,2021,7,56.9345789849211,46.5897164665742,57.9637619233804
Ghana,GHA,2021,12,56.8733398345011,55.0433402875461,62.2898325936251
Sudan,SDN,2021,5,56.1504842081887,52.6804254037669,59.645742397367
Algeria,DZA,2021,13,55.8654892528459,52.0799772147131,60.2173784990059
Cameroon,CMR,2021,13,55.1310542054965,54.1969039228979,61.4731403734436
Cambodia,KHM,2021,14,54.4057955793642,49.437541774722,56.6641596774216
Tunisia,TUN,2021,13,54.1574717631249,49.1352417174593,56.2852012140884
Lesotho,LSO,2021,11,53.6422576018114,50.0014887310225,59.6679028670444
Mali,MLI,2021,12,53.3075140311899,48.5354175793796,58.0348887642005
Romania,ROU,2021,13,53.1198803603286,50.5962638190839,56.964477793391
Ecuador,ECU,2021,14,51.7980776519911,45.1533385998954,54.0113724437593
Guatemala,GTM,2021,13,51.7118200262226,44.8922527113448,52.9370482053804
Nepal,NPL,2021,13,51.5860883225206,48.99335182003,57.0953512038189
Paraguay,PRY,2021,14,51.55006203003,46.0159859813514,53.572774364401
Timor-Leste,TLS,2021,4,51.4913388670066,47.2711655068665,58.1290627202609
Kyrgyzstan,KGZ,2021,12,51.4378566566032,46.2207713428927,55.7595084442165
Somalia,SOM,2021,4,51.327415754291,50.9534844942327,59.9992458477986
Croatia,HRV,2021,13,51.2438645782597,46.6128753154073,54.413337339803
Mozambique,MOZ,2021,7,51.1751990243153,43.8570431790138,60.2018015560222
Liberia,LBR,2021,12,51.1605439926514,45.9661487272625,54.5749257478638
Moldova,MDA,2021,14,51.0148286410663,46.7314337685481,54.5506389103016
India,IND,2021,13,50.9532218884181,47.4842741728671,54.4221696039691
Brazil,BRA,2021,14,50.8524255181249,47.9991691780762,55.2657904757951
Madagascar,MDG,2021,7,50.6513966560921,42.8168768041483,57.8752716443378
Sierra Leone,SLE,2021,12,50.6376784598581,44.3025953021456,53.9278720968418
Mongolia,MNG,2021,13,48.6245853604804,48.1847426378138,57.5656229323423
Benin,BEN,2021,13,48.1412342186172,41.669993489455,48.9881289755844
Guinea-Bissau,GNB,2021,5,48.0298735930442,44.1232155170619,51.9365316690265
Malawi,MWI,2021,12,47.3227364136629,42.1379131786405,51.6994746988879
Iran,IRN,2021,14,47.1584355201586,43.4550522564876,52.646762345935
El Salvador,SLV,2021,13,47.0776580939813,46.4452226754971,55.148077208277
Burkina Faso,BFA,2021,6,46.7644236233817,42.1254358383075,58.0916270496672
Nigeria,NGA,2021,13,46.3895317963206,38.7759853732602,49.4078497985871
Gambia,GMB,2021,6,46.1369977422073,35.5140362172478,51.7173921331175
Bosnia and Herzegovina,BIH,2021,12,45.8512995730429,32.972259846719,46.23912534452
Honduras,HND,2021,14,44.4724235354156,39.145643996831,49.5301583581789
Nicaragua,NIC,2021,13,43.6680400315203,34.1365868335647,45.8635080595328
Angola,AGO,2021,13,41.9394307874107,39.7685897362028,50.620804050526
Zimbabwe,ZWE,2021,12,41.8386630175606,37.8388486543073,49.4269438933097
Bolivia,BOL,2021,13,41.7618966637077,36.0667562561371,46.1709713770854
Argentina,ARG,2021,13,41.0020892333637,37.7580648875252,45.7597944064978
Equatorial Guinea,GNQ,2021,5,38.8361219287181,36.671479610261,41.0007642471751
Libya,LBY,2021,5,36.0215786617737,30.1532954848575,41.8898618386899
Yemen,YEM,2021,11,35.584169990447,28.2542836077325,42.3953025212706
Chad,TCD,2021,11,31.8687363261009,31.048184385947,47.8269047562993
Mauritania,MRT,2021,12,31.7669972961697,25.731367301058,36.006500631998
Democratic Republic of Congo,COD,2021,13,31.0231886965081,21.7610992088677,33.8329977470809
Venezuela,VEN,2021,13,23.111633799776,3.9739543874245,23.8927744573685
Singapore,SGP,2020,13,93.7366172977489,92.3213596221857,96.0108667233123
Finland,FIN,2020,12,91.9530072044419,89.6674128086979,93.5261370192884
Hong Kong,HKG,2020,11,91.8812584008979,90.4901271960986,94.3394936086666
United States of America,USA,2020,13,90.6426901127497,88.0037043506426,91.8839137752913
Luxembourg,LUX,2020,11,90.4256108165132,90.1955141686328,94.9246958605365
Switzerland,CHE,2020,12,90.2189286818491,89.2976416708742,94.0118375208046
United Arab Emirates,ARE,2020,13,90.0877432409111,88.580278348504,92.5546098001586
Netherlands,NLD,2020,12,90.0580335265626,86.5769674316152,90.8934060328703
Germany,DEU,2020,12,89.2918610239503,85.9306746139546,90.5416164686728
United Kingdom,GBR,2020,12,87.7765939267862,84.6088175445524,89.3959893614136
New Zealand,NZL,2020,13,87.1243935188658,86.2288977343446,90.3243595660657
Sweden,SWE,2020,12,86.7602441720947,84.0714941168935,88.0350712934406
Japan,JPN,2020,13,86.2786517818972,83.1118287836618,87.4214045614282
Malaysia,MYS,2020,13,86.2041555856109,83.0540100984543,87.924436594439
Canada,CAN,2020,13,85.9922052692267,83.7595274878876,87.9962481967015
Denmark,DNK,2020,11,84.8936180473874,84.1057735958857,89.1560663596943
Qatar,QAT,2020,13,84.4291980437804,84.4034461597694,89.0442042798197
Austria,AUT,2020,11,84.2815415405432,80.5754182318795,86.4641230807466
Israel,ISR,2020,13,82.5965816008223,77.1537061757899,82.8523386776425
Ireland,IRL,2020,12,82.4758366261926,79.6672118778987,84.1969806346731
Iceland,ISL,2020,13,82.2965793773567,81.8058426279772,87.1404364099134
Belgium,BEL,2020,12,82.0916734651096,77.6186016899865,83.3404773144234
Australia,AUS,2020,13,81.915663355709,79.1930724560329,84.3459679153188
Bahrain,BHR,2020,13,81.8569113651748,77.6495156925631,83.8013523003427
France,FRA,2020,12,81.8235142801308,78.1658916784843,83.5475174558308
Saudi Arabia,SAU,2020,13,81.3216306718988,79.1476419499928,84.5056355813599
Taiwan,TWN,2020,12,80.9017844361076,76.5310920891051,82.2109365980066
Oman,OMN,2020,13,80.5626609862644,80.3038504577833,85.9275310097309
Azerbaijan,AZE,2020,12,77.4020912444545,69.7882215026654,77.7578398939913
Mauritius,MUS,2020,13,76.7360594911957,75.97920149656,81.062972848518
Estonia,EST,2020,11,76.0034401094443,73.0367268291898,78.9701533896989
Rwanda,RWA,2020,11,75.2472606682108,74.4901434359168,82.1351181786171
Malta,MLT,2020,12,74.6032261274267,71.6830911022284,77.5683553925397
Panama,PAN,2020,13,74.0489131846701,69.3881320249675,74.9901518971516
China,CHN,2020,13,73.7011783136943,70.4744568761455,75.9035047724039
South Korea,KOR,2020,12,73.3924075571467,69.461186492326,75.8044837077638
Chile,CHL,2020,13,72.9132051961827,72.1251270688351,78.2046865195859
Georgia,GEO,2020,13,72.2749123988561,68.5137871478343,74.8403787003616
Côte d'Ivoire,CIV,2020,13,71.630872419107,64.4297944580978,71.7576010994491
Senegal,SEN,2020,13,71.55958148918,66.8662129077091,73.2209952681502
Botswana,BWA,2020,12,71.4986450655633,67.600809265706,75.2564579437418
Uruguay,URY,2020,12,71.1974262338857,67.89774387843,74.5355148258347
Portugal,PRT,2020,12,70.8706403606442,65.6648401686463,72.2042162286365
Cyprus,CYP,2020,12,70.3266404422009,67.2197726922161,73.6541937408169
Brunei,BRN,2020,11,70.1408706280718,67.4384232941952,74.2839699683638
Indonesia,IDN,2020,13,69.947218560092,64.8642174067002,70.7971186055544
Spain,ESP,2020,12,69.4055344038356,67.4025091992603,74.2717718403209
Latvia,LVA,2020,12,69.0675693578486,65.6473477424716,71.9794033866643
Lithuania,LTU,2020,12,69.0457484755767,64.6995533060672,71.7031699461214
Barbados,BRB,2020,11,68.7935987760246,66.9777807977681,74.4284022006555
Kenya,KEN,2020,13,68.7935987760246,61.0649977901565,69.1534627372637
Namibia,NAM,2020,13,68.5395936838393,68.0870328999227,74.2517465417687
Jordan,JOR,2020,13,68.5369622916679,62.8026486064976,69.3454420893369
Jamaica,JAM,2020,12,68.3915336848206,64.1195452637683,71.1748615774016
Lebanon,LBN,2020,13,68.0926277413706,58.6403101488055,69.0669162018154
Guinea,GIN,2020,12,66.3926367590971,59.4953248653429,67.4374191813384
Philippines,PHL,2020,13,65.632809495434,61.337520873284,68.0479031687967
Sri Lanka,LKA,2020,13,65.3613897249702,60.6932749038092,67.4410712690526
Kuwait,KWT,2020,13,65.3525673010214,59.7946730376056,66.6790862202575
Suriname,SUR,2020,6,65.028148367482,57.8960617691603,66.0545639114408
Seychelles,SYC,2020,13,64.9386741577604,64.0952002442938,69.9101654111166
Russia,RUS,2020,13,64.5510099784395,63.301318625084,70.1348115300229
Costa Rica,CRI,2020,13,64.3503574047106,61.170673195983,67.0687043118242
Slovenia,SVN,2020,12,64.3490494862994,58.9325557504326,65.5398616709882
Armenia,ARM,2020,12,64.3200754835719,63.1293544835892,70.4858238202799
Tajikistan,TJK,2020,11,64.1669520402496,59.5425350019033,67.4526674054707
Morocco,MAR,2020,13,63.5015352202649,61.1288224754409,67.6100046539256
Kazakhstan,KAZ,2020,12,63.4001386458788,62.3427179682572,70.6985222632926
Italy,ITA,2020,12,63.0537278550477,58.6368331350008,65.2159531474071
Bulgaria,BGR,2020,12,63.0263165902289,56.8425340577667,63.9953362649282
Niger,NER,2020,4,62.9635335704984,60.6781445459949,65.2489225950018
Slovakia,SVK,2020,10,62.9510026873811,57.6992705350319,66.9243639424568
Mexico,MEX,2020,13,62.8922633122577,57.6671369695082,64.9861710305066
Hungary,HUN,2020,10,62.776970773527,54.9302664660833,65.0661820079823
Montenegro,MNE,2020,13,62.5976211391475,61.6159651575778,68.4710325773727
Vietnam,VNM,2020,13,62.5589584790964,59.2910213792909,65.866187733477
São Tomé and Príncipe,STP,2020,6,62.4674575955246,52.9060735732517,62.9091049892301
Colombia,COL,2020,13,62.3972414943008,59.8322031319062,66.668294823791
Peru,PER,2020,13,62.2264189545405,56.8586595344743,63.342059896034
Fiji,FJI,2020,6,62.173071115266,61.602264136922,69.8764470562173
Czech Republic,CZE,2020,11,61.8528925504277,61.3716246930382,68.6756417707349
Republic of Congo,COG,2020,5,61.6394467805412,59.0272508810808,64.2516426800016
Ethiopia,ETH,2020,12,61.5405080515516,59.1698878513039,67.6488591686573
Tanzania,TZA,2020,13,61.4205050861342,56.4615150179107,63.7207332163182
Trinidad and Tobago,TTO,2020,13,61.1340542571216,57.7437051437024,64.4108640115284
North Macedonia,MKD,2020,11,61.1307928131202,56.2365436488161,66.2271814009148
Comoros,COM,2020,5,61.0765821016939,56.4384604636116,62.6900076400984
Pakistan,PAK,2020,13,61.0074234748989,56.7898331601658,64.3827252988137
Albania,ALB,2020,12,60.5748254305656,54.9925901792753,64.7770548308788
Turkey,TUR,2020,13,60.4642219489094,58.2651376043543,65.4560187138768
Thailand,THA,2020,13,60.3691357569684,59.9088531315336,69.7619656827793
Ghana,GHA,2020,12,60.3615322106365,55.3512130562245,61.9686579302459
Cabo Verde,CPV,2020,13,60.2371721102595,59.5367767813682,66.2415540118016
Zambia,ZMB,2020,12,59.7024482993661,56.7953975352046,65.8099818251729
Papua New Guinea,PNG,2020,6,59.5827590796288,54.5410323023113,61.9985056064851
Laos,LAO,2020,12,59.5786844017358,56.3398224738504,64.5881592807103
Dominican Republic,DOM,2020,12,59.5473838640766,53.5558967475169,62.2221717030074
Togo,TGO,2020,6,59.2603843294438,54.2818380118298,61.9807886171416
Belarus,BLR,2020,5,59.1899514766487,52.3302713472835,61.6360061440789
Algeria,DZA,2020,13,58.7052210397746,51.9332469685358,59.1942429357398
Lesotho,LSO,2020,11,58.6798058490188,52.1292684360904,62.7732368955336
Serbia,SRB,2020,12,58.4777156123512,52.7612689211068,62.0926608599667
India,IND,2020,13,57.8779157114008,55.2256730224402,61.647960918509
Poland,POL,2020,12,57.8331991733661,57.5004607290805,64.6699388391715
Ukraine,UKR,2020,13,57.7379047360749,53.7191086242843,61.7113121886302
Mongolia,MNG,2020,12,57.7356379821833,48.5273656517773,58.3421731351567
Honduras,HND,2020,13,56.7431657086455,48.8165193727779,58.1536313588496
Cameroon,CMR,2020,13,56.3695415676055,52.5966816878046,60.216890299536
Burkina Faso,BFA,2020,12,56.2306026253062,53.1745078400877,61.8233184768299
Cambodia,KHM,2020,13,56.2243447367241,47.4164389914701,56.6310964760778
Sudan,SDN,2020,5,56.1504842081887,52.6804254037669,59.645742397367
Burundi,BDI,2020,11,55.8868160547111,47.3926154172809,58.2857776238528
Kyrgyzstan,KGZ,2020,12,55.8282291917245,47.3162479075788,55.9107402313103
Greece,GRC,2020,12,55.6453935261873,52.5937973075375,59.4274254555657
Gambia,GMB,2020,12,54.791588423127,51.6108458599546,59.9929708269822
Guatemala,GTM,2020,12,54.3641960864474,44.2577452717065,54.8282210672402
South Africa,ZAF,2020,13,54.173286815601,51.774117728675,58.5499039085527
Liberia,LBR,2020,12,53.6584253564049,46.1991440412472,55.3774816213602
Mali,MLI,2020,11,53.5385317802959,49.1704702906485,59.8532201045933
Uganda,UGA,2020,12,53.3538776368669,50.7569498844265,59.2912247623399
Sierra Leone,SLE,2020,12,53.1177382879604,48.4013628942864,57.8828002897566
Eswatini,SWZ,2020,12,52.8939022115593,50.4729990528901,59.4054528507236
Romania,ROU,2020,12,52.8000027587393,49.999885439944,58.0221098984594
Bangladesh,BGD,2020,13,52.57574003258,48.7081507256622,55.9207823398055
Somalia,SOM,2020,4,52.5640567865398,48.364707943002,56.7634056300776
Tunisia,TUN,2020,12,52.3258692354358,49.3098839524744,57.1174733624811
Croatia,HRV,2020,12,51.5421754059283,45.3980985858065,55.5085221456302
Egypt,EGY,2020,13,51.5203659699004,48.4878040055645,56.1454993361649
Malawi,MWI,2020,12,50.0068244581842,41.6009584476512,50.3199163120266
Angola,AGO,2020,13,49.9626384132884,39.078911343025,50.4593785415267
Timor-Leste,TLS,2020,4,49.8851902609995,46.8958996969002,57.6404411826915
Ecuador,ECU,2020,13,49.8824652792098,44.1410549292968,53.5559648426753
Nicaragua,NIC,2020,12,49.8165255043568,40.7955553634585,53.0972137389071
Syria,SYR,2020,5,49.4357173336757,46.7543561704906,56.3162971576915
Paraguay,PRY,2020,13,49.3990102175492,45.1145372213206,52.4993384722879
Moldova,MDA,2020,13,48.8154881547394,44.9416590615976,53.1895707882573
Nepal,NPL,2020,12,48.6632667922206,47.0538597770779,56.7216665560448
Mozambique,MOZ,2020,13,48.1065867256028,44.2612563572978,52.8161216463992
El Salvador,SLV,2020,13,47.6902313406978,43.8598894318733,52.7267632153546
Guinea-Bissau,GNB,2020,5,46.9210947209963,43.2380024099483,50.6041870320443
Nigeria,NGA,2020,13,46.6584658596254,39.6640456326128,49.3025532051315
Brazil,BRA,2020,13,45.6791133159043,45.2221081411455,54.9429035077018
Gabon,GAB,2020,11,45.6414538346255,42.4627133363587,51.3972892362239
Haiti,HTI,2020,11,45.1953463244519,44.2473020242876,57.4156330895287
Benin,BEN,2020,12,44.8350597289152,38.4043065428212,46.0957512361614
Bosnia and Herzegovina,BIH,2020,11,43.9477007548509,32.5633992744648,45.8367151578914
Argentina,ARG,2020,13,43.5070092163325,41.0173871131354,49.2174421970348
Cuba,CUB,2020,6,43.1456594353143,42.5099989780029,55.8452079352806
Iran,IRN,2020,13,42.9899782866043,42.4614858276738,53.5688123504544
Bolivia,BOL,2020,12,42.9179131758944,34.479100594502,44.5505897051089
Zimbabwe,ZWE,2020,12,42.2423903719343,35.8461965620615,47.3374596402465
Madagascar,MDG,2020,13,41.016806369268,40.5023537191471,51.3688596474296
Mauritania,MRT,2020,12,35.5084178581752,23.5520380116326,36.0491588965973
Yemen,YEM,2020,11,35.4757275239168,25.9861325257099,39.980489182331
Chad,TCD,2020,10,35.3998178763366,34.6135055932822,50.8101531780736
Equatorial Guinea,GNQ,2020,5,34.5678476904432,33.2735637129815,35.8621316679048
Libya,LBY,2020,5,34.4854880223352,28.4785592832948,40.4924167613755
Democratic Republic of Congo,COD,2020,13,27.3805679439671,22.5521223832538,33.7313011070929
Venezuela,VEN,2020,13,14.9453804421283,1.00777556587827,19.6009562710032
Singapore,SGP,2019,16,94.4586151458322,92.1168736969121,96.0840193610108
Hong Kong,HKG,2019,14,93.354300592897,89.9334308261899,93.8803177790195
Switzerland,CHE,2019,15,92.2272492225655,89.1062015285095,93.6614305189823
Luxembourg,LUX,2019,14,92.1257033778865,89.6656496405241,94.3999404116739
Finland,FIN,2019,15,91.7449029746768,89.2186618725462,93.2545332793538
United States of America,USA,2019,16,91.0289908427597,89.3031113551929,92.8120620551044
Germany,DEU,2019,15,90.0400764666505,87.8358045568309,92.4286487440071
United Arab Emirates,ARE,2019,16,89.4810783497159,87.82278937242,91.7188777478255
Sweden,SWE,2019,15,88.9977508856185,85.3022546587904,89.8059020916587
Netherlands,NLD,2019,15,88.9103241696978,86.7057711474297,91.0211938157962
United Kingdom,GBR,2019,15,88.7282009598686,84.5848525286063,89.2569506277203
New Zealand,NZL,2019,16,88.3986898996938,87.7833109356002,91.9056613350756
Japan,JPN,2019,16,87.2437422893552,84.2506416037276,88.1374570225813
Qatar,QAT,2019,16,86.3588525199926,83.3551308239818,88.5647692773866
Denmark,DNK,2019,14,86.1850277457585,83.804956958844,88.4005422089761
Canada,CAN,2019,16,85.5598344189499,83.6714794725036,87.9252299656599
Malaysia,MYS,2019,16,85.3720960817928,82.9163653621247,87.7799708171697
Norway,NOR,2019,15,85.328967186688,85.0869666983866,89.3832686516886
Oman,OMN,2019,16,83.9761988762908,80.5755149329032,85.6928276580926
Austria,AUT,2019,14,83.5521620542908,78.0894227325873,84.1222406708881
Iceland,ISL,2019,16,83.3380494396737,81.5773176177795,87.0672737588503
France,FRA,2019,15,80.9756646290857,75.6908084298589,81.4658975698581
Ireland,IRL,2019,15,80.802159774554,79.241473823146,83.8677484416669
Israel,ISR,2019,16,80.6078948394514,76.4592123047175,81.7559763240795
Belgium,BEL,2019,15,79.9646632092406,77.0610761229479,82.7082252380927
Saudi Arabia,SAU,2019,16,79.898003938318,76.8070891123822,82.3474615782563
Australia,AUS,2019,16,79.845277460905,77.2666337618231,82.4239211599868
Taiwan,TWN,2019,15,79.6689481272807,76.0882744165452,81.7410565172295
Bahrain,BHR,2019,11,78.6670142078986,78.5297514021781,84.0679685310047
Rwanda,RWA,2019,14,78.3343996357123,74.9910402193342,82.0716347810797
Mauritius,MUS,2019,16,78.1842082868103,75.8982669314645,80.7982802322515
Estonia,EST,2019,14,77.2078002576369,75.4462517369911,81.5141398769875
Malta,MLT,2019,15,75.7550179548904,73.4229570992614,78.8423810357201
Chile,CHL,2019,16,75.5101156399154,71.6519166228058,77.813210337268
Namibia,NAM,2019,16,74.1219874406613,68.2846045098448,74.9729026206864
Botswana,BWA,2019,15,73.9253697121767,67.8982914921523,75.5297654321862
Georgia,GEO,2019,16,72.7898478458519,67.5914693757502,73.854655903874
Azerbaijan,AZE,2019,11,71.5256489271589,65.3458475982214,72.9900938288621
Senegal,SEN,2019,16,71.5051185457461,64.6496165211753,71.8712464394493
Panama,PAN,2019,16,70.9255091801933,69.5944205555816,75.0974014948232
South Korea,KOR,2019,15,70.906347210562,69.2817415905644,75.2746834097854
Portugal,PRT,2019,15,70.3459682467789,65.9805776104643,71.8468625774269
Brunei,BRN,2019,14,69.9312341870838,67.3847148679327,74.0784911890913
Cyprus,CYP,2019,15,69.9028161451532,67.4072698917799,73.4320352238363
Lithuania,LTU,2019,15,69.3486252032469,63.749565965021,69.798701722298
Lebanon,LBN,2019,16,69.337530531569,63.2192185446728,70.0656485734963
Kazakhstan,KAZ,2019,15,69.1737344096616,60.9176327019274,69.2725806922488
Uruguay,URY,2019,15,68.7763666694298,67.419226385946,74.4444820214738
Ethiopia,ETH,2019,12,68.7347362182353,60.645138974668,69.4137909694209
Barbados,BRB,2019,9,68.6708899139049,64.8772652823571,72.5407975785907
Seychelles,SYC,2019,16,68.5600316886019,65.1247084724181,71.9953549047858
Kenya,KEN,2019,16,68.2352644701634,62.808668449221,68.9107971858098
Spain,ESP,2019,15,67.912758990844,66.202274859713,72.5334770275741
Russia,RUS,2019,16,67.7946985186244,64.6944333886632,71.0189514524607
China,CHN,2019,13,67.667508314579,62.6330099524494,69.2357248076495
Côte d'Ivoire,CIV,2019,16,67.6524739882806,64.1662346721234,71.3151403686911
Indonesia,IDN,2019,16,67.5329445778334,64.6947230408836,71.0409152841921
Jamaica,JAM,2019,16,67.0843368643608,64.5756028851283,70.8896611896439
Armenia,ARM,2019,14,67.0683337498586,61.4701117007663,70.555435176017
Slovakia,SVK,2019,13,66.8350846054449,59.5900162986389,68.5815416359554
Latvia,LVA,2019,15,66.7052294893193,63.3314342671374,69.4943029773885
Morocco,MAR,2019,16,66.3876301273497,60.3578673268446,66.620745042451
Zambia,ZMB,2019,15,66.0275828201354,58.9538699279813,67.4615406827577
Suriname,SUR,2019,6,65.0135966361838,55.8859380051331,65.6371138012751
Laos,LAO,2019,15,64.9977015928181,56.7994259265369,65.6335023657233
Turkey,TUR,2019,16,64.7822114045025,57.9758132074444,65.1008587984457
Albania,ALB,2019,15,64.7333222154559,59.336880442089,66.7906733029589
Niger,NER,2019,4,64.7272745247174,62.6577100824081,66.7968389670266
Thailand,THA,2019,16,64.5005143239618,63.1930974137125,70.3615565503691
Philippines,PHL,2019,16,64.3966302273095,62.0724742606604,68.4354786313627
Costa Rica,CRI,2019,16,64.3471384618858,61.2666921090071,67.3831252837334
Trinidad and Tobago,TTO,2019,16,64.2073447139329,58.639995017708,64.9042899508733
Czech Republic,CZE,2019,14,64.1560347149518,61.6038462657309,68.0198299031446
Mexico,MEX,2019,16,64.1031252804814,59.1459110330811,65.5450241532761
Fiji,FJI,2019,6,64.0303640498099,58.6181718121078,66.9339244866945
São Tomé and Príncipe,STP,2019,6,63.8632321462196,58.7077279080683,69.018736384371
Jordan,JOR,2019,16,63.564549975065,62.3490091148091,68.4405614917142
Comoros,COM,2019,5,63.0516943024613,58.4525718837795,64.0657006502452
Republic of Congo,COG,2019,5,62.9887573748274,60.5528807332146,65.4246340164402
Sri Lanka,LKA,2019,16,62.8281412652425,59.422780065409,66.5633511072008
Burkina Faso,BFA,2019,15,62.797921657852,55.0898155801535,64.4783809678349
Kuwait,KWT,2019,16,62.670065578909,58.1138520207242,64.8794721130713
Peru,PER,2019,16,62.4045660905666,57.1982776073446,63.9848945416548
Italy,ITA,2019,15,62.351787314839,57.5412234607387,64.6079986316806
Poland,POL,2019,15,62.0847693898541,59.085792502227,64.720811038571
Ghana,GHA,2019,15,61.8682951599018,57.17134238254,64.3804962439992
Tajikistan,TJK,2019,14,61.6332978768223,58.1502318877019,67.0118639914245
Montenegro,MNE,2019,16,61.4838447607463,60.1162945126259,66.9527227934542
Cabo Verde,CPV,2019,16,61.1166496662109,58.8379504404059,66.1165541533074
Colombia,COL,2019,16,60.716110645634,59.0526639314483,64.8936784000497
Lesotho,LSO,2019,14,60.6799863733256,53.9769955387242,63.1847040757957
Belarus,BLR,2019,5,60.3277511172564,53.5843886352741,62.2896866523777
Vietnam,VNM,2019,16,60.297273978777,58.4081694157267,65.12221544394
Pakistan,PAK,2019,16,60.2289611356005,56.3054471960707,63.378316444504
Gambia,GMB,2019,15,59.7118692522356,53.0887145790753,60.7594021230561
North Macedonia,MKD,2019,14,59.5159481726453,57.8659451305219,67.3050487846357
Papua New Guinea,PNG,2019,6,59.4990775782435,54.7642641526047,62.410603026942
India,IND,2019,16,59.357979969465,58.1131567088825,64.7742344265658
Hungary,HUN,2019,13,58.4870061350936,54.2119603042581,63.1458859250358
Cameroon,CMR,2019,15,58.4298824859284,53.3601242559732,61.1798399250726
Slovenia,SVN,2019,15,58.2595362714535,57.9380751172214,64.8700546980485
Bulgaria,BGR,2019,15,57.9880150277981,55.4434597940161,62.5780409873024
Serbia,SRB,2019,15,57.5162377020293,53.8383964417549,61.5342931061757
Eswatini,SWZ,2019,15,56.9697961756025,50.9244485546836,59.6600777020835
Ukraine,UKR,2019,16,56.9244585228724,52.0990043491171,58.688293273647
Togo,TGO,2019,6,56.9063817435482,53.2141994655361,61.9030248270339
Tanzania,TZA,2019,16,56.7174315784931,55.93925241376,63.9765054216814
Honduras,HND,2019,16,56.5661087398242,51.8052889288842,59.5326735274914
Mongolia,MNG,2019,15,56.4113741515769,50.8983992927534,59.1743643112454
Guinea,GIN,2019,12,56.4040116693203,54.7307517661013,63.7584445293539
Iran,IRN,2019,15,56.2801734445172,52.149218735333,61.8426074343319
Romania,ROU,2019,15,55.9651809192367,51.4794409600575,58.0100306700121
Dominican Republic,DOM,2019,15,55.9129842073203,52.2952503341006,59.8086654717843
Uganda,UGA,2019,15,55.6775330665456,51.5401463917914,59.9789902118659
South Africa,ZAF,2019,16,55.6472125484854,51.9186352627334,58.5099834607602
Mali,MLI,2019,14,55.2262099443153,50.438479335734,61.2783262609168
Kyrgyzstan,KGZ,2019,15,54.9709726824785,48.2981448413177,57.1148708953672
Croatia,HRV,2019,15,54.2156933040738,47.8763993567451,55.8331173683891
Greece,GRC,2019,15,54.0938848013203,51.9880649074612,58.3481328126841
Egypt,EGY,2019,16,53.9308451767082,47.4310248610565,54.2736750360675
Algeria,DZA,2019,16,53.8960926284275,50.1190453072332,58.1827918456594
Somalia,SOM,2019,4,53.8006978187886,49.9248808084953,57.676514829082
Tunisia,TUN,2019,15,53.6110417415392,51.0704214467402,57.8914359300871
Brazil,BRA,2019,16,53.5981636491301,47.9159466749063,55.373940001778
Nepal,NPL,2019,15,52.2528963419954,47.4681514860807,55.8898381198926
Cuba,CUB,2019,6,52.0095430485839,45.1613014586208,57.3793601207292
Sudan,SDN,2019,5,51.2127826079773,51.188963227238,57.9307236424923
Nicaragua,NIC,2019,15,50.5454677110556,44.3294596968812,54.1950024896096
Syria,SYR,2019,5,50.4708009368233,48.0471420671934,57.2765189953213
Sierra Leone,SLE,2019,14,50.4101317907202,49.063880074513,59.04938640848
Mozambique,MOZ,2019,16,50.3349552246007,46.3344146612892,53.9199606317297
Ecuador,ECU,2019,16,50.2065269350059,46.1143847192946,53.7134481018777
Bangladesh,BGD,2019,16,50.1439342745115,48.9108349168914,56.2980814069173
Gabon,GAB,2019,10,49.9631166790028,44.7660341625897,54.2833844854945
Nigeria,NGA,2019,16,49.8159651416778,42.1785178692176,51.1328161765846
Moldova,MDA,2019,16,49.5943197086305,44.259130978,52.5542475134107
Cambodia,KHM,2019,16,48.824901892992,45.9378535410311,54.7377573946065
Timor-Leste,TLS,2019,4,48.2790416549924,46.5206338869338,57.1518196451221
Guatemala,GTM,2019,15,46.8074423931529,45.5829550230911,54.2434202761188
Chad,TCD,2019,13,46.5371642002065,38.8952956097098,50.265973455209
Paraguay,PRY,2019,16,46.5282048755693,45.6707533918263,53.3410372605509
Malawi,MWI,2019,15,46.4550251236059,41.9228313308265,51.5298942778913
Burundi,BDI,2019,11,46.3193799026444,39.7888396558397,51.2526537807722
Argentina,ARG,2019,16,46.255936270172,41.9362831083734,49.6863080984438
Liberia,LBR,2019,15,46.1725465636005,45.6894422668173,55.9696700024593
Guinea-Bissau,GNB,2019,5,45.8123158489484,42.3527893028347,49.2718423950621
Madagascar,MDG,2019,13,45.0410100714073,41.7423011804528,52.1142338446852
Benin,BEN,2019,15,43.1087230786378,37.0949459692816,44.8980223538049
Haiti,HTI,2019,14,42.8729563514364,41.985903176711,52.2054801843994
El Salvador,SLV,2019,16,40.9520765852524,36.0513845119919,44.3583643808724
Bolivia,BOL,2019,15,40.0887017260931,30.8077038321741,40.6614789250161
Zimbabwe,ZWE,2019,15,39.3747188510462,37.4296691493793,46.5589438465023
Bosnia and Herzegovina,BIH,2019,14,38.8690930280059,34.3830486671968,44.694316490548
Angola,AGO,2019,16,32.996399010113,32.7661065460359,43.0647503717576
Libya,LBY,2019,5,32.9493973828967,26.8038230817321,39.0949716840612
Yemen,YEM,2019,15,31.4886303079985,23.8142010708987,33.002659364044
Equatorial Guinea,GNQ,2019,5,30.2995734521683,29.8756478157021,30.7234990886344
Democratic Republic of Congo,COD,2019,15,30.0601385007182,26.7361357300633,36.152949758357
Mauritania,MRT,2019,15,26.5454050751206,19.272098982002,29.2911600269664
Venezuela,VEN,2019,16,0,0,10.0801172098902
Singapore,SGP,2018,16,94.3229085515402,92.3885621698731,96.3197939696664
Switzerland,CHE,2018,15,92.4888296472717,89.6511877462429,94.0402015413008
New Zealand,NZL,2018,16,92.1357825521065,89.2287426099327,92.9779648165346
Finland,FIN,2018,15,92.0590255257766,89.2887802475475,93.2130200901587
Hong Kong,HKG,2018,14,91.8670437621835,89.723539806636,94.024337462104
Germany,DEU,2018,15,91.1263494612283,88.1026962848272,92.6649797854588
Norway,NOR,2018,15,90.9066771200577,86.7531208747464,91.1026381231916
United States of America,USA,2018,16,90.0919378258666,88.218245571287,92.473531354855
Luxembourg,LUX,2018,14,89.26971059187,88.8210343670991,94.0870290349767
United Arab Emirates,ARE,2018,16,89.0635037402437,86.530418148953,90.4898670330778
United Kingdom,GBR,2018,15,88.9430134184973,84.6042281861659,89.7730565887849
Japan,JPN,2018,16,87.1206867044167,82.7070020882986,87.406560710273
Netherlands,NLD,2018,15,86.7720533685272,86.7306498979536,91.102097958221
Canada,CAN,2018,16,86.27930253452,84.9398158523213,89.1300211157549
Denmark,DNK,2018,14,86.212760228375,83.3626861129065,87.9827001612313
Malaysia,MYS,2018,16,85.6656371463424,83.1337260608958,87.3626840764579
Sweden,SWE,2018,15,85.6599100796184,85.2947841449421,89.7485920007171
Iceland,ISL,2018,16,85.2195853295582,81.447343225988,86.6648560733222
Qatar,QAT,2018,16,84.2226137097874,81.9357618044624,87.1278624484579
Bahrain,BHR,2018,11,83.4545099056921,78.1703626218823,83.7242703797177
Oman,OMN,2018,16,81.6994601848747,77.1984950522352,82.1180682751659
Ireland,IRL,2018,15,81.2215183029259,79.0841119878315,84.2289273023656
France,FRA,2018,15,80.9902799506918,74.5219586642109,81.2933596769954
Israel,ISR,2018,16,80.675128136315,76.1243596935437,81.1494597757792
Rwanda,RWA,2018,14,80.1357150464872,73.2028276926753,81.0360898608374
Belgium,BEL,2018,15,79.5487601392389,76.5821337128874,82.2042752285921
Australia,AUS,2018,16,79.2302878473837,79.071888466889,84.0289390150777
Taiwan,TWN,2018,15,78.8843419890082,75.9522577706983,81.2973228435776
Austria,AUT,2018,14,78.6066184423903,77.177738547603,83.3447434454445
Chile,CHL,2018,16,77.6512280994112,70.2351704303831,77.9976252513677
Estonia,EST,2018,14,77.5648535002975,76.8236902818563,82.1927206530988
Saudi Arabia,SAU,2018,16,77.5317374059354,74.8766180011563,80.3066551661793
Mauritius,MUS,2018,16,77.2975136625484,75.3855752457142,80.2950292223727
Malta,MLT,2018,15,75.3229965445482,73.1961386902964,78.8635793539747
Panama,PAN,2018,16,74.9895883422952,69.9823770813152,76.1732038823415
Brunei,BRN,2018,14,72.5983970485775,68.277799955519,74.8210532672272
Namibia,NAM,2018,16,71.5250563914983,68.8616718450785,75.3268574978061
Spain,ESP,2018,15,71.4181495539662,66.2744034297275,72.9011269956376
Bhutan,BTN,2018,14,70.8511533912623,64.1370078790324,71.2834909782093
Georgia,GEO,2018,16,70.7028336993626,66.7092637389541,72.6037102867623
Portugal,PRT,2018,15,70.4478744366783,64.6386074856109,71.0252777807429
Botswana,BWA,2018,15,70.3296265490476,68.0718126974827,75.3687804767505
Barbados,BRB,2018,9,69.6928608151643,65.9749569164402,72.9180566153978
Cyprus,CYP,2018,15,69.4509767796466,66.8564031185713,73.5200023269084
Côte d'Ivoire,CIV,2018,16,69.4425732558088,65.0951217739201,72.7413652010421
Senegal,SEN,2018,16,69.2586109913643,65.2496975241803,71.5919614132268
Russia,RUS,2018,16,69.0724150887281,63.3588458605423,70.0373018834838
Azerbaijan,AZE,2018,14,68.1983233625138,64.8537131391153,72.9253720886495
South Korea,KOR,2018,15,67.5162842331138,66.2548329577915,73.5347616193509
Thailand,THA,2018,16,66.880124483192,63.8824180068874,70.151636331791
Jamaica,JAM,2018,16,66.7011947565662,63.3271709620865,70.1548364903439
Uruguay,URY,2018,15,66.496981927956,66.1558103014536,73.5201545248529
Niger,NER,2018,4,66.4910154789363,64.6372756188214,68.3447553390513
Zambia,ZMB,2018,15,66.0097198038637,60.5804758693113,68.8635173993438
Czech Republic,CZE,2018,14,66.001349385912,60.0246630273538,66.7197597267222
Lithuania,LTU,2018,15,65.8205945310695,62.815245858048,69.1010072628458
Kenya,KEN,2018,16,65.7981776832727,61.1749882209873,68.0373398311026
Slovakia,SVK,2018,13,65.539383909018,58.527532418659,67.7670714604755
Jordan,JOR,2018,16,65.4933196464705,61.3634387721583,67.597707274782
Ethiopia,ETH,2018,15,65.2753635491934,61.5430734334992,70.1571836480918
Indonesia,IDN,2018,16,65.2101400095225,63.2739658597415,70.0897484010713
Comoros,COM,2018,5,65.0268065032287,60.4666833039473,65.4413936603919
Lebanon,LBN,2018,16,64.983693562892,61.0798833606382,68.755672884374
North Macedonia,MKD,2018,14,64.6573613422091,63.037207860521,72.6853978607968
Sri Lanka,LKA,2018,16,64.6467267885461,60.7506030592671,67.3576747544915
Kazakhstan,KAZ,2018,15,64.5627089979412,60.4770841619047,68.9120278125955
Republic of Congo,COG,2018,5,64.3380679691136,62.0785105853484,66.5976253528788
Seychelles,SYC,2018,16,64.1590252432628,58.6781329681972,65.4966169035633
Trinidad and Tobago,TTO,2018,15,63.7654845795513,59.3084986655539,65.9062028825078
Costa Rica,CRI,2018,16,63.4931848018003,61.1860341291167,66.9948815020992
Montenegro,MNE,2018,16,63.381696283043,58.5344365830442,65.4711333485909
Turkey,TUR,2018,16,63.2756327185946,58.8713842161383,65.3678609498224
Burkina Faso,BFA,2018,9,62.9113393356879,56.643482470978,64.6603981540519
China,CHN,2018,16,62.9056977414912,61.5841979732877,67.7377012406186
Latvia,LVA,2018,15,62.8140513855418,61.1015419148194,67.1909715108332
Peru,PER,2018,16,62.5485128532874,57.5092245595438,63.8942522901618
India,IND,2018,16,61.9748366626935,56.8047792933386,64.116905970741
Fiji,FJI,2018,6,61.9499562496662,59.0170954832222,67.2089022942201
São Tomé and Príncipe,STP,2018,5,61.6836115846368,57.4226856540551,65.9445375152184
Morocco,MAR,2018,16,61.6567814634722,58.238585104563,64.8485540480466
Belarus,BLR,2018,5,61.4655507578636,54.8385059232646,62.9433671606766
Slovenia,SVN,2018,15,60.9568755549685,58.0410756972448,65.0406161208711
Cabo Verde,CPV,2018,15,60.9074240292694,59.0289164665445,65.9409404668604
Colombia,COL,2018,16,60.874461975245,57.8577583967533,64.0685707385866
Cameroon,CMR,2018,14,60.8525606450367,55.8532649590258,64.1450435251387
Poland,POL,2018,15,60.6641218329287,58.4504024093634,64.8077286415336
Vietnam,VNM,2018,16,60.5863258527902,57.9744367682047,65.0164466724064
Italy,ITA,2018,15,60.4702621528033,57.8189989611355,63.9596024601368
Hungary,HUN,2018,13,60.1444712414559,52.99910897543,61.9307900820665
Papua New Guinea,PNG,2018,5,60.1161450688487,54.7719062675286,62.3882258422035
Mexico,MEX,2018,16,60.0348329698712,58.174873831171,65.061368648693
Puerto Rico,PRI,2018,12,59.8974934494032,59.0055429095101,66.8664665506779
Laos,LAO,2018,15,59.8858584218824,58.0544330755196,65.2956016772297
Kuwait,KWT,2018,16,59.474413300363,55.304248921591,62.5497432280369
Tajikistan,TJK,2018,15,58.7593417936068,58.322430264161,67.6942864485697
Tanzania,TZA,2018,16,58.6293188470792,55.0158509661339,62.7267282910145
Armenia,ARM,2018,14,58.3893521983274,57.9139962189155,68.0735466449377
Iran,IRN,2018,15,58.279463775396,54.8702308013298,64.2245882692519
Guinea,GIN,2018,15,58.2338085896804,54.5037604009342,63.683877779331
Honduras,HND,2018,16,58.1487783505782,51.3960266332189,59.4383445227459
Philippines,PHL,2018,16,58.0296528687018,57.6130656826333,66.538543421945
Albania,ALB,2018,15,57.9123776011439,57.4778074600733,66.7857820188598
Mali,MLI,2018,14,57.8905651107929,50.591662767451,60.9570718047544
Togo,TGO,2018,6,57.8717416458164,53.4281465226176,61.685793069763
Tunisia,TUN,2018,15,57.7048353993943,50.7982007205823,57.9620921997943
Ghana,GHA,2018,16,57.3465949099017,51.2644552590228,59.201078705529
Sudan,SDN,2018,6,56.1504842081887,52.6804254037669,59.645742397367
Mongolia,MNG,2018,15,56.1261665874218,50.238148091953,58.4252528290742
Suriname,SUR,2018,6,56.1051624121637,55.9910935371764,66.1984852627257
Pakistan,PAK,2018,16,55.1679445310859,53.9969627762917,61.4762635427598
Somalia,SOM,2018,4,55.0373388510375,51.4850536739893,58.5896240280856
South Africa,ZAF,2018,16,55.025306814656,52.8874883979891,59.4893661828687
Guatemala,GTM,2018,15,55.0224092220523,47.327377496314,56.2548268513611
Lesotho,LSO,2018,14,55.0157759559947,53.0961316777387,63.4636708099092
Romania,ROU,2018,15,54.7009428741207,48.9991080556626,56.3554497374524
Croatia,HRV,2018,15,54.648684420806,48.2723757343085,56.3450598091858
Ukraine,UKR,2018,16,54.6111761488483,48.9403638339659,57.5155858268149
Gambia,GMB,2018,15,54.6095834181808,51.331990386799,59.0855241407743
Greece,GRC,2018,15,54.5789274587145,50.1491059401998,57.3317663296305
Nepal,NPL,2018,15,54.2535301646341,47.3877898745799,55.9012250555888
Eswatini,SWZ,2018,14,54.2134803642031,51.9613683598427,61.9959457312563
Liberia,LBR,2018,14,54.10747856924,47.3522780122034,55.9428560518102
Sierra Leone,SLE,2018,14,53.5144897613466,49.1665537435985,59.598640200797
Cambodia,KHM,2018,16,53.0859988969316,46.5227037181062,54.3475770809678
Cuba,CUB,2018,6,52.7680909552221,46.3295645340497,58.1250322382113
Nicaragua,NIC,2018,15,52.6040276437718,44.9882858562356,54.6254795552248
Algeria,DZA,2018,16,52.4412385908105,49.7754642317666,56.5594822099908
Dominican Republic,DOM,2018,15,52.4267656938542,48.0222606870728,56.1729801001509
Mozambique,MOZ,2018,16,52.3716908165244,46.5860945647649,53.9391536595972
Bulgaria,BGR,2018,15,52.0594901587614,51.6076398104233,61.2527028170246
Uganda,UGA,2018,15,51.8860191528052,51.3771979618923,60.2326716005904
Kyrgyzstan,KGZ,2018,15,51.8699281448348,45.5200776705286,54.7219975234359
Syria,SYR,2018,5,51.5058845399703,49.3399279638957,58.2367408329512
Brazil,BRA,2018,16,51.4528700056141,48.3908968326166,55.6137872300023
Bosnia and Herzegovina,BIH,2018,14,51.4008765392417,39.5393130659945,51.9406759687962
Serbia,SRB,2018,15,50.111317162603,45.9161891820118,54.3064451431941
Gabon,GAB,2018,10,49.079393871288,45.6716992420932,53.7234958064515
Nigeria,NGA,2018,16,48.6877643216482,42.6698074906581,51.286489562909
Bangladesh,BGD,2018,16,48.6870846967095,48.0154837467061,55.7356654160759
Ecuador,ECU,2018,16,47.282638598057,44.2018781389117,51.9556889748489
Egypt,EGY,2018,16,47.1596190758904,44.3054732572259,52.1425846180849
Timor-Leste,TLS,2018,4,46.6728930489858,46.1453680769675,56.6631981075526
Malawi,MWI,2018,15,46.5506776880814,41.2773655983917,50.7361007360591
Paraguay,PRY,2018,16,46.3671801125894,44.2576915109481,51.6153548895064
Moldova,MDA,2018,16,45.9846212939993,42.3265969943094,50.5972493531644
Argentina,ARG,2018,16,44.9606345527358,41.0864493314784,48.0209561136883
Chad,TCD,2018,13,44.8202554861658,38.5749643152261,49.1179940949807
Guinea-Bissau,GNB,2018,5,44.7035369769005,41.4675761957211,47.9394977580799
Madagascar,MDG,2018,16,44.6110786943839,41.7135789458209,50.5928987812663
El Salvador,SLV,2018,16,43.8425375273107,40.3710016171972,49.1662712748843
Bolivia,BOL,2018,15,41.5699431624006,38.9869622577261,48.6224611251202
Burundi,BDI,2018,14,41.3978560550682,39.4317502680904,49.9596902181939
Haiti,HTI,2018,14,39.1863050833192,38.6859689424506,49.1077409792594
Zimbabwe,ZWE,2018,15,38.3214239465326,32.6142109124379,42.6070587886744
Benin,BEN,2018,15,37.2720873082331,34.1708145018301,42.5151588782442
Democratic Republic of Congo,COD,2018,15,32.2695122304851,28.9235368863724,36.9244639295696
Libya,LBY,2018,5,31.4133067434582,25.1290868801695,37.6975266067469
Angola,AGO,2018,10,31.0631214081823,26.4210289701796,35.7052138461849
Yemen,YEM,2018,15,26.7952584678547,23.5374930668817,34.585753293294
Equatorial Guinea,GNQ,2018,5,26.0312992138934,25.5848665093642,26.4777319184225
Mauritania,MRT,2018,15,19.728808745757,19.5991650178991,28.6302961056785
Venezuela,VEN,2018,16,8.91724132112616,3.38690541863714,15.0063659801879
Singapore,SGP,2017,16,95.2982747205374,93.6774176929717,97.2667491870133
Finland,FIN,2017,15,93.3906673002534,89.363849067447,93.550821279317
New Zealand,NZL,2017,16,91.9746628444503,90.3577487702765,93.5903110473335
Hong Kong,HKG,2017,14,91.6578226029097,90.1050415965806,94.6271803106011
Switzerland,CHE,2017,15,91.3987618720171,89.9117731648574,94.2241219160406
Germany,DEU,2017,15,91.0475462050242,88.6387632253266,92.8429316688053
Netherlands,NLD,2017,15,90.7661323057839,86.4316957847435,91.1475946200077
Sweden,SWE,2017,15,89.8171451527637,87.0142481324788,90.9177190953496
Luxembourg,LUX,2017,14,89.4418068699091,89.3556877094574,94.2480301675076
United Kingdom,GBR,2017,15,89.2766747234212,86.5583271731665,90.8123620906612
Norway,NOR,2017,15,89.1997613257893,87.615059785676,91.5190659080792
Denmark,DNK,2017,14,88.2156393071437,85.8451129412959,90.5861656729915
United Arab Emirates,ARE,2017,16,88.1353085816886,86.7354431521721,90.672621547995
Canada,CAN,2017,16,87.9576936994973,85.5759844258933,89.523587838087
United States of America,USA,2017,16,87.9086113412528,86.7689912935371,90.8185790190083
Qatar,QAT,2017,16,85.8406646416395,82.5180562174731,87.2245233139075
Malaysia,MYS,2017,16,85.360829300009,83.1923314184106,87.8037452693067
Iceland,ISL,2017,16,83.7436197343122,81.1720264826228,86.8599725896737
Japan,JPN,2017,16,83.5349601570856,83.5201557950028,87.7702895954292
Bahrain,BHR,2017,14,82.3101471280045,77.8501665002289,83.3825143059906
Austria,AUT,2017,14,81.4000004344327,77.3244411548451,83.6185896274162
Australia,AUS,2017,16,81.3731250565788,80.502331452354,85.0846455539909
Ireland,IRL,2017,15,80.9979055217512,80.7383542275543,86.3782598272765
Israel,ISR,2017,16,80.7806777516126,76.320949877602,81.3334766186056
Oman,OMN,2017,16,78.6114714925246,76.5273353846242,82.2091420268998
Belgium,BEL,2017,15,78.1577502819196,77.546800719215,83.2307190971694
Taiwan,TWN,2017,15,77.9301045256099,75.4939029326012,80.7719888322221
Saudi Arabia,SAU,2017,16,77.7124061809473,74.8074256303614,80.2756438626962
Estonia,EST,2017,15,77.532081644449,74.6641368970812,80.1854100602358
Mauritius,MUS,2017,16,76.8227202743535,75.4142748227881,80.9260817135824
Rwanda,RWA,2017,14,76.2902471964496,73.4884996340056,81.5419400475568
Brunei,BRN,2017,14,75.8913215261159,68.3590639545424,76.2428936546587
Malta,MLT,2017,15,75.446084885165,72.8803759059247,78.885585808317
Panama,PAN,2017,16,75.2442483428644,71.4530533785555,77.533278368209
Botswana,BWA,2017,15,74.4040494785998,69.8167721539558,76.9730744621563
Namibia,NAM,2017,16,73.3833984856787,70.1330293811075,76.5369160257806
France,FRA,2017,15,73.2367083129971,72.8779432054259,80.6266952857906
Chile,CHL,2017,16,73.0706355898107,71.0019627429756,76.7277933389225
Uruguay,URY,2017,15,72.6470203011982,68.0632455047623,75.0346520929361
Spain,ESP,2017,15,71.8121831330623,67.0888625861515,73.2359877284708
Côte d'Ivoire,CIV,2017,16,70.9152730123541,65.8277258534619,73.3221427221233
Georgia,GEO,2017,16,70.6379533773663,66.1549223450793,72.7182376160147
Senegal,SEN,2017,16,70.3376764144326,66.5869460869452,73.4095754821384
Cyprus,CYP,2017,15,69.4670128053382,67.066435958761,73.328965303539
Zambia,ZMB,2017,15,69.1765846436923,63.0371357566639,70.4062485238626
North Macedonia,MKD,2017,14,69.0715780621345,63.1892815399155,72.340814653631
Sri Lanka,LKA,2017,16,68.6561834667833,64.0444160883174,71.2133443802471
Azerbaijan,AZE,2017,14,68.4019597166302,63.9648908592738,71.6955191919959
Niger,NER,2017,4,68.2547564331553,66.6168411552346,69.892671711076
Russia,RUS,2017,16,68.1594385910422,62.9540433706456,70.2844187661297
Philippines,PHL,2017,16,67.8799654921646,60.2093119326425,68.2368634450336
Jamaica,JAM,2017,16,67.820280081806,64.4359678979428,70.7068270369855
Latvia,LVA,2017,15,67.4464717764945,62.0432931485303,68.0867019527242
Bhutan,BTN,2017,14,67.353786612765,63.6657142491323,70.5601751244843
Thailand,THA,2017,16,67.328569996847,64.5068827014884,70.9230011466604
South Korea,KOR,2017,15,67.1228238065348,66.041567530662,73.2980221328926
Barbados,BRB,2017,12,67.1049986452616,66.7709366744404,73.9855628964661
Kazakhstan,KAZ,2017,15,67.0218470849871,61.8002464252239,70.0942387968712
Tajikistan,TJK,2017,15,66.9949943596097,59.9648662388409,68.009023479251
Kenya,KEN,2017,16,66.7366907327034,61.4326903557754,68.234292685384
Portugal,PRT,2017,15,66.7270688175007,64.5235928522412,70.7695861772849
Jordan,JOR,2017,16,66.6926746235624,61.5039255912458,68.364059111527
Ethiopia,ETH,2017,15,66.6054777294702,62.2013624505506,70.8607949744028
Lithuania,LTU,2017,15,65.8710299613682,63.3989878009482,69.7914464080404
Cameroon,CMR,2017,14,65.7762059363028,55.9949135342376,66.227660631711
Iran,IRN,2017,15,65.7380902080959,57.2413603615531,65.9251248962666
Czech Republic,CZE,2017,14,65.41206732366,60.3858150184723,67.0796074878272
Montenegro,MNE,2017,16,64.973357304062,59.6799970491759,66.4883085498548
Indonesia,IDN,2017,16,64.9290389143113,62.3907285166157,69.0107945976641
Slovakia,SVK,2017,13,64.6761556025201,59.8501293192632,67.5985596591918
Albania,ALB,2017,15,64.5717723145202,59.7868085375583,67.8719075004656
Kuwait,KWT,2017,16,64.3247437426379,55.5165965154317,64.7336493154922
Costa Rica,CRI,2017,16,64.2907185724944,61.373552090342,67.4281444348657
Poland,POL,2017,15,63.6939114298124,60.5366859379612,66.6451829001905
Fiji,FJI,2017,6,63.402788924836,59.0008414359446,66.5989007931428
Italy,ITA,2017,15,63.3335140440238,58.7648334807609,64.8070041038672
India,IND,2017,16,63.2625624056847,58.398572815647,65.0029016095044
Lebanon,LBN,2017,16,63.1273662244652,62.353519169254,70.1111876208761
Peru,PER,2017,16,62.7773898176832,59.2848381618776,65.0503679247603
Burkina Faso,BFA,2017,9,62.7616848906484,57.1076075770002,66.0638296765935
Armenia,ARM,2017,14,62.6549033854275,57.7632896551217,67.2994383261547
Trinidad and Tobago,TTO,2017,15,62.4880737713531,59.1155137319971,66.2629746012588
Puerto Rico,PRI,2017,12,62.4012573068503,61.3628469335852,69.1839366411152
South Africa,ZAF,2017,16,62.3541258201033,56.4531269885824,62.8472451639877
Cabo Verde,CPV,2017,15,62.3002635770115,60.1289272833652,67.022596229288
Laos,LAO,2017,15,62.2347968636249,59.2419619944817,66.9567448139178
Slovenia,SVN,2017,15,62.1065715172595,59.88615636832,66.2334498569929
Colombia,COL,2017,16,61.6211776407093,58.6028007077367,64.8985880150141
Mexico,MEX,2017,16,61.614484999092,60.046843068703,66.5815370437873
Eswatini,SWZ,2017,14,61.0720690829621,51.3356628152012,61.3832631021007
China,CHN,2017,16,60.980691617644,60.3538147989308,66.6384974470817
Togo,TGO,2017,6,60.9760033528372,52.7718275980231,61.3026029281376
Papua New Guinea,PNG,2017,5,60.5671933637917,55.1725349748748,62.6512000056705
Turkey,TUR,2017,16,60.5210487083793,59.2501262344649,66.2419627865707
Morocco,MAR,2017,16,60.1406515324214,58.2799691287448,65.5537974229531
Belarus,BLR,2017,5,59.5193595528138,48.3396914007858,60.0321701443501
Guinea,GIN,2017,14,59.4939298766338,55.0054108507284,64.092562360958
Croatia,HRV,2017,15,59.3677659059352,49.9880885429684,59.8001059584941
Seychelles,SYC,2017,16,59.1598830754244,57.4685703504183,63.4906947776914
Suriname,SUR,2017,6,58.8778455926778,56.4685267204141,66.5084743474336
Pakistan,PAK,2017,16,58.4578778184116,52.3474395382758,60.007632109642
Vietnam,VNM,2017,16,58.2951802631064,56.8541700994358,64.041539093375
Mali,MLI,2017,14,57.6626979484433,52.5661168541701,62.5723889919002
Sudan,SDN,2017,5,57.2094108307444,51.8843411146107,58.8301434770059
Tanzania,TZA,2017,16,57.1935473646854,55.5526165386285,63.4732825035364
Ghana,GHA,2017,16,57.1715206113453,53.4850894340471,61.001843690149
Honduras,HND,2017,16,57.1420092797818,55.3373989966868,62.3032417584369
Bulgaria,BGR,2017,15,57.0638267206482,54.3910957196347,61.9603162460161
Lesotho,LSO,2017,14,56.564375043103,56.2005770837189,66.1260038551129
Guatemala,GTM,2017,15,56.4373089910002,49.9893277875374,58.1148047637935
Romania,ROU,2017,15,56.012973416571,50.3379958090704,57.5468381259593
São Tomé and Príncipe,STP,2017,5,55.2607373217556,51.8168897631525,60.49625885312
Cuba,CUB,2017,6,55.0546479898701,45.139825955144,57.4065745337058
Tunisia,TUN,2017,16,54.8160823093935,49.8314266991576,56.5975729813743
Republic of Congo,COG,2017,5,54.7795379930737,53.058586069306,59.7898298736179
Hungary,HUN,2017,13,54.7130052072137,51.568787639933,61.8575067175361
Equatorial Guinea,GNQ,2017,5,54.6118867511742,45.8680444121834,56.2014570256667
Comoros,COM,2017,5,54.481235331701,46.4286954895216,56.5635875553095
Gambia,GMB,2017,14,54.3823948432007,48.7534367286145,57.7958018176341
Greece,GRC,2017,15,53.938894049817,49.8729056975674,57.5307707223464
Nicaragua,NIC,2017,15,53.9344090103481,44.9921127111668,55.2060438359942
Uganda,UGA,2017,15,53.8847663611708,53.0598699378728,61.5220168409245
Liberia,LBR,2017,14,53.6223024766836,49.1055144033945,57.5954571874868
Guinea-Bissau,GNB,2017,5,53.5923973055251,45.7289522650533,55.2287865286616
Serbia,SRB,2017,15,53.3991968062746,50.2975935758744,58.6942358950166
Algeria,DZA,2017,16,53.0173826049843,48.7764315636741,56.8223691011183
Mongolia,MNG,2017,15,52.9669404121053,50.7401579565772,58.5814296011108
Mozambique,MOZ,2017,16,52.4469455834558,48.2700598047179,56.2969242295545
Brazil,BRA,2017,16,52.3002424262862,49.4430535442579,55.8693123350119
Ecuador,ECU,2017,16,52.0936211080053,46.0161231626004,53.8746045914584
Cambodia,KHM,2017,16,52.0112281132806,46.6342050838622,55.274790976671
Syria,SYR,2017,5,51.5256993038252,44.3699335191941,55.2967891519255
Bangladesh,BGD,2017,16,51.3161934471772,47.3794445781934,55.110151773365
Timor-Leste,TLS,2017,5,51.1066721177017,47.928118174833,58.5868983064506
Kyrgyzstan,KGZ,2017,15,50.6746489631688,46.8972360891731,55.276055634023
Nigeria,NGA,2017,16,50.0560539902785,45.4820367679025,53.4748058839324
Egypt,EGY,2017,16,49.7392506223313,44.4439189956999,51.5181108474171
Ukraine,UKR,2017,16,48.5428220457232,46.5197441367135,55.0574181101884
Dominican Republic,DOM,2017,15,48.509307594959,44.4386821358304,52.5799330540875
El Salvador,SLV,2017,16,48.346691927648,45.3980579903225,53.3485430632365
Nepal,NPL,2017,15,48.2353395936271,46.3307740276185,55.5339758759237
Sierra Leone,SLE,2017,14,47.8390454817284,47.3374790038207,57.9596955693958
Gabon,GAB,2017,13,47.7207862215315,44.6038017159226,53.8370155950001
Malawi,MWI,2017,15,46.8236440501476,43.055222207245,51.9097021298009
Paraguay,PRY,2017,16,46.6690121392023,44.5273273334849,52.7498446510475
Bolivia,BOL,2017,15,46.4152066116514,40.0390388793985,49.9651664024964
Burundi,BDI,2017,14,45.252166367969,36.2961218861738,47.2607788539502
Haiti,HTI,2017,15,45.2060469421032,40.3468060313096,50.0652878528969
Argentina,ARG,2017,16,45.0953967257679,42.2355308862162,49.3438035153062
Bosnia and Herzegovina,BIH,2017,14,44.101195831186,41.7701276242026,52.1660720643805
Madagascar,MDG,2017,16,42.9768200116204,39.167115930031,47.9789176265906
Somalia,SOM,2017,4,41.0721359953814,38.942023852957,50.6873974795979
Democratic Republic of Congo,COD,2017,15,40.3507793677812,31.9275396954095,40.7393079743463
Moldova,MDA,2017,16,40.3507793677812,38.925128729623,47.1176702200247
Zimbabwe,ZWE,2017,15,39.5934264768084,35.0164551317921,44.8117149630851
Libya,LBY,2017,5,39.5493241575591,37.4705879706425,52.4973012173029
Chad,TCD,2017,14,39.2102653430715,36.2814134764654,47.0545724076111
Benin,BEN,2017,16,37.4889408356985,32.6521481469686,39.9763301162908
Angola,AGO,2017,10,32.5136058431696,30.8569606189363,40.8768451859091
Mauritania,MRT,2017,15,26.6132805909627,22.7334810794024,32.8445093162601
Yemen,YEM,2017,15,14.3146704368042,13.2574991379454,33.51441262516
Venezuela,VEN,2017,16,4.17625622087739,1.58766669948042,14.4035366724295
Singapore,SGP,2016,20,96.8936450429681,96.2877159203617,97.5483829448179
Hong Kong,HKG,2016,18,93.2944484607719,92.1694533237221,93.8564752717626
Luxembourg,LUX,2016,18,92.4832637529879,90.7274517473319,93.809468688156
Switzerland,CHE,2016,19,92.2140652851977,91.2442407870275,93.8326768594537
New Zealand,NZL,2016,20,91.8049973204664,91.2133229986351,92.5251481088321
Finland,FIN,2016,19,90.7336651840724,89.577543916963,91.2319933760837
United Kingdom,GBR,2016,19,90.1589590289748,88.824796433716,90.6307160699137
Netherlands,NLD,2016,19,89.8808558857467,89.2376159339442,90.7792932931867
Norway,NOR,2016,17,89.6410308134687,87.2494106212941,90.6712530572405
United States of America,USA,2016,20,89.120816766817,88.5305580279282,89.7466949113582
Germany,DEU,2016,19,89.03711672105,87.170722280975,89.4756553316497
United Arab Emirates,ARE,2016,20,88.647990206714,88.0824896387249,89.247718991819
Sweden,SWE,2016,18,87.9809136979201,86.7724217660705,89.3849115198123
Canada,CAN,2016,20,86.8175437049374,86.1791238617299,87.4774099452009
Qatar,QAT,2016,20,86.5227922382488,86.0057218221299,87.1145669868956
Malaysia,MYS,2016,20,85.6312327316785,85.13065472672,86.2968219381713
Japan,JPN,2016,20,85.4007711181571,84.8466912465626,85.9873215623296
Denmark,DNK,2016,18,85.3676988518494,84.4949587055775,86.8399810259437
Ireland,IRL,2016,19,84.357007444724,83.9579439698263,85.3730935521957
Iceland,ISL,2016,20,84.2959433732748,83.728249997976,84.9074152417263
Bahrain,BHR,2016,20,83.5869497831424,83.0341529591685,84.2042849623643
Belgium,BEL,2016,18,81.8073119297314,79.1897159015849,82.0127209809369
France,FRA,2016,19,81.2141029591031,78.9833591142894,81.3204768216675
Australia,AUS,2016,20,81.1816270306439,80.5306656991457,81.7674710115025
Estonia,EST,2016,19,81.1086919918995,80.1171248356616,81.5681721625824
Austria,AUT,2016,18,80.7529452801461,78.9206855539612,81.9807393053955
Taiwan,TWN,2016,18,79.4930833808748,78.7961323083935,80.7060172921111
Saudi Arabia,SAU,2016,20,78.7125269372787,78.0996153090461,79.3241644607377
Oman,OMN,2016,20,78.6127387185435,78.0137679034125,79.2114867797076
Malta,MLT,2016,19,78.5547640788695,75.9722579115103,78.8759914489188
Mauritius,MUS,2016,20,78.0012752846833,77.4495877198487,78.6663027605961
Israel,ISR,2016,19,77.2378781603453,75.6462957811901,79.3628210511535
Barbados,BRB,2016,16,76.0072993019847,73.398782761967,78.9218903079785
Rwanda,RWA,2016,18,75.5889437908094,74.2383674009453,78.838392132668
Namibia,NAM,2016,19,74.2998223150507,71.625796409258,75.907538602891
Brunei,BRN,2016,16,74.0581629815967,73.0329774060697,78.8744669986369
Chile,CHL,2016,20,73.5901619103437,73.0539522512356,74.132802433767
Cyprus,CYP,2016,19,73.3381264510237,71.815474587464,73.7243701899975
Panama,PAN,2016,20,72.3120895735013,71.7027400002789,72.8302117927279
Senegal,SEN,2016,20,71.9690994815746,71.4023293575656,72.5437884195146
Uruguay,URY,2016,19,71.1928952852669,69.7373752676163,72.6621535491875
Côte d'Ivoire,CIV,2016,19,70.8013193390025,70.1533103099382,72.7864407384636
Uzbekistan,UZB,2016,13,70.7878606995856,62.2989580695794,71.6714766227308
Botswana,BWA,2016,19,70.5216096055236,69.2971443863558,71.7460748246913
Georgia,GEO,2016,20,70.3263649361809,69.7410172556988,70.9190772813094
Spain,ESP,2016,19,70.2525756857762,67.9591821947048,70.5299296565374
South Korea,KOR,2016,19,70.0573611968695,68.5663130867979,71.4310588441657
Niger,NER,2016,5,70.0184973873743,68.5964066916478,71.4405880831007
North Macedonia,MKD,2016,18,69.0523602715893,67.4708570654678,72.4010085714385
Thailand,THA,2016,20,68.8443303085512,68.2514600801035,69.3928498515557
Lithuania,LTU,2016,19,68.7690034458387,67.1042069322191,69.5957904977002
Indonesia,IDN,2016,20,68.6394999333691,68.0891543543345,69.1632091117739
Puerto Rico,PRI,2016,13,68.4705156070648,63.389465276733,69.5533144859203
Portugal,PRT,2016,19,68.2514008111721,66.7827408131471,68.7287998435892
Azerbaijan,AZE,2016,18,68.0246459833562,65.3275076075614,70.4090250123555
Bhutan,BTN,2016,17,67.8724859612628,64.7918027779694,70.0193941869344
Lebanon,LBN,2016,19,67.8451855320915,66.440091737332,71.3283165580858
Jamaica,JAM,2016,20,67.7317955080415,67.0987973249414,68.2830927506176
Sri Lanka,LKA,2016,20,67.6898133539494,67.0856440922135,68.2100804049458
Latvia,LVA,2016,19,67.0030583830909,66.7913803046887,68.3803523741297
Jordan,JOR,2016,20,66.8260479243231,66.2737010420086,67.3669129106179
Tajikistan,TJK,2016,17,66.6628974926322,60.6824230146791,67.5391480628924
Russia,RUS,2016,19,66.5890509370032,64.3721448733025,68.8543563997657
Kazakhstan,KAZ,2016,19,66.5206067599378,65.558272252989,68.1749093388541
Poland,POL,2016,19,66.0699706882945,63.6887507952584,66.2041444511126
Trinidad and Tobago,TTO,2016,18,66.045610135279,63.8919750708795,68.3669381855943
Laos,LAO,2016,19,65.7115954419049,63.6505458046172,67.0176334423361
Ethiopia,ETH,2016,17,65.5184432895384,61.1103424920897,67.2554913552175
Czech Republic,CZE,2016,18,65.3213294970188,64.4251779064361,67.4008131215778
Zambia,ZMB,2016,18,65.2869603239707,63.7087653717824,69.1583237741487
Cabo Verde,CPV,2016,18,65.148837528253,63.5593152609865,67.9680148957223
Philippines,PHL,2016,20,64.9232831784417,64.2610261750419,65.4412252444325
Fiji,FJI,2016,7,64.6914035474035,58.3216481852932,66.5069491953801
Turkey,TUR,2016,20,64.688329968954,64.0494333218744,65.1511895131627
Eswatini,SWZ,2016,15,64.4930545659624,53.8731233411113,64.9823407311129
Slovenia,SVN,2016,19,64.3422076017824,61.1237752333268,64.574262978157
Costa Rica,CRI,2016,20,64.2019270701358,63.536642997723,64.7228297102682
Suriname,SUR,2016,8,64.1178915157567,56.1163367507805,65.9976371590838
Montenegro,MNE,2016,18,63.8506336166113,62.9584674405936,68.0224023304667
China,CHN,2016,19,63.8310291814164,62.2074622475145,65.8477309858453
Slovakia,SVK,2016,16,63.793334099793,59.9288142440997,66.5696401014738
Iran,IRN,2016,19,63.7859901217948,60.7733949634748,64.2229859174381
Mexico,MEX,2016,20,63.6854747750025,63.0177595577411,64.2322682674301
Kenya,KEN,2016,20,63.298523866992,62.7626865232574,63.8696086610181
Vietnam,VNM,2016,20,63.1862637567829,62.5607115989563,63.669327433494
Morocco,MAR,2016,20,62.5830196252744,61.9634645351841,63.0882817768499
Colombia,COL,2016,20,62.1153117912263,61.4813501006811,62.5879438827313
Armenia,ARM,2016,18,62.085760774053,59.9014455765777,64.2700759715283
Guinea,GIN,2016,15,61.710558827508,54.0805114561978,62.9564595833318
Guyana,GUY,2016,13,61.7008319856552,58.7770362431071,64.1001864871458
Albania,ALB,2016,18,61.6925302144795,59.5318380004267,65.3384453267258
Cameroon,CMR,2016,18,61.4737362938346,56.3474139865492,61.7137099712992
Italy,ITA,2016,19,61.1485612364476,59.4143979568044,62.1872710855769
Seychelles,SYC,2016,18,61.078158223814,57.6823119777129,62.4096334145701
Hungary,HUN,2016,17,61.0615165526383,56.3567251779948,62.235967370964
Peru,PER,2016,20,61.0327547242136,60.379699461121,61.5649667257595
Kuwait,KWT,2016,20,60.5277188922207,59.8779481129102,61.0360793665357
Honduras,HND,2016,20,60.14583606518,59.5553212410604,60.7533116217517
India,IND,2016,19,59.8978193449482,59.722410266093,63.5435884675706
Myanmar,MMR,2016,16,59.7549774273497,56.3084473961872,61.4548312503248
Pakistan,PAK,2016,20,59.6617104978795,59.0309592084937,60.1775596412821
Bulgaria,BGR,2016,19,59.4884927942105,56.7046975836916,59.6261826721664
Burkina Faso,BFA,2016,11,59.3682940179494,57.4936231508604,64.1406263384082
Mali,MLI,2016,18,58.7739143002805,55.0608705240235,60.6263539928183
Lesotho,LSO,2016,17,58.6794867186413,54.73895701906,60.6011775124758
South Africa,ZAF,2016,20,58.5188669064623,57.8480848030601,58.9569371866324
Republic of Congo,COG,2016,7,58.5026015247632,53.7225000482397,59.5657376095691
Ghana,GHA,2016,19,58.2260203714638,56.2600833456988,58.5282147849492
Tanzania,TZA,2016,20,58.1291383024148,57.5473032332611,58.703855809966
Uganda,UGA,2016,17,57.8671646670848,56.0364769371435,62.1134814571184
Romania,ROU,2016,19,57.7514695822482,55.4146329286017,58.3675397946507
Algeria,DZA,2016,19,57.5629190839542,55.7291255920718,58.4746921172269
Djibouti,DJI,2016,5,57.4432569352803,53.8868573566004,61.1878499774383
Sudan,SDN,2016,5,57.4211961552556,51.7251242567794,58.6670236929336
São Tomé and Príncipe,STP,2016,6,57.3771834066693,51.0869670994757,60.2906808693555
Gambia,GMB,2016,16,57.2618390479715,50.6612271663563,57.2877265530965
Serbia,SRB,2016,19,57.1816332984028,55.392807605148,58.0263040472691
Papua New Guinea,PNG,2016,5,56.9955224060926,54.0667583240539,62.5001502179123
Liberia,LBR,2016,16,56.8074364734104,52.7865262199175,58.2841675022211
Togo,TGO,2016,8,56.7158426908957,52.9347640903863,61.0512524395158
Dominican Republic,DOM,2016,19,56.6170782963443,53.6824634855112,57.1604775810034
Comoros,COM,2016,6,56.2716643269259,46.3747839306966,56.5198770255267
Guatemala,GTM,2016,20,55.8792769725328,55.1813133318477,56.4131970271203
Tunisia,TUN,2016,20,54.9622233021246,54.3680779840172,55.5197037422937
Gabon,GAB,2016,16,54.872946313984,47.7322499047604,55.2049395017642
Iraq,IRQ,2016,11,54.6620793685161,46.8480929068845,57.9799918840705
Croatia,HRV,2016,19,54.4945160188987,53.2845439537032,56.2198556637726
Bangladesh,BGD,2016,20,54.3751544145846,53.6503917940538,54.9487403330268
Greece,GRC,2016,19,54.1175344122194,52.214910564745,54.6071253123405
Ukraine,UKR,2016,20,53.9760025240978,53.2221590170203,54.583468059079
Belarus,BLR,2016,7,52.9464430321212,48.2326746351455,58.4748660388531
Mongolia,MNG,2016,19,52.8785634918968,51.4513257466488,54.269565937928
Cambodia,KHM,2016,19,52.3819965948223,51.2625014614814,55.0367923507686
Kyrgyzstan,KGZ,2016,18,52.0843652047424,49.6314284824949,53.3866447865049
Brazil,BRA,2016,20,52.0118607113958,51.2395107855702,52.5319083965289
Sierra Leone,SLE,2016,17,51.9950860653879,51.8260284007065,56.9045265912585
Nicaragua,NIC,2016,18,51.1651275358357,47.4815808288043,54.6678832433951
El Salvador,SLV,2016,19,51.0633550727139,48.9599970870742,51.6378628441062
Syria,SYR,2016,6,50.9777324741568,46.9705412204009,56.2497577756171
Ecuador,ECU,2016,20,50.9184918209741,50.2050208913992,51.464871782131
Mozambique,MOZ,2016,18,50.8236618278849,48.8675095727311,54.1905672213624
Equatorial Guinea,GNQ,2016,7,50.7998137849062,46.7148672055915,56.4786437641833
Cuba,CUB,2016,8,50.751916153606,46.7227427332833,58.5645620914309
Egypt,EGY,2016,20,50.0155770146105,49.3123140089496,50.4794794621673
Libya,LBY,2016,6,49.9851986622006,39.8916512517966,54.527250749679
Nigeria,NGA,2016,19,49.8377205517788,49.5298322263542,52.3714952899149
Guinea-Bissau,GNB,2016,6,49.4520065119004,46.2816295805131,56.3196947147898
Nepal,NPL,2016,18,49.0584140715529,48.5501425547643,54.3233649092213
Paraguay,PRY,2016,20,49.0368162514814,48.3248189353709,49.6388236540714
Bolivia,BOL,2016,19,48.9311752947899,47.3789266945961,50.4138911405321
Malawi,MWI,2016,18,48.7989654635082,45.9754582545923,50.3230697376586
Timor-Leste,TLS,2016,6,48.6710452638771,48.4085467598738,59.8492234673805
Haiti,HTI,2016,15,48.3755494085253,44.4460347144664,55.0723088800427
Moldova,MDA,2016,19,47.360030924299,45.8332839126393,51.8307679491928
Democratic Republic of Congo,COD,2016,13,45.7266597077792,35.5413327083921,46.7663612588777
Madagascar,MDG,2016,18,44.8844353557884,41.6852905422348,49.0380517517734
Burundi,BDI,2016,16,44.8077435170282,38.1872656953603,46.5568050026361
Somalia,SOM,2016,6,44.3942572973254,39.3717495385533,51.2988586899989
Argentina,ARG,2016,19,43.0858107223503,41.8260120006636,44.575092304005
Bosnia and Herzegovina,BIH,2016,19,41.4091051550085,38.9607937369003,42.758811025887
Chad,TCD,2016,18,39.4426552703233,36.1673662180104,42.107502737632
Zimbabwe,ZWE,2016,18,38.7997014137644,36.6546499445878,40.944752882941
Angola,AGO,2016,13,35.1141016896566,32.0892528645171,35.9895030664505
Benin,BEN,2016,20,33.0976599761118,32.4395467500216,33.7295244948214
Yemen,YEM,2016,18,28.2223645906397,23.9931431370419,31.0737750788578
Mauritania,MRT,2016,16,27.1664929561541,26.6947063965972,34.5382141818515
Venezuela,VEN,2016,19,9.65979613129245,8.49296020033081,15.8943970445334
Singapore,SGP,2015,20,96.7116289799349,96.0939780886124,97.3386712290134
Switzerland,CHE,2015,19,93.1393682762521,91.0852101963403,93.6314285741308
Hong Kong,HKG,2015,18,93.0840505086107,91.8745679258177,93.5562154859332
New Zealand,NZL,2015,20,92.425946265437,91.8478943839553,93.1563994358482
Finland,FIN,2015,19,90.6589979947356,89.6256156569401,91.1450313289861
Luxembourg,LUX,2015,18,90.3931622460437,90.3614530508006,93.2972488995751
United Kingdom,GBR,2015,19,90.3546979228822,89.0129888429515,90.8710967950748
Netherlands,NLD,2015,19,89.8400727389885,89.2177703788675,90.7552822628049
Sweden,SWE,2015,18,89.3879999753038,86.7250709150599,89.5551778517211
Germany,DEU,2015,19,88.911711185598,87.3664535243565,89.6249294990701
Norway,NOR,2015,17,88.4989591823712,86.8068806068149,90.1533025441392
United Arab Emirates,ARE,2015,20,88.409712222466,87.8140070797479,89.0022596562033
United States of America,USA,2015,20,88.3101659588734,87.6927624250304,88.9394566649117
Canada,CAN,2015,20,87.3190971621401,86.741004073532,88.00983263515
Qatar,QAT,2015,20,85.8099096030464,85.3369283014361,86.494777935454
Malaysia,MYS,2015,20,85.8021277449041,85.2241908186655,86.4260351156417
Denmark,DNK,2015,18,85.6534252448299,84.5685103163319,86.5878325029342
Japan,JPN,2015,20,85.0165814277086,84.4225281821418,85.6192785909565
Ireland,IRL,2015,19,84.0624322978182,83.4132531436944,84.9401290801515
Iceland,ISL,2015,20,83.4475780723896,82.8509213568415,84.0561701690874
Bahrain,BHR,2015,20,82.5336501515115,81.980276435875,83.1308907727394
Estonia,EST,2015,19,81.6173307892594,80.7101348395622,82.2325791919694
Belgium,BEL,2015,18,80.6079131712961,79.1107761047794,82.1050502378129
Austria,AUT,2015,18,80.3195932551973,78.2597601069303,81.2367246211328
France,FRA,2015,19,80.0606609831506,77.8634949351544,80.4071715592577
Australia,AUS,2015,20,80.0254399898007,79.4036205737148,80.620469463155
Malta,MLT,2015,19,79.2205826651833,76.6835670740404,79.3026115750338
Taiwan,TWN,2015,18,79.0277866762818,77.7027843539138,80.2831044404818
Oman,OMN,2015,20,78.0683799998672,77.4843673923904,78.626078606391
Mauritius,MUS,2015,20,77.8419694722396,77.1983817374832,78.4050880564511
Brunei,BRN,2015,16,77.6369785065657,73.9334604772884,79.3010310829115
Saudi Arabia,SAU,2015,20,77.5251812481089,76.9836515427954,78.1362988865669
Barbados,BRB,2015,16,77.3974989373569,74.1250179585434,79.7657754132265
Israel,ISR,2015,19,76.3144770099309,74.5164998750075,78.4524197601814
Rwanda,RWA,2015,19,75.7851258807341,74.3284740726093,76.9714263676812
Cyprus,CYP,2015,19,74.6573418748652,73.3468694418512,75.2108305855496
Chile,CHL,2015,20,74.4202477454797,73.7751358493827,74.93273269284
Namibia,NAM,2015,19,74.0652000310273,71.2190574686745,75.9088525532037
Panama,PAN,2015,20,73.6168113650257,73.0107054858432,74.1478188312437
Senegal,SEN,2015,20,71.7731594312905,71.175827993705,72.3475710383333
North Macedonia,MKD,2015,18,71.7274948720819,68.4662490956715,73.5570176108609
Uzbekistan,UZB,2015,13,70.8146910835362,61.7423280086943,71.560866412981
Uruguay,URY,2015,19,70.7711278177204,69.3349371820438,72.443050134413
Botswana,BWA,2015,19,70.4261509921847,69.1554838320596,71.6968181523098
Côte d'Ivoire,CIV,2015,19,69.4774296991419,68.2705229146301,70.9584404270206
Spain,ESP,2015,19,69.0786722651459,67.2321885371751,70.0945071786133
Georgia,GEO,2015,20,68.6305280078267,68.0536710348068,69.2269030720679
Indonesia,IDN,2015,20,68.389209321626,67.8224507280959,68.9488979553946
Thailand,THA,2015,20,68.3838221156373,67.7669786134182,68.9010256434646
Trinidad and Tobago,TTO,2015,18,67.7994027697785,65.3705329860028,69.8409651117552
Zambia,ZMB,2015,18,67.5933423271137,64.1700515902637,69.6535286742308
Azerbaijan,AZE,2015,18,67.553391387533,64.2062638717132,69.4214907897403
South Korea,KOR,2015,19,67.2428859195421,66.9240368951555,69.7367115294885
Jamaica,JAM,2015,19,67.1755661097406,66.1737400936753,69.1508814581896
Sri Lanka,LKA,2015,20,67.1750299575791,66.5482877532104,67.6905253780631
Portugal,PRT,2015,19,67.1438620915626,65.6007978445527,68.2134154493948
Latvia,LVA,2015,19,67.066943561755,66.3575002796794,67.8500323954905
Lithuania,LTU,2015,19,66.9313838437923,66.120026383357,68.3245287242247
Jordan,JOR,2015,20,66.862579775938,66.2746256187286,67.5106087090907
Puerto Rico,PRI,2015,13,66.8120895696943,62.9939837070733,69.5113689880417
Kazakhstan,KAZ,2015,19,66.642982428884,64.9971935065583,67.7720624854878
Russia,RUS,2015,19,66.4951935053021,64.6673916756827,68.5626242161841
Cabo Verde,CPV,2015,19,66.4131751017093,64.4871618436287,69.2108627851132
Laos,LAO,2015,19,66.2768673238695,63.5461464852781,66.8033727847476
Bhutan,BTN,2015,16,65.9718860776618,64.6907184354362,69.846724269839
Turkey,TUR,2015,20,65.8803019390826,65.2680500057513,66.4097911900458
Montenegro,MNE,2015,18,65.4102638117166,62.9658990056473,68.6610687395323
Philippines,PHL,2015,20,65.2995333538164,64.6614744662976,65.8679735020454
Armenia,ARM,2015,18,65.29939072296,61.6066754113284,66.5152684628812
Poland,POL,2015,19,65.2812500529507,63.6733236968575,66.0410963182514
Costa Rica,CRI,2015,20,64.6312620626232,63.972373184213,65.1498238637447
Mexico,MEX,2015,20,64.59809964586,63.9242243638149,65.1156959033529
Czech Republic,CZE,2015,18,64.4813533437312,62.3615331894559,65.6373078596538
Ethiopia,ETH,2015,17,64.092959128834,59.4989242223647,66.3371134559155
Fiji,FJI,2015,7,63.4332360808643,58.6918803969951,66.570411069339
Kenya,KEN,2015,20,62.9488689117725,62.3063897679178,63.5296100133134
Slovenia,SVN,2015,19,62.914095902052,60.4042422840035,63.3309369194892
China,CHN,2015,19,62.7371371052819,59.4531778805063,64.4424260317307
Morocco,MAR,2015,20,62.51842650986,61.9398396599916,63.0116132837624
Slovakia,SVK,2015,16,62.4414754392631,59.7514577681205,66.9503517761605
India,IND,2015,19,62.3653215766826,60.4413792316486,63.013109709449
Colombia,COL,2015,20,62.3366903589367,61.6946640537709,62.8425831817826
Peru,PER,2015,20,62.107102844112,61.4948495110754,62.5978683400738
Vietnam,VNM,2015,20,62.0429627920959,61.4274388717707,62.5134834757614
Suriname,SUR,2015,14,61.8519961811096,57.9372845983738,64.8987581565427
Iran,IRN,2015,19,61.5926447948223,60.6484558246367,64.0918066884485
Burkina Faso,BFA,2015,17,61.3798863455883,58.3636003697913,64.9233049897019
Niger,NER,2015,5,61.2942552019082,53.0094401573492,61.6783783795644
Honduras,HND,2015,20,61.1489052418112,60.5130964447056,61.813468732941
Tajikistan,TJK,2015,17,61.005615747769,59.6500293265848,66.3444395365662
Lebanon,LBN,2015,19,60.9506211673924,58.2707227314466,63.9846995203638
Hungary,HUN,2015,17,60.8341251639651,57.8420555082937,63.8261948196364
Italy,ITA,2015,19,60.3783551119328,58.5711572991002,61.3734571485737
Papua New Guinea,PNG,2015,6,59.8242607898446,55.2567595771209,63.4095624784782
Albania,ALB,2015,18,59.7381635121617,58.4118737684531,64.2987253919605
Guyana,GUY,2015,13,59.3450941738189,58.8248737906401,63.761368564545
Timor-Leste,TLS,2015,12,59.252580885151,57.407454366978,63.2471848788899
Seychelles,SYC,2015,18,58.9841277127507,54.1231661717033,59.5560699387899
Pakistan,PAK,2015,20,58.8822112066691,58.2533156764929,59.4184383639726
South Africa,ZAF,2015,20,58.7692150158164,58.1022961440678,59.3003021021316
Kuwait,KWT,2015,20,58.7688872485695,58.1023728589422,59.2570825002212
Gambia,GMB,2015,16,58.7647799159229,50.1515187302984,59.1645962758758
Uganda,UGA,2015,17,58.6177383742915,56.0798474647521,62.2848585368721
Djibouti,DJI,2015,6,57.9477378588488,54.8032107858642,62.0947877410445
Lesotho,LSO,2015,17,57.8852366096054,55.0314365789858,60.7779737977783
Nicaragua,NIC,2015,18,57.7761671539516,53.9208122993204,59.6862710199252
São Tomé and Príncipe,STP,2015,6,57.3604260267673,51.2999289333523,59.7523504150626
Cameroon,CMR,2015,19,57.3530511843376,56.4913586304977,60.60183308281
Bulgaria,BGR,2015,19,57.307956115753,55.61448850601,58.5819467364073
Romania,ROU,2015,19,57.2776481113498,55.4168310026481,57.915318489942
Eswatini,SWZ,2015,15,57.1348876314307,54.7065816041938,62.9647750566081
Tanzania,TZA,2015,20,56.8790507171875,56.2784450854347,57.4911944768564
Guinea,GIN,2015,15,56.6683863158165,53.002092450506,61.5330254589917
Guatemala,GTM,2015,20,56.5739241191484,56.0244573486817,57.1329824787859
Sudan,SDN,2015,5,56.4529478418753,52.1018387387113,59.2679794616062
Sierra Leone,SLE,2015,17,56.1447375953742,52.6396237563544,58.6327375304356
Myanmar,MMR,2015,16,56.1054598751359,53.8672015843526,58.7125961415633
Dominican Republic,DOM,2015,19,56.0955190017852,54.2654321071477,57.8173837148213
Algeria,DZA,2015,19,55.7401803105206,53.9738978848378,57.0372432798961
Tunisia,TUN,2015,20,55.5762910154778,54.966033252833,56.1060427324267
Belarus,BLR,2015,7,55.5361627238369,48.6043300345081,58.8288303201784
Croatia,HRV,2015,19,55.3089962700484,53.6920539401868,56.0362117909155
Liberia,LBR,2015,17,55.2700139165625,51.7522939298826,57.8777582550172
Ecuador,ECU,2015,20,55.225911281883,54.5030711256944,55.7675417129579
Ghana,GHA,2015,19,55.188162094629,53.6608238902824,56.7155002989756
Mali,MLI,2015,18,54.5024439252064,51.9076320356593,57.0972558147536
Bangladesh,BGD,2015,20,54.447012673665,53.7337370654036,55.0287453909066
Togo,TGO,2015,8,54.3828735127793,52.0782177842465,60.5093720353613
Haiti,HTI,2015,15,54.1280540040525,52.1608866840769,60.8143597200564
Afghanistan,AFG,2015,5,54.0894205545565,50.9831792594653,59.1346185174746
Syria,SYR,2015,6,54.0409925645613,47.8414965144007,56.6193195222243
Guinea-Bissau,GNB,2015,6,53.7249779522682,45.8365563303875,56.4494188307044
Mozambique,MOZ,2015,18,53.6903583864985,49.9165409341775,54.5376970247445
Republic of Congo,COG,2015,7,53.3532874053054,53.0321566407652,59.947053631003
Brazil,BRA,2015,20,52.7145704179524,51.9340423547536,53.2189668655707
Serbia,SRB,2015,19,52.5454178459564,52.3628226755034,56.3295592491649
El Salvador,SLV,2015,19,52.536735204029,51.298986391723,54.1153706162765
Iraq,IRQ,2015,11,52.4094049825982,47.4275149727835,57.8305473458983
Greece,GRC,2015,19,52.1636683764615,50.0182207384296,52.8215921907998
Bolivia,BOL,2015,19,52.1233918922579,49.8662785171086,52.8364071875296
Mongolia,MNG,2015,19,51.8901596090466,50.0754832193779,52.967242745234
Cuba,CUB,2015,8,51.886286091229,45.2281843937267,58.1044208003397
Ukraine,UKR,2015,20,51.8539500719357,51.0325203582304,52.473915208099
Cambodia,KHM,2015,19,51.7836096590442,50.2440825878293,55.3953084962852
Kyrgyzstan,KGZ,2015,18,51.5715757591641,48.7151645346629,52.9431053794717
Malawi,MWI,2015,18,50.3177505823797,46.7327423825663,51.083115379158
Nigeria,NGA,2015,19,49.923126057368,49.0659316921648,51.9505051650148
Equatorial Guinea,GNQ,2015,7,49.7670261896193,46.3849499631474,55.7581719230975
Paraguay,PRY,2015,20,49.4738195700635,48.8172543141407,50.1648710255581
Nepal,NPL,2015,18,49.2448137350892,48.1938907722345,53.0602973136805
Comoros,COM,2015,6,49.2365888615935,47.2442323386946,56.1536566088115
Egypt,EGY,2015,20,48.895345992789,48.2681975506665,49.4003671159257
Gabon,GAB,2015,16,48.8447557789097,46.1746998929914,53.4864298507211
Moldova,MDA,2015,19,46.887189695426,45.3258846769017,50.4280165439143
Democratic Republic of Congo,COD,2015,13,45.9359362379734,36.9223359332942,47.4252591051393
Madagascar,MDG,2015,18,45.7655292692151,41.3351120970986,48.2876667843248
Bosnia and Herzegovina,BIH,2015,19,45.6254928040098,44.3642376863683,47.5843746655721
Somalia,SOM,2015,7,44.8319185861055,40.5082473585488,52.6448335016358
Argentina,ARG,2015,19,43.2566188930924,41.3173348790476,44.136479203369
Libya,LBY,2015,12,42.4639198220732,40.997949195206,48.3387263834381
Chad,TCD,2015,19,39.8934249150154,37.7031692253168,40.7611626562932
Zimbabwe,ZWE,2015,18,38.7440988857807,36.9255693377118,41.6118597349941
Burundi,BDI,2015,16,38.1627088797736,35.8569233729565,44.3362795441961
Angola,AGO,2015,19,34.1612953426725,31.9000982052047,35.825142196563
Benin,BEN,2015,20,30.5083993332728,29.7573676892966,31.1646199587548
Yemen,YEM,2015,18,28.2335158631324,24.1593598791788,31.6090424087413
Mauritania,MRT,2015,16,28.1213140927596,27.9264040064827,36.9974451369987
Venezuela,VEN,2015,19,14.5410804734556,10.0990548162536,17.6053631827333
Singapore,SGP,2014,20,97.4972596731634,96.9107943755959,98.2053324995241
New Zealand,NZL,2014,20,93.3885028523469,92.7635017880858,94.0291769057644
Hong Kong,HKG,2014,18,93.2203706735691,92.1643400557052,93.7750357778173
Luxembourg,LUX,2014,18,92.1003804346265,90.0092503233194,92.9521461344825
Switzerland,CHE,2014,19,91.474503346315,91.3268514806339,93.9379534566396
Finland,FIN,2014,19,90.7206540484959,89.8504719258857,91.3209689221785
United Kingdom,GBR,2014,19,90.5553749552955,89.5679384362209,91.3407106476024
Netherlands,NLD,2014,19,89.923085040223,89.3528711046107,90.9578908026366
Sweden,SWE,2014,18,89.8795139460537,87.4835224955149,90.3496158805424
Germany,DEU,2014,19,89.3916639371842,87.0192703894344,89.8303346041664
Norway,NOR,2014,17,88.5018881005724,86.7609052221697,90.5698568194089
United Arab Emirates,ARE,2014,20,88.0794080048612,87.4801513625027,88.6694658830515
United States of America,USA,2014,20,87.4516574976274,86.8493646132837,88.0381840884033
Canada,CAN,2014,20,86.924047684416,86.33076174623,87.5332172307972
Qatar,QAT,2014,20,85.6036390239288,85.0743756000293,86.307104218002
Malaysia,MYS,2014,20,85.4463346531656,84.8965096528983,86.0906897443301
Denmark,DNK,2014,18,84.4745890966862,83.7319810729476,86.3968403479088
Japan,JPN,2014,20,83.6579994083707,83.0730351920814,84.2169587318572
Ireland,IRL,2014,19,83.3629188253584,82.7305985646108,84.2413833579344
Iceland,ISL,2014,20,83.0185944697768,82.4427331549241,83.6005021767689
Bahrain,BHR,2014,20,82.1901047768404,81.6216049537572,82.7584163514117
Estonia,EST,2014,19,80.4640884973444,79.7859660788359,81.3122947952174
Austria,AUT,2014,18,80.2711184835134,77.8833018586075,80.6348349661966
France,FRA,2014,19,79.7114230290358,77.7965131121158,80.0591014943037
Australia,AUS,2014,20,79.5500123612425,78.9282233024912,80.0205075587279
Taiwan,TWN,2014,18,79.2695958018181,78.4410763597206,80.4794679080795
Malta,MLT,2014,19,79.0113551866373,77.9967835263413,79.6662459660593
Oman,OMN,2014,20,78.8356886279382,78.2391509103701,79.4745742793313
Belgium,BEL,2014,18,77.8785233926098,77.5270844592276,80.3729998187295
Barbados,BRB,2014,17,77.8201505350092,75.8719573000423,80.9293953130277
Mauritius,MUS,2014,20,77.4527447398168,76.88313586212,77.9606432730879
Saudi Arabia,SAU,2014,20,77.0543709910368,76.4317126141283,77.6287009273119
Brunei,BRN,2014,16,76.8879712599988,74.3848008109066,79.597903723833
Israel,ISR,2014,19,76.0540174513505,74.1372177381719,78.2433978381203
Rwanda,RWA,2014,19,75.425023712243,73.688908767741,76.4623583366555
Cyprus,CYP,2014,19,75.1754835695423,73.8751426607219,75.5512228697744
Chile,CHL,2014,20,74.5027993808641,73.8899378391603,75.070988416751
Panama,PAN,2014,20,74.1688012852668,73.5276808820853,74.7042572787724
North Macedonia,MKD,2014,18,72.8969848032129,68.0893949884193,73.2707245054974
Namibia,NAM,2014,19,72.1260911877599,71.3261968693249,75.3915856402082
Senegal,SEN,2014,20,71.4213262489823,70.8606678154984,72.0302220731303
Uzbekistan,UZB,2014,13,71.0077286037986,64.0584505289742,73.7372876780916
Uruguay,URY,2014,19,70.228202660163,68.7560502225496,71.8067852522259
Botswana,BWA,2014,19,70.0941222827888,68.1680774222385,70.9275643041992
Spain,ESP,2014,19,70.0904511496395,67.8106715254641,70.5469005469357
Côte d'Ivoire,CIV,2014,19,68.9219358467402,67.1871421218327,70.0298407309039
Thailand,THA,2014,20,68.6409914099033,68.0366789552606,69.1623310323485
Puerto Rico,PRI,2014,13,68.3286687285734,63.4440288363534,70.3283101565868
Lithuania,LTU,2014,19,68.2735562296654,66.5126014432569,68.5081207026947
Cabo Verde,CPV,2014,19,67.840690664105,64.8677862198514,69.2778108222108
Montenegro,MNE,2014,18,67.6587375801545,63.2802187613151,68.1033237637347
Sri Lanka,LKA,2014,20,67.4492210595759,66.8228960129262,67.9408525229683
South Korea,KOR,2014,19,67.4113136843481,66.1968666648717,68.8482928628595
Trinidad and Tobago,TTO,2014,19,67.405334254778,65.6438243284518,70.1834549193764
Jamaica,JAM,2014,19,67.3883696357588,65.2817057754261,68.4893517530963
Portugal,PRT,2014,19,67.0834261770849,65.5081710018653,67.4174803862791
Indonesia,IDN,2014,20,66.9505211456193,66.3959607493259,67.5252598451303
Georgia,GEO,2014,20,66.6480270602864,66.0577310809061,67.3124469513895
Latvia,LVA,2014,19,66.6203309303231,65.8100417095789,67.3163858705512
Turkey,TUR,2014,20,66.4766523165544,65.8522598186509,66.9770288605671
Zambia,ZMB,2014,18,66.2581922374337,65.2914195732483,70.9989748541383
Kazakhstan,KAZ,2014,19,66.2236117255879,65.5266807349155,68.139874410011
Poland,POL,2014,19,65.8820905171788,64.2553167588911,66.126770861956
Laos,LAO,2014,18,65.8606272356491,62.4951954785157,66.3171569946931
Russia,RUS,2014,19,65.5772576812419,63.283069560942,67.7031397121595
Mexico,MEX,2014,20,65.38091185466,64.7503900994162,65.8828684194793
Bhutan,BTN,2014,16,64.7930122003549,63.4396582162869,68.7490804914488
Jordan,JOR,2014,20,64.6401020772846,64.0424355161597,65.1931245421607
Iran,IRN,2014,19,64.5862331024099,62.2369050774981,65.6374681461669
Armenia,ARM,2014,19,64.2467529364543,62.9571017680889,65.7566822907441
Azerbaijan,AZE,2014,18,64.1886045831124,62.3680975805148,67.8509777089927
Philippines,PHL,2014,20,64.1017349314068,63.5195853497274,64.6712327144652
Slovakia,SVK,2014,16,64.0925960577225,59.3098336259495,66.7961477524873
Costa Rica,CRI,2014,20,64.0702708610706,63.4492433324616,64.5897359636793
Guyana,GUY,2014,13,63.8482774782086,59.0889468105591,64.0716294419623
Slovenia,SVN,2014,19,63.3190790804615,61.4639240506853,63.6440018816847
Ethiopia,ETH,2014,17,63.143026348307,60.1045181316117,66.9114806770624
Peru,PER,2014,20,62.7905407880573,62.1349576857901,63.3181065447682
Czech Republic,CZE,2014,18,62.3630628169989,61.6488981203841,64.6413955710041
India,IND,2014,19,61.9417279407372,59.9788754673231,62.3115170545235
Colombia,COL,2014,20,61.7125305724029,61.0352910755144,62.2179512674905
Kenya,KEN,2014,20,61.6194576863084,60.9729692941093,62.1302035155116
China,CHN,2014,19,61.5826889650971,58.5491936685637,63.0172666673075
Morocco,MAR,2014,20,61.3722581528634,60.7273220756256,61.8507125726879
Tajikistan,TJK,2014,17,61.2054145450176,59.3498705474255,66.3784796964238
Suriname,SUR,2014,14,61.1941429096636,58.8780021209406,64.6881129306408
Vietnam,VNM,2014,20,61.1497007994488,60.5133943762555,61.6423064237728
Burkina Faso,BFA,2014,17,61.1274379968515,58.5928458751281,65.9360589159423
Timor-Leste,TLS,2014,12,61.0283334434315,57.5180635610578,64.3281729298699
Honduras,HND,2014,20,61.0235629861222,60.4106664829021,61.6719365367869
Fiji,FJI,2014,7,60.5128549000794,57.7997128973931,65.5329610441521
Uganda,UGA,2014,17,60.4601419011972,57.007653784189,62.9567193379473
Albania,ALB,2014,18,60.3360801552887,57.9463545398203,63.8364511737003
Lebanon,LBN,2014,18,60.0098800050344,58.8838909885065,64.423828799599
Italy,ITA,2014,19,59.8522973239933,57.9804522960969,60.9753332937929
Hungary,HUN,2014,17,59.0206628436782,53.552402134342,59.2379784642146
South Africa,ZAF,2014,20,59.0017715230129,58.3660718239861,59.4977679790405
Papua New Guinea,PNG,2014,6,58.9400087218554,56.2525952015806,63.6829028324177
São Tomé and Príncipe,STP,2014,6,58.9224164782866,51.4899569525523,60.1140049905104
Cameroon,CMR,2014,19,58.6717079755513,55.1913551668179,59.220973117106
Djibouti,DJI,2014,6,58.5576242323108,55.2783722317206,62.0752475093994
Haiti,HTI,2014,15,58.3693280274293,53.1817525703917,62.5633560916731
Niger,NER,2014,6,58.0489127454,54.9341523400559,61.1382197384369
Pakistan,PAK,2014,20,58.0213719869977,57.3852473795463,58.604842534959
Lesotho,LSO,2014,17,57.8755865210642,54.316490262853,60.8442341825923
Kuwait,KWT,2014,20,57.7603415296255,57.0339375661766,58.1976833585596
Guatemala,GTM,2014,20,57.284572840386,56.6738353652911,57.8209544010583
Mali,MLI,2014,19,57.2263812793407,55.5495142059715,58.2061739832635
Ghana,GHA,2014,19,57.1678483201919,54.9993092090375,57.9242616151272
Bulgaria,BGR,2014,19,56.9999932908048,55.1808857875318,57.9359343979317
Guinea,GIN,2014,15,56.4718563131708,53.9239930411275,63.0690650686721
Iraq,IRQ,2014,11,56.418244168188,48.476538925466,59.4866922336088
Croatia,HRV,2014,19,56.4024049873926,54.2319671283665,56.9593898644152
Afghanistan,AFG,2014,6,56.3392555122849,51.1045061958494,58.8101867670541
Togo,TGO,2014,8,56.1474248816499,52.3446869645106,59.8726863286272
Tunisia,TUN,2014,20,56.0285938609882,55.4304915415206,56.5576931541816
Republic of Congo,COG,2014,7,55.9863009821303,54.333815756113,60.1192186721718
Romania,ROU,2014,19,55.8665350015894,52.8460364626634,55.9131589144572
Nicaragua,NIC,2014,18,55.8000353614738,55.6884636940762,61.4231423323648
Sierra Leone,SLE,2014,17,55.540923138654,54.4597001795991,60.1408372599425
Ecuador,ECU,2014,20,55.336752852863,54.6690515982256,55.897329013059
Dominican Republic,DOM,2014,19,55.2493135641016,53.0991626039678,56.3673769999945
Bangladesh,BGD,2014,20,54.8971230092294,54.2053384695032,55.4907161531104
Tanzania,TZA,2014,20,54.8337507313521,54.1665366529613,55.4635093991467
Sudan,SDN,2014,6,54.6226716106087,52.8511833836306,59.4824473693275
Serbia,SRB,2014,19,54.2191533606904,51.79372078733,54.7998792919212
Seychelles,SYC,2014,18,53.8098533066523,52.7281007915252,57.9941872435248
Belarus,BLR,2014,7,53.7238140531578,49.5581753579637,60.3042384793971
Gabon,GAB,2014,16,53.7020771360941,47.1014620752966,53.8914563288632
Brazil,BRA,2014,20,53.3327015337014,52.5204696365828,53.8580976768475
Nigeria,NGA,2014,19,52.5062169361559,50.8673296383008,53.5711569274465
Algeria,DZA,2014,18,52.4204255984314,51.4792602181445,54.1974180498124
Cambodia,KHM,2014,19,52.3064885887918,50.8959384466893,55.0569655615505
Liberia,LBR,2014,17,52.0087177471879,49.0688096058997,54.9486258884762
Cuba,CUB,2014,8,51.473255564682,46.2104711299965,58.2402946339898
Mongolia,MNG,2014,19,51.1551629493852,49.0321220985657,52.2514741669296
El Salvador,SLV,2014,19,50.9672756024302,49.4203654474711,52.8284068713696
Bolivia,BOL,2014,19,50.8773861521434,49.6035652898572,53.0058118589396
Eswatini,SWZ,2014,15,50.8611797371716,50.3312597970271,61.5812965203855
Guinea-Bissau,GNB,2014,6,50.7909812315477,47.6590883776756,55.7232526631417
Nepal,NPL,2014,18,50.691937910841,47.8495642318958,52.8120025591618
Syria,SYR,2014,7,50.5732505841979,49.3893718420453,57.3824146917654
Myanmar,MMR,2014,16,50.5437207441631,49.8164725504638,55.3445036265936
Equatorial Guinea,GNQ,2014,7,50.4163321290259,46.7930839632977,55.8580422174691
Comoros,COM,2014,6,50.3924766025136,47.5694129029238,57.100953384762
Gambia,GMB,2014,17,50.3698763373912,50.0117077209358,57.7203300492222
Malawi,MWI,2014,18,49.3693837335437,46.9985080493766,50.9804533995912
Mozambique,MOZ,2014,18,49.0021570855202,48.704420201899,55.1162678869827
Greece,GRC,2014,19,48.9450648849708,48.0254179837266,50.3679387813927
Paraguay,PRY,2014,19,48.7076738482083,45.8414035624724,49.7670877325806
Democratic Republic of Congo,COD,2014,12,48.3684239517595,38.9619387746554,49.7280150650904
Moldova,MDA,2014,19,48.0467987072842,44.4030724061921,49.3425145963459
Bosnia and Herzegovina,BIH,2014,19,47.7721173263117,45.4832620178889,48.4551507407471
Kyrgyzstan,KGZ,2014,18,47.5643775424996,45.1436139049747,49.8571114913687
Somalia,SOM,2014,7,47.4528480257931,41.7227666272767,52.8570945087583
Ukraine,UKR,2014,20,47.0537320712274,45.9593784009972,47.8921855152447
Libya,LBY,2014,12,46.9394909857703,44.7545525024823,52.3281229762779
Madagascar,MDG,2014,18,44.0546157312423,40.7226037023166,47.4208471870494
Egypt,EGY,2014,20,43.9443119244308,42.9834366750343,44.5307903373011
Argentina,ARG,2014,19,42.4752594192585,40.5709964545465,43.7913789312926
Zimbabwe,ZWE,2014,18,41.6586538584108,39.38390660627,43.9334011105517
Burundi,BDI,2014,16,39.1973969443535,30.5278463545904,39.839708136144
Chad,TCD,2014,19,37.9633560969833,37.4130951543014,40.4797537203616
Mauritania,MRT,2014,15,36.1207959615614,30.2176540793543,38.8064676509097
Angola,AGO,2014,19,35.0222668953399,32.209992679137,36.3929485667216
Benin,BEN,2014,20,29.3002861879417,28.5673499175165,29.9246260057259
Yemen,YEM,2014,18,26.2132843031643,23.4512608095003,30.524583160148
Venezuela,VEN,2014,19,16.7904058644086,13.5147556487092,19.9722404016681
Singapore,SGP,2013,20,98.0509375230173,97.4457425543027,98.7595101357421
New Zealand,NZL,2013,20,93.7311925267629,93.128055215662,94.3858305911473
Hong Kong,HKG,2013,18,93.2075907497523,92.2265934886973,93.8125413717984
Switzerland,CHE,2013,19,92.0891062179561,91.0871709438281,93.7006151404795
Luxembourg,LUX,2013,18,91.1287599836024,89.1668542647605,92.1318721194629
Finland,FIN,2013,19,90.6723987153886,89.8550474101985,91.3862492609452
United Kingdom,GBR,2013,19,90.0897619593623,88.973125650466,90.7891734783534
Netherlands,NLD,2013,19,89.8576032521223,89.3497893038222,90.8690133611585
Germany,DEU,2013,19,89.367537641489,87.6411764676251,89.5831524684193
Sweden,SWE,2013,18,88.2194149848829,87.5986421155968,90.3947429569194
United Arab Emirates,ARE,2013,20,87.3703315649532,86.7644371359624,87.9585472750564
Norway,NOR,2013,17,86.9726193577249,85.850096393574,89.6961374864941
Canada,CAN,2013,20,86.5100697673745,85.9133344720691,87.0918487990541
United States of America,USA,2013,20,86.0371800232635,85.4292225080325,86.660445287035
Denmark,DNK,2013,18,85.9662661708228,84.4835870876256,87.1446905912522
Qatar,QAT,2013,20,85.6322337770372,85.1358237518923,86.2113219990081
Malaysia,MYS,2013,20,85.1880731106853,84.6645853684646,85.7850193586683
Iceland,ISL,2013,20,82.5735399112399,82.0115398332705,83.182242963353
Bahrain,BHR,2013,20,82.4477462963288,81.8981010684355,83.0506263586883
Ireland,IRL,2013,19,82.4386971541282,81.6895926684406,83.2893114602105
Japan,JPN,2013,20,82.3686038020975,81.8059019527283,82.9068876028444
Estonia,EST,2013,19,81.0826466974422,80.2540511096576,81.7157186846476
Australia,AUS,2013,20,79.8308598209584,79.2125556577428,80.3969068303014
France,FRA,2013,19,79.7996409275375,77.8724440602042,79.9947204630177
Taiwan,TWN,2013,18,79.4178690282473,78.0668863182174,80.3041655799218
Barbados,BRB,2013,17,79.0555617029085,76.346964858073,81.593026592465
Brunei,BRN,2013,16,78.7624535811432,73.8537961734376,79.257502290428
Belgium,BEL,2013,18,78.0049235148414,77.2649976500053,79.8843794232787
Malta,MLT,2013,19,77.9047242944432,77.4785405215827,79.0265963045116
Austria,AUT,2013,18,77.7336099339242,77.442928676119,80.0859282077797
Oman,OMN,2013,20,77.6634055530683,77.1246712411592,78.2922421739105
Israel,ISR,2013,19,76.8601121767817,74.9685635351438,78.7516608184195
Mauritius,MUS,2013,20,76.5418378856658,75.9643863980516,77.1175667828296
Cyprus,CYP,2013,19,76.0174719755684,74.6295422193054,76.3661864653943
Saudi Arabia,SAU,2013,20,75.6561887535091,75.025428353009,76.2711657313295
Rwanda,RWA,2013,19,74.9353696631039,73.1193162265965,75.7677899018241
Chile,CHL,2013,20,73.8341275352286,73.1939468686031,74.3065461932339
Panama,PAN,2013,20,73.3955990646888,72.7676597446365,73.8908991002961
Uzbekistan,UZB,2013,13,73.098705772864,65.6943073453881,74.0995827336024
Namibia,NAM,2013,19,70.0296241480826,69.7910712571973,74.9719555436293
Uruguay,URY,2013,19,69.8937512474557,67.0856976565546,70.0853665142424
Botswana,BWA,2013,19,69.2247068818244,68.2856548600752,70.8205011898202
Cabo Verde,CPV,2013,19,69.1947939467178,64.6036339091759,69.2476758032217
Sri Lanka,LKA,2013,20,68.9921996676428,68.4330724086066,69.5151527247772
Senegal,SEN,2013,20,68.9428115691115,68.3465842005954,69.5244284290387
Trinidad and Tobago,TTO,2013,19,68.8228232323004,65.5692851581663,69.6580429256044
North Macedonia,MKD,2013,18,68.3439032715477,67.7175828660695,73.1256252080938
Thailand,THA,2013,20,68.2942946694302,67.690720770315,68.842382490483
Lithuania,LTU,2013,19,67.9930206029792,66.5485962028121,68.3242126604313
Spain,ESP,2013,19,67.4970386341822,67.3559947302952,70.434336789096
Jamaica,JAM,2013,19,67.3845288021134,64.9555740322151,68.051479214037
Kazakhstan,KAZ,2013,19,66.9181816833561,65.9122874698962,68.5213212583662
Puerto Rico,PRI,2013,13,66.8636304996072,62.4278389359178,69.120091097911
Latvia,LVA,2013,19,66.6976797713164,65.3981456460417,67.0235588989285
Portugal,PRT,2013,19,66.4787335487595,64.522964075103,66.5693049880028
Iran,IRN,2013,19,66.2782534849522,63.7510766155346,67.115284409499
Turkey,TUR,2013,20,66.2070544942396,65.5587262399774,66.7073376416188
Laos,LAO,2013,12,65.7990780587198,58.7197823834934,68.8564130445213
Bhutan,BTN,2013,10,65.7370583364408,60.637959162901,68.4190205563987
Ethiopia,ETH,2013,17,65.5405508472359,62.3263764700071,68.4086336310751
Mexico,MEX,2013,20,65.4183511388148,64.7616787414359,65.8718699381144
Côte d'Ivoire,CIV,2013,19,65.3937109845641,64.5307882360008,67.5459962192984
Poland,POL,2013,19,65.3502565861237,64.5078657393224,66.1988719831241
Montenegro,MNE,2013,18,65.2624875943688,64.1148105091793,69.3170963159746
Russia,RUS,2013,19,65.257087169769,61.5144799622764,65.5329256225493
Georgia,GEO,2013,20,65.2476098184745,64.6785685494608,65.850034905206
South Korea,KOR,2013,19,65.0164027152591,64.1196087797102,66.8718323051169
Indonesia,IDN,2013,20,64.7310570532039,64.150847910341,65.2599706571275
Zambia,ZMB,2013,17,64.4053139571941,63.0657634233124,69.7125345437571
Jordan,JOR,2013,20,63.7846230453856,63.1910891836525,64.3589346827363
Armenia,ARM,2013,19,63.5180198781326,61.9381338487677,64.9028823520661
Slovakia,SVK,2013,16,63.3606939283735,58.9562630701543,66.1441565691381
Fiji,FJI,2013,7,63.324613283879,58.0423716654242,65.7462052946898
Albania,ALB,2013,18,63.2493243342567,58.2689444049365,64.0353793704846
Timor-Leste,TLS,2013,12,63.2287162196466,57.3303578426674,63.4595769110313
Tajikistan,TJK,2013,17,62.8926608632935,60.0671482996562,66.7135043443961
Costa Rica,CRI,2013,20,62.7992470443729,62.1785368830452,63.3220668303969
Slovenia,SVN,2013,19,62.6952776082119,61.1210059499371,63.5747676779577
Azerbaijan,AZE,2013,18,62.277475007234,60.7813180714242,65.8091085369566
Burkina Faso,BFA,2013,17,62.2231215443834,60.3997609788517,66.2162559038558
Peru,PER,2013,20,62.1335042737802,61.4529175272301,62.6266504394508
Honduras,HND,2013,20,62.1289139739599,61.4750697763806,62.7469414545157
Philippines,PHL,2013,20,61.9731558966297,61.2772479460774,62.5680236753871
Morocco,MAR,2013,20,61.5561669188534,60.9310130511372,62.0924056789414
Czech Republic,CZE,2013,18,61.5431452139898,60.643672586753,63.5190848490299
Papua New Guinea,PNG,2013,6,61.122617480057,55.8883005848406,63.4954130193325
Colombia,COL,2013,20,60.6308863803909,59.9494886825778,61.1207727870054
Suriname,SUR,2013,14,60.5723789137383,56.9359630192307,63.3667106401534
India,IND,2013,19,60.3436646525273,59.3550260189821,61.5175448565708
Guyana,GUY,2013,14,60.337970782408,57.6742618458999,62.2967215595337
Lebanon,LBN,2013,18,60.2888060634323,58.9977785833019,64.5276764504022
Vietnam,VNM,2013,20,59.9040933970957,59.2322584229474,60.3886411546498
Republic of Congo,COG,2013,7,59.7406651583162,53.3115395378017,60.343622918739
Uganda,UGA,2013,17,59.6031198779392,56.9163276873647,62.8477579458402
Italy,ITA,2013,19,59.5983645682827,57.5841464469648,59.9538362521885
Kenya,KEN,2013,20,59.4534880469443,58.8458190896508,60.062524409551
China,CHN,2013,19,59.3375506144099,55.8619496940605,60.7928975676541
Niger,NER,2013,6,59.0899925651436,55.441597525429,61.410951816527
São Tomé and Príncipe,STP,2013,5,59.0086108334506,52.0924574778128,60.2469602003955
Sudan,SDN,2013,6,57.857716390038,53.2043637634477,59.7307061874227
Tunisia,TUN,2013,20,57.83444117762,57.2550024587641,58.3678046864177
South Africa,ZAF,2013,20,57.6986421085822,57.0277746718359,58.2056138771557
Sierra Leone,SLE,2013,18,57.2729938322174,54.3996025289557,59.1677336935452
Togo,TGO,2013,8,57.2729938322174,53.4282502895989,61.3643106917262
Pakistan,PAK,2013,20,57.1173370514155,56.4411547474527,57.7113852130419
Mali,MLI,2013,19,57.0718035602262,55.941316036594,58.6408625899805
Cameroon,CMR,2013,19,56.86911996266,55.1200548712445,59.0916343622651
Kuwait,KWT,2013,20,56.7802373294274,56.0986127293815,57.2801986831103
Bulgaria,BGR,2013,19,56.6904152707069,54.2545825770828,56.9866150465645
Guatemala,GTM,2013,20,56.4856056798791,55.8003989828923,56.9992399620833
Djibouti,DJI,2013,6,56.3599432255263,56.185549060302,62.2680568478962
Afghanistan,AFG,2013,6,56.3392555122849,51.1045061958494,58.8101867670541
Nicaragua,NIC,2013,18,56.0278782151266,54.9162864757356,60.633958853494
Croatia,HRV,2013,20,55.9051554608554,55.1226445824513,56.4290342674031
Ghana,GHA,2013,19,55.4761116353862,54.6625727236262,57.5950951660531
Comoros,COM,2013,6,55.241247374996,46.7484276514283,57.2646083253856
Guinea-Bissau,GNB,2013,6,55.0652389046997,48.2671212044396,56.9762620879497
Iraq,IRQ,2013,11,54.7738515430546,49.1997073102157,58.7898096505831
Romania,ROU,2013,19,54.6998056953188,52.2793837912481,54.8944754963323
Tanzania,TZA,2013,20,54.4577294040332,53.8277484280714,55.0278606669065
Bangladesh,BGD,2013,20,54.3744814117186,53.6633145575921,54.8979083431611
Eswatini,SWZ,2013,15,54.3744414731043,49.7757525324823,58.6232067651411
Hungary,HUN,2013,18,54.2145100900047,52.0214355857829,55.4272613916035
Lesotho,LSO,2013,17,53.7646862772503,51.5556914427745,57.9279239468364
Syria,SYR,2013,6,53.6929333378121,50.1607136894511,58.0967399864517
Belarus,BLR,2013,7,53.5246250122107,50.4087496323119,60.9941412871464
Libya,LBY,2013,12,53.4411430489684,47.9686661827164,55.0380734594628
Mozambique,MOZ,2013,18,53.3333995291583,49.8808153835121,55.0868115752804
Dominican Republic,DOM,2013,19,53.2602843972958,50.3581807459772,54.3923376429959
Guinea,GIN,2013,16,53.2602843972958,49.2401466370966,57.280422157495
Nigeria,NGA,2013,18,53.1836782839329,52.1339183059538,55.036233757262
Seychelles,SYC,2013,18,53.1836782839329,50.2644576252492,55.1830458314234
Gambia,GMB,2013,17,53.1548425382734,51.1713286226096,57.1800735842871
Liberia,LBR,2013,17,52.9147099702986,50.0152233096145,55.8141966309827
Serbia,SRB,2013,19,52.9147099702986,50.6384974552145,53.6172393513839
Brazil,BRA,2013,20,52.6428632331796,51.8452564057866,53.1263222841249
Cambodia,KHM,2013,19,52.2575670555273,50.8093266649853,55.2620313710438
El Salvador,SLV,2013,19,52.2143623927582,48.8955310545786,52.3705139268435
Gabon,GAB,2013,16,51.4460333810393,47.9200101740761,54.464818920173
Mongolia,MNG,2013,19,51.4460333810393,48.6432673832486,51.6805016509611
Equatorial Guinea,GNQ,2013,7,50.9599303945496,47.5573050456317,55.9735731042163
Myanmar,MMR,2013,10,50.7688831538115,41.2106729773992,51.7268739401997
Ecuador,ECU,2013,20,50.7287632095784,50.0290199094237,51.3291058069184
Bolivia,BOL,2013,19,49.7236054332002,48.1961214530321,51.8464562092691
Malawi,MWI,2013,18,49.4322409399151,46.7353632005211,50.8296661894253
Cuba,CUB,2013,8,48.9760915506839,47.3123803609597,58.8419795294349
Moldova,MDA,2013,19,48.7308358540273,44.2372026336458,50.292250700247
Algeria,DZA,2013,18,48.7224981932074,46.3691694013997,49.6264562194437
Ukraine,UKR,2013,20,47.9482320147329,47.0684885389919,48.6035476419587
Greece,GRC,2013,19,47.9377205545903,45.9117208807762,48.8000774190032
Haiti,HTI,2013,15,47.8581772001103,46.7590826274271,56.4632903884983
Somalia,SOM,2013,7,46.7065203503938,42.282078445217,53.1666308146065
Democratic Republic of Congo,COD,2013,12,46.3275184447389,39.6781876851207,50.6225662315391
Nepal,NPL,2013,18,46.1776743175389,45.8742903077097,52.3985431523705
Bosnia and Herzegovina,BIH,2013,19,46.1145585478672,45.4309155795369,48.4980829916256
Kyrgyzstan,KGZ,2013,18,45.9742771385997,42.9814018869124,47.7051862360176
Paraguay,PRY,2013,19,44.7224132031858,44.4411709489844,48.368242823164
Egypt,EGY,2013,20,44.0364932125406,43.229373918965,44.5498962755425
Madagascar,MDG,2013,18,41.3600161232531,39.3746626121826,45.7722648182781
Mauritania,MRT,2013,15,41.1277358301559,34.1461518408359,42.2018304734716
Argentina,ARG,2013,19,40.5945738868477,38.8633852837732,42.433543637881
Chad,TCD,2013,19,40.4982794134809,37.7482654427077,40.8618173921662
Zimbabwe,ZWE,2013,18,35.4408877874407,34.5075637603703,39.5842566118403
Angola,AGO,2013,19,31.5829860851116,30.4037050683448,34.4221086394685
Burundi,BDI,2013,16,27.825116167979,25.2780757642249,35.5343661688243
Benin,BEN,2013,20,26.5703318946664,25.8381377424789,27.2145526061644
Yemen,YEM,2013,18,23.7197525879929,20.598768328611,28.577302284708
Venezuela,VEN,2013,19,22.0460595116543,18.6039545160912,23.9459403663767
Singapore,SGP,2012,20,98.7995047060126,98.1827068012511,99.4435543472396
New Zealand,NZL,2012,20,94.3680124594294,93.758941600777,95.1027239025385
Hong Kong,HKG,2012,18,92.8814301064176,92.1271477046672,93.8112096745727
Switzerland,CHE,2012,19,92.1788019913489,91.3330194836235,93.8899229677865
Luxembourg,LUX,2012,18,90.781783365404,89.1930606746166,92.0921413888767
Finland,FIN,2012,19,90.3384496416611,90.0576367569806,91.4766776068746
United Kingdom,GBR,2012,19,90.1580975423032,89.2071841863751,90.8228956937097
Netherlands,NLD,2012,19,89.7044888199998,89.0113329702859,90.6121199000433
Germany,DEU,2012,19,89.6219864773773,87.9975517214559,90.0178861924495
Sweden,SWE,2012,18,89.3184586743437,88.0008419416208,90.6355852007252
Denmark,DNK,2012,18,88.5271562568831,86.7477440139954,89.0618919508188
Norway,NOR,2012,17,88.1631478134733,87.0104527130636,90.6865309363248
Canada,CAN,2012,20,86.9940323815095,86.4063763331465,87.5928511935522
United Arab Emirates,ARE,2012,20,86.558096721522,86.0259682155129,87.1551324470353
United States of America,USA,2012,20,86.0870099530829,85.4706220197952,86.6501744804992
Malaysia,MYS,2012,20,85.1373154417771,84.5482273757843,85.6878392486736
Qatar,QAT,2012,20,84.3747193760206,83.7992146641209,85.0556185977635
Iceland,ISL,2012,20,83.2351035190334,82.6689495705988,83.8235994464751
Japan,JPN,2012,20,83.1867636209764,82.6231639446374,83.7208711673546
Bahrain,BHR,2012,20,82.5425423015643,82.0224619915877,83.136578608954
Ireland,IRL,2012,19,82.1265019752236,81.4798369112994,82.9296659302271
Estonia,EST,2012,19,81.4899298374687,80.8572951593144,82.339224654131
Barbados,BRB,2012,17,80.9593872194914,78.8788197212015,83.9108071283697
Austria,AUT,2012,18,80.5356780420413,77.7677290025544,80.7398919791206
Australia,AUS,2012,20,80.5142807643224,79.8402871219582,81.0830531317877
France,FRA,2012,19,80.4291795774454,78.4177735378279,80.5697593590505
Taiwan,TWN,2012,18,79.5721967112957,76.750302984612,79.7342600707602
Malta,MLT,2012,19,78.6005921989151,78.1314879187467,79.7328300188978
Belgium,BEL,2012,18,78.2642760618342,77.0548834342668,79.7860509244692
Brunei,BRN,2012,16,77.4148994394622,73.6756728703538,78.8054526320964
Oman,OMN,2012,20,76.8871138188587,76.2765331654074,77.4888970906167
Mauritius,MUS,2012,20,76.1190873181603,75.5007073817061,76.7310189657374
Namibia,NAM,2012,19,76.0819646198789,72.0374557374787,76.6587321824967
Israel,ISR,2012,19,75.7091870915142,73.6759165607401,77.4727380476451
Cyprus,CYP,2012,19,75.5895603782633,75.1098810511372,76.8225501768881
Saudi Arabia,SAU,2012,20,75.4813639601871,74.8501707603205,76.0579221097454
Chile,CHL,2012,20,73.6978888281965,73.0263019771617,74.1708111101022
Rwanda,RWA,2012,19,73.3123886344604,72.4347692819189,75.3843973955855
Panama,PAN,2012,20,72.9099158451809,72.2811647305631,73.4128397213999
Uzbekistan,UZB,2012,13,72.7480573242309,64.8411233343126,74.4119937170891
North Macedonia,MKD,2012,18,70.6285208416821,68.3070441827782,73.5073904336545
Uruguay,URY,2012,19,70.1984226472045,68.2936310413374,71.3811046985031
Botswana,BWA,2012,19,69.9867691444679,68.0966282069916,70.9188639864458
Sri Lanka,LKA,2012,20,69.961529562615,69.3391662322418,70.4839705069157
Spain,ESP,2012,19,69.7723126225272,67.4667614107463,70.3932372277925
Thailand,THA,2012,20,69.3514069780673,68.7445802713528,69.8976446441885
Senegal,SEN,2012,20,68.9158692949981,68.3012616452099,69.4957741226919
Montenegro,MNE,2012,18,68.8880491827427,64.8804358275467,70.3380015238697
Trinidad and Tobago,TTO,2012,19,68.7510194904375,66.8996640999899,71.7484047099868
Bhutan,BTN,2012,10,67.7218120228133,60.3288641098036,68.1615115579056
Cabo Verde,CPV,2012,19,67.4517536585255,65.1485038595824,69.2412852249283
Jamaica,JAM,2012,19,67.2840986715285,64.9630575650824,68.1859468975427
Kazakhstan,KAZ,2012,19,66.5480801916605,64.48806509921,67.1341718965263
Lithuania,LTU,2012,19,66.3541298973964,65.3628096950246,67.6432589444023
Mexico,MEX,2012,20,66.0403503417202,65.3941638767617,66.5258876146359
Slovenia,SVN,2012,19,65.9539077743172,64.3384522249335,66.2837255647019
Latvia,LVA,2012,19,65.9168203406894,65.145663256309,66.6836459043642
Turkey,TUR,2012,20,65.8150219336245,65.20109067097,66.3135457969361
Portugal,PRT,2012,19,65.810683944685,64.4000778951502,66.0427883840407
South Korea,KOR,2012,19,65.7773137470637,63.3075560240585,66.0662644443584
Côte d'Ivoire,CIV,2012,19,65.5658560042611,63.9556651358364,66.7418970670532
Poland,POL,2012,19,65.5601399133619,65.2272520666245,66.8886704919786
Zambia,ZMB,2012,17,65.2072413361371,62.4856429257321,69.6632645247943
Burkina Faso,BFA,2012,17,64.9565763331898,61.2536649699561,66.7182536861965
Ethiopia,ETH,2012,17,64.9327794011556,63.0331553018588,69.2743149766859
Iran,IRN,2012,20,64.8334410421214,64.232358131542,65.3711327227357
Lebanon,LBN,2012,18,64.7598859016114,61.191896279677,66.5254965001355
Georgia,GEO,2012,20,64.5087173248183,63.8761172741985,65.1146019632557
Laos,LAO,2012,12,64.5027437268016,58.7241209918,67.3474286497354
Albania,ALB,2012,18,64.3276953467593,60.4912753200778,65.7939678342735
Honduras,HND,2012,20,64.0931758500997,63.5230930896629,64.682917833754
Indonesia,IDN,2012,20,64.0369873793011,63.4749589555465,64.5576087473705
Russia,RUS,2012,19,63.7898338742394,61.721776081467,65.7242882599272
Costa Rica,CRI,2012,20,63.018382238921,62.353401148059,63.5451626803543
Jordan,JOR,2012,20,62.7883549227048,62.2020309875203,63.4016700810633
Peru,PER,2012,20,62.7155645692964,62.0539351971666,63.2009136931525
Slovakia,SVK,2012,16,62.4446864480931,59.0249244702963,66.3811083823283
Fiji,FJI,2012,7,62.1237364682255,56.2256163389008,64.3421492818546
Czech Republic,CZE,2012,18,62.0414218923529,60.3819754649341,63.3262947552507
India,IND,2012,19,61.9133329858203,59.9421328815734,62.295767454387
Puerto Rico,PRI,2012,13,61.7034897230538,60.4397829752632,67.412230399783
Armenia,ARM,2012,18,61.5798775555019,60.7090173101089,63.6154763531512
Morocco,MAR,2012,20,61.5576887785219,60.9256115115659,62.0239084710877
Colombia,COL,2012,20,60.8468004464478,60.2049534033587,61.3379694533667
Azerbaijan,AZE,2012,18,60.6631997072486,58.0905321257516,63.3747041816466
Philippines,PHL,2012,20,60.6008381281188,59.9383161117507,61.2202328958086
Tajikistan,TJK,2012,17,60.1871271493141,58.9240311008432,66.3094025441151
Nicaragua,NIC,2012,18,59.8491798655443,55.0326767534847,60.4715179958508
Vietnam,VNM,2012,20,59.7637729992302,59.0846196184115,60.2343846399734
Italy,ITA,2012,19,59.2986997744509,56.5095387185367,59.6201449428876
São Tomé and Príncipe,STP,2012,5,59.1485579115412,52.0511843631154,60.1139864687668
Uganda,UGA,2012,17,59.1289790497982,57.5848640320266,63.5397930627938
Guyana,GUY,2012,14,59.128906973563,57.0180584506405,62.1475160489028
Tunisia,TUN,2012,20,59.0327759851364,58.4515082509107,59.5665360728282
Suriname,SUR,2012,14,58.8595491342141,55.4349919463428,61.9146356906579
Niger,NER,2012,5,58.8127826267971,56.1431169909901,61.7556580387234
Kenya,KEN,2012,20,58.7063611053456,58.1228836629369,59.2025831600601
South Africa,ZAF,2012,20,58.2318536850802,57.5758456787016,58.7659199881128
Togo,TGO,2012,8,58.192959477749,50.7421438923285,59.659714551924
Ghana,GHA,2012,19,57.675514431396,55.5504724598241,58.3254952793969
Mali,MLI,2012,19,57.5071676285166,56.8866980785757,59.8259399924636
Timor-Leste,TLS,2012,12,57.4243354741126,56.6636273168842,63.4132390317495
Kuwait,KWT,2012,20,57.3635165396427,56.6691508800866,57.8285063159115
Republic of Congo,COG,2012,7,57.3319623662703,52.9379152592549,59.5683572400574
Sierra Leone,SLE,2012,11,56.7921132304439,45.8534916033286,57.3156912299801
Croatia,HRV,2012,20,56.7781908951733,55.9934995324847,57.2870867373158
Papua New Guinea,PNG,2012,6,56.7423907632906,55.8072004838458,63.0338902996744
Guatemala,GTM,2012,20,56.6175814560743,55.9189397331376,57.1223472437543
Pakistan,PAK,2012,20,56.6101460353251,55.9507002874473,57.2535952069361
Hungary,HUN,2012,18,56.3640696455902,52.7164946589951,56.5356236230653
Cameroon,CMR,2012,19,56.2270160470149,54.6628194124992,58.7473481806024
Gambia,GMB,2012,16,56.1666268372135,50.8244521453592,58.138359628808
Bulgaria,BGR,2012,19,56.0385752393159,53.8477623928151,56.3254632874283
Guinea-Bissau,GNB,2012,6,55.8460994733241,48.0682554616763,57.3922910121002
Djibouti,DJI,2012,6,55.8178229473717,55.6060809714152,61.7417045681158
China,CHN,2012,19,55.5372456853697,54.2569289286469,59.1363856485974
Iraq,IRQ,2012,11,55.5175622596101,48.219524780309,59.2953025524704
Syria,SYR,2012,12,54.9220649067531,50.26230574362,55.7485043844114
Lesotho,LSO,2012,17,54.5675880932015,51.7554370175528,58.1163743933969
Tanzania,TZA,2012,20,54.5124941896696,53.8766129520276,55.081928838224
Romania,ROU,2012,19,54.4873151800486,52.3609873613545,55.5856543992786
Eswatini,SWZ,2012,15,54.474851701519,50.1296101221573,59.2606076466558
Sudan,SDN,2012,6,54.4391851008051,52.3892838995276,59.0484405799031
Mozambique,MOZ,2012,18,53.9085711291392,51.3660174061683,56.723023744686
Nigeria,NGA,2012,18,53.7716720980528,52.1284304047647,54.8593487350522
Bangladesh,BGD,2012,20,53.6068950021186,52.9081700041418,54.1209419043698
Brazil,BRA,2012,20,53.4989174239198,52.6815259335361,53.966277010997
Belarus,BLR,2012,7,52.5351075507446,45.0305373737666,56.9756058637931
Guinea,GIN,2012,10,52.2484221166729,43.9921355314996,56.2153612926308
Serbia,SRB,2012,19,51.9007649658043,50.123590071146,53.1836222156911
Seychelles,SYC,2012,12,51.8775186204914,45.9021947021923,56.2535276347378
Equatorial Guinea,GNQ,2012,7,51.8587381431283,46.6928522978503,55.4220512133736
Dominican Republic,DOM,2012,18,51.5726394915284,49.9587677343398,53.7484929335857
Liberia,LBR,2012,10,51.4853659535487,46.6067090549779,58.7367091610692
Ecuador,ECU,2012,20,51.1651644172355,50.4412710605781,51.7666434588262
Malawi,MWI,2012,18,51.1403201560878,47.8504970476772,51.9279543930956
Cambodia,KHM,2012,19,50.9846696214512,50.6557252704076,54.8101913019193
Haiti,HTI,2012,15,50.9846696214512,46.1762936727598,56.5099343555189
Gabon,GAB,2012,10,50.4861183358984,45.7466614457886,55.3655751404616
Algeria,DZA,2012,18,50.3662031763663,48.9848565592583,52.0510590016436
Bolivia,BOL,2012,19,50.17699743448,48.7965388490481,52.3591791732422
Nepal,NPL,2012,18,49.9793863615643,45.8932323594895,51.5333268058177
Afghanistan,AFG,2012,5,49.9151473880383,45.8020664713727,54.028228304704
Democratic Republic of Congo,COD,2012,11,49.659360878324,41.8751853119823,54.0024009118755
El Salvador,SLV,2012,19,48.6223647121835,48.4232882120786,52.7395120675235
Mongolia,MNG,2012,19,48.1154491035786,47.8208887985512,50.8205220972882
Libya,LBY,2012,12,47.9051686536827,47.3299810436874,53.7231933783043
Greece,GRC,2012,19,47.6767859144837,46.4092225943965,48.8122056717327
Moldova,MDA,2012,19,47.5354907862694,43.8243348154706,48.4283372392781
Kyrgyzstan,KGZ,2012,18,47.1994415984643,45.4392226269479,49.7001422727101
Ukraine,UKR,2012,20,47.1473177419623,46.2276251840478,47.8150773349483
Paraguay,PRY,2012,19,47.0076938308296,45.0962632648471,48.3663311342266
Cuba,CUB,2012,8,46.4040235431972,45.0750861930148,58.0380485612081
Myanmar,MMR,2012,9,45.3332239917074,39.828794730575,51.5159296262271
Comoros,COM,2012,6,44.7053622019586,39.3468014118285,50.0639229920887
Egypt,EGY,2012,20,44.314722932315,43.5122171095828,44.8245517553988
Argentina,ARG,2012,19,42.8511751543573,40.3379424467583,43.7869921521312
Bosnia and Herzegovina,BIH,2012,19,41.119556856108,39.9291095022464,43.2587793272192
Madagascar,MDG,2012,18,41.0995418824153,39.5944140896844,44.5679179778637
Somalia,SOM,2012,7,40.8513760980626,35.1361733971537,46.5665787989715
Chad,TCD,2012,19,39.9123156233656,37.4799526507108,40.5207272353975
Mauritania,MRT,2012,16,36.0112969403789,35.5392447126014,42.0781136948959
Zimbabwe,ZWE,2012,18,35.0004679308776,34.0102875010926,38.9501764268172
Angola,AGO,2012,19,30.6559832065,29.2588672821002,33.5518414249591
Burundi,BDI,2012,16,30.3934927747542,25.308525016151,34.8418351403098
Venezuela,VEN,2012,19,26.5248472307248,24.3437008185448,28.6787511534724
Benin,BEN,2012,20,26.0018187651814,25.1469266443437,26.6065758877779
Yemen,YEM,2012,18,19.6889903662813,16.3575498510567,24.8575121113954
Singapore,SGP,2011,20,99.1421256376448,98.5321792380677,99.8789998164267
New Zealand,NZL,2011,20,94.7035043998226,94.1122353686336,95.3892833579779
Switzerland,CHE,2011,19,93.7884920795299,91.7112147022518,94.2666216632901
Hong Kong,HKG,2011,18,92.3727613534659,91.9474441168117,93.8322433081783
Luxembourg,LUX,2011,18,92.1729306263595,89.5114596823826,92.4032078513323
United Kingdom,GBR,2011,19,90.4146836463278,89.7492052764511,91.5918484429878
Sweden,SWE,2011,18,90.2397009586428,88.0476558023514,90.9288828381578
Finland,FIN,2011,19,90.1813325704208,89.8201599037469,91.415367222257
Germany,DEU,2011,19,89.8671841965662,89.0418150698743,91.1703524798354
Norway,NOR,2011,17,89.8417629277634,87.1591968887546,91.3190229190117
Netherlands,NLD,2011,19,89.3519796883839,88.5711251061553,90.1958911745924
Denmark,DNK,2011,18,87.4565057479132,86.6926644518662,89.042929465596
Canada,CAN,2011,20,87.2062827601843,86.5467527830807,87.814141375179
United Arab Emirates,ARE,2011,20,86.791840192236,86.2461573693737,87.4387507219993
United States of America,USA,2011,20,86.0044951887674,85.3853358162685,86.690873147063
Barbados,BRB,2011,16,85.4917114322805,82.7442094633795,88.2392134011815
Malaysia,MYS,2011,20,84.2561558838099,83.7095607713749,84.9000085589712
Qatar,QAT,2011,20,84.2072247295102,83.6746051713171,84.9046173074193
Iceland,ISL,2011,20,83.6933903984319,83.0450204494271,84.305174400548
Japan,JPN,2011,20,83.2718898370834,82.6717287051248,83.8514908244425
Ireland,IRL,2011,19,81.9463150110632,81.3924730395162,82.936851534103
Austria,AUT,2011,18,81.361324381993,79.9199202696935,82.8027284942925
Estonia,EST,2011,19,81.3313668537605,80.849475865589,82.3628874995729
Bahrain,BHR,2011,20,81.0098894315706,80.4702542877956,81.5862628666362
Australia,AUS,2011,20,81.0076049111155,80.3790348222164,81.5720441049541
France,FRA,2011,19,80.4062034632812,77.8197041621571,80.7266320769655
Malta,MLT,2011,19,79.9835766873232,79.1645786512732,80.6254293668813
Belgium,BEL,2011,18,79.5385809999058,77.2561972144204,79.9321253656438
Taiwan,TWN,2011,18,77.4346206067086,76.2633988316261,78.9253630574613
Cyprus,CYP,2011,19,76.7910402069601,76.167106344803,77.5569167072065
Mauritius,MUS,2011,20,76.5447775055833,75.9569698820628,77.1548904129367
Oman,OMN,2011,20,76.3276624866848,75.6962129890053,76.9441107280277
Namibia,NAM,2011,19,75.9825649419804,73.662325678501,78.1523915493786
Uzbekistan,UZB,2011,13,75.9608072795767,65.3992420246586,76.4496924423851
Brunei,BRN,2011,16,75.3092476851822,73.8263624729655,78.6046289149284
Saudi Arabia,SAU,2011,20,74.892603132099,74.3044915020417,75.4588323551289
Chile,CHL,2011,20,73.4709781254372,72.8383556109544,73.9318056007283
Israel,ISR,2011,19,73.3328614240417,73.0827101910584,77.0393988829014
Panama,PAN,2011,20,73.2313931156227,72.6045638009316,73.760568717266
Senegal,SEN,2011,19,71.5473561668517,68.2336117838888,71.6487453523667
Rwanda,RWA,2011,19,71.3615504642653,71.1838429635182,73.9563197676301
Bhutan,BTN,2011,10,70.9432894220056,60.1375986881652,71.442210041262
North Macedonia,MKD,2011,18,70.2087761302522,69.170027431053,74.5167030467395
Thailand,THA,2011,20,70.019207237012,69.4176578962014,70.5333660237332
Uruguay,URY,2011,19,69.9486939141277,67.9842256792583,71.1645297568774
Trinidad and Tobago,TTO,2011,19,69.8812852968697,68.274620627402,72.7949343676173
Spain,ESP,2011,19,69.8425339304023,68.5103904349853,70.6366358445375
Sri Lanka,LKA,2011,20,69.4633357840759,68.8585468411883,69.9719615946329
Botswana,BWA,2011,19,68.96145216614,67.7180949199172,70.0278128901892
Poland,POL,2011,19,66.9358026339596,66.1692599146494,67.7389556554635
Montenegro,MNE,2011,18,66.8152877132547,65.1952774562095,69.990582422866
Lithuania,LTU,2011,19,66.6335788081661,64.6276927189401,66.8679180635735
Mexico,MEX,2011,20,66.5232062892327,65.8670020099447,66.996866898684
Burkina Faso,BFA,2011,17,66.0857297464781,62.3458606147081,68.7538818617866
Cabo Verde,CPV,2011,19,66.0511622903081,63.8966538690567,68.1402759325903
Turkey,TUR,2011,20,66.0192047345122,65.411391584885,66.5771041912489
Portugal,PRT,2011,19,65.902064283828,65.1992131146244,66.7286186299341
Russia,RUS,2011,19,65.874378410787,62.0689793420983,66.2706606114875
Côte d'Ivoire,CIV,2011,19,65.566308899557,64.147935440456,67.0189702372373
Slovenia,SVN,2011,19,65.559788720492,63.920692995555,66.6171478364329
Slovakia,SVK,2011,16,65.5054121588198,60.5454749516794,67.3884874300556
Ethiopia,ETH,2011,17,65.483411675741,64.406530379173,70.5534060706772
Honduras,HND,2011,20,65.4582732035624,64.8490207390738,66.0625069935863
South Korea,KOR,2011,19,65.4224169982778,62.8519753232946,65.7922456363041
Latvia,LVA,2011,19,65.2214537618932,64.4519201517845,65.9548834542961
Iran,IRN,2011,20,64.9650552108306,64.4041004281652,65.511504425583
Zambia,ZMB,2011,17,64.8512213128499,62.3559485652506,69.0442384550172
Kazakhstan,KAZ,2011,19,64.612921632262,63.2173230615943,66.0085202029297
Puerto Rico,PRI,2011,13,64.5785608148983,61.6856076376068,67.9505255640903
Jamaica,JAM,2011,19,64.2797515230911,64.0930413474797,68.1560398088908
Indonesia,IDN,2011,20,63.8574312495363,63.2296281805944,64.4253395129496
Costa Rica,CRI,2011,20,63.7267935329475,63.1012005583353,64.2627565595314
Czech Republic,CZE,2011,18,63.5516724919518,60.7344706415138,63.8780312744897
Jordan,JOR,2011,20,63.2087784840544,62.5558989771301,63.7528855423432
Peru,PER,2011,20,63.0740113624232,62.4242642391849,63.5772806500789
Laos,LAO,2011,12,62.1146373350733,58.4122200768819,68.2623629109408
India,IND,2011,19,61.9988483001698,60.7714730671481,63.3599318895156
Georgia,GEO,2011,20,61.5364286711643,60.8210001070416,62.3972897251413
Lebanon,LBN,2011,19,61.5364286711643,58.3717437552846,64.5893498835584
Tajikistan,TJK,2011,17,61.5015872351184,58.7008719932035,65.4977180522565
Morocco,MAR,2011,20,61.2492835325118,60.6449569577111,61.7994781887756
Albania,ALB,2011,18,61.242096851983,60.4806911484676,66.4313172763466
Timor-Leste,TLS,2011,11,60.3092125029525,57.6938885580479,63.6908320061887
Colombia,COL,2011,20,60.1729182162453,59.4897894541457,60.6483510262443
Armenia,ARM,2011,18,59.9777169861359,57.5028685589903,60.7309755111971
Uganda,UGA,2011,17,59.97241085812,57.8142931896206,63.8378804635463
Tunisia,TUN,2011,20,59.7946111097327,59.1868906672255,60.3200738386611
Belize,BLZ,2011,5,59.6050699109404,56.5758329964684,61.2412810029807
Vietnam,VNM,2011,20,59.5321669694541,58.8641491410468,59.8774693486534
Djibouti,DJI,2011,6,59.4605744207875,55.0954269670111,61.8312112444318
Niger,NER,2011,5,59.0056825355465,56.3695611488355,61.9362896386276
South Africa,ZAF,2011,20,58.9435334966308,58.2874655371621,59.4565197634567
Italy,ITA,2011,19,58.8012026449676,57.2727757572653,59.7964212646086
Mali,MLI,2011,19,58.77851810375,57.2417875274537,60.0636112527185
Papua New Guinea,PNG,2011,6,58.5429621011404,55.5526781216058,63.1624508334971
Fiji,FJI,2011,7,58.3966150783173,55.8587489546542,64.0202190587789
Guyana,GUY,2011,14,57.8050191582359,57.038940013793,61.9265788074155
Kuwait,KWT,2011,20,57.7617155960967,57.0305708621182,58.2383484350783
Guatemala,GTM,2011,20,57.6532919502519,57.0681136918325,58.1042927943983
Kenya,KEN,2011,20,57.6453344191921,56.9583347673233,58.2326218330375
Philippines,PHL,2011,20,57.6318682369948,57.0072801022332,58.8684329468706
Republic of Congo,COG,2011,6,57.5054154659607,53.4980983913567,59.9009148178036
Suriname,SUR,2011,14,57.4810418636034,53.1237794262462,60.0700355831438
Croatia,HRV,2011,20,57.3271344326301,56.6513002064884,57.861278402605
São Tomé and Príncipe,STP,2011,5,57.2108546094764,52.7814096470174,61.8453097013241
Azerbaijan,AZE,2011,18,56.9379783102786,56.5751768758692,62.789788093663
Iraq,IRQ,2011,11,56.7376312622469,48.6961653570747,58.2319056735392
Sierra Leone,SLE,2011,11,56.6790610757764,46.924049602821,58.5536679863439
Ghana,GHA,2011,19,56.5353247975565,55.6107140934548,58.3048879902196
Cameroon,CMR,2011,19,56.4822988764153,54.1838985592125,58.2285453879721
Lesotho,LSO,2011,17,56.3481891320804,51.7366701480096,58.3093343031604
Nicaragua,NIC,2011,18,56.3403968756625,54.1109403480014,60.4134431976634
Democratic Republic of Congo,COD,2011,12,56.0983728155714,45.1697662974407,56.5991236787887
Guinea,GIN,2011,10,56.0232052312524,50.1582516064644,61.8881588560405
Pakistan,PAK,2011,20,55.9430811476229,55.2803825930647,56.5359992604848
Sudan,SDN,2011,6,55.7274288122746,51.6462567750177,59.2523323836359
Gambia,GMB,2011,16,55.4928720628699,50.3780641392145,58.0307236644956
Hungary,HUN,2011,18,55.480682101362,52.46569982026,55.5679855217221
Romania,ROU,2011,19,55.4701341626841,53.9216943697089,56.137361059282
Guinea-Bissau,GNB,2011,6,55.435135039895,48.0235548072763,57.0889576547539
Bulgaria,BGR,2011,19,55.3782270376727,53.6117397038539,56.2840850510856
China,CHN,2011,19,54.1223640056071,52.6989024112338,57.1175865270607
Togo,TGO,2011,8,53.9258079793406,51.647698211625,60.148322050093
Eswatini,SWZ,2011,15,53.5651239390196,48.5402710630651,58.4087624115542
Tanzania,TZA,2011,20,53.510043779235,52.856271723672,54.1641013590607
Brazil,BRA,2011,20,53.2800782965377,52.5066035330352,53.7339233594561
Belarus,BLR,2011,7,53.0979791437999,45.7931832362218,58.1062822509231
Syria,SYR,2011,12,53.0907804555306,51.1921672272549,56.6048550759251
Nigeria,NGA,2011,18,52.8206070924264,51.2922663207413,54.0633951781367
Mozambique,MOZ,2011,18,52.6549942015601,52.2558367113682,57.4632392757787
Bangladesh,BGD,2011,20,52.1918898009036,51.5188442473673,52.7305550780987
El Salvador,SLV,2011,19,52.1564725165234,51.011546784994,54.0598689371288
Dominican Republic,DOM,2011,18,52.125219311095,50.301945650647,54.2798136525111
Equatorial Guinea,GNQ,2011,6,51.8529325942921,46.8119393505892,56.5949904868357
Cambodia,KHM,2011,19,51.7377570196879,48.4920008179196,52.6907675487404
Haiti,HTI,2011,9,51.0205079810488,42.0096117368076,55.1288160072162
Cuba,CUB,2011,8,50.9967226433828,44.4442268008336,57.3287758659547
Ecuador,ECU,2011,20,50.8940483653129,50.1299450569218,51.5784078679316
Seychelles,SYC,2011,12,50.6025841833576,42.1814648341742,54.4656113629348
Comoros,COM,2011,6,50.5912633807979,44.6493261195501,55.8492061133862
Algeria,DZA,2011,19,50.4340880085444,49.0227457559485,52.0285353804086
Bolivia,BOL,2011,19,50.3238013200456,48.2126417602879,51.4211741057046
Serbia,SRB,2011,19,49.3714814253886,47.2814587893591,50.7214845659802
Malawi,MWI,2011,18,49.0304703120368,48.4714257636047,52.4646107357852
Mongolia,MNG,2011,19,48.971696538576,47.1630379552321,50.3793281306683
Libya,LBY,2011,12,48.9633949422376,48.3934759959395,55.0814367600855
Nepal,NPL,2011,18,48.9045247939871,45.1846182301903,50.7148175791385
Liberia,LBR,2011,10,48.2124264709833,47.7406864314457,59.5163333628249
Gabon,GAB,2011,10,48.0314312050475,45.2909820318943,55.2195931437341
Greece,GRC,2011,19,47.940879661576,45.9894683468376,49.1200433619107
Ukraine,UKR,2011,20,46.8395041644676,45.9365332693206,47.5121741114281
Afghanistan,AFG,2011,5,46.7030933259139,42.4598920937166,50.9462945581111
Kyrgyzstan,KGZ,2011,18,45.8578945168136,42.8439800403551,47.8769144790105
Egypt,EGY,2011,20,44.436305999339,43.6885354863915,44.9353112576161
Myanmar,MMR,2011,9,44.185794770281,38.4237872371494,49.51760467972
Paraguay,PRY,2011,19,43.5669102076303,41.3790414690553,45.284757048944
Madagascar,MDG,2011,18,42.926932163675,40.0911699180842,46.3583711998536
Bosnia and Herzegovina,BIH,2011,19,42.5653549433592,40.4004166718824,43.7323857698602
Somalia,SOM,2011,6,42.2516234106737,39.0163909151037,51.5694971267877
Moldova,MDA,2011,19,41.3257350552538,40.3880555909241,45.5091309059882
Chad,TCD,2011,18,39.1687013486455,35.6627853686005,41.7448651227233
Yemen,YEM,2011,12,39.0935697635941,32.7490538399344,46.2339762162175
Mauritania,MRT,2011,17,38.5619506070018,34.1586643254742,41.0593044866315
Argentina,ARG,2011,19,37.3766535807516,35.1985139757757,39.1639521914111
Angola,AGO,2011,19,36.2614126478368,33.2079243527734,36.6976253429792
Zimbabwe,ZWE,2011,18,33.403916788549,32.3752902580008,36.9078491255565
Venezuela,VEN,2011,19,27.3227258258563,24.947867586467,29.520303942278
Benin,BEN,2011,19,21.5670428029123,21.3238276295519,26.568485402476
Burundi,BDI,2011,16,19.3487439808228,15.6583131853755,26.6464126772175
Singapore,SGP,2010,20,100,99.3789088851796,100
New Zealand,NZL,2010,20,95.7657193175213,95.1582633586987,96.4112519935291
Switzerland,CHE,2010,19,93.9011211126762,91.9155513917458,94.515243572778
Hong Kong,HKG,2010,18,93.8136389956368,92.5986084899347,94.2096284151189
Sweden,SWE,2010,17,92.3745147941811,89.2497530732468,92.5222952304922
United Kingdom,GBR,2010,19,91.7105092805948,90.6257335351593,92.2749804407292
Germany,DEU,2010,19,90.7818658521415,89.9157583505334,91.8881601175354
Finland,FIN,2010,19,90.582219811222,89.8174574111767,91.3123650384551
Luxembourg,LUX,2010,18,90.2472999243459,89.846654968277,92.7186872212239
Netherlands,NLD,2010,19,89.3830030140667,88.6873755325063,90.1571411762618
Norway,NOR,2010,17,88.839484452051,88.0390752560363,91.8672954214211
Denmark,DNK,2010,18,88.7794799779417,87.4622730164213,89.4082268151689
United Arab Emirates,ARE,2010,20,87.6768417605601,87.1358929777521,88.2977380003525
Canada,CAN,2010,20,87.4273776953,86.893053768707,88.069142811669
United States of America,USA,2010,20,85.8024071718026,85.1944210388976,86.3324609870738
Qatar,QAT,2010,20,84.604567089424,84.0339911842843,85.2430407133222
Iceland,ISL,2010,20,84.2817996136039,83.752583154564,84.871099130977
Malaysia,MYS,2010,20,83.9687815910072,83.3852760934765,84.6307291067862
Japan,JPN,2010,20,83.7065911730508,83.1181520554123,84.258001653643
Barbados,BRB,2010,16,82.6964109280102,81.0314462857171,86.4315559640704
Ireland,IRL,2010,19,82.588871057846,81.8484313566721,83.352143011364
Estonia,EST,2010,19,81.3155479020806,80.6548332621326,82.065856263574
Australia,AUS,2010,20,80.5148630745366,79.8914683368345,81.0812983565662
Bahrain,BHR,2010,20,80.4104378901841,79.8792272113536,80.98046381331
Malta,MLT,2010,19,80.0629083612173,79.5326324516063,81.1136517561868
France,FRA,2010,19,80.0584597869349,78.1018242175089,80.3381656647822
Austria,AUT,2010,18,79.619769761192,78.1661912888477,81.0880687720846
Belgium,BEL,2010,18,79.372808179157,77.351658574176,79.9663728537336
Namibia,NAM,2010,18,79.01141104024,73.9278971823787,79.6457722116026
Brunei,BRN,2010,16,78.2443412116619,74.4712089495763,79.1749557272912
Cyprus,CYP,2010,19,77.3018402541613,76.6007676638518,78.0365807288252
Taiwan,TWN,2010,18,77.1471484432757,75.8434223722928,78.4837519631917
Mauritius,MUS,2010,20,76.0370507860469,75.3784281603192,76.5398543936188
Oman,OMN,2010,20,75.1049377052345,74.4707991775485,75.661230015737
Israel,ISR,2010,19,74.0220360172718,73.3366395158647,77.0974447509014
North Macedonia,MKD,2010,18,74.0220360172718,70.9939523239344,76.1455629899083
Burkina Faso,BFA,2010,16,73.8209714984106,66.7725718724697,74.6278995747073
Trinidad and Tobago,TTO,2010,19,73.7805415788036,69.3217581307116,73.8870083783076
Saudi Arabia,SAU,2010,20,73.3920506657481,72.7710328642401,73.9315905859037
Panama,PAN,2010,20,73.3110832582828,72.671353658436,73.8198697783711
Uzbekistan,UZB,2010,13,73.3110832582828,66.1686170349806,75.9783401358745
Chile,CHL,2010,20,73.2730834504646,72.6451756909059,73.7867554706552
Rwanda,RWA,2010,12,71.4799119395245,63.2006361060022,73.5220027549714
Botswana,BWA,2010,18,71.1747740207566,67.9324966818405,72.9062677804214
Spain,ESP,2010,19,70.5357457669631,68.3690930642058,70.7516957510848
Thailand,THA,2010,20,70.1866621800216,69.5719397940896,70.7180087833642
Ethiopia,ETH,2010,17,69.556231215873,64.1969279305431,69.941046316969
Sri Lanka,LKA,2010,20,69.556231215873,68.9385166072891,70.0676311708925
Senegal,SEN,2010,19,68.5684899103069,67.4037315518808,70.8920640376342
Uruguay,URY,2010,20,68.3884685361421,67.7791165423529,68.8574669229752
Slovenia,SVN,2010,19,67.9621254622589,66.6820233627491,68.6189250089261
Cabo Verde,CPV,2010,13,67.5969979101874,64.2740622917234,72.4914551285153
Honduras,HND,2010,19,67.1923355674555,64.500961431255,68.5452409383729
Mexico,MEX,2010,20,67.1923355674555,66.5474755424596,67.7196804071525
Portugal,PRT,2010,19,67.1923355674555,66.1207277928851,67.7423349452977
Poland,POL,2010,19,67.013151934625,66.2716171714127,67.732685689499
Jamaica,JAM,2010,20,66.7073365492995,66.1055992674852,67.2459516564048
Montenegro,MNE,2010,18,66.3260416310574,64.7968911728634,69.7693288441571
Turkey,TUR,2010,20,66.2219545094539,65.5616424893133,66.7337345173855
Kazakhstan,KAZ,2010,19,66.0441134106471,64.4933160487792,67.8329385000932
Latvia,LVA,2010,19,66.0441134106471,65.1969621703145,66.7791174879005
Puerto Rico,PRI,2010,13,66.0441134106471,61.7852168043989,68.2359160711881
Lithuania,LTU,2010,19,65.9779600834191,64.8798418205887,67.3190084233412
Iran,IRN,2010,14,64.38116111453,58.5722311389552,66.7809753336523
Zambia,ZMB,2010,17,64.38116111453,62.043411648008,69.1858247068461
Côte d'Ivoire,CIV,2010,18,64.1365979401664,62.3392490369917,66.5999523106689
Jordan,JOR,2010,20,64.1365979401664,63.4754413416614,64.6782478910054
India,IND,2010,19,63.840373035453,62.4999210920856,64.5986838114348
Nicaragua,NIC,2010,18,63.840373035453,59.2450031993483,64.7500228821888
Peru,PER,2010,20,63.840373035453,63.1398993969172,64.3642995854476
Albania,ALB,2010,19,63.8387208645568,59.052362480869,64.0495689443637
Costa Rica,CRI,2010,20,63.6959551100104,63.0308552395024,64.17604769647
Slovakia,SVK,2010,17,63.6959551100104,59.8223663840004,65.466321036223
Indonesia,IDN,2010,20,63.6878892857406,63.1216192747151,64.2245308173737
Russia,RUS,2010,19,62.8922546770487,61.8276923324012,66.2875199703914
South Korea,KOR,2010,19,62.8922546770487,62.865975065044,65.7020702522816
Georgia,GEO,2010,20,62.8387849616007,62.2376608602912,63.492069444163
Tajikistan,TJK,2010,17,62.2746182712955,58.2211188467054,65.4222468047804
Papua New Guinea,PNG,2010,6,62.0182757804628,55.5351352761151,63.7240649101799
Lebanon,LBN,2010,12,61.7526865130211,56.4509965288974,67.2732426544746
Czech Republic,CZE,2010,18,61.6992922566787,60.9351950917685,64.1571296336672
Uganda,UGA,2010,17,61.638535180816,58.5350640980534,65.2023858956212
Laos,LAO,2010,12,61.2441175695825,59.7142367828531,69.8111418687345
Morocco,MAR,2010,20,61.2441175695825,60.6310772373509,61.7278951689514
Armenia,ARM,2010,18,60.9834597904196,59.4825360002634,62.4040180969844
Fiji,FJI,2010,7,60.5045714416283,54.8844341421727,64.2412916949758
Colombia,COL,2010,20,60.4178239396451,59.7097202447243,60.8821491104665
Azerbaijan,AZE,2010,18,60.3259781796962,58.2084833143332,63.7630454438152
Guyana,GUY,2010,13,60.3259781796962,56.0901532276683,61.0133969272026
Bhutan,BTN,2010,10,59.7052741438874,59.2541966593914,68.9129294013668
Philippines,PHL,2010,20,59.7052741438874,59.0299225722699,60.3445623438922
Guatemala,GTM,2010,19,59.6241557207758,56.505578827504,60.318547799559
Belize,BLZ,2010,4,59.6050699109404,56.5758329964684,61.2412810029807
Vietnam,VNM,2010,20,59.6050699109404,58.9169471505256,60.0814978775221
Djibouti,DJI,2010,6,59.3503798520855,55.7636699535149,61.7552163118217
South Africa,ZAF,2010,20,59.3503798520855,58.6915214864826,59.8554152988951
Niger,NER,2010,5,59.1985824442959,56.5960053066809,62.1169212385317
Sierra Leone,SLE,2010,12,58.9661538390685,49.7818067473149,60.3482039979143
Timor-Leste,TLS,2010,11,58.9661538390685,56.4042029832492,62.8071349871869
Tunisia,TUN,2010,20,58.9661538390685,58.3736871655922,59.5957400024558
Italy,ITA,2010,19,58.7796731269363,55.8443740621221,59.0584716573751
Equatorial Guinea,GNQ,2010,6,58.3531030295801,47.0478074771212,58.8710994768542
Croatia,HRV,2010,20,58.0461162989151,57.3952145577652,58.5864091441411
Ghana,GHA,2010,18,58.0461162989151,55.8557505726601,60.23648202517
Mali,MLI,2010,18,58.0461162989151,55.9484501740877,61.0289738770224
Cuba,CUB,2010,8,57.9371976097826,44.1295439518931,58.0585467414135
Republic of Congo,COG,2010,5,57.6962242103326,53.3777462954535,59.9177551213527
Lesotho,LSO,2010,17,57.5765070597423,52.7971302882926,58.8104534244022
Kuwait,KWT,2010,20,57.5408076038941,56.7937539815025,58.0186295344008
São Tomé and Príncipe,STP,2010,6,57.2078757033503,54.441384434538,61.9304638618489
Kenya,KEN,2010,20,57.0373790052768,56.4234420163467,57.6343653508688
Sudan,SDN,2010,6,56.7505604272261,51.9992549902525,59.7146002783587
Liberia,LBR,2010,10,56.6749485551956,48.8356883821848,59.6625818008088
Suriname,SUR,2010,13,56.6749485551956,53.1170020151682,60.3841880822327
Cameroon,CMR,2010,20,56.508169440248,55.8770087058142,57.1247210765071
Romania,ROU,2010,19,55.7473163688076,53.7111154195897,56.1329760249117
Bulgaria,BGR,2010,19,55.686824012548,53.8551901154068,55.8281977463094
Pakistan,PAK,2010,20,55.192884711787,54.5482969071324,55.8162408186548
El Salvador,SLV,2010,19,55.0141219024837,52.2677475613979,55.4190578244203
Gambia,GMB,2010,16,55.0141219024837,49.8362591441301,57.9270488036417
Syria,SYR,2010,13,54.9749230384405,52.4197646934543,57.7619247208412
Iraq,IRQ,2010,10,54.9323027234695,47.0242935949862,59.5080859638037
Eswatini,SWZ,2010,9,54.6458445774475,44.5401063028115,59.0870499034993
Democratic Republic of Congo,COD,2010,12,54.4578916851141,45.2003090497904,57.0229445782209
Nigeria,NGA,2010,19,54.4299790496858,52.4118653233685,55.5933260427307
Mozambique,MOZ,2010,18,54.3429380546509,52.4656378077839,57.659324685902
Hungary,HUN,2010,18,53.824405451557,51.8021204764221,55.0565869684307
Dominican Republic,DOM,2010,18,53.1401892603533,50.5378099224105,54.1450649187668
Tanzania,TZA,2010,20,53.1401892603533,52.5069420330655,53.7603996345543
Brazil,BRA,2010,20,53.099653042972,52.3091887649204,53.5869489163031
China,CHN,2010,19,53.099653042972,50.5117586666042,55.6883283173081
Libya,LBY,2010,12,52.7004407389349,50.2048235111829,57.0873160486913
Gabon,GAB,2010,11,52.5923151035323,48.331930101641,56.9538769707834
Guinea-Bissau,GNB,2010,6,52.3809704575898,49.3375048797962,58.0915779371948
Togo,TGO,2010,7,52.3352746169456,48.4898960265126,59.1000244439133
Belarus,BLR,2010,7,52.1378852776357,46.7825510166832,58.3646622811039
Guinea,GIN,2010,10,51.9104720489719,43.4045319421518,55.9281232798735
Comoros,COM,2010,6,51.8953810730062,45.4709622994079,56.1775375863367
Haiti,HTI,2010,9,50.3461285859637,44.7620378530679,59.1270735378946
Cambodia,KHM,2010,19,50.2386886673359,48.415189064107,52.9648431438157
Bangladesh,BGD,2010,20,49.6163814429315,48.8633833572645,50.1935428562699
Algeria,DZA,2010,19,49.2264502084752,48.1989282667482,51.1776187057124
Malawi,MWI,2010,18,49.0736854629918,47.9974221274688,52.1963866628472
Mongolia,MNG,2010,19,49.0736854629918,47.0198460883887,50.177453943084
Serbia,SRB,2010,19,48.9538635036732,45.9076234375127,49.5913179136661
Nepal,NPL,2010,18,48.7927207010328,45.3974181403176,51.0188964608952
Ecuador,ECU,2010,20,48.3191083740722,47.3987360661863,49.4436956401613
Greece,GRC,2010,19,47.8220217064376,46.1531142951734,49.1309319142496
Moldova,MDA,2010,17,47.252811363488,43.8116876207642,50.6939351062119
Ukraine,UKR,2010,20,46.4891503501592,45.6356483839115,47.1540925790418
Madagascar,MDG,2010,18,45.1239892598854,40.2375337580975,45.6140211182023
Paraguay,PRY,2010,19,44.1200817980861,41.7286631466995,45.9348849816021
Somalia,SOM,2010,6,43.6549352720317,40.0161489954424,51.7891478558745
Bolivia,BOL,2010,19,43.4931912207325,40.4271776831363,44.8112616410355
Afghanistan,AFG,2010,4,43.4910392637903,39.1177177160613,47.8643608115192
Egypt,EGY,2010,20,43.4910392637903,42.7415796019799,44.0109123287044
Kyrgyzstan,KGZ,2010,18,43.0118587578567,41.3213779388393,46.2436060094689
Argentina,ARG,2010,19,42.8496556793667,40.3847997365436,43.6128653328341
Bosnia and Herzegovina,BIH,2010,18,42.8496556793667,39.7773260233074,46.1785259290648
Myanmar,MMR,2010,9,42.6469172314165,35.8802266021593,47.3145760468069
Yemen,YEM,2010,13,40.9059641576406,35.3021250992292,46.1676330528503
Seychelles,SYC,2010,11,39.1798900377882,36.8055931452871,52.0569249856691
Angola,AGO,2010,13,37.2681066440076,30.6046193274842,41.6022026983482
Mauritania,MRT,2010,16,37.2681066440076,34.1136296823215,41.2940067707464
Chad,TCD,2010,18,36.192270746339,33.954936203246,39.3634367722139
Venezuela,VEN,2010,19,28.5001331640387,26.6474699621081,30.6851865022931
Benin,BEN,2010,19,24.8818449270433,22.7059663568663,26.2882224860496
Burundi,BDI,2010,16,24.8818449270433,18.3785324855087,27.8078163326306
Zimbabwe,ZWE,2010,18,24.8818449270433,21.8544477933974,28.1163637701684
Singapore,SGP,2009,18,99.7846008631274,98.5994190257058,100
New Zealand,NZL,2009,18,95.2873412533715,94.2868586715242,96.2790199764434
Hong Kong,HKG,2009,16,93.1331342000206,89.1118646214246,93.4907873151867
Germany,DEU,2009,17,92.0914451033687,88.7062061007785,92.5525838629915
United Kingdom,GBR,2009,17,91.7236056262282,89.8054075693691,92.6524982185599
Norway,NOR,2009,15,91.2096071317005,87.3700232166169,91.5889333340093
Switzerland,CHE,2009,17,90.5628941608583,89.7002218343103,93.9821013310189
Finland,FIN,2009,17,89.8656550655036,87.4065292325739,91.0434755392382
Sweden,SWE,2009,15,89.4511401344078,88.2448879185883,91.4941082549498
Netherlands,NLD,2009,17,88.9761985188298,86.2753013581343,89.6502991953929
Luxembourg,LUX,2009,16,88.3137260220835,86.8192540780256,91.2165570273584
Denmark,DNK,2009,16,88.1031142071952,84.6768339411276,89.3932602678574
Canada,CAN,2009,18,87.7752095957116,85.5148752661025,88.0189554270154
United States of America,USA,2009,18,86.4469656790522,83.9702546030052,88.5169244232231
United Arab Emirates,ARE,2009,18,86.3310991017005,84.6077160563433,88.9184074196752
Barbados,BRB,2009,14,85.1144130619225,79.7993712188923,86.5424215834911
Qatar,QAT,2009,18,84.9938910138342,81.6173898644179,85.0085938153725
Malaysia,MYS,2009,18,84.578639487884,82.7016653335123,86.9969126702676
Malta,MLT,2009,17,84.4642065038607,80.5082437273379,84.8597531202547
Estonia,EST,2009,17,84.3567637638466,81.5532937089604,85.7560731338696
Japan,JPN,2009,18,83.9566358976589,82.1614713680446,86.197497724456
Ireland,IRL,2009,17,83.8676921841691,81.2004266502384,85.3491414620537
Iceland,ISL,2009,18,81.9583393036555,80.5106940480714,84.4758757041328
Belgium,BEL,2009,16,81.916002432965,77.0950829838494,82.9172706177092
Taiwan,TWN,2009,16,80.8733829078376,77.4104438196197,82.6993205242621
Australia,AUS,2009,18,80.1056347236356,78.3507914299385,81.6871201170043
Bahrain,BHR,2009,17,80.0849025043316,79.0303190283624,84.1890734857231
Namibia,NAM,2009,16,77.6808242436655,71.7884247743265,79.5688551492554
Cyprus,CYP,2009,17,76.900511322503,71.1220828330836,76.957351862323
France,FRA,2009,17,76.5377345437932,74.0504017842733,79.4583565736989
Uzbekistan,UZB,2009,13,76.3424599976357,71.3228809494415,81.3620390458299
Saudi Arabia,SAU,2009,18,76.1966581453699,72.0198083882257,76.800763225403
Brunei,BRN,2009,14,76.1511564052404,73.3138358699888,80.0807482732584
Trinidad and Tobago,TTO,2009,17,76.0263575364708,72.3286365548366,79.724078518105
North Macedonia,MKD,2009,16,75.7750036796003,69.4726405291067,77.7117137669492
Mauritius,MUS,2009,18,75.7690270888512,71.9852750182662,77.2330015004461
Israel,ISR,2009,17,74.2964999396204,71.0711694092122,77.766721400763
Oman,OMN,2009,17,73.6525735971846,68.2546676375456,74.8065027417146
Austria,AUT,2009,16,72.4967887315821,70.8599575112884,78.2990753705246
Panama,PAN,2009,18,71.1066274357065,67.3809550187257,72.1848422587732
Botswana,BWA,2009,16,70.9203483357628,67.3633611058267,74.189088918261
Burkina Faso,BFA,2009,14,70.8079392379291,66.2478750521375,75.3680034237208
Sri Lanka,LKA,2009,18,70.7493969225724,67.7301232215508,73.5758641495278
Portugal,PRT,2009,17,70.3623855919837,67.0526653973123,73.2352014397222
Cabo Verde,CPV,2009,13,70.0142727801297,63.4618558862898,72.2907890830091
Rwanda,RWA,2009,12,69.8238521227782,62.6271447943441,72.4755883391377
Ethiopia,ETH,2009,15,69.4896002886031,62.0524298942762,69.9365955141893
Spain,ESP,2009,17,69.4410540487726,67.2664494631534,72.5463893062128
Senegal,SEN,2009,17,68.9822744355839,64.4671732390456,71.7942872898624
Chile,CHL,2009,18,68.8798123740765,65.7304950460654,72.8332950917667
Turkey,TUR,2009,18,68.8333060763513,63.9831501698335,69.7306339003259
Uruguay,URY,2009,18,68.7034891342213,65.0130561332642,71.5341184932981
Thailand,THA,2009,17,68.6791468154201,66.0427218894425,71.6716863237389
Mexico,MEX,2009,18,68.461917136118,62.7529368942262,68.4805871306636
Bahamas,BHS,2009,5,68.0322544296579,63.4426117954953,69.4845240503937
Honduras,HND,2009,17,67.8621733126294,62.0978696708687,70.614853431659
Montenegro,MNE,2009,16,67.8046658925042,60.7557275345333,69.4178138598968
Poland,POL,2009,17,67.7031498330265,66.640043644753,72.0261800794918
Kazakhstan,KAZ,2009,17,67.686097680902,62.2588275000746,68.2616651473889
Latvia,LVA,2009,17,67.5730806751137,61.9667605191981,67.6490332274695
Peru,PER,2009,18,67.0308741786742,62.8713702495679,67.7856453972863
Slovenia,SVN,2009,17,66.9812894116398,64.0001037240513,68.9439488418165
Puerto Rico,PRI,2009,11,66.8922281013494,62.8783086190911,72.2746163450123
Zambia,ZMB,2009,15,66.4802370570674,60.5206892001803,70.7681605895257
Lithuania,LTU,2009,17,65.9079493374617,64.4883081482994,69.7579095396768
Jordan,JOR,2009,18,65.8122712627156,64.2747004035468,70.3380407334177
Côte d'Ivoire,CIV,2009,16,65.3066732394481,59.1941563346363,67.255048155617
Jamaica,JAM,2009,17,65.1828889327273,64.0338426356649,69.563492863713
Albania,ALB,2009,17,65.1581484140176,56.521656018324,65.558694746652
India,IND,2009,17,65.1502488898294,64.7249540503285,70.5139036475922
Nicaragua,NIC,2009,15,65.0996250243147,59.4500240270213,68.2486024562159
Costa Rica,CRI,2009,18,64.65698940161,62.1583914195861,67.0856093357684
Indonesia,IDN,2009,17,64.3958781001274,61.0453291536965,66.3170021208748
Slovakia,SVK,2009,15,64.3838381436623,60.0538291939444,68.4008821683943
Bhutan,BTN,2009,10,64.3837392517762,60.5065725506885,68.5891323022025
Czech Republic,CZE,2009,16,63.9187646524111,60.1264939661947,65.5109240859569
Russia,RUS,2009,17,63.8980170750741,58.1257358934212,64.7712690641841
Guyana,GUY,2009,11,63.8384041001219,56.7301958276055,64.1695269191938
Laos,LAO,2009,13,63.5678269373635,57.6435829873335,67.9649940605818
Tajikistan,TJK,2009,14,63.4664625921744,60.5285720956606,70.3882102390135
Iran,IRN,2009,14,63.3316648448321,59.3204718948256,66.7872183457158
South Korea,KOR,2009,17,63.3067293761105,61.5380279150072,67.7811090547185
Guatemala,GTM,2009,17,63.0758625737323,57.1029944202312,64.3428653877515
Morocco,MAR,2009,18,62.5508768370734,60.9390556640616,66.7417803753976
Italy,ITA,2009,17,62.4769065071013,58.6005324631147,64.604001657128
Fiji,FJI,2009,7,62.1043459539572,54.9569915647683,63.9368983153373
Uganda,UGA,2009,15,61.8503591781461,56.9787797341539,65.7952481112915
Georgia,GEO,2009,18,61.7460711761948,59.3307831064448,64.5434409193504
Lebanon,LBN,2009,12,61.6995631569114,55.8614294356819,66.8073239665864
Papua New Guinea,PNG,2009,6,61.5563909868912,55.8021612706803,63.2454770036294
Philippines,PHL,2009,18,61.551384729954,57.3655889785544,63.261020192162
Azerbaijan,AZE,2009,16,61.1098918898133,59.4895483517752,66.8094186203786
Lesotho,LSO,2009,15,61.0687893203704,55.9019759226688,64.6111151975818
Vietnam,VNM,2009,17,60.5375437264455,59.3598504241827,66.0439906351315
Republic of Congo,COG,2009,5,60.2984333557645,52.9174890727534,60.4092902692284
Colombia,COL,2009,18,60.1720400900177,57.5389242127592,63.6345249236914
South Africa,ZAF,2009,18,60.0445567706729,59.7009655447087,67.1042381165357
Kenya,KEN,2009,18,60.0369933759331,55.8430702420409,61.8193528550295
Timor-Leste,TLS,2009,9,60.0216227707969,56.1222072582264,63.9210382833675
Tunisia,TUN,2009,18,59.9064686330988,57.5647105312586,63.5027978474521
Mali,MLI,2009,16,59.8732416625382,55.7014300661919,64.8002245110106
Belize,BLZ,2009,4,59.8359615839648,57.4070143807637,64.44203681159
Croatia,HRV,2009,18,59.3990922141784,55.1751142792626,60.2470420857072
Ghana,GHA,2009,16,59.3933664285761,58.471910420895,66.1707961159343
São Tomé and Príncipe,STP,2009,6,58.2055461581394,53.2126906759982,60.6607809669318
Armenia,ARM,2009,17,58.0807841995255,57.8716353062759,63.462378464446
Djibouti,DJI,2009,6,57.8021108354994,55.8595233378528,62.380053838125
Kuwait,KWT,2009,18,57.5562712930289,55.02232464632,60.8952527241304
Sierra Leone,SLE,2009,12,57.4589504137481,48.2337204469924,59.2477829107512
Niger,NER,2009,5,57.3493960552448,55.6243235430681,62.119922994817
Togo,TGO,2009,7,57.2300163889865,49.1309958243306,58.4573989014475
Suriname,SUR,2009,11,57.0884289212019,53.0499133853914,62.1819303346748
Eritrea,ERI,2009,4,57.0787740241667,50.054179192741,57.1134407201401
Mozambique,MOZ,2009,16,57.0551377219462,53.0147235355862,61.156782144565
Cameroon,CMR,2009,18,56.9988078450278,51.9963647590356,58.279920431406
Romania,ROU,2009,17,56.6152233281746,56.2132929463996,61.7417845217901
Bulgaria,BGR,2009,17,56.1559919469676,53.5949607259234,58.9561146138431
Belarus,BLR,2009,7,55.631325645956,44.1911336802401,56.1543671886458
Pakistan,PAK,2009,18,55.1428981879963,52.7438460687615,57.9530245248963
Gambia,GMB,2009,14,55.138492626185,49.5585055058259,61.023200892805
Sudan,SDN,2009,6,54.7202323192821,51.9025636962327,59.202896326814
Liberia,LBR,2009,10,54.6954477814538,46.20172271614,59.0109607890329
Libya,LBY,2009,10,53.8727760089579,48.0098620828936,55.9542716972417
Eswatini,SWZ,2009,9,53.1320519082255,44.0524125600183,57.9241220452515
Syria,SYR,2009,10,52.393917347355,48.8039767543122,55.9838579403978
Guinea,GIN,2009,10,52.3322444751422,43.7778135499145,56.6165057497707
Nigeria,NGA,2009,17,52.3154486370894,48.3277704537899,53.8932821555448
Tanzania,TZA,2009,18,52.1603953221173,50.190956680356,55.5207301034433
Turkmenistan,TKM,2009,5,51.9613262455198,47.4595677763536,56.0192014796962
Brazil,BRA,2009,18,51.9561616947806,50.5578458814895,57.2337089174791
China,CHN,2009,17,51.9550246425682,50.3165431497981,56.9019549777137
El Salvador,SLV,2009,17,51.522626905091,50.6791113540703,57.9506159515795
Hungary,HUN,2009,16,51.1845400012821,48.4114411804132,55.5626917231602
Ecuador,ECU,2009,18,50.88159190708,47.4141217998246,52.0778375588661
Bangladesh,BGD,2009,18,50.7849842901493,49.1939568383924,54.4925599902409
Nepal,NPL,2009,16,50.7082251960799,44.1552127719996,52.021953276829
Democratic Republic of Congo,COD,2009,12,50.3761052608748,47.4915802438909,58.8838621058386
Mongolia,MNG,2009,17,50.3484938515738,45.4946933061389,51.9823093754881
Cambodia,KHM,2009,17,49.9943244079671,44.1250243580625,51.3164107372029
Gabon,GAB,2009,11,49.9776941366586,47.9742829041698,55.230923930039
Serbia,SRB,2009,17,49.5306256540911,48.4327077330001,53.6311513541047
Dominican Republic,DOM,2009,17,49.515864808604,47.3193537994531,54.3166797095317
Malawi,MWI,2009,16,49.077111868103,48.6911845053499,54.8560088992829
Ukraine,UKR,2009,18,48.9245632754218,45.4289938562333,50.31344981362
Afghanistan,AFG,2009,5,48.5219024834751,45.9646490752536,54.8027702982362
Cuba,CUB,2009,8,47.9837709245621,45.0773953145749,57.7852372633793
Iraq,IRQ,2009,10,47.8198729341657,42.2192467312046,53.4204991371268
Bosnia and Herzegovina,BIH,2009,16,47.7955829262698,45.1140612809455,54.2150755197066
Guinea-Bissau,GNB,2009,6,47.7496518272948,47.2632314688747,57.6011063878293
Equatorial Guinea,GNQ,2009,6,47.7220554164047,46.2196323017143,56.7052996758897
Paraguay,PRY,2009,17,47.6758268922518,42.0732949568056,49.6122528833442
Algeria,DZA,2009,17,47.6646884698018,46.5098252957974,52.2335230628416
Haiti,HTI,2009,9,47.3951832010364,45.7659564148008,59.332315755435
Comoros,COM,2009,6,46.412295371801,44.1384927246839,55.2416169412385
Kyrgyzstan,KGZ,2009,16,45.8735684272734,43.5826769455871,50.0872419454667
Egypt,EGY,2009,18,45.8332776125173,44.2513744030293,50.8348678033413
Somalia,SOM,2009,6,45.6530693902855,38.6823420664202,50.7959682714897
Greece,GRC,2009,17,45.4942860425361,41.2370039563953,48.3889574188603
Yemen,YEM,2009,12,44.7281395050722,32.5066199581372,45.3610446941551
Argentina,ARG,2009,17,44.4761081191772,44.120298955212,51.737822121674
Madagascar,MDG,2009,16,43.6841521884289,36.9782469907197,44.7642250147591
Bolivia,BOL,2009,17,43.557298681744,41.2560855517699,48.0061756687121
Mauritania,MRT,2009,14,42.7168551134197,40.8626944494708,49.5330043362595
Moldova,MDA,2009,17,41.2628817913708,38.4292507518545,45.4835422615073
Seychelles,SYC,2009,11,40.8915558489957,30.5964545409576,46.4049684019007
Myanmar,MMR,2009,10,40.0374653405949,33.9352047594194,45.8476770329464
Chad,TCD,2009,15,39.9483323025032,35.9385957316318,44.1415787715451
Benin,BEN,2009,17,36.5510040133861,31.4382376852925,39.5552226835765
Venezuela,VEN,2009,17,34.8516325542352,30.6156227608339,37.8134855841678
Angola,AGO,2009,13,27.3955686625094,21.039497441742,33.7516398832767
Zimbabwe,ZWE,2009,16,24.3649164494084,17.9611449965235,28.0978564782311
Burundi,BDI,2009,14,14.5049047855826,14.1497112135545,27.2566409773841
