country,iso,year,n_obs_vars,business_growth_scaled,index_lower_scaled,index_upper_scaled
Hong Kong,HKG,2025,39,89.1526674197438,86.9562721437946,91.3681739074285
Israel,ISR,2025,38,87.4121359414859,84.8614140912871,90.0100644996171
Singapore,SGP,2025,37,85.3567811083132,82.4375572636878,88.4343927265146
Switzerland,CHE,2025,37,84.6683801285112,81.8053873248491,87.7803983723762
Taiwan,TWN,2025,27,84.5736690369432,80.0208821757294,90.1499982369833
United States of America,USA,2025,42,84.3307188964036,82.2583794153631,86.2694855072884
Norway,NOR,2025,36,80.3725107953105,77.3105119477904,83.300115083398
Japan,JPN,2025,40,79.6021053228513,77.0845554753628,81.7958489743353
Canada,CAN,2025,41,78.3983472616685,75.9272457523042,80.7313868805992
Denmark,DNK,2025,38,77.5765473089353,75.5874519158474,79.7740289762959
Saudi Arabia,SAU,2025,39,77.3351664675941,75.2179067333578,79.3009994191362
Finland,FIN,2025,43,76.2797491609538,74.233119052715,78.178541936818
Australia,AUS,2025,39,76.1979301015259,73.8512318263583,78.5898319697925
United Arab Emirates,ARE,2025,39,75.1628449915001,72.8007793231498,77.3429431189817
United Kingdom,GBR,2025,37,75.1109890993842,72.6666976483328,77.490141141137
Sweden,SWE,2025,42,74.6618420882658,72.8686862601275,76.3868116248279
Qatar,QAT,2025,34,73.3365670235205,70.5255384413788,75.8562987362941
New Zealand,NZL,2025,41,72.1301354280523,69.7174742402275,74.6837015508732
Albania,ALB,2025,42,71.7221013758164,69.8637262842767,73.6498937410907
Belgium,BEL,2025,38,71.281889903211,69.3398575995954,73.2591428113578
Netherlands,NLD,2025,37,70.6968302847315,68.5387884354068,72.9267766738012
South Korea,KOR,2025,43,70.4478198479322,68.589392067839,72.5464407186039
Luxembourg,LUX,2025,39,70.3103279342859,68.4666299467542,72.4241907145002
Ireland,IRL,2025,42,68.8081145608533,67.3144450742051,70.5985777036905
Iceland,ISL,2025,39,68.6061354390092,66.4498916750439,70.6976349465223
Germany,DEU,2025,41,67.8332044954525,65.8115942584405,69.9029005670871
Austria,AUT,2025,42,67.629265983446,65.4394855456192,69.7232836805864
Oman,OMN,2025,37,65.832235450291,63.5920073623576,68.0131818657669
Bahrain,BHR,2025,38,65.6736566287825,63.6959001047809,67.5073005812113
Jordan,JOR,2025,39,65.4123112307154,63.4889847370894,67.2517450410906
Indonesia,IDN,2025,41,65.4024590673267,63.3820123047012,67.2252947633367
France,FRA,2025,42,64.98301967452,63.0086721322423,66.9135815698154
Estonia,EST,2025,42,64.4553793578115,62.9260447099416,66.2033511833929
China,CHN,2025,45,63.1676717531735,61.0329955540272,65.0326074060945
Lithuania,LTU,2025,40,63.0382900027913,61.4603828738501,64.7390923631278
Vietnam,VNM,2025,41,61.0278085276451,58.9982605165966,63.016090431712
Italy,ITA,2025,44,59.0824349739265,57.6392116533675,60.513025911167
Malaysia,MYS,2025,41,57.8682003241664,56.2397625762059,59.6091128184923
Portugal,PRT,2025,41,56.2673700618862,54.6199321231602,57.7683500827363
Philippines,PHL,2025,43,55.6312159729923,53.9776657332515,57.6375849517044
Ukraine,UKR,2025,40,54.4844826032542,52.9341122401981,55.9835877791481
Cyprus,CYP,2025,41,52.5858119399446,51.3022803654168,53.8151403538951
Spain,ESP,2025,43,52.4115783911876,51.0489390993491,53.8930524127165
Georgia,GEO,2025,43,52.2243825327611,50.3543808088818,54.0178405155953
Chile,CHL,2025,43,52.1711630847354,50.5294826424507,53.7624606086053
Czech Republic,CZE,2025,39,51.8062433188445,51.4947186653001,52.1177679723889
Rwanda,RWA,2025,45,50.9170433618139,49.6459600154681,52.1036044526945
Slovenia,SVN,2025,39,50.9127493757716,50.6414319496655,51.1840668018778
Malta,MLT,2025,39,50.7660872352285,50.5013696054468,51.0308048650102
Poland,POL,2025,42,50.5542374793,50.2990530885351,50.8094218700649
Benin,BEN,2025,41,50.2613028918562,50.0193005575263,50.5033052261862
Laos,LAO,2025,41,49.6665164629273,49.4512795178992,49.8817534079555
India,IND,2025,42,49.6032552710146,47.8080780225384,51.616188721654
Uruguay,URY,2025,41,49.4402411463055,49.2351865905254,49.6452957020857
Costa Rica,CRI,2025,43,49.2476979820197,49.0513078686324,49.444088095407
Moldova,MDA,2025,19,48.5168507716014,48.3533487826829,48.6803527605199
Bulgaria,BGR,2025,40,47.9788000043123,47.8395102999218,48.1180897087028
Zambia,ZMB,2025,39,47.298346244247,47.1896769590595,47.4070155294345
Bahamas,BHS,2025,15,46.5822369245089,46.5057925587096,46.6586812903082
Thailand,THA,2025,44,46.5194623412972,46.4458428317424,46.5930818508519
Greece,GRC,2025,43,46.4730351706928,46.4015048838152,46.5445654575703
Mauritius,MUS,2025,44,46.1813520921008,46.1229475437599,46.2397566404418
Botswana,BWA,2025,44,46.0720156641589,46.0185312550753,46.1255000732424
Serbia,SRB,2025,39,45.9659112616041,45.9172015506355,46.0146209725727
Croatia,HRV,2025,36,45.6313261494676,45.3385131816855,45.9241391172496
Russia,RUS,2025,12,45.0953467673542,45.0858124586268,45.1048810760815
Brunei,BRN,2025,8,45.0360539006082,45.0291877708844,45.042920030332
Namibia,NAM,2025,40,44.9193163489562,44.9177034090567,44.9209292888556
Seychelles,SYC,2025,15,44.9045820880394,44.9036321898812,44.9055319861975
Cabo Verde,CPV,2025,36,44.4832226043884,44.4652113257823,44.5012338829945
Hungary,HUN,2025,41,43.8720566167514,42.6719715088695,45.15553802984
Brazil,BRA,2025,43,43.4966476522221,41.8024421301069,45.3216265390994
Egypt,EGY,2025,42,43.2037674960353,43.1283238319266,43.279211160144
Kenya,KEN,2025,41,43.0990543107853,43.018755458967,43.1793531626035
Colombia,COL,2025,43,42.8153252996995,42.7222586423824,42.9083919570166
Tanzania,TZA,2025,41,42.8084888451022,42.7151145473282,42.9018631428762
Armenia,ARM,2025,40,42.237278624667,42.1181998669734,42.3563573823605
Morocco,MAR,2025,39,42.1179671236421,41.9935193484024,42.2424148988818
Slovakia,SVK,2025,39,41.9284190972316,40.4238025476882,43.7346875536052
Iraq,IRQ,2025,29,41.5215667407848,41.3702809483165,41.6728525332531
Algeria,DZA,2025,40,41.3922142397207,41.3458130223705,41.4386154570709
South Africa,ZAF,2025,44,41.1655308505402,40.998223443011,41.3328382580695
Cambodia,KHM,2025,39,40.8288360032601,40.6463773276032,41.011294678917
Fiji,FJI,2025,16,40.3397321218935,40.2676442380759,40.411820005711
Latvia,LVA,2025,41,40.2600694572331,40.052016287005,40.4681226274612
Tunisia,TUN,2025,38,40.1429276164063,38.5058852516769,41.9083012201148
Côte d'Ivoire,CIV,2025,38,40.0642859945012,39.8474225684502,40.2811494205522
Turkey,TUR,2025,43,39.832514088107,39.6052209262683,40.0598072499458
Romania,ROU,2025,42,39.5001999669048,39.2579526696119,39.7424472641976
Mexico,MEX,2025,44,39.3633428994713,38.0969027946736,40.7490707019264
Nicaragua,NIC,2025,14,39.1262877092197,38.867214360331,39.3853610581084
Guatemala,GTM,2025,41,38.3527846686737,37.0197271765364,39.7057526285254
Jamaica,JAM,2025,40,38.2767615585495,37.9794595328807,38.5740635842184
Barbados,BRB,2025,41,38.1375435549139,37.8339767190814,38.4411103907463
Iran,IRN,2025,28,37.7420215616062,34.4417918312435,41.2644236346283
Togo,TGO,2025,14,37.5781138565632,37.249372684305,37.9068550288215
Belarus,BLR,2025,16,37.1246491670273,36.6137685569095,37.635529777145
Belize,BLZ,2025,15,37.030888264793,36.6775219409051,37.3842545886809
Kyrgyzstan,KGZ,2025,45,36.7966816659101,35.417562892598,38.40382851893
Dominican Republic,DOM,2025,43,36.7700586226251,35.4543241978393,38.2441332377226
São Tomé and Príncipe,STP,2025,13,36.2548304965671,35.866541573109,36.6431194200252
Kuwait,KWT,2025,36,36.234677245655,34.3336435185437,38.2248953341697
Peru,PER,2025,41,36.0022759713205,34.290072397311,37.630282695198
Ghana,GHA,2025,44,35.9370462459213,34.5761188994653,37.3067110322557
Mali,MLI,2025,35,35.6565831994657,33.9724903873923,37.6006304277189
Uganda,UGA,2025,18,35.4004183060694,34.9736808340389,35.8271557780999
North Macedonia,MKD,2025,41,35.3162864194688,33.9521614012335,36.7921121675981
Sri Lanka,LKA,2025,39,35.2339763353238,33.7299462293477,36.8490015864488
Kazakhstan,KAZ,2025,40,35.2203971714483,33.6894523190862,36.7732856067367
Panama,PAN,2025,39,34.9509092591093,33.3982731979222,36.6215669591782
Montenegro,MNE,2025,38,34.7787244964397,33.0744408638364,36.4458670000563
Liberia,LBR,2025,38,34.5863278051218,32.6613960526442,36.4479403001752
Lebanon,LBN,2025,15,34.0964668118843,33.6110515226155,34.5818821011531
Senegal,SEN,2025,40,33.6989143216175,32.0117286044692,35.5612894478963
Cameroon,CMR,2025,32,33.5524934233876,31.1178074963856,36.2041681859755
Zimbabwe,ZWE,2025,35,33.4667466646518,31.1530740151426,35.4618155663798
Comoros,COM,2025,15,33.1003172057707,32.5700751842268,33.6305592273146
Argentina,ARG,2025,42,32.5015449283779,31.1142401051512,34.1433779710183
Gabon,GAB,2025,27,32.2623789671209,31.6944297248377,32.830328209404
Republic of Congo,COG,2025,17,32.2332351098204,31.998420559876,32.4680496597647
Malawi,MWI,2025,38,31.6990798258226,30.0547272225172,33.341047782569
Trinidad and Tobago,TTO,2025,39,30.7232788069893,28.9800903072297,32.5830214266988
Ethiopia,ETH,2025,15,30.56302372463,30.2787386374078,30.8473088118521
Nepal,NPL,2025,40,30.2858236597974,28.579506158147,32.2947233526215
Pakistan,PAK,2025,42,29.618851982412,27.9230906557381,31.1657805380874
Bangladesh,BGD,2025,42,29.5555782809224,28.1024963427112,31.3216668207379
Mongolia,MNG,2025,42,29.4635192479154,28.0811586336469,30.983642132233
Mozambique,MOZ,2025,17,29.3262024409346,25.9962195148669,32.4961809692447
Tajikistan,TJK,2025,17,29.0228573734065,28.3091296594062,29.7365850874068
El Salvador,SLV,2025,41,28.5380502869345,26.9867386865388,30.117908503898
Lesotho,LSO,2025,38,28.4675587160946,26.8447870960514,30.4175603563001
Timor-Leste,TLS,2025,15,27.6353271948701,27.1984862725017,28.0721681172384
Ecuador,ECU,2025,42,26.8971185993361,25.4622580632911,28.5112764851782
Eswatini,SWZ,2025,13,26.0541886092396,25.6318175187323,26.4765596997469
Suriname,SUR,2025,17,25.998252197856,25.5940905379904,26.4024138577217
Bosnia and Herzegovina,BIH,2025,41,25.9120325758788,24.627483268572,27.5929705170746
Burkina Faso,BFA,2025,13,25.2743724874725,24.7664848810825,25.7822600938626
Nigeria,NGA,2025,39,24.1814477522848,22.2235948176909,26.0545671403267
Azerbaijan,AZE,2025,17,23.9540184445202,23.01219297872,24.8958439103204
Guyana,GUY,2025,15,23.6352089166622,23.287410893062,23.9830069402625
Gambia,GMB,2025,15,23.3184489735884,22.7570306036315,23.8798673435453
Paraguay,PRY,2025,41,22.7048015439051,21.1746808622424,24.3493542827546
Honduras,HND,2025,41,21.3714581628994,19.846080722161,23.1062268660135
Guinea,GIN,2025,15,20.657805851712,20.2298082440947,21.0858034593292
Venezuela,VEN,2025,30,19.993367508604,17.1459624297663,23.1235611873348
Uzbekistan,UZB,2025,36,19.3540337554963,19.0804369216103,19.6276305893822
Chad,TCD,2025,35,18.2000903317339,16.4990405341304,19.9298467279651
Bolivia,BOL,2025,41,17.726435625094,15.8316278802623,19.8301964356579
Democratic Republic of Congo,COD,2025,34,15.2630673350004,12.9538260887872,17.7648240874518
Madagascar,MDG,2025,18,12.8274758326063,9.19212175317287,16.2591118737316
Sierra Leone,SLE,2025,33,11.3535323586114,8.89567393472801,13.7895653233796
Yemen,YEM,2025,29,4.97046482416698,2.63576284658632,7.85138874133143
Angola,AGO,2025,38,3.93494710763247,2.63576284658632,5.91893429637657
Switzerland,CHE,2024,37,95.1504054739695,92.2808133051629,98.3418636096852
United States of America,USA,2024,42,91.1464564502291,88.9608248368068,93.3768648782196
Singapore,SGP,2024,37,88.6144070192386,85.6795570527961,91.7916705518069
Canada,CAN,2024,41,87.8459888033886,85.0082745981123,90.3449209168463
Hong Kong,HKG,2024,39,87.3284691200405,85.0261099303073,89.714036550255
Taiwan,TWN,2024,27,87.2171169817091,82.2489651647865,92.5544603553804
United Arab Emirates,ARE,2024,39,83.6770092328744,81.2393208809873,85.8545725759706
Finland,FIN,2024,43,82.2819022939533,80.0278642135019,84.312922282711
Australia,AUS,2024,39,82.0281182728719,79.6276060947041,84.2303140228491
Saudi Arabia,SAU,2024,39,81.2740521493876,79.2304971763356,83.443116950635
Sweden,SWE,2024,42,79.9936094583181,77.7032650446709,81.8790199672431
Norway,NOR,2024,36,79.9679052517596,77.1476057960958,83.1761481305583
Denmark,DNK,2024,38,79.9159000437963,77.7393078566834,82.1377320085514
Qatar,QAT,2024,34,79.5365155927711,76.5577932109559,82.4525861713982
Japan,JPN,2024,40,79.1038291582967,76.8788675665185,81.0941828667393
Netherlands,NLD,2024,37,79.0137038516507,76.7635424634969,81.098279284937
United Kingdom,GBR,2024,37,78.2107481133226,75.9826081296097,80.5423244969219
New Zealand,NZL,2024,41,76.8691602586742,74.5900482219237,79.388994437544
Israel,ISR,2024,38,74.6394199103482,72.6927705727414,76.5269601988186
Belgium,BEL,2024,38,74.1928343012247,72.1354283872199,75.9772883255904
Luxembourg,LUX,2024,39,73.6998492549329,71.6687139244908,75.8836579114033
South Korea,KOR,2024,43,73.6241185780168,71.3347279427338,75.5891432326346
Indonesia,IDN,2024,41,72.4336496186646,70.2523666922265,74.5816015418973
Germany,DEU,2024,41,72.14288486545,70.0336134965483,74.101442522222
Ireland,IRL,2024,42,71.7737335541093,69.9893320456478,73.5198934760867
Iceland,ISL,2024,39,70.8815020052625,68.8525001488461,72.9664634640705
Austria,AUT,2024,42,70.216752083569,68.1078267113308,72.27467261369
Estonia,EST,2024,42,69.9830228348213,68.1022851060655,71.6954677793382
Jordan,JOR,2024,39,69.7396890284017,67.9932237434228,71.8775006567986
Oman,OMN,2024,37,68.3773277857051,66.121523454541,70.6741293431438
Italy,ITA,2024,44,65.993088508673,64.6149952814375,67.397548298226
France,FRA,2024,42,65.4136760300463,63.2623991446587,67.3798699640857
China,CHN,2024,45,63.702962275499,61.4741001324178,65.5794376816706
Lithuania,LTU,2024,40,63.4494555096474,61.8498181200287,64.9965594769942
Malaysia,MYS,2024,41,63.1927747891278,61.4188133633373,64.8790718392381
Vietnam,VNM,2024,41,62.9638667943061,61.2035167903243,64.8156994474499
Bahrain,BHR,2024,38,62.3038022171997,60.1545101858741,64.2681801463893
Albania,ALB,2024,42,60.7231187538928,59.2536903811197,62.2091324441675
Botswana,BWA,2024,44,57.5686675877575,56.0221885288036,59.2238724411867
Czech Republic,CZE,2024,39,56.4471691940888,54.5914785524593,58.3727923765377
Portugal,PRT,2024,41,55.5067859176913,54.0075280750403,57.0472355482543
Georgia,GEO,2024,43,55.1694708232943,53.336404878327,57.1188608923797
Malta,MLT,2024,39,55.1000997652003,53.5552708610079,56.4352863493058
Slovenia,SVN,2024,39,54.7499151022244,52.8635836574034,56.5041503984053
Chile,CHL,2024,43,54.6224143236749,53.0676623859446,56.0536159058163
Ukraine,UKR,2024,40,54.5532355930004,53.0780696646024,56.1408462488456
Russia,RUS,2024,12,54.1433291052609,53.7266355913278,54.5600226191941
Cyprus,CYP,2024,41,53.8074638801446,52.4679737695106,55.2667054987482
Hungary,HUN,2024,41,53.4814675791811,53.4321755058699,53.5307596524924
Spain,ESP,2024,43,53.241665778236,51.8741850221238,54.7882378936467
Serbia,SRB,2024,39,52.7033312976147,51.0799795577836,54.2181321048216
Bulgaria,BGR,2024,40,52.4194153948047,50.9045238427762,53.7980603500468
Uruguay,URY,2024,41,51.7207488208593,51.4130714197242,52.0284262219944
India,IND,2024,42,51.1290757668472,50.8087088261453,51.4494427075491
Rwanda,RWA,2024,45,50.9479320015675,49.6612120248297,52.2248975622228
Benin,BEN,2024,41,50.8265795659841,50.5591397813184,51.0940193506498
Thailand,THA,2024,44,50.8002387521415,50.5339843040987,51.0664932001843
Mauritius,MUS,2024,44,50.5151225230685,50.261698305334,50.768546740803
Brazil,BRA,2024,43,50.2191243064415,50.0790426935122,50.3592059193708
Poland,POL,2024,42,49.6838373218974,49.4678209382156,49.8998537055791
Egypt,EGY,2024,42,49.6648163948395,47.9534585630343,51.054422982188
Croatia,HRV,2024,36,49.4022373019115,49.2791153359895,49.5253592678336
Greece,GRC,2024,43,49.1353910391402,48.9440547381825,49.3267273400979
Philippines,PHL,2024,43,48.258210698159,48.1063475125454,48.4100738837726
Costa Rica,CRI,2024,43,47.3180563947739,47.2085001528126,47.4276126367351
South Africa,ZAF,2024,44,47.0751056876272,46.9764822274875,47.1737291477668
Kenya,KEN,2024,41,46.9907572266378,46.8959294472427,47.085585006033
Laos,LAO,2024,41,46.8163946872723,46.7294132221486,46.903376152396
Bahamas,BHS,2024,15,44.9888776368843,44.9841344390281,44.9936208347405
Colombia,COL,2024,43,44.3518702453611,44.3279481105987,44.3757923801234
Slovakia,SVK,2024,39,44.2700017153119,44.0394298497194,44.5005735809044
Tanzania,TZA,2024,41,43.9901986207741,43.9500012629053,44.0303959786429
Pakistan,PAK,2024,42,43.8469626612606,43.8003196852137,43.8936056373075
Moldova,MDA,2024,19,43.8349444252549,43.7877606285877,43.882128221922
Armenia,ARM,2024,40,43.7779654626016,43.728217612615,43.8277133125881
Morocco,MAR,2024,39,43.7354415098534,43.6837800819933,43.7871029377136
Fiji,FJI,2024,16,43.3412298062642,43.13407452665,43.5483850858784
Belize,BLZ,2024,15,43.3275323937348,43.2575150556492,43.3975497318203
Côte d'Ivoire,CIV,2024,38,43.139867418038,43.0614051560461,43.2183296800298
Ghana,GHA,2024,44,42.9985840425657,42.9137640286775,43.0834040564538
Sri Lanka,LKA,2024,39,42.5511525412057,42.4461981097564,42.656106972655
Kuwait,KWT,2024,36,42.5270293504507,42.4209893754174,42.633069325484
Latvia,LVA,2024,41,42.2370647972479,42.1179764173204,42.3561531771753
Romania,ROU,2024,42,41.3939168125591,41.2368867733207,41.5509468517975
Jamaica,JAM,2024,40,41.3458042088901,41.1866091024865,41.5049993152936
Turkey,TUR,2024,43,41.1466988349164,40.978543986684,41.3148536831487
Tunisia,TUN,2024,38,40.636962088727,38.8111375055879,42.321390459183
Liberia,LBR,2024,38,40.5842869548592,40.3908235720242,40.7777503376941
Seychelles,SYC,2024,15,40.5781489724826,40.3844093804407,40.7718885645245
Cameroon,CMR,2024,32,40.3413667263551,40.1369719332375,40.5457615194727
Iraq,IRQ,2024,29,40.2372815350912,40.0282029083667,40.4463601618156
Cambodia,KHM,2024,39,40.2221781316915,40.0124198518141,40.431936411569
Barbados,BRB,2024,41,40.1599172091385,39.9473571877462,40.3724772305309
Algeria,DZA,2024,40,40.0023894269067,39.9862485276803,40.0185303261331
Tajikistan,TJK,2024,17,39.6429061136022,39.4070805929107,39.8787316342937
Mexico,MEX,2024,44,39.0552088333965,37.4983202968638,40.5186602127567
Cabo Verde,CPV,2024,36,38.6885445319651,38.4097727400999,38.9673163238302
Iran,IRN,2024,28,38.5847844771591,34.8536920590106,42.4944099491806
Togo,TGO,2024,14,38.3981454787611,38.1063057295018,38.6899852280204
Namibia,NAM,2024,40,38.316030042942,38.0204950990708,38.6115649868132
Zimbabwe,ZWE,2024,35,37.939406697655,37.6269237032459,38.2518896920642
Peru,PER,2024,41,37.5866264069054,35.9534475936478,39.422833752371
Panama,PAN,2024,39,37.2423809653126,35.538169125219,39.2749750335427
Guatemala,GTM,2024,41,37.1912696067338,35.7352373839367,38.5284049040225
São Tomé and Príncipe,STP,2024,13,36.9992170368816,36.6444255077377,37.3540085660255
Dominican Republic,DOM,2024,43,36.9351496091531,35.5838645797397,38.2641638511316
Belarus,BLR,2024,16,36.549275032947,36.0642862588628,37.0342638070311
Montenegro,MNE,2024,38,36.0183505869563,34.5054259590471,37.6631444217245
Senegal,SEN,2024,40,35.6713598123651,34.1087709710242,37.3636541316967
Kyrgyzstan,KGZ,2024,45,35.3547295191164,33.7941091740498,36.6833105675953
Ethiopia,ETH,2024,15,34.977016948071,34.8913615559037,35.0626723402384
Nepal,NPL,2024,40,34.8683076183562,33.1727782729202,36.584943163635
Mali,MLI,2024,35,34.4352589699297,32.7449209166392,36.3883699371688
Kazakhstan,KAZ,2024,40,34.3081011744419,32.695219017763,35.7862296360844
Zambia,ZMB,2024,39,33.6392167077551,31.9733207778659,35.4425466465677
Nicaragua,NIC,2024,14,33.5707681289345,33.061696398933,34.0798398589361
Comoros,COM,2024,15,33.237287669546,32.713209318872,33.76136602022
Gabon,GAB,2024,27,33.1989947091017,32.6731931752076,33.7247962429957
Brunei,BRN,2024,8,33.1898338493623,32.66362007678,33.7160476219446
Uganda,UGA,2024,18,32.5405459399462,31.9851142114401,33.0959776684522
Republic of Congo,COG,2024,17,32.5269767855239,32.3053806109863,32.7485729600616
Eswatini,SWZ,2024,13,32.3921213693033,32.2549572529989,32.5292854856077
North Macedonia,MKD,2024,41,31.8325904273223,30.4019863094623,33.4813571520993
Argentina,ARG,2024,42,31.6205990633819,30.2162903422524,33.168541595919
Trinidad and Tobago,TTO,2024,39,31.3044523768834,29.6055512689676,33.0641635986118
Bangladesh,BGD,2024,42,30.8121559450719,29.0363343062549,32.7257119772284
Malawi,MWI,2024,38,30.7070912029743,28.9603626777225,32.3300431923431
Suriname,SUR,2024,17,30.1701015518438,29.9536731129076,30.3865299907801
Azerbaijan,AZE,2024,17,29.8620069198364,29.1860409354255,30.5379729042474
Mongolia,MNG,2024,42,29.4454920697842,28.0678728442175,30.9547708208164
Mozambique,MOZ,2024,17,28.3159713031575,25.1157370762504,31.828294765559
Lesotho,LSO,2024,38,28.0357153634977,26.492453974282,29.9140491108785
Ecuador,ECU,2024,42,27.7137180743694,26.3633792454749,29.2853265252393
Uzbekistan,UZB,2024,36,27.5352327886274,27.4406756660225,27.6297899112324
El Salvador,SLV,2024,41,27.3865958789859,25.8961604928539,28.9626162183132
Lebanon,LBN,2024,15,27.3311514581462,26.5412969779592,28.1210059383332
Nigeria,NGA,2024,39,26.9131522590691,25.1184757134829,28.6956323059279
Burkina Faso,BFA,2024,13,26.3703475365512,25.9117788073697,26.8289162657327
Gambia,GMB,2024,15,26.255621567314,25.8263759640747,26.6848671705533
Bosnia and Herzegovina,BIH,2024,41,26.1724663146698,24.6487934312463,27.8106153811251
Guyana,GUY,2024,15,25.7449346128303,25.4920742455576,25.997794980103
Paraguay,PRY,2024,41,23.7633109350814,22.0216106848031,25.4598252193875
Timor-Leste,TLS,2024,15,21.9729451097213,21.2812969935212,22.6645932259213
Honduras,HND,2024,41,21.2115452229862,19.6339853910441,22.663505387363
Democratic Republic of Congo,COD,2024,34,19.0759251869881,16.5719643503874,21.5385351623994
Guinea,GIN,2024,15,18.9288936318655,18.4230949743551,19.4346922893758
Bolivia,BOL,2024,41,18.467570898338,16.6379019239098,20.6579701861814
Venezuela,VEN,2024,30,16.5391493575786,13.5739409898757,19.4218209111403
Chad,TCD,2024,35,15.6044302934649,14.161605805911,17.5241913537794
Madagascar,MDG,2024,18,13.3373275903106,10.0891851245341,16.7401705086671
Yemen,YEM,2024,29,11.4480766585205,8.6225574877314,14.4336043062042
Sierra Leone,SLE,2024,33,10.2042058844501,7.92305061078452,12.9877267571684
Angola,AGO,2024,38,6.24773603834026,4.34879479835926,8.38302432864441
United States of America,USA,2023,42,97.1571867229458,94.8577093819206,99.5406300352525
Switzerland,CHE,2023,37,90.6018267285437,87.346440916463,93.6261421188629
Singapore,SGP,2023,37,87.1685625039429,83.9885737775733,90.0907594186353
Hong Kong,HKG,2023,39,85.1433677027914,82.7022471087229,87.6141769580593
Finland,FIN,2023,43,81.8039688594309,79.6965646696484,83.7894084835956
Taiwan,TWN,2023,27,81.0604703458648,75.4814630555564,87.824333680601
Canada,CAN,2023,41,80.9607894815464,78.4700740371059,83.358433950525
Japan,JPN,2023,40,80.6824075895785,78.6348768195855,82.4343738236337
Sweden,SWE,2023,42,80.117812762414,78.0530692092266,82.2352425723081
United Kingdom,GBR,2023,37,78.295827644003,75.8612996117994,80.7081604511497
United Arab Emirates,ARE,2023,39,77.8935164970762,75.7574872785651,80.317628065589
Norway,NOR,2023,36,77.7593401457455,75.480116610783,80.6636592308917
Netherlands,NLD,2023,37,77.4962577693805,75.1267437861052,79.8543758591228
Saudi Arabia,SAU,2023,39,77.3154058477265,75.1914093214078,79.2687730187332
Denmark,DNK,2023,38,77.0561713799068,74.9296306900926,79.2532978902134
Belgium,BEL,2023,38,75.3751558146928,73.4312587618499,77.3903847719004
Israel,ISR,2023,38,74.7030638347553,72.5742391789586,76.5393421680281
Luxembourg,LUX,2023,39,74.3406517763295,72.3050862737732,76.5864631475914
Qatar,QAT,2023,34,74.2408806498033,71.6006122295645,76.7460040304065
Australia,AUS,2023,39,73.382286407161,71.0024336384271,75.882249168046
South Korea,KOR,2023,43,73.0530254334649,70.9023005164864,74.9653259486711
Ireland,IRL,2023,42,73.0188415015245,71.2704583233231,74.878553708554
Austria,AUT,2023,42,71.1176089196514,69.216160239705,73.1837513694243
Germany,DEU,2023,41,70.814813074731,68.6867894336179,72.9669777735737
Iceland,ISL,2023,39,70.8057142217434,68.8402943272459,72.7985944115224
Indonesia,IDN,2023,41,70.048705318586,67.8040017279043,72.1774702826395
Estonia,EST,2023,42,68.1199445874384,66.5377131377166,69.7581200905265
Italy,ITA,2023,44,67.3071818261219,65.6693213626455,68.7504562782873
France,FRA,2023,42,65.9253250257009,63.8515484422954,67.7387337456536
Russia,RUS,2023,12,65.5949060764018,64.6628915987673,66.5269205540363
China,CHN,2023,45,63.1620536156987,61.0179114600637,65.1699420475648
Botswana,BWA,2023,44,62.8480045563801,60.8434263118623,64.7727816054689
Vietnam,VNM,2023,41,62.7474874334225,60.9048907565401,64.5959792073382
New Zealand,NZL,2023,41,62.4792585022327,59.9905838303322,65.0400091162329
Oman,OMN,2023,37,62.1894723890541,60.1394410848665,64.1818549897905
Malaysia,MYS,2023,41,61.7046730661767,59.9772157830018,63.4082985771686
Bahrain,BHR,2023,38,61.066751378593,59.2186194065129,62.8925217443903
Jordan,JOR,2023,39,60.978873273059,59.2960602575098,62.7505778241475
Albania,ALB,2023,42,60.8311379014239,59.3140383799074,62.2944972949204
Lithuania,LTU,2023,40,59.3359889317236,57.8782535811513,60.8311459379697
Czech Republic,CZE,2023,39,58.4141450716293,56.536673057099,60.4014063463953
Portugal,PRT,2023,41,57.6820069889247,56.0825762559721,59.2048391480509
Slovenia,SVN,2023,39,57.3142636131384,55.3114679819029,59.3875083227084
Hungary,HUN,2023,41,53.9705282937556,53.8992284882885,54.0418280992228
Cyprus,CYP,2023,41,53.4303808562275,52.0781819070203,54.7831913192034
Chile,CHL,2023,43,52.8793414343889,51.4268940347737,54.2616344798022
Georgia,GEO,2023,43,52.5821113025815,50.6974614766287,54.4069281871566
Uruguay,URY,2023,41,51.9075143898629,51.5914325381227,52.2235962416032
Malta,MLT,2023,39,51.831928917576,50.5148081773628,53.1545928794973
Thailand,THA,2023,44,51.7859399536965,50.3865250953639,53.224230519754
India,IND,2023,42,51.2894078157598,50.976255817259,51.6025598142606
Bulgaria,BGR,2023,40,51.1764596294479,49.8116588976976,52.5329013108254
Spain,ESP,2023,43,50.9561253099878,50.6828559668419,51.2293946531336
Egypt,EGY,2023,42,50.5030678482548,48.8207063900354,52.0403506805745
Brunei,BRN,2023,8,50.223904202474,49.9835848091662,50.4642235957817
Brazil,BRA,2023,43,49.4867106963168,49.3136704709319,49.6597509217017
Bahamas,BHS,2023,15,49.371472300437,49.1695123427209,49.5734322581531
Serbia,SRB,2023,39,49.3186298822695,49.1190478333709,49.518211931168
Latvia,LVA,2023,41,48.750653226484,48.5766301270959,48.9246763258722
Moldova,MDA,2023,19,47.9091856021599,47.7730285458663,48.0453426584535
Greece,GRC,2023,43,47.8189267525975,47.6868313445342,47.9510221606607
Mauritius,MUS,2023,44,47.3842017669163,47.2716689832086,47.4967345506239
Sri Lanka,LKA,2023,39,47.3615965584341,47.2500810091082,47.4731121077601
Ukraine,UKR,2023,40,47.1336176933177,47.032361192922,47.2348741937134
Poland,POL,2023,42,46.5330694291223,46.4588376006154,46.6073012576293
Kenya,KEN,2023,41,46.1388961922289,46.0824021593822,46.1953902250756
Pakistan,PAK,2023,42,46.0214597475937,45.9702503547555,46.0726691404318
Costa Rica,CRI,2023,43,45.903521300458,45.857619137741,45.949423463175
Iran,IRN,2023,28,45.3037137789063,44.8161800298412,45.7912475279714
Seychelles,SYC,2023,15,45.1907412896629,45.1769142274317,45.2045683518941
Kuwait,KWT,2023,36,45.1888965323459,45.175152484194,45.2026405804979
Turkey,TUR,2023,43,44.85925983714,44.8581702340077,44.8603494402723
Slovakia,SVK,2023,39,44.8072560219159,44.6008606001206,45.0136514437112
South Africa,ZAF,2023,44,44.7616527901879,44.7561708699428,44.7671347104331
Rwanda,RWA,2023,45,44.6367895219124,44.6256887545949,44.64789028923
Benin,BEN,2023,41,44.5513187088075,44.5363717549003,44.5662656627147
Fiji,FJI,2023,16,44.0204127826829,43.7826942691299,44.258131296236
Ghana,GHA,2023,44,43.7945316456525,43.7455292739033,43.8435340174018
Croatia,HRV,2023,36,43.7226550397567,43.3439518720377,44.1013582074757
Philippines,PHL,2023,43,42.8531265344397,42.7617609326859,42.9444921361935
Togo,TGO,2023,14,42.7792268875039,42.684535801638,42.8739179733698
Laos,LAO,2023,41,42.019492376832,41.8906132379859,42.1483715156782
Armenia,ARM,2023,40,41.9028846371239,41.7687581499909,42.0370111242569
Colombia,COL,2023,43,41.6405486993901,41.494617095059,41.7864803037211
Tanzania,TZA,2023,41,41.5318219989613,41.380997693111,41.6826463048117
Romania,ROU,2023,42,41.425672078602,41.2700710263355,41.5812731308685
Liberia,LBR,2023,38,41.4254659948789,41.2698556688449,41.5810763209129
Belize,BLZ,2023,15,41.0914157891205,40.9207732038273,41.2620583744137
Morocco,MAR,2023,39,40.9510770153335,40.7741191852199,41.1280348454471
Zimbabwe,ZWE,2023,35,40.5161891826149,40.319661400029,40.7127169652008
Cambodia,KHM,2023,39,40.5031829534864,40.3060698905897,40.7002960163831
São Tomé and Príncipe,STP,2023,13,40.4622284814539,40.2632724673157,40.6611844955921
Tajikistan,TJK,2023,17,40.1464502185857,39.9332841826184,40.3596162545529
Iraq,IRQ,2023,29,40.0556089814505,39.8383550898121,40.2728628730888
Tunisia,TUN,2023,38,39.6919451728366,37.9563598425899,41.5467768291903
Barbados,BRB,2023,41,39.4668443533201,39.2230960534159,39.7105926532243
Jamaica,JAM,2023,40,39.337957193049,39.0884089709326,39.5875054151653
Namibia,NAM,2023,40,39.3290372038093,39.0790875821771,39.5789868254414
Cabo Verde,CPV,2023,36,39.090813236025,38.8301435358425,39.3514829362074
Belarus,BLR,2023,16,39.0810653821073,38.4821460423109,39.6799847219037
Nicaragua,NIC,2023,14,38.6201086586806,38.3382572525177,38.9019600648436
Uganda,UGA,2023,18,38.3320196762771,38.037204265906,38.6268350866482
Cameroon,CMR,2023,32,37.8275982009665,37.5100838242063,38.1451125777266
Ethiopia,ETH,2023,15,37.7458520786664,37.7069098899569,37.7847942673759
Comoros,COM,2023,15,37.0776274369356,36.7263643757941,37.4288904980771
Mexico,MEX,2023,44,36.8788765893443,35.4392284750397,38.2571775674836
Peru,PER,2023,41,36.3291127959176,34.8850239151485,38.0529002984705
Côte d'Ivoire,CIV,2023,38,36.1124466274536,34.258662200541,37.8786399876232
Senegal,SEN,2023,40,35.8939924700182,34.1762286906352,37.671695173726
Panama,PAN,2023,39,35.8306311744863,34.0930454933529,37.5008709043608
Azerbaijan,AZE,2023,17,35.6724954332278,35.2580014319195,36.0869894345362
Nepal,NPL,2023,40,35.6562945313162,34.1685370565679,37.5926761210833
Mozambique,MOZ,2023,17,35.0379423947578,34.5948935067183,35.4809912827972
Montenegro,MNE,2023,38,34.8633929618906,33.3005923732909,36.4871461527142
Gabon,GAB,2023,27,34.3038816288534,33.8278000063482,34.7799632513586
Algeria,DZA,2023,40,34.2269211714532,32.8907166592438,35.5165374969823
North Macedonia,MKD,2023,41,33.8943424492663,32.435130921405,35.2815307745054
Dominican Republic,DOM,2023,43,33.8584489181004,32.4208233906149,35.2519719352725
Guatemala,GTM,2023,41,33.8149496852885,32.3707219104864,35.139087961559
Uzbekistan,UZB,2023,36,33.2441723340427,32.8927129318941,33.5956317361913
Kazakhstan,KAZ,2023,40,33.0942238427062,31.5151527436586,34.6992839480682
Eswatini,SWZ,2023,13,32.8925174067952,32.7778711121779,33.0071637014124
Zambia,ZMB,2023,39,32.5405703225647,30.8033487877042,34.0503890695971
Bangladesh,BGD,2023,42,32.4772770452317,30.8963321636518,34.3431727148688
Kyrgyzstan,KGZ,2023,45,32.1682364293705,30.6363239110827,33.7560662126227
Mali,MLI,2023,35,31.4484036127166,29.8435698553228,33.4869657302711
Suriname,SUR,2023,17,31.38559444711,31.2238631884608,31.5473257057593
Mongolia,MNG,2023,42,30.7992228809168,29.4274626610739,32.3707600538074
Trinidad and Tobago,TTO,2023,39,30.7808558130276,29.0928440793817,32.5583045093085
Argentina,ARG,2023,42,29.2811318818411,27.9307031470115,30.8203450033022
Malawi,MWI,2023,38,28.8394746796133,27.0515106205869,30.400033867122
Republic of Congo,COG,2023,17,28.5889406312173,28.1901328297358,28.9877484326987
Ecuador,ECU,2023,42,28.512020616437,27.0200727441118,29.9115298911216
Lesotho,LSO,2023,38,28.4480959550022,26.8216002077167,30.1430832980755
Burkina Faso,BFA,2023,13,27.7921620919706,27.397575017783,28.1867491661582
Gambia,GMB,2023,15,27.3831291745858,27.0046214136738,27.7616369354978
Lebanon,LBN,2023,15,26.9735078841082,26.1675594430895,27.7794563251269
Bosnia and Herzegovina,BIH,2023,41,26.7963707472933,25.3914894685975,28.3211842515558
Timor-Leste,TLS,2023,15,25.6491054011382,25.1228844980519,26.1753263042245
El Salvador,SLV,2023,41,25.384142983581,23.7637021000583,27.0543430698261
Nigeria,NGA,2023,39,24.6636727955871,23.0812745391015,26.2331283090523
Guyana,GUY,2023,15,22.6592372868847,22.2675205399445,23.0509540338249
Paraguay,PRY,2023,41,22.6112190578584,21.0002616664732,24.4033562223153
Guinea,GIN,2023,15,22.1569688233494,21.7964335494558,22.5175040972429
Honduras,HND,2023,41,20.3539162934524,18.7385956136286,22.1003426502085
Bolivia,BOL,2023,41,19.583473074354,17.6348486017102,21.7156702004794
Chad,TCD,2023,35,16.5340587273575,14.9323923459099,18.1598393092694
Democratic Republic of Congo,COD,2023,34,15.3621769792994,12.8603771232449,17.7946925263885
Sierra Leone,SLE,2023,33,14.5611657594405,11.9429947374674,17.0561236242389
Madagascar,MDG,2023,18,13.2524428014287,9.18195771426145,16.7961058969849
Yemen,YEM,2023,29,11.5246803441364,9.05211797142147,13.9606513252172
Venezuela,VEN,2023,30,10.8017486838052,7.96127436060394,13.6836382895256
Angola,AGO,2023,38,10.1196525860071,8.27329942119216,12.2352089330451
United States of America,USA,2022,43,100,97.7341139484921,100
Switzerland,CHE,2022,39,93.1283880685112,90.4018653176292,95.3324106118045
Singapore,SGP,2022,38,90.3443977104916,87.2431220326223,93.6119978502124
Hong Kong,HKG,2022,40,85.8702857554948,83.8526852639102,87.8526740270263
Japan,JPN,2022,41,83.0578394023067,80.8644879725754,85.0464156497558
Finland,FIN,2022,44,81.6279885874442,79.6625544706217,83.4147840832664
Netherlands,NLD,2022,39,81.4535503141236,79.6258794444891,83.6202345947847
United Arab Emirates,ARE,2022,41,81.0741823985377,79.057860679623,82.9216787082796
Taiwan,TWN,2022,27,79.9151727352173,74.4085520365581,86.0314725654917
Norway,NOR,2022,37,79.5483455198643,77.1283555779761,82.226049146189
Sweden,SWE,2022,43,78.8417499126638,77.2087491658232,80.594263468065
Canada,CAN,2022,42,78.6475785870459,75.7787359722489,80.7174101611294
Denmark,DNK,2022,39,78.1077095828856,75.9256811170973,80.4979557294564
Qatar,QAT,2022,39,76.9436748653948,74.5880942241953,79.0098894448395
Belgium,BEL,2022,40,76.3969589298862,74.7385756365755,78.1955609789769
Israel,ISR,2022,39,76.0981777813988,73.9583031498963,77.9904013473213
Saudi Arabia,SAU,2022,40,75.584157569188,73.61564178127,77.5310566149097
Austria,AUT,2022,43,75.3008713971998,73.2190397733296,77.334824912055
South Korea,KOR,2022,44,75.2344116387419,73.1990131506598,77.2525863840869
United Kingdom,GBR,2022,39,74.7805889860458,73.1502958451452,76.6190986707673
Iceland,ISL,2022,40,74.0863404245549,72.2032720663781,75.8097979610477
Luxembourg,LUX,2022,40,73.7388130691372,71.7836056908761,75.6170636305249
Ireland,IRL,2022,43,72.5240947149564,70.8017873446512,74.188678522509
Germany,DEU,2022,42,71.1425445396745,68.9950164022259,73.1318520904396
Australia,AUS,2022,41,71.0457053036413,69.2546049233661,73.1869914256051
New Zealand,NZL,2022,43,69.7653237135849,67.7588004897096,71.7262777649801
Estonia,EST,2022,43,68.3489382676207,66.7695515025413,69.8227361795153
France,FRA,2022,43,67.5915909959938,65.7701933771627,69.5015453704586
Indonesia,IDN,2022,42,66.2023618566348,64.2801674428288,67.9776451325271
Italy,ITA,2022,45,63.3058979826494,61.8957911014614,64.8129708721495
Vietnam,VNM,2022,43,63.1457373224747,61.5205868485805,64.6047610803726
Azerbaijan,AZE,2022,41,61.7240474078929,59.777770173098,63.5003244289312
China,CHN,2022,46,61.3954276712671,59.5199976644559,63.2060812762582
Jordan,JOR,2022,40,60.6576890960716,58.8043007834657,62.4620494314008
Oman,OMN,2022,39,60.1425765144878,58.4302478979183,61.6444528065546
Malaysia,MYS,2022,42,60.1180173655066,58.5930701009795,61.6632665757735
Portugal,PRT,2022,42,60.0486761173386,58.5987746795133,61.4963105484193
Bahrain,BHR,2022,39,59.8594444156779,58.0160844941252,61.6388156584327
Spain,ESP,2022,44,57.0640870801756,55.699717758297,58.5790076395252
Czech Republic,CZE,2022,40,57.0279220754802,55.4647427158819,58.8566786628119
Slovenia,SVN,2022,40,56.9522126444352,55.1760874004244,58.7267738810209
Cyprus,CYP,2022,42,56.3966746631395,55.0481097751797,57.7238992651763
Lithuania,LTU,2022,41,56.367919834764,54.8491563136449,57.7414831484196
Chile,CHL,2022,45,56.2994544077667,54.959696860134,57.5612944033505
Malta,MLT,2022,40,56.0831877668047,54.8408268664267,57.4221796696918
Latvia,LVA,2022,42,55.1717426129202,53.792529736257,56.4609928816373
Thailand,THA,2022,45,54.3834491775245,53.0550949806092,55.630406130495
Uruguay,URY,2022,42,52.8627641557176,51.3296257370817,54.3031998640598
India,IND,2022,44,52.5992014449476,52.3449901597603,52.853412730135
Costa Rica,CRI,2022,44,52.576978086716,51.1965391639036,53.925835230708
Hungary,HUN,2022,42,51.7925009901098,51.7657895669129,51.8192124133068
Bulgaria,BGR,2022,41,51.7139043096174,50.4722750553927,52.9535348749323
Egypt,EGY,2022,43,50.8388158965935,49.3976574844419,52.313240500789
Mauritius,MUS,2022,45,50.3623952171735,50.1158437282043,50.6089467061427
Turkey,TUR,2022,44,50.3085707596925,50.0644413713099,50.5527001480751
Botswana,BWA,2022,45,50.0402832989899,49.8082268463389,50.2723397516408
Kuwait,KWT,2022,38,49.503103024018,49.2952196837407,49.7109863642952
Brunei,BRN,2022,37,48.3563894837089,48.2001082527456,48.5126707146722
Albania,ALB,2022,43,48.1102536613503,47.9650485423931,48.2554587803075
Slovakia,SVK,2022,40,47.9143816557054,47.8478068874306,47.9809564239802
Brazil,BRA,2022,44,47.8790456605728,47.6336605085794,48.1244308125662
Sri Lanka,LKA,2022,40,47.795895189436,47.664836201715,47.926954177157
Russia,RUS,2022,38,47.7605693081952,47.63109998513,47.8900386312604
Georgia,GEO,2022,44,47.7245156823412,46.1439886822522,49.4514790354219
Greece,GRC,2022,44,47.5950086546648,47.4729895610085,47.7170277483211
Poland,POL,2022,43,46.9718258378942,46.8778499709926,47.0658017047959
Pakistan,PAK,2022,43,46.8168475372504,46.7298456938777,46.9038493806231
Serbia,SRB,2022,39,45.9411264867149,45.8935320906163,45.9887208828134
Jamaica,JAM,2022,41,45.6660671730617,45.6308504460775,45.7012839000459
Colombia,COL,2022,44,45.5360111789058,45.5066469716586,45.565375386153
Kenya,KEN,2022,42,45.475694216757,45.4490442728066,45.5023441607075
Panama,PAN,2022,41,44.9882843024899,44.8013813068967,45.1751872980831
Bahamas,BHS,2022,15,44.9207290659155,44.9190525537529,44.9224055780781
Armenia,ARM,2022,41,44.4838467972153,44.4658636072864,44.5018299871442
Ukraine,UKR,2022,41,43.932657496804,43.8898707883566,43.9754442052514
Barbados,BRB,2022,42,43.8513239664201,43.8048772491054,43.8977706837348
Croatia,HRV,2022,42,42.9196046984244,41.651379506904,44.3158732036765
Philippines,PHL,2022,44,42.6426524168504,42.5418154798051,42.7434893538957
Rwanda,RWA,2022,46,41.8442282647428,41.7074622408526,41.9809942886329
Montenegro,MNE,2022,39,41.7379711759759,41.5964235830912,41.8795187688606
Togo,TGO,2022,15,41.2798568846266,41.1176941486312,41.442019620622
Cambodia,KHM,2022,40,41.0716550146477,40.9001231945033,41.2431868347921
Belarus,BLR,2022,18,41.0489299507876,40.3614567054006,41.7364031961746
Tanzania,TZA,2022,43,41.0173180561011,40.8433410728221,41.1912950393802
Romania,ROU,2022,43,40.6942577707029,40.5057430745809,40.8827724668248
Tunisia,TUN,2022,39,40.5949113527915,39.2189516004831,42.2888325276921
Fiji,FJI,2022,17,40.0639372700106,40.0042601545278,40.1236143854934
Moldova,MDA,2022,44,39.9076347243255,39.6837219911166,40.1315474575345
Ghana,GHA,2022,44,39.8622114077994,39.6362546253467,40.088168190252
Laos,LAO,2022,42,39.8271345704923,39.5995993303608,40.0546698106237
Peru,PER,2022,43,39.7963867164746,38.4887845316418,41.455840161902
Belize,BLZ,2022,16,39.6629804110707,39.4280582337652,39.8979025883761
Seychelles,SYC,2022,16,39.1623336250019,38.9048823423234,39.4197849076804
Uzbekistan,UZB,2022,42,39.1171000720429,37.3236975805563,40.7176197461847
South Africa,ZAF,2022,45,39.0842673200672,38.8233030536666,39.3452315864677
Uganda,UGA,2022,18,39.0539817420389,38.7916546246271,39.3163088594507
Morocco,MAR,2022,40,38.8929775940703,38.6234052899999,39.1625498981408
Mexico,MEX,2022,45,38.3232146493318,36.9879659089089,39.6685623967227
Benin,BEN,2022,42,38.290614787776,37.9939361574223,38.5872934181297
São Tomé and Príncipe,STP,2022,15,38.0476914531423,37.7400812727301,38.3553016335545
Namibia,NAM,2022,41,38.0313477477783,36.6623880168736,39.4098982202815
Cabo Verde,CPV,2022,36,37.5328230703302,37.2020438126915,37.8636023279689
Lebanon,LBN,2022,41,36.7247767569193,35.4414711713866,38.1999589289038
North Macedonia,MKD,2022,42,36.2594108523379,35.0236602086069,37.6786038806898
Tajikistan,TJK,2022,43,35.7229256287282,34.0671766859538,37.5427145277719
Iraq,IRQ,2022,30,35.6414466989948,35.225555504646,36.0573378933436
Dominican Republic,DOM,2022,44,35.4758147107294,34.2724301170491,36.9009670315049
Iran,IRN,2022,34,35.4658283985491,32.9369060484026,37.938581338103
Senegal,SEN,2022,41,35.3522505179817,33.8061243579664,36.9051309969665
Ethiopia,ETH,2022,16,35.2191174455774,35.1443565757979,35.293878315357
Trinidad and Tobago,TTO,2022,40,34.5149099640573,32.8223429144623,36.1995437680641
Guatemala,GTM,2022,43,34.3622924350407,33.1261979753884,35.5738297089516
Algeria,DZA,2022,40,34.0948779776078,32.8016459416101,35.3699766844113
Cameroon,CMR,2022,34,33.3700028442436,30.9970832895609,35.6807261897894
Comoros,COM,2022,16,33.3633500224935,32.8449444777021,33.8817555672849
Kyrgyzstan,KGZ,2022,46,32.9038238700795,31.4490732337144,34.3686386166824
Gabon,GAB,2022,29,32.8989721921327,32.3596696449751,33.4382747392903
Argentina,ARG,2022,43,32.4900914806165,31.3436248771684,33.9123807292377
Côte d'Ivoire,CIV,2022,38,32.3293045222643,30.5884494069406,34.0938692737487
Mozambique,MOZ,2022,18,31.8848987357468,31.2999628830518,32.4698345884418
Republic of Congo,COG,2022,19,31.2968813477992,31.019930878564,31.5738318170345
Kazakhstan,KAZ,2022,43,31.1376120738959,29.7820946955866,32.6151919455946
Ecuador,ECU,2022,43,30.8462551767478,29.5439357400741,32.3522707442885
Nepal,NPL,2022,42,30.5055265723787,29.0326940614354,32.0040196907493
Bangladesh,BGD,2022,43,30.3669566718403,28.8565435810659,31.9027591986854
Zambia,ZMB,2022,41,30.029553388273,28.5689903656554,31.6155622782519
Suriname,SUR,2022,18,29.7604731236098,29.5256114054031,29.9953348418166
Mongolia,MNG,2022,43,29.3557726146279,28.0464733612833,30.9110767683804
Burkina Faso,BFA,2022,15,28.7329725909299,28.3807219891954,29.0852231926643
Liberia,LBR,2022,38,27.8445481986679,26.029117804043,29.666230953062
Zimbabwe,ZWE,2022,36,27.3581121521322,25.3789036551594,29.0987366253665
Bosnia and Herzegovina,BIH,2022,42,27.3021532353601,26.0228309579289,28.5161326810109
Eswatini,SWZ,2022,17,27.2360796186499,26.8668936235661,27.6052656137337
Mali,MLI,2022,36,26.5711811429164,24.8620520909984,28.2799791603999
Paraguay,PRY,2022,42,26.3979154266311,24.9111116182044,27.9481024255936
Malawi,MWI,2022,43,26.3556995463016,24.9974310311901,27.6707165540818
Guyana,GUY,2022,16,25.4390274062101,25.1724012146395,25.7056535977807
El Salvador,SLV,2022,42,25.3057203920329,24.0457150196413,26.829105679084
Lesotho,LSO,2022,39,25.2115539823358,23.7388994182822,26.7437497983266
Nigeria,NGA,2022,40,24.2276699941728,22.6990163157461,25.8838420122888
Gambia,GMB,2022,16,22.6011087686469,22.0074100894676,23.1948074478262
Timor-Leste,TLS,2022,15,22.1672713114567,21.4843678743347,22.8501747485786
Bolivia,BOL,2022,43,21.8741326917457,20.1889303278747,23.9604100071421
Honduras,HND,2022,42,20.3012514591098,18.7287435129306,21.9045233983623
Guinea,GIN,2022,17,17.4732621838229,16.9019601111506,18.0445642564951
Madagascar,MDG,2022,19,14.1464254729656,10.7495694719783,17.8323303446229
Yemen,YEM,2022,29,13.4762820676328,10.7864005874001,16.092731339961
Sierra Leone,SLE,2022,34,13.1851137755631,10.5074767982082,15.6896248139779
Venezuela,VEN,2022,30,12.5988282146302,9.50095937839572,15.9138511876253
Nicaragua,NIC,2022,40,12.1140534926103,10.43055676476,13.8116321887473
Chad,TCD,2022,36,11.6766057238673,9.89960605742549,13.5270808257528
Democratic Republic of Congo,COD,2022,42,10.4327368255752,8.47433742410534,12.2725316630468
Angola,AGO,2022,39,9.24556765473283,7.36361770721083,11.1304609123547
Switzerland,CHE,2021,39,93.9043292971532,91.1747322436549,96.2979487801271
Singapore,SGP,2021,41,93.1655240478021,90.8744557950712,95.4203442875633
United States of America,USA,2021,43,91.8963442163794,89.7174453949427,94.1151156184395
Hong Kong,HKG,2021,40,88.3318597809258,86.0823861188266,90.412279077694
Japan,JPN,2021,41,87.5967076057599,85.2197492336659,89.6681367084885
Finland,FIN,2021,44,86.4872869934023,84.1535850645792,88.4153533148484
Taiwan,TWN,2021,27,86.1148699745517,80.9070135503093,93.2329155389649
Netherlands,NLD,2021,39,85.1391823137386,83.0250751807609,87.4642775081954
United Arab Emirates,ARE,2021,41,83.2219683294917,81.2011059424959,85.3717337443741
Norway,NOR,2021,37,82.313567771331,79.7863542230861,85.1605392455199
Denmark,DNK,2021,39,80.4669454400822,78.4124732929762,82.5758730591973
Canada,CAN,2021,42,79.9518243042793,77.7562971254646,82.253368095948
Belgium,BEL,2021,40,78.761382208596,76.9550262004056,80.4982386222641
Israel,ISR,2021,39,78.7591380715095,76.5098522814,80.8673104008786
Germany,DEU,2021,42,78.7438001637558,76.6005926796799,80.8394379077651
Luxembourg,LUX,2021,40,77.9882195167569,75.9007980899621,80.0742453273803
Qatar,QAT,2021,39,77.6913144340083,75.3104341605732,79.627001153937
Austria,AUT,2021,43,77.1452623562452,75.2587686403529,79.072624107754
Sweden,SWE,2021,43,76.6204396287334,74.6967401670587,78.6702431323763
New Zealand,NZL,2021,43,75.2744110339628,73.3982760693954,76.9697888887343
Saudi Arabia,SAU,2021,40,75.1919319591862,73.2059570513944,77.185184341501
South Korea,KOR,2021,44,74.9963363773846,72.9818706390268,76.7554519140029
Iceland,ISL,2021,40,74.8560485425596,72.9448107414514,76.5985267175091
United Kingdom,GBR,2021,39,74.4084298923211,72.3946828477396,76.2166431316726
Malaysia,MYS,2021,43,71.5782851568097,70.0052421610795,73.0676355920945
Australia,AUS,2021,41,71.4841154880616,69.6210660875263,73.1739122018041
France,FRA,2021,43,69.7214392977871,67.622258262868,71.458088885713
Ireland,IRL,2021,43,69.667442679448,68.1676940470164,71.2822768764186
Estonia,EST,2021,43,69.2806875352268,67.7603898522734,70.6370487723764
China,CHN,2021,46,67.9598100384988,65.8055192505411,69.9401366775586
Bahrain,BHR,2021,40,64.7414231558502,62.9687323390426,66.5127235876275
Oman,OMN,2021,39,62.0852353133989,60.3124192724668,63.854544874963
Spain,ESP,2021,44,61.9440939022854,60.5287324777627,63.3981517769137
Portugal,PRT,2021,42,60.7856819894574,59.2236399089944,62.2488184950556
Cyprus,CYP,2021,42,59.9466300870448,58.5294266208947,61.4004290363129
Azerbaijan,AZE,2021,41,59.9447389324235,57.9259161561815,61.8139559710953
Malta,MLT,2021,40,59.8445686974295,58.6047854897594,61.167413621842
Indonesia,IDN,2021,43,59.0953095699488,57.4954436685861,60.6883717079083
Vietnam,VNM,2021,43,58.9978896359179,57.357546135451,60.5150006121238
Chile,CHL,2021,45,58.6389844742371,57.274544206831,59.9150545146943
Thailand,THA,2021,45,58.62239186775,57.1635109101778,59.865153517906
Jordan,JOR,2021,40,57.5432752240583,56.0268924303085,59.0958583599937
Italy,ITA,2021,45,57.0377658321731,55.6616255884806,58.4410718759252
Lithuania,LTU,2021,41,56.9088446701167,55.412563638058,58.289807374822
Slovenia,SVN,2021,40,56.8309047111794,55.1337554458937,58.8318861313038
India,IND,2021,45,55.5793974015642,55.4592949344245,55.6994998687038
Czech Republic,CZE,2021,40,55.3981647005845,53.6438697352574,57.1939351510518
Costa Rica,CRI,2021,44,55.0259267895637,53.7258812649352,56.4880939000891
Latvia,LVA,2021,42,54.9290249731611,53.4791321934887,56.1959677767246
Bahamas,BHS,2021,16,54.5900304656738,54.1532353905221,55.0268255408255
Mauritius,MUS,2021,45,53.0201069590028,51.8524250070315,54.1674343773539
Turkey,TUR,2021,44,52.7366701392655,51.4955306833971,54.0599606836744
Kuwait,KWT,2021,38,52.6415035194826,52.2923921569095,52.9906148820557
Bulgaria,BGR,2021,41,51.1612619937176,49.8798983622318,52.375602752763
Armenia,ARM,2021,41,50.6146467506531,50.3567439426773,50.8725495586289
Sri Lanka,LKA,2021,40,50.0687292762606,49.8353927546325,50.3020657978887
Hungary,HUN,2021,42,49.9744811457739,49.8659588295818,50.083003461966
Uruguay,URY,2021,42,49.1125936198573,48.9222832027673,49.3029040369473
Slovakia,SVK,2021,41,48.9466185345287,48.9264944258009,48.9667426432564
Montenegro,MNE,2021,39,48.6223128531606,48.454065070572,48.7905606357492
Panama,PAN,2021,42,48.5955013560853,48.5709231279039,48.6200795842667
Albania,ALB,2021,43,48.2039828274854,48.0545598960521,48.3534057589186
Egypt,EGY,2021,43,48.1570359477908,46.8907821128091,49.4690383467978
Poland,POL,2021,43,47.8021030869739,47.6707647438637,47.9334414300842
Russia,RUS,2021,42,47.3846369577941,47.2720845904969,47.4971893250912
Greece,GRC,2021,44,47.1401319960592,47.0385823520402,47.2416816400783
Jamaica,JAM,2021,42,46.6139719971533,46.536099553085,46.6918444412217
Brazil,BRA,2021,45,46.3094860862757,45.0166944252856,47.9366637985039
Kenya,KEN,2021,42,45.8143818970717,45.7724910075071,45.8562727866364
Brunei,BRN,2021,37,45.6491802117693,45.6147233980432,45.6836370254953
Lebanon,LBN,2021,41,45.6233042072737,45.5900118137499,45.6565966007974
Ukraine,UKR,2021,41,45.477596209556,45.4508606759296,45.5043317431824
Colombia,COL,2021,45,44.5284851795939,44.512510716872,44.5444596423157
Morocco,MAR,2021,40,44.5080183290513,44.491122858055,44.5249138000476
Georgia,GEO,2021,44,43.7739412016849,43.4464918835805,44.1013905197893
Philippines,PHL,2021,44,43.7076985074777,43.6547886445106,43.7606083704448
Belize,BLZ,2021,16,43.5711929515454,43.5121403385614,43.6302455645295
Serbia,SRB,2021,39,43.3814772394835,43.3138874194566,43.4490670595103
Barbados,BRB,2021,42,43.0846594452763,43.0037128245102,43.1656060660425
Seychelles,SYC,2021,16,42.8278238588185,42.7353196366617,42.9203280809752
Fiji,FJI,2021,17,42.4483752125113,42.281398389616,42.6153520354067
Laos,LAO,2021,42,42.3432231173896,42.2289118618685,42.4575343729106
Rwanda,RWA,2021,46,42.0551872599692,41.9279143908642,42.1824601290742
Ghana,GHA,2021,44,41.8461175029873,41.7094364948182,41.9827985111565
Croatia,HRV,2021,43,41.8056665853239,40.5852143544915,43.2634031797634
Namibia,NAM,2021,41,41.6394592941978,41.4934786666331,41.7854399217625
South Africa,ZAF,2021,45,41.6004479790492,41.4527118423028,41.7481841157956
Tanzania,TZA,2021,43,41.3747594725114,41.2168673529708,41.532651592052
Mexico,MEX,2021,45,41.31192165716,40.155659867695,42.6753427902813
Argentina,ARG,2021,43,40.5489801730218,39.397419269277,41.8799389873243
Tajikistan,TJK,2021,44,40.5102274291013,40.3134313676073,40.7070234905953
Tunisia,TUN,2021,39,40.4699869369958,38.8836758839281,42.0994473955914
Togo,TGO,2021,16,40.4116544917703,40.2104226480964,40.6128863354443
Kazakhstan,KAZ,2021,43,40.3202011041117,40.1148538579932,40.5255483502303
Cabo Verde,CPV,2021,38,40.2399617594602,40.0310037428323,40.4489197760881
Cambodia,KHM,2021,40,40.0152511237092,39.7961811284725,40.2343211189458
Senegal,SEN,2021,41,39.9305101332281,39.7076267934198,40.1533934730365
Peru,PER,2021,43,39.2176305619459,37.8289627451975,40.9890677262232
Guatemala,GTM,2021,43,38.8230202165015,37.6535433142444,39.9528196194952
Romania,ROU,2021,43,38.562027101307,38.2775620250622,38.8464921775518
Uzbekistan,UZB,2021,42,38.5535658611136,36.861686204749,40.1325832035746
Iran,IRN,2021,34,38.5489868845018,36.2414420782084,40.7396183335445
Belarus,BLR,2021,18,38.2612398521393,37.6992126611914,38.8232670430871
Pakistan,PAK,2021,43,38.1401274033375,36.9462494430111,39.3496555755747
Trinidad and Tobago,TTO,2021,40,37.7433583307878,37.4220531598697,38.0646635017059
São Tomé and Príncipe,STP,2021,15,37.4970259049313,37.1646357748497,37.829416035013
Uganda,UGA,2021,43,37.300923200955,36.5765795041637,38.1220168524597
Botswana,BWA,2021,45,37.2750415404195,36.0797587809589,38.688135691887
North Macedonia,MKD,2021,42,36.8164322534796,35.5106982074861,38.1222153095615
Benin,BEN,2021,42,36.7774782745649,35.0861099562833,38.2244428627224
Moldova,MDA,2021,44,36.1168056056855,34.908028318867,37.477663937673
Dominican Republic,DOM,2021,44,35.9284385411329,34.6572043248305,37.1875049389588
Cameroon,CMR,2021,43,35.8317384462042,34.4720382612357,37.14690185428
Iraq,IRQ,2021,30,35.3817913607799,34.9542156762114,35.8093670453484
Kyrgyzstan,KGZ,2021,46,34.763151170157,33.4736302283647,36.2636672869449
Algeria,DZA,2021,40,34.7455316135301,34.4928321127017,34.9982311143584
Mozambique,MOZ,2021,18,34.1103906207503,33.6256019028805,34.5951793386202
Gabon,GAB,2021,29,34.0002677862511,33.5105235408288,34.4900120316733
Suriname,SUR,2021,18,33.7008424302611,33.6432973308537,33.7583875296686
Côte d'Ivoire,CIV,2021,39,33.5181170095326,32.1314389294099,34.9910074559624
Paraguay,PRY,2021,42,33.1550943906463,31.8182303388078,34.4912122917994
Nepal,NPL,2021,42,32.9113482355052,31.4736284414842,34.5171528910017
Ethiopia,ETH,2021,16,32.700278921921,32.5121703185769,32.8883875252651
Ecuador,ECU,2021,43,31.9365074025803,30.6056778814752,33.4385590388865
Guyana,GUY,2021,16,31.8787952193401,31.8556318593199,31.9019585793604
Comoros,COM,2021,16,31.1384902750937,30.5199660416693,31.7570145085181
Mongolia,MNG,2021,43,31.0028932674047,29.5600268433943,32.3965310217348
Eswatini,SWZ,2021,17,30.0444598380518,29.8016509528411,30.2872687232625
Bangladesh,BGD,2021,43,29.3977099298667,27.862589553817,31.0239192387641
Republic of Congo,COG,2021,19,29.1936439963161,28.8220478462641,29.5652401463681
Zimbabwe,ZWE,2021,37,29.0564554406532,27.2674921287354,30.7684982145789
Zambia,ZMB,2021,42,28.4366250126385,26.9819248911277,30.0020936133224
Bosnia and Herzegovina,BIH,2021,42,28.3725696298506,27.1522616956072,29.6436868406345
El Salvador,SLV,2021,42,27.7602609463549,26.4724839744866,29.1322048249155
Lesotho,LSO,2021,40,27.2795341739713,25.769985114153,28.702497420342
Bolivia,BOL,2021,43,26.5220639182775,25.0334539909964,28.3142815092096
Liberia,LBR,2021,38,26.4235984373157,24.5228508526609,28.3906060176945
Gambia,GMB,2021,16,25.3766222628297,24.9078216908886,25.8454228347707
Mali,MLI,2021,37,25.2136982495518,23.451604689158,26.9553692432783
Burkina Faso,BFA,2021,15,24.1929781485741,23.6364277969337,24.7495285002146
Nigeria,NGA,2021,40,24.1413848162386,22.6148700463671,25.698184334065
Timor-Leste,TLS,2021,15,24.0018152056647,23.4014662437821,24.6021641675473
Malawi,MWI,2021,43,23.4734223316556,22.181916943328,24.9298213982675
Honduras,HND,2021,43,22.1381020211013,20.6571467491682,23.7896735307296
Guinea,GIN,2021,40,20.7539145270782,19.615440680965,21.7233263418526
Nicaragua,NIC,2021,40,16.5970290152429,14.9751121507006,18.0207734018178
Venezuela,VEN,2021,30,15.0189421926078,12.0465864511325,18.2512110180649
Democratic Republic of Congo,COD,2021,43,14.3607191008732,12.7403441653492,15.8657049070374
Madagascar,MDG,2021,19,13.6754183472891,10.0790814585747,17.5274382201096
Yemen,YEM,2021,29,13.5825134429047,10.8776101822949,16.1068097738081
Sierra Leone,SLE,2021,34,12.1999411914893,9.92511723724013,14.4593710750789
Angola,AGO,2021,40,11.3986607677391,9.5404658926228,13.3044374499575
Chad,TCD,2021,37,10.6007623710588,8.59922171829264,12.379171983481
United States of America,USA,2020,43,94.7756512946926,92.6031897750079,97.1429245051638
Switzerland,CHE,2020,39,94.2172690425129,91.8978220662054,96.766068004086
Japan,JPN,2020,41,92.1022040980037,89.9856542427072,94.1796199005575
Singapore,SGP,2020,41,92.1022040980037,89.9307629903851,94.1209957278635
Hong Kong,HKG,2020,40,91.691422551634,89.3071264002764,93.9617420997196
Finland,FIN,2020,44,87.654226486506,85.5370250153458,89.7836026022175
Netherlands,NLD,2020,39,86.1052473294047,83.9540966938842,88.0789236073283
Germany,DEU,2020,42,84.9641253382392,82.7070262718632,87.0908051669941
Norway,NOR,2020,37,83.6975716141572,81.1889845483321,86.3093468479127
Denmark,DNK,2020,39,83.0393928613598,80.8362447350429,85.0548246587479
United Arab Emirates,ARE,2020,41,81.1883612903379,79.1827284063935,83.0550939274757
Sweden,SWE,2020,43,80.1888099645131,78.1533410156667,82.213977501488
Luxembourg,LUX,2020,40,80.0510066166208,78.034030707606,81.8356410160566
United Kingdom,GBR,2020,39,79.9473971916481,77.7945205719995,81.6497022642371
Malaysia,MYS,2020,43,78.1810293475176,76.2517143620169,79.8360866728016
Belgium,BEL,2020,40,77.8369337542541,76.0424578601352,79.5262384446492
Israel,ISR,2020,41,77.6158014820293,75.6867470312096,79.6929480220776
Austria,AUT,2020,43,75.2485955571826,73.3035059319905,77.2495710754673
Canada,CAN,2020,42,75.0508013021943,72.743826673115,77.4173119658024
Qatar,QAT,2020,39,74.8170434989399,72.5670802531958,76.806655259966
New Zealand,NZL,2020,43,74.6784077058649,72.7359233668994,76.4977448224933
Taiwan,TWN,2020,27,72.242447057667,67.7822692823039,78.6343235166229
Iceland,ISL,2020,40,71.8326138224027,70.0523782945624,73.5051598925841
South Korea,KOR,2020,44,71.4060800877381,69.5537555010918,73.0977436902282
China,CHN,2020,46,71.1466333701504,69.0026995607551,73.1319000052893
Ireland,IRL,2020,43,71.1466333701504,69.3353337923479,72.8368881847211
Saudi Arabia,SAU,2020,40,71.0584699616523,69.1996238255111,72.8767148914991
France,FRA,2020,43,70.6740958080839,68.6094693279663,72.6559917608402
Australia,AUS,2020,41,70.4190695970285,68.3647392792078,72.4163312590298
Estonia,EST,2020,43,65.9266052894151,64.3714600188149,67.3944055303609
India,IND,2020,45,65.9266052894151,64.619278918726,67.1594073636781
Azerbaijan,AZE,2020,41,60.7269205344132,58.9586211928099,62.6957328011433
Oman,OMN,2020,39,59.4342040366805,57.5836714662941,61.2759290546025
Malta,MLT,2020,40,59.2678162424988,57.928370084218,60.4392289297337
Cyprus,CYP,2020,43,58.4518161662208,57.0857002968392,59.8185913254842
Chile,CHL,2020,45,58.355301534403,56.9129258043061,59.8535830540569
Bahrain,BHR,2020,40,58.0337711363347,56.0497588755939,59.8608004005437
Portugal,PRT,2020,42,57.9552280133052,56.582911749835,59.3573207154658
Thailand,THA,2020,45,57.225598440389,55.7493933213461,58.6598129249943
Spain,ESP,2020,44,57.0201769772484,55.6204416531293,58.4078173676981
Slovenia,SVN,2020,40,55.8695787734496,54.1208886839937,57.8316933179097
Czech Republic,CZE,2020,40,55.6170939020028,53.9744835506437,57.2689317594122
Indonesia,IDN,2020,43,55.1549919419724,53.6806651015575,56.548609518319
Philippines,PHL,2020,44,54.6115153144205,52.7936628466463,56.1719423139404
Lithuania,LTU,2020,41,53.9508308382015,52.4952164698851,55.5265820909724
Latvia,LVA,2020,42,53.6575161111228,52.4321734374563,54.9496692830361
Mauritius,MUS,2020,45,53.3252504981806,52.1194267326941,54.4792850300244
Italy,ITA,2020,45,52.9402288216423,51.5202615984124,54.368558437931
Jordan,JOR,2020,40,52.1995636006451,51.8703395344197,52.5287876668705
Costa Rica,CRI,2020,45,51.0406168597173,49.9568355693165,52.3489521622274
Kuwait,KWT,2020,39,49.9858419957157,49.7562354017121,50.2154485897194
Montenegro,MNE,2020,40,49.6594213291214,49.4445036651146,49.8743389931283
Kenya,KEN,2020,42,49.3400024754073,49.1394586598176,49.540546290997
Bulgaria,BGR,2020,41,48.9154600651795,48.73402065805,49.096899472309
Seychelles,SYC,2020,40,48.5508767749329,48.3858436158645,48.7159099340012
Poland,POL,2020,43,48.480415745167,48.318553332438,48.6422781578959
Armenia,ARM,2020,41,48.4100835768814,48.2513861117254,48.5687810420375
Slovakia,SVK,2020,41,47.7941215578406,47.7221350851619,47.8661080305193
Ukraine,UKR,2020,41,47.7941215578406,47.6631423835413,47.9251007321398
Russia,RUS,2020,42,47.7748909560764,47.6447771588565,47.9050047532962
Hungary,HUN,2020,42,47.7500665262931,47.5414455522244,47.9586875003618
Lebanon,LBN,2020,41,47.7500665262931,47.6210698284135,47.8790632241727
Turkey,TUR,2020,44,47.3161908117828,47.2067185210562,47.4256631025094
Albania,ALB,2020,43,46.8856721920391,46.7955732392009,46.9757711448773
Vietnam,VNM,2020,43,45.9813429006955,45.9319387659678,46.0307470354232
Jamaica,JAM,2020,42,45.8250411468536,45.7826705910488,45.8674117026584
Serbia,SRB,2020,39,45.0441867197269,45.0369546131428,45.051418826311
Panama,PAN,2020,42,45.0430134817929,44.8585732992684,45.2274536643175
South Africa,ZAF,2020,45,45.0430134817929,45.0358341709158,45.05019279267
Kazakhstan,KAZ,2020,43,44.4840342918502,44.4660595391798,44.5020090445205
Greece,GRC,2020,44,44.3666763728264,44.3434205138,44.3899322318528
Mexico,MEX,2020,45,44.3666763728264,44.1657198094556,44.5676329361972
Bahamas,BHS,2020,16,44.3170371383284,44.2915475137496,44.3425267629072
Morocco,MAR,2020,40,44.0899980506629,44.0542916671391,44.1257044341866
Namibia,NAM,2020,41,43.4473407675583,43.3827148062948,43.5119667288218
Rwanda,RWA,2020,46,43.4186431542405,43.3527258003778,43.4845605081033
Georgia,GEO,2020,44,43.3617577529971,43.0528566900837,43.6706588159105
Sri Lanka,LKA,2020,41,43.3617577529971,43.2932805560783,43.4302349499158
Ghana,GHA,2020,45,42.758700515743,42.6630857431479,42.8543152883382
Tajikistan,TJK,2020,44,42.7019633087217,42.6037953618106,42.8001312556328
Brunei,BRN,2020,38,42.6967604966297,42.5983584231745,42.795162570085
Barbados,BRB,2020,42,42.3038536905761,42.1877708108485,42.4199365703038
Brazil,BRA,2020,45,42.1587862622843,40.8449438771801,43.6197766960792
Uruguay,URY,2020,42,42.1587862622843,42.0361753482835,42.2813971762851
Argentina,ARG,2020,43,40.7848025173118,39.5186405695075,42.1526243129838
Romania,ROU,2020,43,40.7511542032263,40.5651998465679,40.9371085598847
Pakistan,PAK,2020,43,40.6328355245275,40.4415568273277,40.8241142217274
Croatia,HRV,2020,43,40.41777183184,38.985953146898,42.0437497986273
Fiji,FJI,2020,17,40.41777183184,40.3421721610749,40.4933715026051
Tunisia,TUN,2020,40,40.41777183184,38.957449329677,41.9676824495746
Laos,LAO,2020,42,40.3468675533029,40.142720297398,40.5510148092079
Colombia,COL,2020,45,40.288635904283,40.0818682241721,40.4954035843938
Egypt,EGY,2020,43,40.2474515941087,40.1898610426307,40.3050421455866
Togo,TGO,2020,16,39.6445000258537,39.4087462312135,39.8802538204938
Belize,BLZ,2020,16,38.8314162387935,38.5590736737356,39.1037588038514
Iran,IRN,2020,34,38.5950204159546,36.6135559829171,40.770857557512
Senegal,SEN,2020,41,38.5950204159546,38.312040038869,38.8780007930402
Uzbekistan,UZB,2020,42,38.5950204159546,36.761518518698,40.3050915283786
Tanzania,TZA,2020,43,38.584624466094,37.4676549664453,39.8181842768679
Belarus,BLR,2020,18,38.4971437941958,37.9245009258555,39.0697866625362
Cabo Verde,CPV,2020,38,38.4971437941958,38.2097589691311,38.7845286192606
Botswana,BWA,2020,45,38.2017648667673,36.9147606049341,39.6525518519422
Peru,PER,2020,43,38.2017648667673,36.7024804697571,39.9615374605302
Guatemala,GTM,2020,43,37.1413564538795,35.920682390484,38.4550226422417
Iraq,IRQ,2020,31,36.8286186316921,36.4661501743147,37.1910870890696
Dominican Republic,DOM,2020,44,36.6382258687862,35.4268662128543,37.8658843932545
Trinidad and Tobago,TTO,2020,41,36.4448438810759,35.0517287097379,37.9141967508942
Uganda,UGA,2020,43,36.25459049261,35.3950286565094,37.1391049645119
Moldova,MDA,2020,44,35.9636529336091,34.7430037380371,37.1968511797241
Cambodia,KHM,2020,40,35.5230455357664,34.2379485096633,36.9801741765281
São Tomé and Príncipe,STP,2020,15,35.463674651599,35.0397837151173,35.8875655880806
Algeria,DZA,2020,40,34.9492484619015,34.7057162192498,35.1927807045531
North Macedonia,MKD,2020,42,34.9492484619015,33.6884070108746,36.2298164192989
Benin,BEN,2020,42,34.3516301108643,32.8276395788268,35.6047030394483
Nepal,NPL,2020,42,33.415091653348,32.0991369429377,34.7859469338426
Gambia,GMB,2020,39,32.9989407803883,32.8731445417374,33.1247370190392
Comoros,COM,2020,16,31.960668464439,31.3791422495352,32.5421946793428
Côte d'Ivoire,CIV,2020,39,31.8839717306534,30.3371733424841,33.587577049404
Lesotho,LSO,2020,40,31.8839717306534,30.5643414997263,33.2851083265381
Cameroon,CMR,2020,44,31.7292914953497,30.4617213541904,32.9354733572345
Kyrgyzstan,KGZ,2020,46,31.7292914953497,30.4467983747492,33.1264197897162
Ecuador,ECU,2020,43,31.4049771661066,30.1613589218201,32.8475369348431
Bangladesh,BGD,2020,44,30.3134771541726,28.9262880001973,31.5333866614382
Mongolia,MNG,2020,43,29.5498912634925,28.2265637800051,31.0335811681112
Paraguay,PRY,2020,42,29.3757823597249,27.9324015275994,30.9411040357743
Ethiopia,ETH,2020,39,27.8338608558986,26.8889577125915,28.9235158758181
Zimbabwe,ZWE,2020,37,27.5936593629558,25.6927616630355,29.2796020429646
Liberia,LBR,2020,38,27.5393781570655,25.750307991529,29.4860099011339
Republic of Congo,COG,2020,19,27.5393781570655,27.0933400442472,27.9854162698837
Guinea,GIN,2020,40,27.3406965645697,27.213429039031,27.4679640901083
Zambia,ZMB,2020,42,27.2026392309721,25.7250706539878,28.7078126525865
Bosnia and Herzegovina,BIH,2020,42,26.6265389624058,25.2025996196604,28.0359264864952
Burkina Faso,BFA,2020,38,26.6265389624058,25.6401257683956,27.5972182630003
Suriname,SUR,2020,18,26.6265389624058,26.2506502069449,27.0024277178667
Guyana,GUY,2020,16,26.2763403030069,26.0473931917921,26.5052874142216
Nigeria,NGA,2020,41,26.2763403030069,24.6833552170577,27.9572394202282
Mozambique,MOZ,2020,43,26.1556062399128,25.3318534914899,27.0703076929647
Mali,MLI,2020,39,26.1337479746614,24.5441454017712,27.6494671550182
Bolivia,BOL,2020,43,25.4583707878088,23.6454730450896,27.214683075606
Timor-Leste,TLS,2020,15,25.4583707878088,24.9235668271226,25.9931747484949
El Salvador,SLV,2020,42,25.2892723405665,23.8722752359184,26.7513896824078
Eswatini,SWZ,2020,41,25.2892723405665,24.5691575195645,26.0105867064702
Honduras,HND,2020,44,21.650491088181,20.1229762309965,23.2410888996063
Malawi,MWI,2020,43,21.4192680941679,20.0630661668753,22.7904377856065
Gabon,GAB,2020,35,21.2069343531482,19.1473657811122,23.1410802598411
Nicaragua,NIC,2020,40,16.880683910822,15.574792193234,18.3828974327369
Madagascar,MDG,2020,43,14.711664745561,13.804328225682,15.5325756867725
Venezuela,VEN,2020,30,14.711664745561,11.9726294317295,17.745011066753
Yemen,YEM,2020,31,13.8886353409498,11.4916902576657,16.6123701265332
Democratic Republic of Congo,COD,2020,43,13.7302131614367,12.0934389187588,15.4136828452707
Sierra Leone,SLE,2020,36,13.2490144939649,11.157648876733,15.3418911641662
Chad,TCD,2020,37,11.4781955042935,9.6803287507509,13.2513485204173
Angola,AGO,2020,42,8.83520304386317,7.12583782406873,11.0200795366174
United States of America,USA,2019,49,100,98.1128940325088,100
Switzerland,CHE,2019,46,94.809396632109,92.9633074851989,96.6463792606082
Japan,JPN,2019,47,93.5512482301951,91.7448095857981,95.2660270458892
Germany,DEU,2019,48,91.6431536370282,89.9429537188971,93.4636888597027
Finland,FIN,2019,49,90.6445449434053,89.1230425258519,92.3013555597879
Singapore,SGP,2019,41,90.6427335564258,88.1280913382035,93.0010656498863
Hong Kong,HKG,2019,46,90.171519632105,88.4570419422228,92.0367156442181
Netherlands,NLD,2019,45,85.0719361848886,83.4276081145979,86.760984169424
United Kingdom,GBR,2019,44,84.8065104019002,83.2192626096673,86.5162781291636
Denmark,DNK,2019,39,84.5626328754772,82.343377906565,87.0459393700296
Sweden,SWE,2019,49,83.7041570038114,82.0359366309372,85.2528730514194
Luxembourg,LUX,2019,46,81.3812781472963,79.6975894504658,83.0734700847856
Israel,ISR,2019,47,80.1953774808342,78.5357745010259,81.7895273542121
Taiwan,TWN,2019,31,79.1367192830328,74.5599324021663,83.2994798095977
New Zealand,NZL,2019,43,78.7512007129426,76.305807378329,81.3356500392366
Norway,NOR,2019,42,78.0484215233442,75.5547898249634,80.4113926610354
Malaysia,MYS,2019,49,77.1059235744122,75.7776368448168,78.4797264121325
Austria,AUT,2019,49,76.5618086103812,75.190088272588,78.1389240682496
Belgium,BEL,2019,40,76.032991899131,74.1114132876711,78.2324335014912
France,FRA,2019,49,74.6616949364431,73.2257781340212,76.1716775812681
Canada,CAN,2019,48,74.0601575071369,72.1736750721434,76.3003963379208
Australia,AUS,2019,47,73.8342136682994,72.3525626111415,75.3437851418303
South Korea,KOR,2019,50,73.3666090498153,71.9557771274641,74.8644502500446
United Arab Emirates,ARE,2019,46,73.2177914678337,71.8811708170395,74.5562463072374
Ireland,IRL,2019,49,72.2476855783999,70.9339918358127,73.6898161154558
China,CHN,2019,52,72.1072266846555,70.9455094965189,73.4671817085427
Iceland,ISL,2019,40,71.2531374892818,68.9538721417582,73.455363396392
Qatar,QAT,2019,45,69.947088303506,68.7436252419345,71.4046399787061
Estonia,EST,2019,49,66.2126712806428,64.9449349643311,67.3488798527756
India,IND,2019,51,63.6549449875887,62.6292673238917,64.7686237682477
Portugal,PRT,2019,48,61.9938548403451,60.7203773189132,63.1356505057146
Cyprus,CYP,2019,51,60.5753380936551,59.5491056331471,61.5900820407167
Puerto Rico,PRI,2019,33,60.4774605609576,56.6790399365044,64.3698846044166
Spain,ESP,2019,50,60.3478927182885,59.2874190490579,61.4225522379311
Czech Republic,CZE,2019,43,60.2665350195345,58.0846616083786,62.4183271693266
Chile,CHL,2019,51,59.4340667269586,58.5017118491384,60.4790712503009
Slovenia,SVN,2019,46,58.3922135013709,56.825651617631,59.9808923183018
Thailand,THA,2019,51,58.3318776929038,57.4626098495115,59.3120573889706
Italy,ITA,2019,50,58.1296810868119,57.0286806353388,59.2482989268857
Saudi Arabia,SAU,2019,45,58.0648335954074,56.4855542748651,59.6481890907446
Indonesia,IDN,2019,49,56.9721733362721,55.7460366572244,58.1362522182232
Oman,OMN,2019,39,56.9563649520592,54.7332341173853,58.9064040214517
Malta,MLT,2019,39,55.5780776608554,53.4098017267818,57.7843934757777
Azerbaijan,AZE,2019,41,54.9151975674022,52.6290397127552,57.020224287502
Lithuania,LTU,2019,40,54.5471836162327,52.5839322181082,56.5991236742752
Bahrain,BHR,2019,40,54.355693170538,52.1909797729882,56.5596871166556
Mauritius,MUS,2019,45,53.8464097446171,52.0594157378482,55.6081289719578
Poland,POL,2019,49,53.4012841055721,52.2597722781518,54.4257052862604
Jordan,JOR,2019,47,52.7905058005544,51.4782599426437,53.963247244082
Russia,RUS,2019,46,52.5241498448621,50.9269531495187,54.1234453843356
Latvia,LVA,2019,48,52.3610362172273,51.2955217718773,53.4352730557189
Turkey,TUR,2019,50,51.4608686406874,50.5099428604266,52.4200849134359
Costa Rica,CRI,2019,45,51.3998136414278,49.6185786088964,53.0657063251775
Kenya,KEN,2019,41,50.7004064317614,48.9912517485359,52.4911667056645
Philippines,PHL,2019,45,49.9572635372056,49.6094741877521,50.305052886659
Greece,GRC,2019,50,49.6966439396555,48.4388573588125,51.0043339401522
South Africa,ZAF,2019,51,49.3443368622441,48.4108597558061,50.3661306775609
Armenia,ARM,2019,41,48.0212883214684,47.7606178567231,48.2819587862137
Slovakia,SVK,2019,49,47.5316752647036,46.4251476949448,48.726339617644
Montenegro,MNE,2019,40,47.1364809576303,46.9156268242577,47.3573350910028
Hungary,HUN,2019,50,46.8899909398502,45.9691594800148,47.8666045778529
Ukraine,UKR,2019,41,46.2948397071726,46.1118594300706,46.4778199842746
Morocco,MAR,2019,46,46.2867126004905,46.1040980431892,46.4693271577918
Lebanon,LBN,2019,46,46.2494130557148,46.0684769779284,46.4303491335012
Bulgaria,BGR,2019,48,46.1970930867454,46.0185114075626,46.3756747659282
Kuwait,KWT,2019,39,45.8193534461088,45.6577700507547,45.9809368414629
Seychelles,SYC,2019,41,45.5988925316113,45.4472298774096,45.7505551858131
Panama,PAN,2019,46,45.3387824174879,45.1988247184217,45.4787401165541
Jamaica,JAM,2019,48,44.8795728374876,44.7602795695214,44.9988661054537
Mexico,MEX,2019,51,44.8319893724413,44.7148373604023,44.9491413844804
Vietnam,VNM,2019,49,44.7583564832195,44.6445179511954,44.8721950152436
Serbia,SRB,2019,39,44.7307265359961,44.6181313515971,44.8433217203952
Uruguay,URY,2019,48,44.4562681329652,44.3560235767026,44.5565126892279
Namibia,NAM,2019,40,44.008581771249,43.9284831012636,44.0886804412344
Georgia,GEO,2019,50,43.9111358819928,43.8354222770239,43.9868494869617
Albania,ALB,2019,43,43.8947262368786,43.8197510659399,43.9697014078174
Kazakhstan,KAZ,2019,46,43.8871976394657,43.8125612554105,43.9618340235209
Rwanda,RWA,2019,46,43.4707381039003,43.4148423989455,43.526633808855
Ghana,GHA,2019,45,42.4653085315552,42.454657157356,42.4759599057545
Romania,ROU,2019,44,42.1612053984704,42.1581721316808,42.16423866526
Bhutan,BTN,2019,37,41.8354509089031,41.817758690083,41.8531431277233
Colombia,COL,2019,51,41.5504714581603,41.5199551640567,41.5809877522638
Brazil,BRA,2019,49,41.2008180914685,41.1545673958638,41.2470687870732
Barbados,BRB,2019,41,40.9601620563196,40.9030818391333,41.017242273506
Tajikistan,TJK,2019,40,40.8675200018642,40.8062708922273,40.9287691115011
Bahamas,BHS,2019,19,40.7409133346461,40.6739669249844,40.8078597443078
Argentina,ARG,2019,51,40.3899674417531,40.3072284669112,40.472706416595
Trinidad and Tobago,TTO,2019,41,40.178802137584,40.0865607240545,40.2710435511135
Tunisia,TUN,2019,39,40.1174949909724,40.0224947558454,40.2124952260994
Fiji,FJI,2019,18,40.0368711572825,39.9382428496394,40.1354994649255
Croatia,HRV,2019,49,39.5018215464178,39.3791160062858,39.6245270865498
Sri Lanka,LKA,2019,41,39.1445272865251,39.005743504698,39.2833110683523
Brunei,BRN,2019,40,39.0782294580657,38.9364622739579,39.2199966421735
Guatemala,GTM,2019,49,39.0184807076647,38.8740248297889,39.1629365855406
Egypt,EGY,2019,48,39.0161899370925,38.8716309745409,39.1607488996441
Iran,IRN,2019,46,38.6085365482625,38.4456331832135,38.7714399133114
Uzbekistan,UZB,2019,20,38.2363493609163,38.0566975724368,38.4160011493959
Pakistan,PAK,2019,43,38.1034690058544,37.9178376013971,38.2891004103117
Botswana,BWA,2019,45,38.0242822655952,37.8350874578262,38.2134770733642
Belarus,BLR,2019,20,38.012926059885,37.8232202228591,38.202631896911
Peru,PER,2019,50,37.8725489997605,36.9277180012039,38.8112711564195
Togo,TGO,2019,16,37.6782514899917,37.4734852973206,37.8830176826629
Senegal,SEN,2019,40,37.6333993882652,37.4266148510163,37.840183925514
Tanzania,TZA,2019,40,37.3065151858559,37.0850208594987,37.5280095122132
Belize,BLZ,2019,24,36.7912520307874,36.546570862452,37.0359331991227
Honduras,HND,2019,44,36.7745760412071,36.5291444533406,37.0200076290736
São Tomé and Príncipe,STP,2019,17,36.3528986090261,36.0884915367115,36.6173056813407
Cambodia,KHM,2019,39,35.7246554320204,35.4319774167405,36.0173334473002
Dominican Republic,DOM,2019,45,35.5313843055994,34.1155713444414,36.8407474043435
Laos,LAO,2019,42,35.2501927345576,34.9361638978919,35.5642215712232
Moldova,MDA,2019,44,34.5474947729939,33.0483471193282,36.1728012308073
Cameroon,CMR,2019,51,34.482378326883,33.7445225947844,35.2471856835228
North Macedonia,MKD,2019,48,34.4775736092701,33.2776568418076,35.6615136703137
Cabo Verde,CPV,2019,37,34.3813669007206,34.0282409015323,34.734492899909
Algeria,DZA,2019,42,34.0211360830208,32.1280213588669,35.7856311612094
Uganda,UGA,2019,42,33.4135736409573,32.0431288770715,34.9314505537703
Mongolia,MNG,2019,43,33.3998575726862,33.0025636537362,33.7971514916361
Gambia,GMB,2019,42,33.2193731279308,31.4730986156625,34.9055239799856
Ecuador,ECU,2019,51,33.0891275212964,32.2282827590393,33.9501629081974
Lesotho,LSO,2019,39,32.9983725649019,31.2602320731925,34.7916631326796
Kyrgyzstan,KGZ,2019,44,32.8796065664528,31.2708423700277,34.3735603317589
Comoros,COM,2019,17,32.7655020963522,32.3396621809673,33.1913420117371
Benin,BEN,2019,37,32.6906435649964,30.6357650264539,34.6605341759353
Côte d'Ivoire,CIV,2019,40,32.1990038902729,30.4499506841734,34.0370295019868
Paraguay,PRY,2019,42,31.6802617006239,29.9013412596629,33.422624007991
Bangladesh,BGD,2019,44,31.5810362963025,29.9334057929374,33.1925441593789
Nepal,NPL,2019,42,31.4740295917812,29.7301991918325,33.3233178683852
Bosnia and Herzegovina,BIH,2019,48,31.4628879815495,30.3317619860906,32.6807027629676
Ethiopia,ETH,2019,35,31.0816100571927,30.5799950000456,31.5832251143398
Zambia,ZMB,2019,41,30.9575383768158,29.4544762080905,32.418900019245
Republic of Congo,COG,2019,20,30.814155050897,30.3005045184666,31.3278055833274
Guinea,GIN,2019,42,30.6574079744122,29.0020756814315,32.5046981205216
Nigeria,NGA,2019,41,29.9930294172853,28.2433323212371,31.7120410991348
Mali,MLI,2019,39,29.4542509225381,27.9305439693193,31.1988520722174
Suriname,SUR,2019,19,29.341959354169,28.7620600153858,29.9218586929522
Burkina Faso,BFA,2019,45,29.223233292648,27.8508261903168,30.5565558523468
Guyana,GUY,2019,17,29.1134122468216,28.5232282882078,29.7035962054354
El Salvador,SLV,2019,48,28.8161229730152,27.7783053095738,29.9426684714351
Zimbabwe,ZWE,2019,38,27.5362602469629,25.7515384215744,29.4921668744922
Timor-Leste,TLS,2019,14,26.8748501532108,26.1839309003845,27.5657694060371
Bolivia,BOL,2019,43,26.7749877917873,24.7856876466291,28.67405725497
Eswatini,SWZ,2019,37,26.7516016634401,24.7384211549943,28.6642931498153
Libya,LBY,2019,12,26.3248890858616,25.6092215850046,27.0405565867186
Malawi,MWI,2019,42,26.1520985386215,24.6921189356717,27.6769597274436
Liberia,LBR,2019,36,25.1924304612057,23.2180262053631,27.0460023407461
Afghanistan,AFG,2019,18,25.1343132076734,22.6773808109044,27.8347096852998
Niger,NER,2019,17,25.0343980813457,22.9210407302083,27.5814981765319
Madagascar,MDG,2019,50,24.9821922495285,24.1588156745153,25.8051575663297
Sudan,SDN,2019,22,24.8982515515807,24.118385361681,25.6781177414803
Gabon,GAB,2019,34,24.6784166507017,22.1337511747442,27.2934111059316
Myanmar,MMR,2019,22,24.2941179063028,23.4870657023656,25.1011701102399
Nicaragua,NIC,2019,40,24.1054210540278,22.483001141106,25.8801373819797
Sierra Leone,SLE,2019,37,23.9913173065022,22.1476859225757,26.0656939020891
Burundi,BDI,2019,46,19.2852181377602,17.9719231611196,20.901656720031
Mozambique,MOZ,2019,43,18.7209949231646,17.3115489046031,20.2102918613988
Democratic Republic of Congo,COD,2019,43,16.4266034776969,14.8121862409276,18.1019775768094
Chad,TCD,2019,37,13.8225859260537,11.8970112979161,15.822213995809
Venezuela,VEN,2019,31,13.6312866425385,9.97642990136447,17.0462213105609
Mauritania,MRT,2019,41,12.4359941207032,10.2503131246253,14.5020444625221
Yemen,YEM,2019,31,11.3497838058969,9.15447870267748,13.7955936490408
Haiti,HTI,2019,39,6.88478242087039,5.03534581334138,8.64364927289193
Angola,AGO,2019,47,2.05283337928053,0.724976313922068,3.6135070259376
Switzerland,CHE,2018,46,95.9052331634063,94.1457660112815,97.8645454487879
United States of America,USA,2018,49,95.745793958144,93.9932093877295,97.6388570104176
Singapore,SGP,2018,41,92.1590959867406,89.6959645284925,94.7250712130237
Finland,FIN,2018,49,91.3643710417905,89.7218282659898,93.005882389092
Japan,JPN,2018,47,90.4934442844763,88.8423080147864,91.9795381488067
Germany,DEU,2018,48,90.4435913294196,88.7182249898718,92.2732526734936
Hong Kong,HKG,2018,46,88.6811989070417,86.7516178361095,90.6970712338169
Netherlands,NLD,2018,45,86.4967935896275,84.7597394867224,88.2112664170957
United Kingdom,GBR,2018,44,86.0838935577098,84.4061505098423,87.9700340988428
Sweden,SWE,2018,49,85.5342084961698,84.0268150368997,87.2586599284972
Norway,NOR,2018,42,81.5654302788334,79.1983878287299,83.9804383292586
New Zealand,NZL,2018,43,81.3802203927356,78.8388778056678,83.6373908479007
Denmark,DNK,2018,39,80.907375364506,78.5392289413299,83.1989075264033
Israel,ISR,2018,47,80.5532878914155,78.8605027848585,82.2613381181636
Belgium,BEL,2018,40,80.4591734755452,78.3287760706888,82.6020458660753
Luxembourg,LUX,2018,46,79.6940567388388,78.0000416042075,81.5700202580276
Taiwan,TWN,2018,31,78.332943054531,73.8908711230376,82.7247375128518
Canada,CAN,2018,48,76.9910062686537,74.884244719626,78.854165490047
Austria,AUT,2018,49,76.7786837425639,75.4905067987846,78.4980499286916
Malaysia,MYS,2018,49,75.7027376933806,74.4745337040582,77.0096302930904
Ireland,IRL,2018,49,74.3047708747392,72.9972786684579,75.7057070523854
Australia,AUS,2018,47,74.2582353545882,72.8221997841966,75.8089945677781
France,FRA,2018,49,73.9827077822774,72.4717468409869,75.4955578562634
Iceland,ISL,2018,40,73.9653035946567,71.6300603809716,76.1622255529981
South Korea,KOR,2018,50,70.5108347739469,69.0495799411337,71.9207227177142
United Arab Emirates,ARE,2018,46,70.3276436708661,69.0877971062931,71.7164578170423
China,CHN,2018,52,68.6841814689174,67.70035131879,69.9129393067743
Qatar,QAT,2018,45,68.6407508702226,67.2909678516153,70.0837527897231
Estonia,EST,2018,49,67.4115614291042,66.2425439291499,68.7330049161678
India,IND,2018,51,62.0303499475664,60.9156439502634,63.21628705353
Portugal,PRT,2018,48,60.8453828520479,59.8067384541586,62.0024990664568
Czech Republic,CZE,2018,43,59.8631966214683,57.8799065570671,62.0022788182029
Malta,MLT,2018,39,59.5825940192258,57.2813126830418,62.0619356815107
Puerto Rico,PRI,2018,33,59.5586704711536,55.9048808604619,63.5973792332405
Italy,ITA,2018,50,58.8051122312866,57.7967597642075,59.8646018994972
Spain,ESP,2018,50,58.7860840163023,57.7285847449944,59.941452439091
Bahrain,BHR,2018,40,58.2739851201248,56.0759993690689,60.522215112349
Indonesia,IDN,2018,49,58.252966908216,57.0699105861758,59.3612276690764
Cyprus,CYP,2018,51,57.7544393297669,56.6922581834633,58.8267662055821
Slovenia,SVN,2018,46,57.0145112689878,55.6104699560082,58.750489392123
Chile,CHL,2018,51,56.8999664847655,56.0474782215441,57.8301794242219
Azerbaijan,AZE,2018,41,56.3421265630275,54.1652840591739,58.3400450123852
Thailand,THA,2018,51,56.0931879748385,55.0948907333462,57.141915388315
Lithuania,LTU,2018,40,55.9495634900076,53.8947747668045,58.0939443628897
Mauritius,MUS,2018,45,54.9287192119357,53.1630302858705,56.6928856036491
Russia,RUS,2018,46,53.856850255662,52.2969958297762,55.4034356812599
Poland,POL,2018,49,53.3353780677213,52.344612295758,54.2540823374191
Turkey,TUR,2018,50,53.039472748275,52.0156242911998,54.123839030839
Jordan,JOR,2018,47,52.8065740379077,51.6290219443251,54.0715319449429
Costa Rica,CRI,2018,45,52.7378283745684,51.0974878530255,54.3932079997939
Saudi Arabia,SAU,2018,45,52.3165313502883,50.7167833749653,53.931076976909
Kenya,KEN,2018,41,52.1282481935916,50.5195013132431,53.770826864089
South Africa,ZAF,2018,51,51.9922764544513,50.994930012598,53.1291356431922
Greece,GRC,2018,50,48.990186942708,47.7542943810208,50.1750671385496
Latvia,LVA,2018,48,48.3062493938061,47.2402155617033,49.381680541619
Panama,PAN,2018,46,48.1725086273316,47.9050332488224,48.4399840058407
North Macedonia,MKD,2018,48,46.715041013984,46.5131516780755,46.9169303498925
Armenia,ARM,2018,41,46.6263345431766,46.4284369984544,46.8242320878987
Lebanon,LBN,2018,46,46.2325249047688,46.052348793775,46.4127010157626
Barbados,BRB,2018,41,46.0486099273584,45.876709990348,46.2205098643687
Slovakia,SVK,2018,49,46.0311533548417,45.8600389635946,46.2022677460888
Bahamas,BHS,2018,19,45.8240752463863,45.6622793700197,45.9858711227529
Ukraine,UKR,2018,41,45.7878142836705,45.6276501506261,45.9479784167149
Oman,OMN,2018,39,45.2785047598228,45.1412595553516,45.4157499642941
Bhutan,BTN,2018,37,45.1126244266325,44.9828438371548,45.2424050161101
Vietnam,VNM,2018,49,45.0604474262574,44.9330148017966,45.1878800507182
Hungary,HUN,2018,50,44.4637903844366,44.3632073268578,44.5643734420155
Mexico,MEX,2018,51,44.0780209567265,43.9947975233946,44.1612443900584
Uruguay,URY,2018,48,43.6496124042275,43.585667355758,43.7135574526969
Jamaica,JAM,2018,48,42.9264728121874,42.8950690453597,42.957876579015
Georgia,GEO,2018,50,42.6178196319036,42.6003052581887,42.6353340056185
Albania,ALB,2018,43,42.3303076885928,42.3257313523269,42.3348840248587
Bulgaria,BGR,2018,48,42.1911832300909,42.1894989657242,42.1928674944575
Philippines,PHL,2018,45,42.0539609584501,42.0461016918596,42.0618202250406
Brazil,BRA,2018,49,41.8259325761446,41.8078120323503,41.8440531199389
Sri Lanka,LKA,2018,41,41.444365372931,41.4090743049921,41.4796564408699
Ghana,GHA,2018,45,41.4291732966868,41.3931985853169,41.4651480080566
Trinidad and Tobago,TTO,2018,41,41.2754306038304,41.2325374712819,41.3183237363788
Montenegro,MNE,2018,40,41.1722059313345,41.1246676885238,41.2197441741453
Namibia,NAM,2018,40,41.0656059521609,41.0132707102873,41.1179411940344
Tajikistan,TJK,2018,40,40.8390214971901,40.7764899548429,40.9015530395374
Kuwait,KWT,2018,39,40.7347102349025,40.6674846857523,40.8019357840527
Serbia,SRB,2018,39,40.5480924214981,40.4724690707447,40.6237157722514
Brunei,BRN,2018,40,40.5355024932536,40.4593125957292,40.6116923907779
Colombia,COL,2018,51,40.5352777649061,40.4590777546061,40.6114777752061
Kazakhstan,KAZ,2018,46,40.4257443558138,40.3446153421046,40.5068733695229
Guatemala,GTM,2018,49,40.3041716412471,40.2175718553824,40.3907714271117
Morocco,MAR,2018,46,40.1633143754317,40.0703760126054,40.2562527382581
Croatia,HRV,2018,49,39.8967694579414,39.791836573828,40.0017023420548
Togo,TGO,2018,16,39.5063261027916,39.3838232676964,39.6288289378868
Seychelles,SYC,2018,41,39.3894301535137,39.261667000701,39.5171933063263
Argentina,ARG,2018,51,39.1381926505133,38.9991238100656,39.277261490961
Botswana,BWA,2018,45,38.9712803680215,38.8247004748616,39.1178602611813
Libya,LBY,2018,12,38.8386344871912,38.686085529394,38.9911834449884
São Tomé and Príncipe,STP,2018,17,38.8076301010509,38.6536859458774,38.9615742562244
Fiji,FJI,2018,18,38.6803501130086,38.5206783583732,38.840021867644
Belarus,BLR,2018,20,38.6185380465401,38.4560847489137,38.7809913441666
Rwanda,RWA,2018,46,38.2807614946891,38.1031082522293,38.4584147371488
Iran,IRN,2018,46,37.9346179513867,37.7413882494783,38.127847653295
Peru,PER,2018,50,37.4779996138257,37.2642220867271,37.6917771409243
Côte d'Ivoire,CIV,2018,40,37.4517226996234,37.2367627113857,37.6666826878611
Romania,ROU,2018,44,37.3485937536221,37.1289929628144,37.5681945444299
Tunisia,TUN,2018,39,36.8196691641942,36.5762667668622,37.0630715615263
Laos,LAO,2018,42,36.7992526073899,36.5549314650016,37.0435737497781
Uzbekistan,UZB,2018,20,36.7053019819011,36.4567530613659,36.9538509024363
Senegal,SEN,2018,40,36.6666726787571,36.4163854395804,36.9169599179339
Belize,BLZ,2018,24,36.1144617401557,35.8393250087419,36.3895984715695
Pakistan,PAK,2018,43,35.7054070443979,35.4118628516751,35.9989512371208
Tanzania,TZA,2018,40,35.2853903262546,34.9729453812152,35.5978352712939
Cambodia,KHM,2018,39,34.4494913573999,34.0994309587621,34.7995517560377
Cabo Verde,CPV,2018,37,34.4274431260907,34.076390557044,34.7784956951374
Ethiopia,ETH,2018,35,34.2373093042564,33.8777007132271,34.5969178952856
Honduras,HND,2018,44,34.205762632984,32.5104382254776,35.8618631666148
Egypt,EGY,2018,48,33.8204053138423,32.6561024753599,35.0833885638241
Guyana,GUY,2018,17,33.7202884964688,33.3374139690891,34.1031630238485
Cameroon,CMR,2018,51,33.6961538636669,32.8897885558176,34.5503838178066
Algeria,DZA,2018,42,33.1665302003499,31.4310037059326,34.8671663219965
Uganda,UGA,2018,42,33.0962604338849,31.5313225900259,34.9228703238488
Ecuador,ECU,2018,51,32.6192547377188,31.7623673938274,33.5434970385899
Bosnia and Herzegovina,BIH,2018,48,32.2413494750976,30.9978839443759,33.3801914546424
Zambia,ZMB,2018,41,32.0880597810692,30.7070361071826,33.7660876128962
Comoros,COM,2018,17,31.9990900054512,31.5387615459757,32.4594184649266
Kyrgyzstan,KGZ,2018,44,31.9801334362802,30.5354428711665,33.5285623656286
Republic of Congo,COG,2018,20,31.7738065225227,31.3033403063155,32.24427273873
Mali,MLI,2018,39,31.723396145553,29.9725231144641,33.504231305694
Bangladesh,BGD,2018,44,31.3534334732478,29.5313334692864,33.2194335314909
Mongolia,MNG,2018,43,31.3245976888679,29.2593563344395,33.557239479436
Guinea,GIN,2018,42,30.9240442580034,29.4194729335077,32.7028095069978
Dominican Republic,DOM,2018,45,30.8894387086146,29.5366116559417,32.2013016926767
Nepal,NPL,2018,42,30.8166024338137,29.1418996387937,32.5169561159301
El Salvador,SLV,2018,48,30.6507840537509,29.5374813848359,31.7163227309999
Moldova,MDA,2018,44,30.3966149595418,29.0177229610359,31.9761118358066
Gambia,GMB,2018,42,29.947527325968,28.3300318841271,31.6156620734357
Nigeria,NGA,2018,41,29.8831794870164,28.1245979931321,31.6425878742698
Myanmar,MMR,2018,22,29.3370187622205,28.7568970967997,29.9171404276414
Burkina Faso,BFA,2018,45,29.3089245316529,27.8751607018673,30.6623735602124
Paraguay,PRY,2018,42,29.1208014909207,27.2849889280781,30.7793898416537
Zimbabwe,ZWE,2018,38,28.6430917479016,26.8424605799208,30.3644230454791
Niger,NER,2018,17,28.5476044692129,26.1870857783921,31.1014139056881
Timor-Leste,TLS,2018,14,28.499057142224,27.8812272039033,29.1168870805447
Benin,BEN,2018,37,28.2603419244799,26.6215216817118,29.80744252699
Afghanistan,AFG,2018,18,27.5014907255318,25.2066574234694,30.0372231998978
Nicaragua,NIC,2018,40,27.2073278632999,25.4873781410334,28.8653637018348
Bolivia,BOL,2018,43,27.1947825850426,25.515221828296,28.9081837583256
Lesotho,LSO,2018,39,26.9414390769755,25.1829752729806,28.7290285467377
Sudan,SDN,2018,22,26.304061851228,25.5874571248125,27.0206665776435
Eswatini,SWZ,2018,37,26.1362335808886,23.9205753563751,28.3211945545629
Madagascar,MDG,2018,50,24.9754928362875,24.0784746279749,25.8419106274205
Liberia,LBR,2018,36,24.312348930835,22.6683765097735,26.264729812597
Malawi,MWI,2018,42,24.2978227861482,22.7929498374145,25.8921252198533
Gabon,GAB,2018,34,23.6227868607183,20.8879259376736,26.4262453669822
Democratic Republic of Congo,COD,2018,43,21.2446079801652,19.565488699494,22.8699478271095
Mozambique,MOZ,2018,43,20.6099530432942,19.1135657847315,22.0823218138338
Burundi,BDI,2018,46,20.1675644147836,18.7323731890099,21.7129375090358
Suriname,SUR,2018,19,18.757929867296,17.7017492016035,19.8141105329884
Sierra Leone,SLE,2018,37,17.707866161353,15.6169710983527,19.6809162607525
Venezuela,VEN,2018,31,13.5654290712605,10.5394467403069,17.4454846683872
Yemen,YEM,2018,31,12.2598119187969,10.0039453390429,14.6595422233767
Chad,TCD,2018,37,11.474759607514,9.70027076252602,13.3387689099376
Mauritania,MRT,2018,41,9.2570262675925,7.3213512524866,11.2113323052031
Haiti,HTI,2018,39,7.60290501807107,5.42447010276823,9.86779236253352
Angola,AGO,2018,47,3.08211301281616,1.77613987524562,4.52951051702944
Switzerland,CHE,2017,46,96.5165344492917,94.4825125581986,98.6122101040422
Singapore,SGP,2017,41,93.688806962501,91.0396822604181,96.0201515105747
United States of America,USA,2017,49,91.4748675907563,89.6574493706532,93.4071911247141
Japan,JPN,2017,47,90.8648930465575,89.2104863436838,92.4565590475143
Finland,FIN,2017,49,90.4702867536749,88.7224359174083,92.1903809755868
Germany,DEU,2017,48,88.1768463427241,86.7226004347542,89.8517964404946
Sweden,SWE,2017,49,87.983718248933,86.3764502507547,89.7261531059278
Hong Kong,HKG,2017,46,86.9140282861319,85.3272849046821,88.5722771139811
Netherlands,NLD,2017,45,86.7680938427064,85.0762525960571,88.5747272079266
Norway,NOR,2017,42,84.4621870345063,81.9583163883579,87.2521501232759
United Kingdom,GBR,2017,44,84.4295763118697,82.7654099069764,86.3613997632784
Denmark,DNK,2017,39,84.1767227783984,81.755581203467,86.7506286569912
Belgium,BEL,2017,40,82.94931120153,80.6822286834698,85.1478915815887
Luxembourg,LUX,2017,46,81.053082691347,79.2514263870471,82.747114797323
New Zealand,NZL,2017,43,81.0287134299674,78.3648427816807,83.5400744385112
Israel,ISR,2017,47,79.0873628403251,77.6536547567199,80.8705818530816
Austria,AUT,2017,49,78.9817936275202,77.5733954230136,80.5175430913476
Malaysia,MYS,2017,49,78.6437209848868,77.0921010819845,79.9796685826777
Ireland,IRL,2017,49,77.6699994821963,76.3035105533867,79.2126271946518
Taiwan,TWN,2017,31,77.4290991390994,73.1298737020029,81.4559653031414
France,FRA,2017,49,77.1816407745358,75.8392686064412,78.6876747578223
Australia,AUS,2017,47,75.9435848111664,74.4207531709208,77.4469889522975
Iceland,ISL,2017,40,75.9143819387999,73.8241590426312,78.4122991952916
Canada,CAN,2017,48,75.6957365981769,73.882461725049,77.5180054598556
South Korea,KOR,2017,50,71.2496938159077,69.93894121951,72.5638238342103
Qatar,QAT,2017,45,69.4433973224368,67.9288700412912,70.7986061784603
Estonia,EST,2017,49,69.0814403762154,67.9959219153145,70.2909931149097
United Arab Emirates,ARE,2017,46,68.5735383024356,67.3978913406804,69.7531385251023
China,CHN,2017,52,67.062131227173,65.9517033283003,68.2803623100992
Puerto Rico,PRI,2017,33,65.3672259743126,61.480103260514,69.3827545950234
India,IND,2017,51,63.3663808915585,62.162247445668,64.7156744991237
Malta,MLT,2017,39,60.9484554743466,58.6565198065086,63.5217556182812
South Africa,ZAF,2017,51,60.7199059384219,59.5205254840383,61.9355676687087
Spain,ESP,2017,50,59.9085521414089,58.8718812819963,60.9852711616356
Italy,ITA,2017,50,59.5680153427054,58.5564155225017,60.6960821809155
Czech Republic,CZE,2017,43,59.4188957192597,57.3609451305825,61.4477619141313
Portugal,PRT,2017,48,59.0301852592255,57.9351389873298,60.1190047720826
Lithuania,LTU,2017,40,58.1449605066707,55.9304142156753,60.3230010390856
Slovenia,SVN,2017,46,57.7959085746757,56.3468345547352,59.3018673570065
Bahrain,BHR,2017,40,57.1858105831921,54.8784483433414,59.3691640446275
Poland,POL,2017,49,56.7083137203895,55.7754890879673,57.7241382840818
Thailand,THA,2017,51,55.84411893221,54.9440941117679,56.8569196197041
Chile,CHL,2017,51,55.8238235034622,54.9903568398806,56.8691855209141
Jordan,JOR,2017,47,54.7627170881005,53.4311859553643,56.2030525177359
Mauritius,MUS,2017,45,54.3837157288088,52.7337808139972,56.0234373264641
Cyprus,CYP,2017,51,54.1937512062192,53.2648718244399,55.1811858689406
Azerbaijan,AZE,2017,41,53.5757929897004,51.6352326881656,55.3218234839799
Indonesia,IDN,2017,49,53.4604648252836,52.2779412333305,54.596802548531
Turkey,TUR,2017,50,52.497248507198,51.4352844062533,53.4250570148658
Saudi Arabia,SAU,2017,45,52.3861680308316,50.9969231401456,53.5941892307966
Panama,PAN,2017,46,51.6616676966567,50.2430769213349,53.2488759070965
Latvia,LVA,2017,48,51.2807680984085,50.2954415211658,52.3901252781954
Greece,GRC,2017,50,51.1069102958502,49.8245500365077,52.5026529123841
Costa Rica,CRI,2017,45,51.0988893948785,49.6477302899442,52.711201761074
Russia,RUS,2017,46,50.8042148244068,49.1268295867555,52.5146089104318
Kenya,KEN,2017,41,50.5154155945721,48.8771649884003,52.2768327794654
Lebanon,LBN,2017,46,48.1935772361817,47.9251537702743,48.4620007020891
Slovakia,SVK,2017,49,46.881462380655,46.6720840832463,47.0908406780637
North Macedonia,MKD,2017,48,46.7105173911556,46.5088316182744,46.9122031640368
Sri Lanka,LKA,2017,41,46.243288801152,46.0626283148209,46.423949287483
Kazakhstan,KAZ,2017,46,45.8975575176789,45.7324549391041,46.0626600962537
Uruguay,URY,2017,48,45.8537124048141,45.6905828563182,46.0168419533099
Barbados,BRB,2017,41,45.7095823199541,45.552938625277,45.8662260146313
Tajikistan,TJK,2017,40,45.6781520978204,45.5229227631392,45.8333814325015
Oman,OMN,2017,39,45.2899181736642,45.1521593655701,45.4276769817583
Bahamas,BHS,2017,19,45.242171114553,45.1065609241189,45.3777813049871
Bulgaria,BGR,2017,48,44.9664298117936,44.8432279799837,45.0896316436036
Mexico,MEX,2017,51,44.8103239487103,44.6941468807392,44.9265010166815
Vietnam,VNM,2017,49,44.4376482347598,44.3382415739164,44.5370548956032
Ukraine,UKR,2017,41,44.0940183083522,44.0100749941971,44.1779616225072
Georgia,GEO,2017,50,43.854560550487,43.7813928354359,43.9277282655382
Guyana,GUY,2017,17,43.4333019284733,43.3790908514127,43.4875130055338
Croatia,HRV,2017,49,43.0567702827771,43.0195031297729,43.0940374357813
Kuwait,KWT,2017,39,42.9665008155392,42.9332957885608,42.9997058425177
Namibia,NAM,2017,40,42.724256461835,42.7019524307732,42.7465604928968
Philippines,PHL,2017,45,42.6499670635631,42.6310060554235,42.6689280717026
Jamaica,JAM,2017,48,42.5860871409334,42.5700007293121,42.6021735525546
Seychelles,SYC,2017,41,42.5218174852272,42.5086232081127,42.5350117623416
Hungary,HUN,2017,50,42.4341089493356,42.4248615563363,42.4433563423349
Guatemala,GTM,2017,49,42.2958565709534,42.2928305349812,42.2988826069255
Botswana,BWA,2017,45,41.8906898069859,41.8754833385795,41.9058962753924
Uzbekistan,UZB,2017,20,41.8800521181011,41.8643669536948,41.8957372825073
Armenia,ARM,2017,41,41.807510875689,41.7885613553742,41.8264603960038
Togo,TGO,2017,16,41.1507672544343,41.1022642711631,41.1992702377056
Colombia,COL,2017,51,41.1039094852317,41.0532979023464,41.1545210681171
Belize,BLZ,2017,24,40.6784497143408,40.6086924417653,40.7482069869162
Brazil,BRA,2017,49,40.0909821050837,39.9947887900917,40.1871754200757
Montenegro,MNE,2017,40,40.0661034548243,39.9687906005706,40.163416309078
Brunei,BRN,2017,40,39.8758432912096,39.7699687295933,39.981717852826
Peru,PER,2017,50,39.5846410526112,39.4656623902579,39.7036197149644
Bhutan,BTN,2017,37,39.0752367873578,38.9333349330682,39.2171386416475
Morocco,MAR,2017,46,38.6695573950071,38.5093999680617,38.8297148219526
Trinidad and Tobago,TTO,2017,41,38.5482564050059,38.3826404335104,38.7138723765014
Albania,ALB,2017,43,38.5349853908501,38.3687722237176,38.7011985579827
Romania,ROU,2017,44,38.1388184372825,37.9547777572394,38.3228591173256
Libya,LBY,2017,12,38.1342500702138,37.9500038136527,38.318496326775
Belarus,BLR,2017,20,38.1092073162342,37.923834135744,38.2945804967244
Senegal,SEN,2017,40,38.0471834652043,37.8590192114177,38.2353477189909
Serbia,SRB,2017,39,37.7440286411422,37.5422224202728,37.9458348620116
Iran,IRN,2017,46,37.7330064712342,37.5307042527189,37.9353086897494
Fiji,FJI,2017,18,37.3071246669127,37.085657767203,37.5285915666224
Honduras,HND,2017,44,37.2748037870471,37.0518824477434,37.4977251263508
Ghana,GHA,2017,45,37.2073669151664,36.9814109166281,37.4333229137047
Ethiopia,ETH,2017,35,37.1832271013056,36.9561848111436,37.4102693914676
Zambia,ZMB,2017,41,37.0460350436533,36.8128191108969,37.2792509764097
São Tomé and Príncipe,STP,2017,17,36.9912762144567,36.7555961343865,37.2269562945269
Tanzania,TZA,2017,40,36.9897152483469,36.7539649248018,37.2254655718921
Argentina,ARG,2017,51,36.9700551487699,36.0703671695482,37.927542380352
Côte d'Ivoire,CIV,2017,40,36.5023043812689,36.2446205687052,36.7599881938326
Rwanda,RWA,2017,46,35.9052260897363,35.6206737540537,36.189778425419
Laos,LAO,2017,42,35.3274155561643,35.0168617464709,35.6379693658577
Comoros,COM,2017,17,35.2592348648139,34.9456129240097,35.572856805618
Uganda,UGA,2017,42,34.6146266509125,33.0620378675408,36.3060350657098
Cabo Verde,CPV,2017,37,34.5201717656839,34.1732919854189,34.8670515459489
Tunisia,TUN,2017,39,33.9992658076765,33.6289452593011,34.3695863560518
Ecuador,ECU,2017,51,33.8817076889561,32.9960883028961,34.7271475657728
Gambia,GMB,2017,42,33.2253654581824,31.2756034005586,34.964477597313
Republic of Congo,COG,2017,20,33.113329833751,32.703142166549,33.523517500953
Suriname,SUR,2017,19,32.8200992732534,32.396716230829,33.2434823156777
Cameroon,CMR,2017,51,32.5599897656604,31.825741983987,33.3733086323756
Nigeria,NGA,2017,41,32.2119771204076,30.3893141391976,34.132044408377
Niger,NER,2017,17,32.1560272999177,31.7027610186933,32.6092935811422
Mongolia,MNG,2017,43,31.5638160414629,29.664052151302,33.6397221307674
Kyrgyzstan,KGZ,2017,44,31.3583762910219,29.8249545904629,32.7956436928143
Dominican Republic,DOM,2017,45,31.2714667439564,29.9458650616673,32.7026960892585
El Salvador,SLV,2017,48,30.9070859082854,29.8883442085224,31.9187741993207
Cambodia,KHM,2017,39,30.8595981393317,29.174800199788,32.8766255629356
Algeria,DZA,2017,42,30.7019589503196,29.0597176844635,32.6688930410669
Bosnia and Herzegovina,BIH,2017,48,30.5294547225748,29.4539486530516,31.6960676168101
Benin,BEN,2017,37,30.3070961211738,28.4841255587128,32.5595813047133
Lesotho,LSO,2017,39,30.1321294229262,28.5024032609323,31.9217550366719
Pakistan,PAK,2017,43,29.654893290054,28.004414969405,31.3166544061967
Afghanistan,AFG,2017,18,29.3828087497922,27.0408144230556,31.9823095228245
Moldova,MDA,2017,44,29.3508449310743,27.824269144742,31.1088736189658
Liberia,LBR,2017,36,29.1788872158033,27.0688022733567,31.6080293889884
Myanmar,MMR,2017,22,28.2819166117314,27.6543153495385,28.9095178739242
Zimbabwe,ZWE,2017,38,28.0818985278818,26.3347169533962,29.9664362376573
Burkina Faso,BFA,2017,45,28.0376782587543,26.8524458428068,29.4229376256411
Mali,MLI,2017,39,27.9838721758503,26.212562349922,29.718349358387
Bangladesh,BGD,2017,44,27.5624531148782,25.8561470045556,29.224704496779
Paraguay,PRY,2017,42,27.4588456024445,25.7596252502717,29.2339371820279
Bolivia,BOL,2017,43,27.293928735312,25.3161674782026,29.2981413710534
Nepal,NPL,2017,42,27.1923077857778,25.4042430804387,29.0183197612077
Egypt,EGY,2017,48,27.0597403699837,25.8985655035691,28.3796700621367
Timor-Leste,TLS,2017,14,26.9022393609985,26.2125526225227,27.5919260994744
Eswatini,SWZ,2017,37,26.219953895554,24.464985299253,28.0932559109478
Malawi,MWI,2017,42,24.6224620903184,23.2813113178525,25.976301810741
Madagascar,MDG,2017,50,23.7007691992843,22.858977182975,24.5388574436433
Mozambique,MOZ,2017,43,23.4039861955476,21.9838852512915,24.9406884874577
Nicaragua,NIC,2017,40,23.2549662121866,21.5206420352797,25.1683568446171
Democratic Republic of Congo,COD,2017,43,22.8000541178212,20.9738379038858,24.5536482761675
Sudan,SDN,2017,22,22.610247966021,18.811022460092,27.2449047214987
Gabon,GAB,2017,34,22.301037436338,19.836730542437,24.6572226754738
Burundi,BDI,2017,46,18.340410777566,16.8764187235717,19.8529234252572
Sierra Leone,SLE,2017,37,17.6932654259344,15.6876204637816,19.5768810484319
Guinea,GIN,2017,42,16.2047445214489,14.6584109646262,17.7568912925794
Venezuela,VEN,2017,31,14.5012257980173,10.9677831517868,18.0548550460069
Chad,TCD,2017,37,12.3857687132609,10.3139250776207,14.2375573527255
Yemen,YEM,2017,31,10.9707460220755,8.64377882796728,13.5510624252376
Haiti,HTI,2017,39,9.47809931919142,7.38827907588581,11.4673948288138
Mauritania,MRT,2017,41,7.91404002008225,6.32098270023205,10.011504636017
Angola,AGO,2017,47,3.89957129870533,2.52992268220564,5.22268201302863
Singapore,SGP,2016,41,91.2517659747383,88.7926018478452,93.6702973459564
Switzerland,CHE,2016,46,89.8034778112177,88.0950642785053,91.5417812536608
Japan,JPN,2016,47,89.7564852485048,88.1901149775795,91.3370920454149
United States of America,USA,2016,49,87.8840979450078,85.943481843238,89.8542861170686
Finland,FIN,2016,49,86.6152378077726,85.0316006126788,88.1377604090904
Germany,DEU,2016,48,84.4792230336788,82.8438381217627,86.136951071297
Hong Kong,HKG,2016,46,83.4792555783913,81.6265106748702,85.2588855834128
Norway,NOR,2016,46,82.7147872761353,80.8904776389773,84.6409095470252
Malaysia,MYS,2016,49,81.3451642786548,79.8843159222754,82.9257362835169
United Kingdom,GBR,2016,44,81.1732544934884,79.3866441673683,82.8771685217137
Netherlands,NLD,2016,45,80.9970924609979,79.4851524604073,83.0042550832733
Sweden,SWE,2016,49,80.9613853950611,79.4946476610646,82.6870805617322
New Zealand,NZL,2016,43,80.8689323845275,78.6788078846964,83.0195641679491
Luxembourg,LUX,2016,46,79.6840826734809,78.0804195674925,81.5514670341886
Belgium,BEL,2016,46,77.6542499814287,76.1854338505461,79.0306199654934
Denmark,DNK,2016,39,77.6315412340192,75.0252770866785,80.2961764354189
Ireland,IRL,2016,49,75.6667890182461,74.227609875297,77.0308773554816
Taiwan,TWN,2016,31,74.5249294430034,70.3437802127456,79.040371814506
Canada,CAN,2016,48,74.2939377494613,72.6558944532181,76.332200894512
France,FRA,2016,49,72.6999301925966,71.4438701227706,74.1576701653928
Austria,AUT,2016,49,71.9809213757703,70.5601370225099,73.4362666399015
Australia,AUS,2016,47,71.758948507743,70.0899306388266,73.4167937554054
Iceland,ISL,2016,40,70.0643200783663,67.8115020692854,71.9743918757847
United Arab Emirates,ARE,2016,46,69.6066504692957,68.5025769807887,70.9626958096065
South Korea,KOR,2016,50,68.1005457296264,66.815173970807,69.3415114473251
Israel,ISR,2016,47,66.9159083025937,65.1220697604551,68.450074915164
Estonia,EST,2016,49,65.0897016808211,64.0363310228302,66.1693054747193
Puerto Rico,PRI,2016,34,63.5311963906168,60.6800815666564,66.4572203153
Qatar,QAT,2016,45,63.1580810186678,61.7061546526196,64.7145075512521
China,CHN,2016,52,60.7150084478207,59.7021359533903,61.7691479755885
Portugal,PRT,2016,48,59.2085457091733,58.2285614215928,60.1300601922845
Cyprus,CYP,2016,51,58.1649848960861,57.1919727675663,59.1633635370413
Czech Republic,CZE,2016,43,57.3116360548736,55.5885596171973,59.2681504927722
Malta,MLT,2016,39,56.5963442881189,54.3736472032095,59.1405497777122
Lithuania,LTU,2016,40,56.3265625908657,54.0969030468733,58.5865216880412
Italy,ITA,2016,50,55.7906377059908,54.8202264955131,56.6955645955353
South Africa,ZAF,2016,51,54.1659630334258,53.0653960168145,55.3944246949965
Thailand,THA,2016,51,53.834816377819,53.0360101815834,54.7292163135824
Poland,POL,2016,49,53.7782168009818,52.7462490748686,54.7551082098629
Spain,ESP,2016,50,53.5991207908595,52.5870861297178,54.5868729868376
Turkey,TUR,2016,50,53.2987406488456,52.39925409606,54.205239665305
Bahrain,BHR,2016,41,53.0869015024903,51.2066486625587,55.0078238201556
Chile,CHL,2016,51,53.0458908127567,52.2121879548036,53.918839704795
Saudi Arabia,SAU,2016,45,52.9691668546642,51.4637363633517,54.4508335715798
Jordan,JOR,2016,47,52.9477800943773,51.7007105192693,54.1900025410051
India,IND,2016,51,51.9690451005855,50.893158134891,53.0588396837899
Barbados,BRB,2016,47,51.6954408962286,49.8088038427905,53.8987867408292
Latvia,LVA,2016,48,51.6457793822516,50.721005370005,52.5977136727668
Brunei,BRN,2016,40,51.341020931724,50.9309624995172,51.7510793639308
Slovenia,SVN,2016,46,51.2387903088395,49.7695298959667,52.7273100244326
Indonesia,IDN,2016,49,50.978853968755,49.7995740410025,52.0834744781952
Costa Rica,CRI,2016,45,49.9333090453363,48.3714206160896,51.5032625511019
Mauritius,MUS,2016,45,49.5475717079559,49.2182184908187,49.8769249250931
Russia,RUS,2016,46,49.262546420084,48.946019340901,49.579073499267
Kenya,KEN,2016,41,48.8233665506959,48.5266025656353,49.1201305357564
Greece,GRC,2016,50,48.6670223839839,47.5574522419513,49.9200828220448
Kazakhstan,KAZ,2016,46,47.3024398098105,47.0741175280898,47.5307620915312
Philippines,PHL,2016,51,46.2839042290796,46.1014160484917,46.4663924096673
Panama,PAN,2016,46,45.8619358744921,45.6984362698608,46.0254354791235
Ukraine,UKR,2016,41,45.3565703461751,45.215812190318,45.4973285020322
North Macedonia,MKD,2016,48,44.8676607602216,44.7489035357324,44.9864179847108
Sri Lanka,LKA,2016,41,44.6569426904051,44.5476677790577,44.7662176017526
Hungary,HUN,2016,50,44.4265697142593,44.3276615868384,44.5254778416802
Bahamas,BHS,2016,19,43.9645698036595,43.8864516722156,44.0426879351034
Slovakia,SVK,2016,49,43.613269892529,43.550960257086,43.6755795279721
Uruguay,URY,2016,48,42.4469710592586,42.4371448713128,42.4567972472045
Seychelles,SYC,2016,41,42.3944557249566,42.3869927270543,42.4019187228589
Mexico,MEX,2016,51,42.0442768577321,42.0359818066092,42.0525719088549
Vietnam,VNM,2016,49,41.9953517016628,41.9848550185169,42.0058483848088
Romania,ROU,2016,50,41.6080582867336,41.5801333999158,41.6359831735514
Montenegro,MNE,2016,40,41.3140864163976,41.2729327954147,41.3552400373804
Croatia,HRV,2016,49,41.2062926432112,41.1602883024349,41.2522969839874
Azerbaijan,AZE,2016,41,41.0332765339981,40.9794864683073,41.087066599689
Lebanon,LBN,2016,46,40.7741022958807,40.7086493894746,40.8395552022868
Guatemala,GTM,2016,49,40.16084654623,40.0677971310896,40.2538959613704
Bulgaria,BGR,2016,48,39.8640389520642,39.7576331951863,39.9704447089421
Kuwait,KWT,2016,39,39.8416332251843,39.7342192105968,39.9490472397718
São Tomé and Príncipe,STP,2016,17,39.5311241669416,39.4097372447332,39.65251108915
Honduras,HND,2016,45,39.4772406521662,39.3534289717929,39.6010523325395
Colombia,COL,2016,51,39.0562315699933,38.325970767195,39.75062238999
Uzbekistan,UZB,2016,20,38.9158621571864,38.766788444539,39.0649358698338
Georgia,GEO,2016,50,38.879795115905,38.7290983863999,39.03049184541
Guyana,GUY,2016,38,38.4756130520042,38.3067281296237,38.6444979743848
Brazil,BRA,2016,51,38.316584176696,38.1405429549266,38.4926253984655
Jamaica,JAM,2016,49,38.2654315155578,38.0870884240371,38.4437746070785
Zambia,ZMB,2016,41,38.2089904593233,38.028107520272,38.3898733983745
Fiji,FJI,2016,18,38.1275778621199,37.9430313561945,38.3121243680453
Oman,OMN,2016,39,37.9797301760399,37.788530524241,38.1709298278389
Morocco,MAR,2016,46,37.8058829990006,37.6068602242349,38.0049057737664
Côte d'Ivoire,CIV,2016,40,37.7687205483625,37.5680254633181,37.969415633407
Senegal,SEN,2016,44,37.6584819813217,37.4528261607604,37.864137801883
Namibia,NAM,2016,40,37.3133129796407,37.0921245540038,37.5345014052777
Rwanda,RWA,2016,46,37.2618734185523,37.0383702126663,37.4853766244382
Tajikistan,TJK,2016,40,36.9297645937558,36.6913164907541,37.1682126967576
Ghana,GHA,2016,45,36.7949325967652,36.5504170538988,37.0394481396315
Belarus,BLR,2016,20,36.7606295797504,36.5145704011184,37.0066887583824
Armenia,ARM,2016,41,36.6844345516878,36.434946596793,36.9339225065826
Togo,TGO,2016,16,36.0672039025615,35.789940568456,36.344467236667
Botswana,BWA,2016,51,35.908166660435,35.1128139057793,36.7533864621687
Peru,PER,2016,50,35.8756322560911,34.9803134890936,36.8578354660218
Trinidad and Tobago,TTO,2016,41,34.5210734114468,34.1742342052411,34.8679126176525
Argentina,ARG,2016,51,34.3491384145355,33.3934212499685,35.2660432531216
Ecuador,ECU,2016,51,34.271991774602,33.4010493374684,35.1011261098932
Bhutan,BTN,2016,37,34.1658204132133,32.3363750298047,35.9607011470183
Cabo Verde,CPV,2016,37,33.7526960647503,33.3712798779432,34.1341122515573
Belize,BLZ,2016,24,33.6751888506102,33.2902848391669,34.0600928620535
Ethiopia,ETH,2016,35,33.4134763446749,31.5260324630628,35.4849251107065
Serbia,SRB,2016,39,33.3703938272276,32.9717740397321,33.7690136147231
El Salvador,SLV,2016,48,32.8558216685805,31.8590902085991,33.7559079917289
Comoros,COM,2016,18,32.8334041987277,32.4106198779497,33.2561885195058
Laos,LAO,2016,42,32.4539938239379,30.6599799475363,34.1919566969691
Tunisia,TUN,2016,46,32.3168806320732,31.1738897396481,33.3293127215194
Albania,ALB,2016,43,32.2959264463156,30.8188975771383,33.8218392734
Uganda,UGA,2016,42,32.0983252029697,30.4008987668852,33.9070750150095
Republic of Congo,COG,2016,20,31.4558081130883,30.9710319684565,31.9405842577201
Mongolia,MNG,2016,43,31.1767009817385,29.1897844601651,33.2417122163567
Iran,IRN,2016,46,30.7563041753256,29.0371759406507,32.3957926465978
Cameroon,CMR,2016,51,30.6862578194966,29.9388747955683,31.4415945409868
Cambodia,KHM,2016,40,30.6685013015761,28.7960927188192,32.583223818238
Dominican Republic,DOM,2016,45,30.5535985489797,29.1091171170866,32.0285832197499
Gambia,GMB,2016,42,30.4895034006312,28.7764040242867,32.5221694929338
Lesotho,LSO,2016,40,30.4728702232282,28.8835514516945,32.2964722854159
Liberia,LBR,2016,36,30.4538578464686,28.4610918767141,32.4945997190393
Moldova,MDA,2016,44,30.2353261644569,28.7338663747245,31.8738322661201
Niger,NER,2016,17,30.0146428944171,27.5357321155682,32.3477305099808
Suriname,SUR,2016,19,29.5311143930728,28.9597270310404,30.1025017551053
Tanzania,TZA,2016,40,29.1967052874173,27.7204552189187,30.8829916285518
Bolivia,BOL,2016,43,29.013839419853,27.2757975361266,30.6373177923462
Benin,BEN,2016,37,28.2257903600253,26.1968584085812,30.2479992713628
Nigeria,NGA,2016,41,28.1103354717482,26.2849943699683,29.8476043026559
Kyrgyzstan,KGZ,2016,46,28.0478277404503,26.6963809642074,29.6962829338748
Burkina Faso,BFA,2016,45,27.292693092434,26.0595797542056,28.6264835073011
Algeria,DZA,2016,42,27.1236619420951,25.4163435629894,28.8169275673602
Zimbabwe,ZWE,2016,38,27.0919901473012,25.458153151063,28.8593490858379
Pakistan,PAK,2016,43,27.0575312425616,25.231517560679,28.820710649806
Timor-Leste,TLS,2016,14,26.5783387944919,25.8740765305233,27.2826010584606
Malawi,MWI,2016,43,26.2713637968492,24.9356455722975,27.7372036078101
Egypt,EGY,2016,50,26.2567644422715,25.2556100621697,27.3204672154865
Afghanistan,AFG,2016,18,26.1438873501954,23.817638633012,28.6620394213864
Bosnia and Herzegovina,BIH,2016,48,26.102458851222,24.9157743342673,27.1679960383799
Paraguay,PRY,2016,42,25.5847355443174,23.7736763913059,27.3687781637302
Nepal,NPL,2016,42,25.3462028779026,23.7104285650889,27.1638758725771
Mali,MLI,2016,39,25.2371010386646,23.4358890720674,27.4113951930662
Eswatini,SWZ,2016,39,24.5143998529527,22.6706353929468,26.5015525411519
Bangladesh,BGD,2016,45,23.0487338689093,21.5663015959813,24.4812953696139
Libya,LBY,2016,12,22.8762165235388,22.0053587573773,23.7470742897004
Nicaragua,NIC,2016,41,22.8102468259791,21.0252940967429,24.7158846190663
Madagascar,MDG,2016,50,22.4154222402247,21.5933112797837,23.2850384059694
Mozambique,MOZ,2016,44,22.288371239544,21.0613084678378,23.6929219456646
Gabon,GAB,2016,34,21.8427274087082,19.2485616530917,24.3567142735814
Democratic Republic of Congo,COD,2016,44,20.0886907944448,18.6701404967159,21.5139019939341
Venezuela,VEN,2016,34,19.1151565767804,15.3328109085075,23.1119762457126
Sudan,SDN,2016,24,18.5229327416627,15.2841448394311,22.4089616436326
Sierra Leone,SLE,2016,37,18.409575459231,16.6987484643515,20.1074340522158
Myanmar,MMR,2016,42,15.748820998639,13.9528410429363,17.6269917875627
Guinea,GIN,2016,42,14.0886794890812,12.4896959862462,15.5893525894098
Burundi,BDI,2016,46,13.6184073978883,12.3403130945928,15.1384197831233
Haiti,HTI,2016,39,10.7716593127369,8.71875987942891,12.854200878231
Yemen,YEM,2016,38,10.2421252198685,8.63590776685506,11.9880617512763
Chad,TCD,2016,38,9.79955112473714,8.05528300316346,11.5535075971945
Mauritania,MRT,2016,41,6.8554472726406,5.23898704616801,8.37155556352487
Angola,AGO,2016,47,3.45809277907043,2.10592282711162,4.80625974479966
Japan,JPN,2015,47,90.9871501887711,89.2901609448449,92.6056289082988
Singapore,SGP,2015,47,90.5571010184303,89.1561360825179,92.3645864675057
Finland,FIN,2015,49,90.0784305360989,88.3778962425512,91.7378967000713
Switzerland,CHE,2015,46,89.6786517480674,87.8580677430617,91.6842115936699
United States of America,USA,2015,49,86.7415395262219,84.9395513985369,88.6540874904706
Hong Kong,HKG,2015,46,83.1341013967378,81.4076887350336,84.9503037595918
Germany,DEU,2015,48,82.3737498221905,80.7963000396865,84.2892532017746
Netherlands,NLD,2015,45,80.9054188239969,79.3950611060525,82.6408756550018
Taiwan,TWN,2015,31,80.4633849432888,76.5366050454442,84.7238663504208
Luxembourg,LUX,2015,46,80.4036813161078,78.8154996411653,82.1597453204352
Sweden,SWE,2015,49,79.8866039979186,78.4378950059808,81.4878328884039
Norway,NOR,2015,48,79.542097590312,78.0430758663989,81.1589709345187
Malaysia,MYS,2015,49,79.2255717288723,77.8093882800648,80.7968432813099
New Zealand,NZL,2015,43,78.9000100526511,76.6166060404901,81.5852111150693
United Kingdom,GBR,2015,44,78.5572788345567,76.8556743022703,80.2009972246139
Belgium,BEL,2015,46,76.9291862027268,75.5298294315911,78.441156484141
Denmark,DNK,2015,43,76.6393112638149,74.9059595973966,78.4533255388554
Canada,CAN,2015,48,76.5301409988377,74.7581044436832,78.4766510287165
Ireland,IRL,2015,49,73.9611827207255,72.4812776311178,75.5761583610073
Austria,AUT,2015,49,71.7915921200999,70.3501653926044,73.3211267423798
France,FRA,2015,49,71.0280619232631,69.5664880061033,72.5290995124336
Australia,AUS,2015,47,70.0731906560423,68.5334362123795,71.576391926106
United Arab Emirates,ARE,2015,46,68.3810474970318,66.9882521355411,69.7652542888139
Estonia,EST,2015,49,67.9008780011798,66.8911356912996,68.9929141287108
South Korea,KOR,2015,50,67.261938096449,66.1728201816104,68.3217185450773
Iceland,ISL,2015,40,65.9444424956584,63.7925867075026,68.2307810376088
Israel,ISR,2015,47,65.7641199535881,64.2211619496719,67.2618089334423
Puerto Rico,PRI,2015,35,65.239742161858,62.20826241526,68.0242262538014
Cyprus,CYP,2015,51,64.705665834862,63.6967405853635,65.7561521833756
China,CHN,2015,52,63.3398580919092,62.3694639437412,64.4234169565
Qatar,QAT,2015,45,62.8401474406185,61.3986373026466,64.2726187769886
Portugal,PRT,2015,48,60.4361757852879,59.4620607919756,61.4861445471078
Malta,MLT,2015,40,60.1944907881858,57.9446953648629,62.513213981679
Jordan,JOR,2015,47,57.2428899783861,56.0245360325103,58.416366265674
Turkey,TUR,2015,50,56.8236516606551,55.937639932325,57.7878992524243
Chile,CHL,2015,51,56.1373335591682,55.2937290728494,57.0504035355422
Lithuania,LTU,2015,46,55.8494610432289,54.5116682926642,57.3618472988318
Spain,ESP,2015,50,55.7889415541623,54.7944404621288,56.7469250660271
Czech Republic,CZE,2015,43,55.7367938607403,53.9512395984076,57.9127392855763
Mauritius,MUS,2015,45,54.9364989168461,53.4566600101967,56.4727498056154
South Africa,ZAF,2015,51,54.8882161354052,53.8033402686041,56.2055525253111
Thailand,THA,2015,51,54.7923170080871,53.9119123036365,55.726346466859
Italy,ITA,2015,50,54.7822392446996,53.8864145970071,55.7769612178127
Latvia,LVA,2015,48,54.4451011049483,53.5213307866903,55.3957098749753
Poland,POL,2015,49,54.260918175684,53.3251065258823,55.3283519539985
Indonesia,IDN,2015,51,54.2317910801548,53.1676761936034,55.2882479957196
Costa Rica,CRI,2015,51,54.0273302743752,53.1436647570485,54.9059773836139
Saudi Arabia,SAU,2015,45,53.390295317351,52.0394147838469,54.8273905706173
Barbados,BRB,2015,47,52.7464478356446,50.7002788725076,55.0280640836944
India,IND,2015,51,51.6614767129973,50.5979461245789,52.6665028112092
Bahrain,BHR,2015,42,50.8740322653763,50.4849883231551,51.2630762075974
Ecuador,ECU,2015,52,50.2913719600175,49.3856527895161,51.2486205581776
Slovenia,SVN,2015,46,50.0726074497179,48.7498632899067,51.4184456091707
Greece,GRC,2015,50,49.7643147141859,48.5953108734127,50.9509594806006
Panama,PAN,2015,46,49.467768238041,47.9628023272084,50.9651508018711
Kenya,KEN,2015,41,49.4185622284968,47.9721471535175,51.0561117577134
Hungary,HUN,2015,50,49.1804276873344,48.3073887393648,50.0628776958808
Brunei,BRN,2015,40,48.7474898189732,48.4541402868402,49.0408393511063
Philippines,PHL,2015,51,47.6000843236199,46.61829069209,48.4995073433323
North Macedonia,MKD,2015,48,47.0053711781498,45.9870965958574,48.112623870635
Russia,RUS,2015,48,45.7732695565087,45.6137599361866,45.9327791768308
Slovakia,SVK,2015,49,45.2947228963912,45.1567478757744,45.432697917008
Montenegro,MNE,2015,40,45.2122601496176,45.0779959526055,45.3465243466296
Sri Lanka,LKA,2015,41,45.0269957896683,44.901068488854,45.1529230904826
Morocco,MAR,2015,46,44.657702119095,44.5483930334565,44.7670112047335
Kazakhstan,KAZ,2015,46,44.4753207814532,44.3742188560086,44.5764227068978
Uruguay,URY,2015,48,44.1853067532622,44.0972554590862,44.2733580474382
Croatia,HRV,2015,49,44.1828443020697,44.0949038181973,44.270784785942
Vietnam,VNM,2015,49,44.1731888155201,44.0856828285425,44.2606948024978
Romania,ROU,2015,50,43.5758424348095,43.5152170349638,43.6364678346551
Brazil,BRA,2015,51,43.3714884879284,43.3200590156924,43.4229179601644
Mexico,MEX,2015,51,43.0874863786778,43.0488370013581,43.1261357559975
Bahamas,BHS,2015,19,42.9056357025926,42.8751696056967,42.9361017994885
Ukraine,UKR,2015,41,42.3823494894379,42.375431272134,42.3892677067419
Bulgaria,BGR,2015,48,42.1599739526569,42.1568852708057,42.1630626345081
Guyana,GUY,2015,40,41.948266302823,41.9356507767293,41.9608818289167
Colombia,COL,2015,51,41.8191657673585,41.8007407171689,41.8375908175482
Seychelles,SYC,2015,41,41.5915641050336,41.5628969800393,41.6202312300278
Guatemala,GTM,2015,49,41.5262113143935,41.4946033138204,41.5578193149665
Lebanon,LBN,2015,46,40.6438876582716,40.5725750931731,40.7152002233702
El Salvador,SLV,2015,48,40.6393105209698,40.5677919846927,40.710829057247
Oman,OMN,2015,39,40.599926446205,40.5266356265634,40.6732172658466
Zambia,ZMB,2015,41,40.5553412994109,40.4800441481636,40.6306384506582
Georgia,GEO,2015,50,40.0754922921821,39.9786019356096,40.1723826487547
Azerbaijan,AZE,2015,42,40.04095710437,39.9425126643458,40.1394015443941
Armenia,ARM,2015,41,39.9151763728671,39.8110717999254,40.0192809458089
Jamaica,JAM,2015,49,39.7039574600217,39.5903480360019,39.8175668840415
Uzbekistan,UZB,2015,20,39.2708397996116,39.1377400808734,39.4039395183499
São Tomé and Príncipe,STP,2015,17,39.1129202505383,38.9727141520917,39.2531263489848
Laos,LAO,2015,42,39.0572509642111,38.9145397478798,39.1999621805424
Senegal,SEN,2015,44,38.3008722153891,38.1241239553608,38.4776204754173
Peru,PER,2015,50,37.9759080682568,37.7845364216075,38.167279714906
Bhutan,BTN,2015,37,37.8353480064061,37.6376511569736,38.0330448558386
Togo,TGO,2015,17,37.6448621259142,37.4385934118595,37.8511308399688
Honduras,HND,2015,45,37.3429117056763,37.1230552227109,37.5627681886416
Trinidad and Tobago,TTO,2015,47,37.275731307532,37.0528517066501,37.4986109084138
Ghana,GHA,2015,45,36.8781360935132,36.6373647080005,37.1189074790259
Botswana,BWA,2015,51,36.8634024856886,36.0830199625003,37.6979151481682
Côte d'Ivoire,CIV,2015,40,36.5729457967512,36.3184408478843,36.8274507456182
Namibia,NAM,2015,41,36.4592880757528,36.1996685294409,36.7189076220647
Rwanda,RWA,2015,46,36.4118602787725,36.1501064815965,36.6736140759485
Tunisia,TUN,2015,46,36.2854022913219,35.0957409012293,37.3265711927798
Bolivia,BOL,2015,49,35.7437276452343,34.6897944889517,36.7456135428551
Argentina,ARG,2015,51,35.6084064836812,34.5611710841659,36.4691605981638
Kuwait,KWT,2015,40,35.3665124044834,35.0577179529644,35.6753068560025
Fiji,FJI,2015,18,35.0384011999459,34.7148417442227,35.3619606556691
Tajikistan,TJK,2015,40,34.7575847878738,34.4213885936073,35.0937809821403
Moldova,MDA,2015,44,34.7213234550753,33.2053526377313,36.1585271211758
Dominican Republic,DOM,2015,45,34.6960634537452,33.4996038329937,36.2360233913259
Serbia,SRB,2015,39,34.110768685649,33.7454657667824,34.4760716045155
Belize,BLZ,2015,24,34.0752402613908,33.7083385634326,34.442141959349
Albania,ALB,2015,43,34.0726387443598,32.6203033117197,35.858488824457
Bosnia and Herzegovina,BIH,2015,48,33.930401774072,32.7463768970414,35.0462792195255
Gambia,GMB,2015,42,33.5043512050134,31.9065182375654,35.2713897824278
Cabo Verde,CPV,2015,37,33.3030322536911,31.3420130925074,35.2550210982108
Belarus,BLR,2015,20,33.2969392317374,32.8950139874448,33.69886447603
Lesotho,LSO,2015,41,33.289769910925,31.8428382852381,34.8891493387303
Cameroon,CMR,2015,51,32.9417149206454,32.176040998373,33.6677545875494
Pakistan,PAK,2015,43,32.0500619606946,30.3576052095856,33.796943457164
Uganda,UGA,2015,47,31.9026475845449,30.8576581919861,32.9347803570842
Iran,IRN,2015,46,31.7229483461771,30.1555481508951,33.1857667624971
Eswatini,SWZ,2015,39,31.4625557028919,29.6239096551926,33.3346189706109
Comoros,COM,2015,19,31.3623644301376,30.8733833197731,31.8513455405022
Cambodia,KHM,2015,40,31.3545310026003,29.5984644140935,33.0082252456182
Malawi,MWI,2015,43,31.0240225097743,29.6201440920285,32.3401699489854
Nigeria,NGA,2015,41,30.8298144355958,28.794616597311,32.8691509835908
Mongolia,MNG,2015,43,30.8294431644193,28.9614097949642,32.766211327764
Tanzania,TZA,2015,40,30.3506715779757,28.6154063160894,31.8858333746339
Kyrgyzstan,KGZ,2015,46,30.1630949263819,28.6776097536092,31.6949680933528
Paraguay,PRY,2015,42,29.9715252112665,28.0694827798888,31.7599656450406
Niger,NER,2015,17,29.022184918076,26.4783488188005,31.3646588882579
Suriname,SUR,2015,47,28.9918154339921,27.3597426100884,30.392574789827
Nicaragua,NIC,2015,41,28.1316139657509,26.3929923027909,29.8547014838961
Madagascar,MDG,2015,50,28.0132280743337,27.2173211808664,28.7825539892478
Gabon,GAB,2015,34,27.8009954040939,25.4895235859703,30.093159062868
Mali,MLI,2015,39,27.5642124137851,25.7983231225504,29.2092999322049
Zimbabwe,ZWE,2015,38,27.447714506574,25.6329405637885,29.4000500244676
Liberia,LBR,2015,36,27.1321446753656,25.4031909686747,28.8457492364735
Bangladesh,BGD,2015,45,26.7760447100807,25.2976738065019,28.1745286520075
Afghanistan,AFG,2015,18,26.6409177038172,24.2963112114058,29.2123884885879
Egypt,EGY,2015,50,26.3461343303532,25.4125968945611,27.2827173568795
Ethiopia,ETH,2015,36,26.1130931093925,24.1227302579186,28.0683026974018
Algeria,DZA,2015,42,25.5508019927346,23.7092850121327,27.258489113343
Republic of Congo,COG,2015,20,25.2753498292129,22.5815591016794,27.8048616635771
Nepal,NPL,2015,42,25.1760282851824,23.3751302120816,26.9851736811925
Mozambique,MOZ,2015,44,24.3443411376749,23.0007607360116,25.6763868523572
Burkina Faso,BFA,2015,45,23.9930648576425,22.731156795587,25.1229844839996
Benin,BEN,2015,37,23.1447337728752,21.1829108239752,25.1169252802597
Sierra Leone,SLE,2015,37,21.4135172018144,19.7340892579296,22.9566422545207
Sudan,SDN,2015,24,21.3436466076313,17.9948327912931,24.8833224711373
Democratic Republic of Congo,COD,2015,44,20.7353751687696,19.1987587352327,22.2683274690673
Timor-Leste,TLS,2015,36,19.8809883867529,17.6741976739016,21.9537592556114
Venezuela,VEN,2015,34,19.6342607527177,15.8925586005621,23.2485089803693
Myanmar,MMR,2015,44,14.9140528014514,13.4062999239158,16.4615524686006
Burundi,BDI,2015,46,14.0413978301423,12.7420516375927,15.4490295825402
Guinea,GIN,2015,42,13.7295990869663,12.2840188730749,15.3521122117896
Haiti,HTI,2015,39,13.3902745675321,11.2957669957245,15.3095003425927
Yemen,YEM,2015,38,11.1383618757813,9.41650536829459,12.9983558972033
Libya,LBY,2015,35,11.0034668497281,8.46013704004513,13.5773762768919
Mauritania,MRT,2015,41,10.079562570587,8.02823674363817,11.8085152535411
Chad,TCD,2015,38,8.2039971868181,6.3121388077856,10.1829756416507
Angola,AGO,2015,47,4.43972247368246,3.11044100085167,5.67377972053321
Finland,FIN,2014,50,93.2742645570688,91.774801771163,94.9180160996397
Singapore,SGP,2014,47,90.5873423181361,88.9488421267807,92.3306035169894
Switzerland,CHE,2014,46,88.5243838423451,86.6668996311887,90.5528706991017
Hong Kong,HKG,2014,46,87.3554298518467,85.4765674104986,89.0776260193501
Japan,JPN,2014,47,85.7877355648129,84.2078602600303,87.3122937706183
United States of America,USA,2014,49,84.916996380182,83.109280722146,86.6836095638722
Sweden,SWE,2014,49,83.6305766578995,82.1660727294438,85.3121377546477
Germany,DEU,2014,48,83.3429241693498,81.6942627017865,84.9804843699291
Netherlands,NLD,2014,45,81.5222129540922,79.7797763846879,83.1113535591127
Taiwan,TWN,2014,31,81.0486320320308,77.1423656587105,85.4629847729729
United Kingdom,GBR,2014,44,79.3244729056267,77.7129690631859,81.122299601206
Norway,NOR,2014,48,78.827275164378,76.9900198056126,80.6374778924344
New Zealand,NZL,2014,43,78.4643432925739,76.3344147421759,80.7492637411401
Belgium,BEL,2014,46,75.5850621857412,74.2216038412507,77.1362516644198
Luxembourg,LUX,2014,46,75.4632541954372,73.7106034380013,77.2781245527141
Malaysia,MYS,2014,49,75.3474824275232,73.8513541823344,76.7841514379357
Denmark,DNK,2014,43,75.0161143119984,73.065002235638,76.7537137354291
United Arab Emirates,ARE,2014,46,74.0525533951257,72.5407201968805,75.4534467026598
Canada,CAN,2014,48,73.3492914065733,71.61144642564619,75.3189348003546
Ireland,IRL,2014,49,73.2282902629595,71.8703964130927,74.6479962498828
Austria,AUT,2014,49,72.5212452695213,71.0967878430792,74.0339570552806
Puerto Rico,PRI,2014,35,71.8183734582251,68.7312369846169,74.6520689263151
Australia,AUS,2014,47,71.6345009310364,70.0527297302198,73.1888932905181
France,FRA,2014,49,69.6907176185066,68.3332985594934,71.1123709417026
Qatar,QAT,2014,45,68.353971831215,66.9131962015591,69.6943643468276
South Korea,KOR,2014,50,68.0357250319334,66.8469369104181,69.2295674299967
Israel,ISR,2014,47,67.9055059764999,66.6189776988277,69.2527618016105
Estonia,EST,2014,49,65.9396770507451,64.8614480293833,67.1362203134693
Iceland,ISL,2014,40,64.2890687496931,61.7490559128648,66.6693542416426
Cyprus,CYP,2014,51,63.5491554873511,62.4949989788323,64.5705233027971
China,CHN,2014,52,61.9924386688248,60.9569638219056,63.0901929234482
Malta,MLT,2014,40,59.4227627946236,57.4691042039979,61.5917406974342
Saudi Arabia,SAU,2014,46,57.1120998466491,55.8929962684008,58.2438610306259
Turkey,TUR,2014,50,56.8982262620828,55.9633704561785,57.9366922152573
Chile,CHL,2014,51,56.7564974720941,55.893670874802,57.6911678893009
Spain,ESP,2014,50,56.6794652757552,55.6639297303319,57.635270008015
Portugal,PRT,2014,48,56.0021723400424,54.9841516582318,57.0571322758326
Thailand,THA,2014,51,54.995694250419,54.1900569059301,55.9029965969775
South Africa,ZAF,2014,51,54.9546334429839,53.703117836583,56.3547276086765
Czech Republic,CZE,2014,48,54.743873545373,53.3003890516865,56.2353530407519
Barbados,BRB,2014,47,54.5369604193753,52.4924126913597,56.8669038955564
Costa Rica,CRI,2014,51,53.8568359009285,53.065686141811,54.7290011727537
Lithuania,LTU,2014,46,53.8398674956705,52.5401310114851,55.3809245915988
Indonesia,IDN,2014,51,52.4399184466271,51.4023021701041,53.4020867902699
Mauritius,MUS,2014,45,52.3167974669668,50.6898244676071,53.9696053394641
Italy,ITA,2014,50,52.2650745413893,51.3000473790887,53.3097812392709
Poland,POL,2014,49,52.157475866327,51.1140911841753,53.171638521405
India,IND,2014,51,51.4333252178068,50.5385131919607,52.5275507264908
Brunei,BRN,2014,40,51.1246182956014,50.7242979820201,51.5249386091827
Slovenia,SVN,2014,46,51.0528056740339,49.580670545324,52.6526309960057
Latvia,LVA,2014,48,50.3275056945799,49.3008419150426,51.2789995658825
Ecuador,ECU,2014,52,50.3101499582502,49.5276982713745,51.2480358140825
Bahrain,BHR,2014,42,50.2927172126065,49.92983244776,50.655601977453
Panama,PAN,2014,46,50.1722771204407,48.8725501288814,51.9856458588179
Jordan,JOR,2014,47,49.5614426541613,48.4225173334716,50.677690128782
Oman,OMN,2014,39,49.1971885146616,48.8836025412226,49.5107744881006
Hungary,HUN,2014,50,48.2304231771405,47.3291213518566,49.1364064578695
Sri Lanka,LKA,2014,41,47.3771261850689,47.1454430164616,47.6088093536762
Montenegro,MNE,2014,40,46.6286626503568,46.4306603408116,46.8266649599021
Brazil,BRA,2014,52,46.5383163126416,45.6721416329889,47.4859332042403
Greece,GRC,2014,50,45.1345906121404,45.0038215443148,45.2653596799659
Philippines,PHL,2014,51,44.8290704058556,44.7120497473129,44.9460910643983
Kenya,KEN,2014,41,44.7012130566938,44.5899459788634,44.8124801345243
Uruguay,URY,2014,48,44.5161331907796,44.4131947069153,44.6190716746439
Croatia,HRV,2014,49,44.4898802799933,44.3881231771144,44.5916373828722
Vietnam,VNM,2014,49,43.8763424360328,43.8021945361321,43.9504903359335
Bahamas,BHS,2014,19,43.7709860007637,43.7015791404501,43.8403928610773
Seychelles,SYC,2014,41,43.6524575033659,43.5883844254352,43.7165305812966
Lebanon,LBN,2014,46,43.2147965856384,43.1704182490054,43.2591749222713
Mexico,MEX,2014,51,43.0808277534219,43.0424780142387,43.1191774926051
Guyana,GUY,2014,40,43.0755804955803,43.037466883,43.1136941081606
Slovakia,SVK,2014,49,43.0664516360982,43.0287488221945,43.1041544500018
Kazakhstan,KAZ,2014,46,42.0181499160761,42.0086791525788,42.0276206795735
North Macedonia,MKD,2014,48,41.8005588167336,41.7812964537658,41.8198211797014
Azerbaijan,AZE,2014,42,41.7097507769799,41.6864020522232,41.7330995017366
Belize,BLZ,2014,24,41.6450249678149,41.6187635816458,41.671286353984
Morocco,MAR,2014,46,41.1771384246984,41.1298221440891,41.2244547053078
Colombia,COL,2014,51,41.0683193484532,41.0161062094128,41.1205324874936
Bulgaria,BGR,2014,48,40.9783863881252,40.92212626587,41.0346465103803
Tunisia,TUN,2014,46,40.8670837715817,40.8058150315821,40.9283525115813
Russia,RUS,2014,48,40.6058213920229,40.5327958449431,40.6788469391026
Guatemala,GTM,2014,49,40.4475665251556,40.3674195090668,40.5277135412444
Ukraine,UKR,2014,41,39.4242456638456,39.2980492089978,39.5504421186933
São Tomé and Príncipe,STP,2014,17,39.4018233902301,39.2746179330696,39.5290288473905
Zambia,ZMB,2014,47,39.2059119560607,39.0698904843626,39.3419334277587
Armenia,ARM,2014,41,39.1880744725838,39.0512503141293,39.3248986310383
Fiji,FJI,2014,18,39.1725590564356,39.0350367042545,39.3100814086168
Peru,PER,2014,50,38.4125097260556,38.2407851540073,38.5842342981038
Tajikistan,TJK,2014,40,38.3363387910551,38.1611865269318,38.5114910551784
Georgia,GEO,2014,50,38.2906634169867,38.1134557610303,38.4678710729431
Botswana,BWA,2014,52,38.2268150717322,37.4551590564815,39.0366739965691
Togo,TGO,2014,17,38.1540258468176,37.9706695002037,38.3373821934316
Uzbekistan,UZB,2014,20,37.8177496080986,37.6192608307422,38.0162383854549
Romania,ROU,2014,50,37.6054079670262,37.3973638158216,37.8134521182308
Gambia,GMB,2014,42,37.5487767636254,37.3381842082678,37.7593693189831
Belarus,BLR,2014,20,37.5431251762361,37.3322782994459,37.7539720530262
Jamaica,JAM,2014,49,37.4670669974977,36.6187523694378,38.3644849931553
Laos,LAO,2014,42,36.9444996454733,36.7067146197989,37.1822846711478
Kuwait,KWT,2014,40,36.346046504872,36.0813310878704,36.6107619218735
Namibia,NAM,2014,47,36.3080241562176,35.3173954512365,37.3544359359972
Trinidad and Tobago,TTO,2014,47,36.2983495485234,35.0080751887645,37.5771499732938
Albania,ALB,2014,43,35.479540838559,35.1758326665734,35.7832490105446
Ghana,GHA,2014,51,35.0754529309431,34.3959238729246,35.7720838296458
Rwanda,RWA,2014,46,35.0008994697785,33.6701849319349,36.5026520937264
Bolivia,BOL,2014,49,34.6015561157849,33.580956853571,35.4977786323349
Bosnia and Herzegovina,BIH,2014,48,34.4494148054381,33.223154925355,35.492118538007
Niger,NER,2014,17,34.4048674142507,34.0527989381712,34.7569358903302
Senegal,SEN,2014,44,34.3654282765292,33.1351475159923,35.7802668465537
Bhutan,BTN,2014,37,34.3555079213577,34.001218268098,34.7097975746174
El Salvador,SLV,2014,48,34.0937048435922,33.2585547174912,34.9722660125808
Dominican Republic,DOM,2014,45,33.7582840590837,32.5574306599136,35.1933975565755
Cameroon,CMR,2014,51,33.5348071083103,32.8152337933397,34.2798469033427
Cambodia,KHM,2014,41,33.1155209093639,31.3974242418139,35.1577133274084
Zimbabwe,ZWE,2014,38,33.0928344752375,31.3311654600035,34.9890828069909
Argentina,ARG,2014,51,31.7211444193426,30.7042425166908,32.6382488098827
Côte d'Ivoire,CIV,2014,40,31.5704788422206,29.7374547971497,33.5731789969878
Uganda,UGA,2014,49,31.4108724925971,30.4226321932825,32.3280964233188
Cabo Verde,CPV,2014,37,31.3317792785102,29.3468347220375,33.2299591430848
Comoros,COM,2014,19,31.2414046228138,30.7469803211196,31.7358289245079
Moldova,MDA,2014,44,30.9027410872239,29.4386227242882,32.4314623548858
Pakistan,PAK,2014,43,30.7285266668876,29.1553206831961,32.4042802372396
Afghanistan,AFG,2014,18,30.659113147622,28.3394027720938,33.0100853202576
Nigeria,NGA,2014,47,30.266913524097,28.8105175360598,31.7252805661469
Honduras,HND,2014,45,29.9978587858238,28.8044564450599,31.5886491989582
Serbia,SRB,2014,39,29.9326974669153,27.9361945477476,32.0018685891809
Iran,IRN,2014,46,29.8397574443177,28.2327084230698,31.2903484151377
Paraguay,PRY,2014,42,29.7196945163682,27.9013345450264,31.647505593851
Tanzania,TZA,2014,41,29.6272158086525,28.249910722582,31.0569361782875
Malawi,MWI,2014,47,29.3768482557648,28.381789800999,30.291295680047
Lesotho,LSO,2014,41,28.9045457681734,27.3297770640067,30.3228986438103
Eswatini,SWZ,2014,40,28.7751872262048,26.94548866207,30.4753026089257
Nicaragua,NIC,2014,41,28.2677096048326,26.5886402981902,30.1582600407332
Egypt,EGY,2014,50,28.2377222098673,27.2492163112356,29.1391914415541
Liberia,LBR,2014,36,27.7623277024101,25.9812820916405,29.5076030078792
Madagascar,MDG,2014,50,27.7584940445575,26.9041904511757,28.5187312872619
Kyrgyzstan,KGZ,2014,46,27.4302632262323,25.8510283236994,28.948686564925
Mongolia,MNG,2014,43,27.1138032250083,25.1273088087777,29.224379495818
Suriname,SUR,2014,47,26.6275808536218,24.9475271485545,28.1315340637827
Benin,BEN,2014,37,26.5396183709876,24.8060615051652,28.6573530841556
Bangladesh,BGD,2014,45,25.4598632316916,23.8837618888021,27.075786375287
Republic of Congo,COG,2014,20,24.7067928813159,21.9986455245939,27.5112640769737
Mali,MLI,2014,39,23.6079328902197,21.9422418880904,25.4494820374269
Gabon,GAB,2014,38,23.0904190558726,21.2117814993694,24.8120678543716
Nepal,NPL,2014,42,21.7899484483273,20.3107313075505,23.5049680771584
Ethiopia,ETH,2014,36,21.6375444917538,19.8384987595902,23.6718857168401
Democratic Republic of Congo,COD,2014,45,21.5420658712492,20.0856038590795,22.9347081160939
Mozambique,MOZ,2014,44,21.3510464505835,20.1231914153849,22.7326455182071
Sierra Leone,SLE,2014,37,21.2451040334332,19.4348824103056,23.2079469694097
Algeria,DZA,2014,48,20.750974017199,19.6528612141163,21.8785361680848
Burkina Faso,BFA,2014,45,20.4495259152226,19.2993135874279,21.584399371218
Sudan,SDN,2014,24,19.5914473475353,16.0428290069579,23.3966486837392
Timor-Leste,TLS,2014,36,18.02102034643,15.8310156916647,20.2890349127087
Venezuela,VEN,2014,36,17.0268596137156,13.9874944888068,20.461560969841
Guinea,GIN,2014,42,15.2463350130665,13.8056748346354,16.7615899700558
Libya,LBY,2014,41,15.1849556036435,13.4573236895936,17.3640995136975
Yemen,YEM,2014,39,15.0757974090666,13.3161512537073,16.9874649981882
Haiti,HTI,2014,40,12.9030241427952,11.2244495000765,14.6912012339034
Myanmar,MMR,2014,44,11.8825500723318,10.3747659004219,13.263014758787
Mauritania,MRT,2014,41,11.6797029990596,9.61226026123914,13.2100593760939
Angola,AGO,2014,47,11.1225500392432,9.61417273580586,12.4506647251854
Chad,TCD,2014,38,8.13789463405241,6.2748267862367,10.1139344649923
Burundi,BDI,2014,46,8.09809037318128,6.57594899224821,9.63910813271881
Finland,FIN,2013,50,91.6332624597738,90.0668780562183,93.2767626271686
Singapore,SGP,2013,47,91.5812504394656,89.8157751021483,93.3555590475292
Switzerland,CHE,2013,48,91.1018218171245,89.4787789702627,92.9337806514006
Sweden,SWE,2013,49,83.8461201284806,82.2394792989049,85.5631283773871
Netherlands,NLD,2013,45,83.6492653980696,81.947397544827,85.3965242799462
Japan,JPN,2013,47,83.6300622115426,82.0971816050899,85.0483349939545
United States of America,USA,2013,49,82.8000327160735,81.0039762306898,84.7966911161699
Hong Kong,HKG,2013,46,81.1860824203761,79.2532749989131,82.9678292904881
Germany,DEU,2013,48,81.1117690440901,79.6545362109467,82.7859328322741
United Kingdom,GBR,2013,45,79.8666775496767,78.3026629590249,81.3881287976121
Taiwan,TWN,2013,31,79.591338090463,75.279571350349,83.8220807928524
New Zealand,NZL,2013,43,79.5275898027656,77.4252249828708,81.6854374465001
Canada,CAN,2013,48,78.1277300802112,76.232908588534,80.2146105836899
Denmark,DNK,2013,43,77.9744202434766,75.982798759946,80.1593562777202
Norway,NOR,2013,48,77.7503784377844,76.0477013694118,79.3513697277601
Malaysia,MYS,2013,49,76.3531805299351,75.0694495383039,77.7129114343523
Belgium,BEL,2013,46,74.8960293890154,73.5337859930949,76.2730189151841
Australia,AUS,2013,47,74.762352327044,73.3077231343621,76.3908520793762
Austria,AUT,2013,49,73.8632238176829,72.4351816202738,75.3838269336455
Luxembourg,LUX,2013,46,73.8004471354954,72.0719111851343,75.521947164309
United Arab Emirates,ARE,2013,46,73.3183718969933,71.9273308809057,74.5495266828942
Qatar,QAT,2013,45,73.3055381467713,71.5603337233811,74.8792097620531
Ireland,IRL,2013,49,72.0362971730826,70.7873854156945,73.4213709589896
Israel,ISR,2013,47,71.4327185930064,70.0478708574692,72.9352315885009
South Korea,KOR,2013,50,68.5491193100529,67.4764194659478,69.8947954855737
France,FRA,2013,49,68.2988060402916,66.8063408744706,69.8753162998121
Iceland,ISL,2013,40,66.963196130273,64.8593469327136,69.1895452430798
Puerto Rico,PRI,2013,35,66.0695315130286,62.8163502903922,69.3254239242334
Estonia,EST,2013,49,64.3653044824841,63.2087317642983,65.4819286268564
Cyprus,CYP,2013,51,62.8436894306337,61.8578260287129,63.9409087351803
China,CHN,2013,52,61.0929590865296,60.1755612029069,62.1718071383251
Malta,MLT,2013,40,57.8757577585562,55.7794049795379,60.1043397756349
Saudi Arabia,SAU,2013,46,57.498034477545,56.3274232435248,58.7271543196922
Spain,ESP,2013,50,56.9693550030531,56.0252698475278,58.0880449117369
Chile,CHL,2013,51,56.0776214113831,55.2366583313103,57.1166946821661
Czech Republic,CZE,2013,48,55.5870034929161,54.2398706123364,57.1248534325838
Turkey,TUR,2013,50,55.4649835944774,54.5384395289311,56.4218702624123
Bahrain,BHR,2013,42,54.2059291683407,52.3391098267702,56.3295758810215
Barbados,BRB,2013,47,54.0064865479905,52.1827190774202,56.2253030912758
Portugal,PRT,2013,48,53.9600359920414,52.9542689821453,54.9555007618419
Poland,POL,2013,49,53.1951165898724,52.1822351674338,54.2354722466793
South Africa,ZAF,2013,51,53.086358140952,52.0392277328912,54.3567716157901
Lithuania,LTU,2013,46,52.7682501880072,51.3413445665993,54.2156326812999
Mauritius,MUS,2013,45,51.5916866476548,50.129135200977,53.1664452621152
Costa Rica,CRI,2013,51,51.5067212547604,50.7133538895907,52.3871889739354
India,IND,2013,51,51.4544129941013,50.4649601626237,52.5475808447152
Latvia,LVA,2013,48,51.2759087513885,50.2000071992441,52.2761934440437
Italy,ITA,2013,50,51.2127623819065,50.1238906942472,52.206990432981
Tunisia,TUN,2013,47,51.050846896364,49.9724711171816,52.0552137185025
Slovenia,SVN,2013,46,50.7597199783332,49.2748540061142,52.2827818402336
Thailand,THA,2013,51,50.2421044172459,49.4353450052602,51.0779902536333
Jordan,JOR,2013,47,49.3695024800172,48.0931917898426,50.6722253506447
Brunei,BRN,2013,40,48.8482614927718,48.5503772353179,49.1461457502258
Panama,PAN,2013,46,48.4712464789282,48.1903278970972,48.7521650607592
Oman,OMN,2013,39,48.4078600870411,48.129793892845,48.6859262812371
Hungary,HUN,2013,50,48.3233325441947,47.3472389463862,49.1829969253617
Sri Lanka,LKA,2013,41,47.8578739747814,47.604557155637,48.1111907939257
Indonesia,IDN,2013,51,47.1293849547233,46.1486820735506,48.1048086277719
Brazil,BRA,2013,52,46.8429203729011,45.9967134653483,47.7639751772162
Montenegro,MNE,2013,40,46.2672612871033,46.0855220389044,46.4490005353022
Bahamas,BHS,2013,19,45.7269756185464,45.5695492254326,45.8844020116603
Uruguay,URY,2013,48,44.8203551916263,44.7037267177239,44.9369836655287
Slovakia,SVK,2013,49,43.9737770238045,43.895244567454,44.0523094801549
Kenya,KEN,2013,41,43.8664173733811,43.7927161012997,43.9401186454624
Lebanon,LBN,2013,46,43.3781441744193,43.3264151962912,43.4298731525474
Kazakhstan,KAZ,2013,46,43.3706754539222,43.3192825682165,43.422068339628
Greece,GRC,2013,50,43.0398791734846,43.0033721203986,43.0763862265706
Morocco,MAR,2013,46,42.6891984205544,42.6684720013502,42.7099248397586
Belize,BLZ,2013,24,42.6076804941737,42.5906223816567,42.6247386066908
Croatia,HRV,2013,49,42.4720511887737,42.4610963949996,42.4830059825477
Vietnam,VNM,2013,49,42.3292601493784,42.3247309523772,42.3337893463797
Rwanda,RWA,2013,46,42.2396357990627,42.2391396978257,42.2401319002998
Uzbekistan,UZB,2013,20,41.6913313298392,41.6671537299612,41.7155089297172
Philippines,PHL,2013,51,41.6329399260416,41.6061347129927,41.6597451390905
Azerbaijan,AZE,2013,42,40.9508930075166,40.8933956831341,41.0083903318992
Ukraine,UKR,2013,41,40.8338404380848,40.7710757480778,40.8966051280917
Botswana,BWA,2013,52,40.7732539204172,40.7077628371152,40.8387450037192
Mexico,MEX,2013,51,40.6702378631551,40.6001110572763,40.7403646690339
Gambia,GMB,2013,43,40.2171575547353,40.1266421349776,40.307672974493
Bulgaria,BGR,2013,48,40.0019765068366,39.9017779399234,40.1021750737497
Colombia,COL,2013,51,39.6077924629127,39.489855614023,39.7257293118024
Seychelles,SYC,2013,41,39.4339138712382,39.3081524857232,39.5596752567533
Laos,LAO,2013,42,39.2435858526712,39.1092597063206,39.3779119990218
Togo,TGO,2013,17,38.8156713403537,38.6620890409489,38.9692536397586
São Tomé and Príncipe,STP,2013,17,38.7161397700136,38.5580785499434,38.8742009900837
Armenia,ARM,2013,41,38.6269675209693,38.4648935496921,38.7890414922464
Peru,PER,2013,50,38.4149176465252,38.2433014308981,38.5865338621523
Fiji,FJI,2013,18,38.2860281106527,38.1086118659113,38.4634443553941
Zambia,ZMB,2013,48,37.9545336916101,37.0692369553135,38.9482235377939
Tajikistan,TJK,2013,42,37.8172176247458,37.6187049081385,38.015730341353
Cambodia,KHM,2013,41,37.6302130227762,37.4232850990804,37.8371409464721
Guyana,GUY,2013,41,37.5461521603036,37.3354414977965,37.7568628228108
Albania,ALB,2013,43,37.2763602520998,37.0535089537236,37.4992115504761
Kuwait,KWT,2013,40,37.1861550365804,36.9592445035057,37.4130655696551
Guatemala,GTM,2013,49,36.845936150535,36.0794330439296,37.6121267666009
Belarus,BLR,2013,20,36.8375616217867,36.5949643850463,37.0801588585271
Bosnia and Herzegovina,BIH,2013,48,36.522810490029,35.3445125565949,37.4633858916937
North Macedonia,MKD,2013,48,36.4639900167814,35.3704458984137,37.5292825171585
Georgia,GEO,2013,50,36.3697604403545,35.4896315350681,37.1618340822176
Romania,ROU,2013,50,36.3501944259665,35.197880760872,37.5270768416243
Namibia,NAM,2013,47,36.2103488477303,35.3010746673147,37.2199976403341
Trinidad and Tobago,TTO,2013,47,35.4339570048212,34.2334339736147,36.5892193201128
Cameroon,CMR,2013,51,35.1831204277182,34.4326406638291,36.0060156277875
Russia,RUS,2013,48,35.1308139833622,34.8114131028927,35.4502148638317
Liberia,LBR,2013,37,35.0891296769421,34.7678530026837,35.4104063512005
Jamaica,JAM,2013,49,33.9054496690167,33.2031003260606,34.6985414519818
Nigeria,NGA,2013,47,33.3446549833896,31.9685523794659,34.5145468790328
Tanzania,TZA,2013,41,32.759562043552,31.2667862665462,34.1774321746068
Pakistan,PAK,2013,49,32.4803673040819,31.2934838224113,33.4545809714895
Senegal,SEN,2013,44,32.209303133995,30.8319914779979,33.3722335339191
Iran,IRN,2013,46,32.1151081195122,30.4730392101266,33.5130001569155
Moldova,MDA,2013,44,31.8223722950342,30.1229890434387,33.3405284584469
Ghana,GHA,2013,51,31.6395597177086,30.8714840286689,32.4291590313799
Uganda,UGA,2013,50,31.5566357654334,30.6923516433528,32.3956516139344
El Salvador,SLV,2013,48,31.5308862814717,30.6435899699115,32.4409617829384
Niger,NER,2013,17,31.2771530658316,28.8857881369579,33.6564033107322
Honduras,HND,2013,45,30.4940711976031,29.0636078482011,32.1109634628712
Bhutan,BTN,2013,38,30.4595614606016,28.726637697442,32.076698852187
Bolivia,BOL,2013,49,30.3991176408791,29.2930868284554,31.3566584875933
Ecuador,ECU,2013,52,30.3351807874734,29.6207793188679,31.1049620732965
Paraguay,PRY,2013,42,30.3038428501242,28.5655085768659,32.1865262483548
Egypt,EGY,2013,50,29.7642310905143,28.8621299711205,30.6498157786886
Serbia,SRB,2013,39,29.7035861955476,27.7207513707317,31.6066147497123
Benin,BEN,2013,37,29.472101609432,27.4263645993808,31.6931120438177
Dominican Republic,DOM,2013,45,29.1877356298305,27.8756116700503,30.5562556804146
Argentina,ARG,2013,51,28.9352560685009,27.9991303142527,29.8336572290631
Zimbabwe,ZWE,2013,38,28.8840977819578,27.1228782496248,30.5768817733036
Côte d'Ivoire,CIV,2013,40,28.7571390276926,27.1044716989735,30.5175613057667
Comoros,COM,2013,19,28.6320591272412,25.8758545463491,31.3482014267778
Mongolia,MNG,2013,43,28.4996476693219,26.2511437238115,30.5723054067439
Afghanistan,AFG,2013,18,28.0114749139166,25.5582949135078,30.571089442981
Malawi,MWI,2013,47,27.6558654134694,26.6569897246513,28.654466576819
Suriname,SUR,2013,47,27.5375010812847,25.943744808114,28.9745356983384
Cabo Verde,CPV,2013,37,27.4322347622792,25.5010309794713,29.4000958599397
Sudan,SDN,2013,24,25.8337103332061,25.0959397884796,26.5714808779326
Republic of Congo,COG,2013,20,25.3121323776627,22.437505212463,28.3116470911734
Kyrgyzstan,KGZ,2013,46,25.3056453020764,23.8626966652104,26.8626098467852
Mali,MLI,2013,39,25.2383890304236,23.4439341391482,27.0984890720228
Bangladesh,BGD,2013,45,24.847671077986,23.2281129354476,26.4964769294835
Nicaragua,NIC,2013,41,24.2728019177786,22.5484030900314,25.8169736474351
Madagascar,MDG,2013,50,24.14427386764,23.3400195892194,25.0508278351601
Ethiopia,ETH,2013,48,23.3870410036397,22.1632316850464,24.5219170358159
Burkina Faso,BFA,2013,45,23.3076623637714,22.1297115744605,24.3494687806281
Eswatini,SWZ,2013,40,22.8055864110925,20.9200038513302,24.6290304849486
Timor-Leste,TLS,2013,36,21.5126719416387,19.5190114762495,23.4043093328182
Gabon,GAB,2013,38,21.0046351024045,19.1804165536424,22.8395144994659
Lesotho,LSO,2013,41,20.8807689117474,19.4824628650788,22.3435883503114
Democratic Republic of Congo,COD,2013,45,20.6708033173993,19.1490552843624,22.2360447828764
Venezuela,VEN,2013,36,20.1720431422698,17.4189311863506,23.1425631816365
Libya,LBY,2013,42,19.9278685864322,18.0411474454922,21.6683735353301
Nepal,NPL,2013,42,19.3574145966744,17.6269224566499,21.008417095205
Guinea,GIN,2013,42,18.5302851226838,16.8100216396889,20.1240152492044
Mozambique,MOZ,2013,44,17.7704913387161,16.4760393204985,19.2038821250123
Sierra Leone,SLE,2013,39,17.5033361582864,15.6977033007068,19.4293101323746
Mauritania,MRT,2013,41,17.1459231971865,15.5480147795607,18.6725081444021
Yemen,YEM,2013,40,16.7468229742501,14.5982102044951,18.8075649325028
Algeria,DZA,2013,48,16.3404815582458,15.1029086010344,17.4536576016317
Myanmar,MMR,2013,44,12.8810254280154,11.3698359375004,14.4534155734988
Chad,TCD,2013,38,12.6861267027123,10.8915205690802,14.6388330551952
Angola,AGO,2013,47,10.4338494678509,9.01983678455779,11.7222996547242
Haiti,HTI,2013,40,10.1389115354647,8.2883200733532,11.9970093348268
Burundi,BDI,2013,46,6.47508630009764,5.01553187567007,7.91478215650468
Finland,FIN,2012,50,91.3964123292052,89.8752787306323,93.012210041926
Singapore,SGP,2012,47,90.7241180624726,89.0779531001533,92.4474764931732
Switzerland,CHE,2012,48,89.5192657296845,88.0668938432118,91.3494983062835
Sweden,SWE,2012,49,88.1531019575526,86.3892061574697,89.9502779526267
Japan,JPN,2012,47,84.8858358813664,83.2518218563247,86.3669949760041
United States of America,USA,2012,49,84.1225289050516,82.3104970224669,86.0827245984082
Denmark,DNK,2012,43,83.2654148213755,81.1023043844158,85.4600047926261
Netherlands,NLD,2012,45,81.2178569483874,79.5964047620579,82.9003513075253
Hong Kong,HKG,2012,46,80.3149734502752,78.4743421465662,82.0832777748577
Germany,DEU,2012,48,79.6885335874365,78.2287099705163,81.366628177031
United Kingdom,GBR,2012,45,79.1687146396092,77.8017042061854,80.7112063680028
Taiwan,TWN,2012,31,77.713026226167,73.3600495315071,82.4492197903669
Canada,CAN,2012,48,77.3980633344315,75.4673228740316,79.2503184433937
New Zealand,NZL,2012,43,77.0077154139012,75.0171809757126,79.2474972078121
Australia,AUS,2012,47,76.7324185793286,75.1627197127856,78.265222947735
Belgium,BEL,2012,46,76.5067612784392,74.9832724563391,77.852124333751
Norway,NOR,2012,48,76.4824412515313,74.8542558879731,78.1578275061625
Luxembourg,LUX,2012,46,76.1273565768686,74.4961573712145,77.8906961197334
Israel,ISR,2012,48,75.0546316218495,73.5511535518117,76.5398687112918
Austria,AUT,2012,49,74.5868553984704,73.0649873504096,76.1752514381924
Malaysia,MYS,2012,49,74.2084694750555,72.8751174201194,75.6879704724227
France,FRA,2012,49,72.0400256119409,70.5652572685586,73.5552939822297
Ireland,IRL,2012,49,71.4801618620752,70.0870945062368,72.8699803494367
United Arab Emirates,ARE,2012,46,67.2254745495628,65.8739600670391,68.5810921210055
Estonia,EST,2012,49,66.8517678061393,65.5244085677608,67.9730176647526
Iceland,ISL,2012,40,66.7392652268828,64.5371924022502,69.1798465669553
South Korea,KOR,2012,50,66.720859726606,65.5598380312045,68.055045260083
Cyprus,CYP,2012,51,65.047489501954,64.0607296826812,66.0768236796221
Qatar,QAT,2012,45,64.7404014591573,63.5214239387077,66.2014149037797
China,CHN,2012,52,63.1327019360418,62.1766072865932,64.217999231058
Saudi Arabia,SAU,2012,46,60.0341053994055,58.6393980206588,61.3683250397591
Puerto Rico,PRI,2012,35,59.4565612136985,56.6013785364278,62.4655957389771
Spain,ESP,2012,50,59.2087087164492,58.1411748991934,60.3131770615424
Malta,MLT,2012,40,57.893238881049,55.9425324514095,60.1792985604132
Slovenia,SVN,2012,46,57.6649310520863,56.1516308699988,59.234374767021
Chile,CHL,2012,51,57.5723100240263,56.6881599292279,58.6228778982314
Bahrain,BHR,2012,42,57.4686720847085,55.4497213008641,59.4447085062417
Czech Republic,CZE,2012,48,57.3668954352798,55.8577973040031,58.9059337425702
Portugal,PRT,2012,48,55.2547606496609,54.3087128180565,56.4031362961694
Barbados,BRB,2012,48,54.3408894101491,52.8904211806124,56.2233040433389
Poland,POL,2012,49,54.0561616297877,52.8988850262289,55.0842329065331
South Africa,ZAF,2012,51,52.8930284359016,51.6764344787526,54.1738894697489
Thailand,THA,2012,51,52.8025571918337,51.940321106048,53.7116017564968
Italy,ITA,2012,50,52.5628070921247,51.5295739692239,53.6576493330311
India,IND,2012,51,52.5277984803154,51.4930158584028,53.529440661389
Costa Rica,CRI,2012,51,51.9208777597156,51.0136756964157,52.8529668508344
Tunisia,TUN,2012,47,51.7824634108213,50.5057580266544,52.9885767924474
Turkey,TUR,2012,50,51.4155051210546,50.4946303002223,52.3210277186159
Lithuania,LTU,2012,46,51.1701381443289,49.7958782208407,52.3647109442075
Oman,OMN,2012,39,51.0466484628972,50.6498367917876,51.4434601340068
Latvia,LVA,2012,48,50.47540421088,49.488032184368,51.5719253942898
Hungary,HUN,2012,50,50.2963340071181,49.2954339936488,51.2427679150828
Mauritius,MUS,2012,45,49.6610815889763,48.0401499138905,51.3489305440236
Sri Lanka,LKA,2012,41,48.6637421506338,48.374161263576,48.9533230376915
Brunei,BRN,2012,40,48.5694098251141,48.2840738927048,48.8547457575235
Montenegro,MNE,2012,40,48.4555624480385,48.1753496475975,48.7357752484795
Brazil,BRA,2012,52,47.6861986213885,46.6986659411882,48.605336455207
Indonesia,IDN,2012,51,47.3698286284782,46.369570751306,48.3119197647574
Jordan,JOR,2012,47,46.7446423404856,46.5414209448845,46.9478637360867
Kenya,KEN,2012,43,46.2844378553158,46.1019256615474,46.4669500490843
Greece,GRC,2012,50,46.0767886052498,45.9036206277344,46.2499565827653
Bahamas,BHS,2012,19,45.3706285765946,45.2292378003686,45.5120193528206
Uruguay,URY,2012,48,44.9112876899635,44.7905672536359,45.0320081262911
Slovakia,SVK,2012,49,44.3780350531233,44.2813109854535,44.4747591207931
Lebanon,LBN,2012,46,44.2673146632552,44.1755730131295,44.3590563133809
Panama,PAN,2012,46,44.1698329092051,44.0824779380116,44.2571878803986
Vietnam,VNM,2012,49,43.0735451699972,43.0355231470681,43.1115671929263
Croatia,HRV,2012,49,42.1979216676185,42.1965406329405,42.1993027022964
Uzbekistan,UZB,2012,20,42.0995186424078,42.0937094715953,42.1053278132202
Rwanda,RWA,2012,46,41.9972765082091,41.9868664413577,42.0076865750605
Kuwait,KWT,2012,40,41.7355259006833,41.7133370564932,41.7577147448733
Romania,ROU,2012,50,41.4337624920161,41.397994294436,41.4695306895961
Morocco,MAR,2012,46,41.3547879649941,41.3154659136981,41.3941100162901
Botswana,BWA,2012,52,41.0000103890739,40.9447233468614,41.0552974312863
Belarus,BLR,2012,20,40.9346374723107,40.8764086488439,40.9928662957775
Gambia,GMB,2012,43,40.568438808384,40.4937310450405,40.6431465717275
Albania,ALB,2012,43,40.5359732992188,40.4598045879628,40.6121420104747
Peru,PER,2012,50,40.240424869666,40.1509564790802,40.3298932602518
Mexico,MEX,2012,51,39.7556196640787,39.6443350392414,39.8669042889159
Colombia,COL,2012,51,39.2164748797005,39.0809287395662,39.3520210198347
Philippines,PHL,2012,51,38.5763396844697,38.4119874605501,38.7406919083894
Guyana,GUY,2012,41,38.413274512412,38.2415843557498,38.5849646690742
Seychelles,SYC,2012,41,38.1642090033015,37.9813108987293,38.3471071078737
Azerbaijan,AZE,2012,42,38.1521541657809,37.9687135935203,38.3355947380416
Bulgaria,BGR,2012,48,38.1134972442329,37.9283171105026,38.2986773779632
Togo,TGO,2012,17,37.8479478164837,37.6508179585046,38.0450776744627
Namibia,NAM,2012,47,37.680986273236,36.6943622086663,38.6212029430637
North Macedonia,MKD,2012,48,37.6600467213849,36.6718697808061,38.6374483086301
Ukraine,UKR,2012,41,37.49691652015,37.2839902538359,37.709842786464
Laos,LAO,2012,42,37.3715851911581,37.1530190150395,37.5901513672768
São Tomé and Príncipe,STP,2012,17,37.3385430399788,37.1184899670571,37.5585961129006
Trinidad and Tobago,TTO,2012,47,37.3137209814101,37.0925509158528,37.5348910469674
Fiji,FJI,2012,18,37.1395708098717,36.9105639865952,37.3685776331483
Guatemala,GTM,2012,49,36.5708905147792,35.713151565549,37.3906306946937
Zambia,ZMB,2012,48,36.2891559229709,35.2959756273355,37.2338525589969
Liberia,LBR,2012,37,36.250795745465,35.9817940442901,36.5197974466398
Georgia,GEO,2012,50,36.1743444278509,35.1993956469294,36.9842663380557
Tajikistan,TJK,2012,43,36.097474118607,35.8215729442235,36.3733752929905
Russia,RUS,2012,48,36.0889141490656,35.8126277760528,36.3652005220784
Cameroon,CMR,2012,51,35.0695800688795,34.2476266284348,35.8090929156707
Afghanistan,AFG,2012,18,34.7873009962963,34.4524420314089,35.1221599611838
Benin,BEN,2012,37,34.6800609882201,34.3403762229692,35.0197457534709
Senegal,SEN,2012,44,34.2564253656356,32.8712499020482,35.5585676594189
Jamaica,JAM,2012,49,34.2129487697025,33.3721994827387,35.1413515110103
El Salvador,SLV,2012,48,34.1970089156861,33.2725999910351,35.1604951327409
Ghana,GHA,2012,51,34.1556199654056,33.3587545413087,34.8771512163782
Kazakhstan,KAZ,2012,46,34.0228858725105,32.5822271853959,35.4659954474525
Honduras,HND,2012,45,33.7444428381019,32.4165289158281,35.1459755059893
Armenia,ARM,2012,41,33.6563330471259,33.2705805245258,34.042085569726
Comoros,COM,2012,19,33.622087163284,33.234793575911,34.009380750657
Moldova,MDA,2012,44,32.8949948021131,31.3209267637342,34.335495133626
Niger,NER,2012,17,32.7795020665822,32.3542921498576,33.2047119833068
Egypt,EGY,2012,50,32.7488183162665,31.7657216752925,33.6881739953054
Uganda,UGA,2012,50,32.4043968435979,31.5852417931579,33.2439060199058
Cambodia,KHM,2012,41,31.8953024249373,30.0333299315696,33.7231218925175
Nigeria,NGA,2012,47,31.6766588212351,30.2774619931487,32.9520328713496
Malawi,MWI,2012,47,31.5069820710784,30.3955810251598,32.550269749768
Bhutan,BTN,2012,38,31.2571795867465,29.5380401753239,33.1709234675313
Tanzania,TZA,2012,41,31.2272133393671,29.3628035665779,33.0500783323431
Iran,IRN,2012,46,30.8925702669461,29.3207563913427,32.3651889492312
Serbia,SRB,2012,39,30.8648619943263,28.5364938991266,33.2945272030834
Argentina,ARG,2012,51,30.8071564869311,29.8270921665251,31.770159083185
Ecuador,ECU,2012,52,30.6189842843938,29.9102608013457,31.3470621973355
Pakistan,PAK,2012,49,30.3674002704963,29.1763791612542,31.4244164814576
Republic of Congo,COG,2012,20,30.197237450859,29.6558256264269,30.7386492752912
Zimbabwe,ZWE,2012,38,30.0899676795888,28.1737119026481,32.1230530155988
Paraguay,PRY,2012,42,29.812915048593,27.8817304237332,31.5073653243454
Belize,BLZ,2012,44,29.174683467341,27.4530222009455,30.8120671471254
Bolivia,BOL,2012,49,29.0846692416468,27.9090950991017,30.2083736038061
Mongolia,MNG,2012,43,29.0313733856717,26.9425531869361,31.1188141024911
Dominican Republic,DOM,2012,45,28.8668213420974,27.6510546371404,30.2996000053819
Cabo Verde,CPV,2012,38,28.2514825554578,26.3012704460341,30.1014976170027
Bangladesh,BGD,2012,51,28.0405200620656,27.2810737223205,28.8706693937119
Ethiopia,ETH,2012,48,26.9087416843166,25.7326309851253,28.059493886157
Algeria,DZA,2012,48,26.4113860806004,25.3163278647914,27.3939708669121
Lesotho,LSO,2012,41,25.142266360777,23.61903811159,26.7020473530175
Madagascar,MDG,2012,50,24.8039582232865,23.9691202037055,25.6667439532687
Sudan,SDN,2012,24,24.2610812109707,20.2100326878379,28.211703920938
Suriname,SUR,2012,47,24.1687464821804,22.4637827194454,25.6537591352797
Bosnia and Herzegovina,BIH,2012,48,23.8698993030674,22.8547254996754,25.0192203069429
Kyrgyzstan,KGZ,2012,46,23.7362575754292,22.254377177747,25.2657164922291
Burkina Faso,BFA,2012,45,23.5901030573732,22.3539836873731,24.7797098924953
Mali,MLI,2012,39,23.389450948615,21.7398869244708,25.1257898797516
Côte d'Ivoire,CIV,2012,40,22.5289486050956,20.7226748135896,24.3085040361863
Gabon,GAB,2012,38,22.4452225814878,20.5438098486977,24.1412308899114
Mozambique,MOZ,2012,44,21.8504040989542,20.6023643054195,23.3417648247629
Eswatini,SWZ,2012,40,21.7984694535859,19.8828062653146,23.6211742278095
Nicaragua,NIC,2012,41,21.368044702242,19.620720114415,23.1625237600485
Venezuela,VEN,2012,42,21.3183992686421,19.0096964872103,23.6813346931611
Democratic Republic of Congo,COD,2012,45,20.994987559967,19.3123187200688,22.7854290427174
Timor-Leste,TLS,2012,36,20.1320545579791,18.0637036057074,22.2611196401142
Nepal,NPL,2012,42,19.7600224920103,18.0378257898666,21.7574633969599
Libya,LBY,2012,43,19.0099298068029,17.433484134602,20.8546334850307
Guinea,GIN,2012,42,17.8816404360216,16.317124701781,19.4092184197189
Sierra Leone,SLE,2012,39,16.3378995002888,14.5329686458124,17.9864799961521
Chad,TCD,2012,39,16.1879638901601,14.3846068874904,18.1745821270313
Mauritania,MRT,2012,41,14.5716203042776,12.6356918254071,16.351917927611
Haiti,HTI,2012,40,13.8843070243849,12.016667531377,15.792481913935
Yemen,YEM,2012,41,13.7038535259398,12.0294841722345,15.5445013400086
Myanmar,MMR,2012,44,13.4979152870668,12.0184835775054,15.2096211183119
Burundi,BDI,2012,46,13.3220836374144,11.8692041406451,14.8569829537905
Angola,AGO,2012,47,9.33945802679996,7.94613770187452,10.5753683002643
Finland,FIN,2011,50,89.9334953190178,88.3239941907361,91.4250926290475
Singapore,SGP,2011,47,88.2047865469351,86.6513465145655,89.9053231563577
Sweden,SWE,2011,49,86.756835577613,85.0386146024439,88.4802440722644
Switzerland,CHE,2011,48,86.6306296252444,84.8497477186899,88.5787287159663
Denmark,DNK,2011,43,85.3913815808698,83.4625296456396,87.5229741736874
Japan,JPN,2011,47,84.9148125297428,83.3443370108251,86.6084356689035
Taiwan,TWN,2011,31,82.8000191858012,78.602430373469,87.0151968564292
United States of America,USA,2011,49,81.8469630437045,80.0303195078788,83.6095955153251
Germany,DEU,2011,48,80.3329653398069,78.5923437856525,82.2017439023203
Australia,AUS,2011,47,78.7972290724244,76.9938296576815,80.3316679078386
Hong Kong,HKG,2011,46,77.6381608410261,75.9820066824023,79.3510703342162
Netherlands,NLD,2011,45,77.5286414268128,75.9635712460086,79.0011361483769
Luxembourg,LUX,2011,46,77.3182963262915,75.6976389960494,79.3390116667551
United Kingdom,GBR,2011,45,77.2146072000578,75.6087094894504,78.7111579103683
Norway,NOR,2011,48,76.7846414205041,75.1299724281414,78.6877544348713
Canada,CAN,2011,48,76.0598119202673,74.025349892555,77.814268554146
Belgium,BEL,2011,46,75.8837233863675,74.4101478197604,77.5470195897538
New Zealand,NZL,2011,43,74.1230484036875,72.0418390384466,76.1137216963534
Israel,ISR,2011,48,73.3033365481395,71.9571493551156,74.7178309959941
France,FRA,2011,49,72.6611603057415,71.1633970787909,74.1961265925139
Austria,AUT,2011,49,72.1028533398965,70.4995321450599,73.7707268839182
Iceland,ISL,2011,46,69.8857822783088,68.3664167298384,71.4741595761374
Ireland,IRL,2011,49,68.5187823473087,67.3304649203572,69.9067784212164
Malaysia,MYS,2011,49,67.9718693679228,66.8267290530888,69.149379269458
Cyprus,CYP,2011,51,67.1319323427487,66.1162340167332,68.2559851140835
United Arab Emirates,ARE,2011,46,65.8212213662548,64.514078857462,67.1256799201132
South Korea,KOR,2011,50,64.7008777445403,63.5155108414446,65.9596323103551
Qatar,QAT,2011,45,64.5096711093867,63.0895300119186,65.8924403460127
Estonia,EST,2011,49,63.8057086896785,62.7558305697051,64.8714019273649
China,CHN,2011,52,60.6652850259897,59.6650527012354,61.7123090409907
Puerto Rico,PRI,2011,35,60.5940513003164,57.5786675344671,63.4571228053926
Saudi Arabia,SAU,2011,46,59.9833490357379,58.727498826145,61.278067131853
Czech Republic,CZE,2011,48,58.4468886653986,57.0573384764971,59.8247696072869
Slovenia,SVN,2011,46,57.673343131163,56.1263896991599,58.9637003344736
Spain,ESP,2011,50,57.360074831381,56.2877873235083,58.5070242416696
Malta,MLT,2011,40,56.7871053055042,54.7786690855154,59.008974753193
Tunisia,TUN,2011,47,56.4461195949465,55.2407328407259,57.6592924780132
Portugal,PRT,2011,48,55.2022406366907,54.2274113372435,56.2100765366482
Chile,CHL,2011,51,54.6401493924356,53.7678677297225,55.5524238447842
Poland,POL,2011,49,54.1845132391486,53.2274376472095,55.1938268053079
Bahamas,BHS,2011,19,52.5633056724463,52.098244426907,53.0283669179856
Costa Rica,CRI,2011,51,52.0667475783988,51.2193992194597,52.9336788392458
Thailand,THA,2011,51,51.7328867378979,50.9207054392236,52.5735542328416
South Africa,ZAF,2011,51,51.4069723409164,50.1960078651538,52.5430874140937
Lithuania,LTU,2011,46,50.1287629205715,48.7136169357612,51.4310848186663
India,IND,2011,51,49.6028562780577,48.6489918566615,50.6107301675089
Hungary,HUN,2011,50,49.519105539806,48.6125187222925,50.4841272680895
Bahrain,BHR,2011,42,49.3354617792713,49.0156535089249,49.6552700496177
Indonesia,IDN,2011,51,49.0704160958653,48.0867244317383,50.1344068973168
Montenegro,MNE,2011,46,48.9637687467058,47.8295080171071,50.2790490529281
Barbados,BRB,2011,48,48.7147199653667,48.422845076646,49.0065948540875
Turkey,TUR,2011,50,48.5768449881737,47.6423710836043,49.468473870599
Mauritius,MUS,2011,45,48.005943120287,47.7459631895948,48.2659230509791
Italy,ITA,2011,50,47.9741435102815,46.9405939019042,48.9485978399405
Latvia,LVA,2011,48,47.6757796724376,46.6571699370986,48.7300176639434
Jordan,JOR,2011,47,47.2901936700837,46.1251145279014,48.3968725602426
Brunei,BRN,2011,40,46.7244720871983,46.5221583529952,46.9267858214015
Sri Lanka,LKA,2011,41,46.7213268031308,46.5191546067107,46.9234989995509
Greece,GRC,2011,50,46.6643834070021,46.4647736634078,46.8639931505964
Oman,OMN,2011,39,46.454609699513,46.2644397727557,46.6447796262703
Vietnam,VNM,2011,49,45.7334622239239,45.5757439335681,45.8911805142797
Panama,PAN,2011,46,44.9767272946318,44.8530620760941,45.1003925131695
Kenya,KEN,2011,44,44.8756961924285,44.75657737349,44.994815011367
Slovakia,SVK,2011,49,44.3516410310769,44.2561046943992,44.4471773677546
Brazil,BRA,2011,52,44.1227922077813,44.0375540681519,44.2080303474106
Romania,ROU,2011,50,43.3648968566756,43.313764007846,43.4160297055052
Uruguay,URY,2011,48,43.3532654162169,43.3026559822079,43.4038748502259
Kuwait,KWT,2011,40,42.4690710614874,42.4582503734413,42.4798917495336
Uzbekistan,UZB,2011,20,41.6140965294796,41.5864433635854,41.6417496953738
Croatia,HRV,2011,49,41.53830058798,41.5072366047184,41.5693645712417
Lebanon,LBN,2011,46,41.5077280324511,41.4752882841906,41.5401677807115
Morocco,MAR,2011,47,41.4263917779496,41.3902918982365,41.4624916576626
São Tomé and Príncipe,STP,2011,17,40.6204048223328,40.548035529617,40.6927741150486
Belarus,BLR,2011,20,39.7247017998278,39.6120258710992,39.8373777285563
Seychelles,SYC,2011,41,39.5597782237957,39.4396807341458,39.6798757134457
Ukraine,UKR,2011,41,39.2298837583971,39.0949410178042,39.36482649899
Russia,RUS,2011,48,38.454812674816,38.2849917354619,38.6246336141701
Botswana,BWA,2011,52,38.080540389251,37.3158824572925,38.8045860581863
Fiji,FJI,2011,18,38.0014394366139,37.8112167015408,38.1916621716871
Albania,ALB,2011,43,37.8224690789401,37.6241926777716,38.0207454801086
Gambia,GMB,2011,43,37.579705604942,37.3705048474436,37.7889063624404
Bulgaria,BGR,2011,48,37.2203530709176,36.9949814493881,37.4457246924471
Laos,LAO,2011,43,37.1808887994291,36.9537412856826,37.4080363131755
Peru,PER,2011,50,35.9698362338601,35.0447498981375,36.926517506215
Namibia,NAM,2011,49,35.8869595487571,34.9922617083906,36.8647562310827
Mexico,MEX,2011,51,35.6777676374655,34.8383065315137,36.57228941672
Rwanda,RWA,2011,46,35.6617919191621,35.3662850458036,35.9572987925206
Guatemala,GTM,2011,49,35.4843140972727,34.7169980402607,36.2521856354146
Azerbaijan,AZE,2011,42,35.2814301015129,34.9688069463602,35.5940532566656
Benin,BEN,2011,37,35.1456246909915,34.8268902923653,35.4643590896177
Philippines,PHL,2011,51,34.9698031431168,34.1133546746022,35.9146012014252
Colombia,COL,2011,51,34.8977257758099,34.1574773824222,35.6436691810402
Trinidad and Tobago,TTO,2011,47,34.7102733833092,33.6323839200075,35.7561175429215
North Macedonia,MKD,2011,48,34.4687273526452,33.5901076155544,35.6229362655007
Liberia,LBR,2011,37,34.0646483569665,33.6972700233092,34.4320266906238
Egypt,EGY,2011,50,33.9748561666316,33.0150084049422,34.8423569390304
Kazakhstan,KAZ,2011,46,33.9587536805019,32.5405708686133,35.6108936476359
Togo,TGO,2011,17,33.6734269250186,33.2884436269236,34.0584102231135
Georgia,GEO,2011,50,33.6624004742219,32.8269238016954,34.4921195855597
El Salvador,SLV,2011,48,33.3122088645787,32.5153979261445,34.1306200955331
Jamaica,JAM,2011,49,32.950222487451,32.0959173616277,33.9015761039458
Comoros,COM,2011,19,32.8003288862831,32.3760561764451,33.2246015961211
Guyana,GUY,2011,41,32.6451361389582,30.7282471137454,34.7205629252412
Senegal,SEN,2011,44,32.3621717383749,30.9911961191874,33.8273745075459
Armenia,ARM,2011,41,31.9361852571597,29.9543730574635,34.1209715163232
Zambia,ZMB,2011,49,31.7949226738915,30.9052979653626,32.6303598210251
Bhutan,BTN,2011,38,31.5712883380046,29.7292201101534,33.5217434566345
Algeria,DZA,2011,48,31.1946016454051,30.1194841155468,32.2098766732
Belize,BLZ,2011,44,30.7583589174867,29.2673806572683,32.262990011786
Tanzania,TZA,2011,41,30.7162817246241,29.0614882692566,32.3848702131867
Afghanistan,AFG,2011,18,30.5849904418179,27.8972335784797,33.0722046319928
Ghana,GHA,2011,52,30.4405147717226,29.7860312090211,31.1094145333156
Serbia,SRB,2011,39,30.4005233806449,28.1812343854949,32.8229029430144
Moldova,MDA,2011,44,30.2442385676143,28.7253259164753,31.6930279488237
Cameroon,CMR,2011,51,30.0078072729704,29.283563009473,30.7631173062635
Uganda,UGA,2011,50,29.5280221040821,28.7747284664674,30.3191835847433
Iran,IRN,2011,46,29.4827824008616,27.7375732905269,30.8098317303583
Tajikistan,TJK,2011,43,29.1904667100443,27.4684504148497,30.9879897132327
Malawi,MWI,2011,47,29.108276839914,28.0518436484096,30.1271249274856
Argentina,ARG,2011,51,28.9290124772484,27.8708876043963,29.8864104071853
Honduras,HND,2011,45,28.4500608324803,26.9539236307241,29.6998458225533
Niger,NER,2011,17,28.4092105202963,25.922970621106,30.6387849464057
Pakistan,PAK,2011,49,28.341608082821,27.2284557672716,29.2792471597726
Republic of Congo,COG,2011,20,28.1117575184462,25.4634383999809,30.9505227187129
Ethiopia,ETH,2011,48,27.5964778758472,26.4290004088921,28.7721287102338
Côte d'Ivoire,CIV,2011,40,26.8629252927366,24.9116050748737,28.6661758040908
Dominican Republic,DOM,2011,45,26.789349005576,25.5014451752272,28.2236429366961
Mongolia,MNG,2011,43,26.5502305884158,24.4464271219566,28.670446105985
Zimbabwe,ZWE,2011,38,26.5314247286672,24.6962794293332,28.6894401439008
Cabo Verde,CPV,2011,38,26.3813998418503,24.4362557712909,28.1861327961628
Cambodia,KHM,2011,41,26.2445186750649,24.491052223393,27.8354744364669
Lesotho,LSO,2011,41,25.8260283596102,24.1790398089755,27.4334191721211
Nigeria,NGA,2011,47,25.6600123761679,24.5264315619245,26.7577526787437
Gabon,GAB,2011,38,25.0381625866161,23.3104606597822,26.6855603914264
Madagascar,MDG,2011,50,24.5718547062151,23.7244816397521,25.369917134836
Bangladesh,BGD,2011,51,24.3178862477782,23.5270274798997,25.144212580792
Bosnia and Herzegovina,BIH,2011,48,24.1734188939498,23.1326443975554,25.1723926599208
Ecuador,ECU,2011,52,23.2962454681905,22.4970900135874,24.0404170604686
Burkina Faso,BFA,2011,45,22.5060859986124,21.2693409629437,23.9260686349438
Mozambique,MOZ,2011,44,22.4436269356067,21.167086937402,23.8505569241986
Paraguay,PRY,2011,43,22.2740981040779,20.6276780445662,24.0156049774874
Kyrgyzstan,KGZ,2011,46,22.0490919809855,20.5687629239828,23.5210837354446
Nicaragua,NIC,2011,41,22.040374574527,20.3733611804255,24.0732225499248
Mali,MLI,2011,39,21.7545886436899,20.0485012312094,23.6984052719371
Sudan,SDN,2011,24,21.6801432302763,18.1044532670041,25.3966092090768
Eswatini,SWZ,2011,40,21.3312363031543,19.3185193090796,23.2341291449377
Bolivia,BOL,2011,49,21.2738845060774,20.2558680303121,22.3871130062602
Venezuela,VEN,2011,44,20.4609927712895,18.2409779727341,22.6258408747523
Suriname,SUR,2011,47,19.9560117084381,18.095970128236,21.3530121542653
Democratic Republic of Congo,COD,2011,45,19.326040200084,17.9782740580976,20.8052109655768
Timor-Leste,TLS,2011,38,19.1880333023878,17.1478806467377,21.2999638316932
Libya,LBY,2011,43,18.277338483191,16.4243799110393,20.2580286824388
Guinea,GIN,2011,42,17.2097667700288,15.6019935061396,19.004378502456
Nepal,NPL,2011,43,16.8743457945947,15.1874401878457,18.5228425752903
Mauritania,MRT,2011,41,16.8175182626865,15.2504162797963,18.7202931640309
Angola,AGO,2011,47,16.5254733752393,15.1617951997056,17.7453095846764
Chad,TCD,2011,39,15.9653739523673,14.0919334214335,17.7928251812703
Sierra Leone,SLE,2011,39,15.7601734533873,13.8635603585524,17.6022433831624
Haiti,HTI,2011,40,13.7758702658141,11.5652711191386,15.5896498297727
Yemen,YEM,2011,41,13.4830664124795,11.9188023097258,15.5934386299334
Myanmar,MMR,2011,44,12.0841036083191,10.6588583831273,13.4775060243947
Burundi,BDI,2011,46,9.72728889684832,8.29406338556062,11.4236343513568
Singapore,SGP,2010,47,90.0567227110575,88.1733948304689,91.8897657141773
Finland,FIN,2010,50,88.9228644727397,87.4079984617139,90.3922011253403
Denmark,DNK,2010,45,88.3265058406071,86.6326090926738,90.1486956600806
United States of America,USA,2010,49,85.5115256178808,83.755601717074,87.4820118018875
Switzerland,CHE,2010,48,84.8467504223365,83.0759102453464,86.5524328773136
Sweden,SWE,2010,49,84.6166984474909,82.9865352748604,86.5009968495444
Japan,JPN,2010,47,84.4016428704322,82.6609533566985,85.866949671264
Taiwan,TWN,2010,31,82.1733238984926,78.1922964717882,86.8600784120205
Germany,DEU,2010,48,80.5885710210604,78.9132391983062,82.4862796004757
Hong Kong,HKG,2010,46,78.0054724316685,76.1920273017898,79.7124333776375
Netherlands,NLD,2010,45,77.8763286246347,76.0876861744303,79.6824167336137
Australia,AUS,2010,47,77.7007606478328,76.0210201127892,79.2092174002632
Canada,CAN,2010,48,76.2188239548737,74.4659509958724,78.0914434342957
New Zealand,NZL,2010,43,75.696470820663,73.3173570832298,77.9821520770825
Luxembourg,LUX,2010,46,75.5944743371393,74.0678709607833,77.3887743427195
Norway,NOR,2010,48,75.4737440519633,73.4896656777083,77.2505170436571
United Kingdom,GBR,2010,45,74.8731400969987,73.1905973790475,76.5225518729224
Belgium,BEL,2010,46,74.6831514368945,73.032199640758,76.3165811664502
Austria,AUT,2010,49,72.9653694826232,71.588642038182,74.5406082224973
Ireland,IRL,2010,49,72.5067848693306,71.2017186323397,73.9232579912596
Iceland,ISL,2010,46,72.3176421556853,70.8909595240645,73.8464611842635
France,FRA,2010,49,71.1437176958219,69.5352532598636,72.7704179276838
Israel,ISR,2010,48,70.2503683645041,68.8487566301306,71.5923556662693
United Arab Emirates,ARE,2010,46,67.2503589401859,65.8576735920989,68.5848486312209
Cyprus,CYP,2010,51,67.0162136132506,65.8493296327003,68.0962360513822
Malaysia,MYS,2010,49,66.9262404888901,65.6232287851703,68.1330640713792
South Korea,KOR,2010,50,65.9719021100945,64.7592704194196,67.1944370180215
Estonia,EST,2010,49,64.3980913600548,63.2090263181386,65.5508385975158
Puerto Rico,PRI,2010,35,62.4903306381788,59.7224061198799,65.3157148722575
Qatar,QAT,2010,45,61.6839950126328,60.3190706901155,63.0723135593173
Spain,ESP,2010,50,59.7819318913487,58.725718798655,60.8552894761032
Slovenia,SVN,2010,46,59.7103088039751,58.0516411364406,61.2697596902653
China,CHN,2010,52,59.5992188153811,58.5979870164516,60.6253191520402
Czech Republic,CZE,2010,48,59.1163124150572,57.5525324332767,60.6360163591357
Portugal,PRT,2010,48,55.7228313809168,54.7493546901411,56.6777834815134
Malta,MLT,2010,40,55.259584191301,53.2561681652828,57.2992297999031
Chile,CHL,2010,51,54.1213585202728,53.2650221288329,55.0546269943657
South Africa,ZAF,2010,51,53.5212647727495,52.4004242193417,54.8139827845838
Tunisia,TUN,2010,47,52.6415586435627,51.3412517552363,53.9004437475441
India,IND,2010,51,52.2240076465612,51.2667013787619,53.3531348517637
Poland,POL,2010,49,51.6425389855536,50.6643071984869,52.6036390085793
Costa Rica,CRI,2010,51,51.5686932372059,50.7558067907428,52.451299620677
Saudi Arabia,SAU,2010,46,51.2907295290864,50.0263414970785,52.4728922157111
Lithuania,LTU,2010,46,50.4213931893613,48.8951960215548,51.7901015327251
Thailand,THA,2010,51,50.11909911311,49.251110268795,51.0283168494576
Barbados,BRB,2010,48,49.8680375499025,48.3479001324894,51.5805872640424
Hungary,HUN,2010,50,49.0437270839291,48.0026062463393,50.0296312531002
Jordan,JOR,2010,47,48.8049257545255,47.6998842665238,49.8080803399013
Indonesia,IDN,2010,52,48.6526401405234,47.7838507276133,49.6095221375298
Slovakia,SVK,2010,49,48.5355531613734,47.243882733652,49.8637338946014
Montenegro,MNE,2010,46,47.5004776811278,47.2632436951978,47.7377116670577
Latvia,LVA,2010,48,47.3085330568209,46.2620421722608,48.2893072760907
Greece,GRC,2010,50,46.9097300907517,46.6990797463886,47.1203804351147
Vietnam,VNM,2010,49,46.8101822709096,46.6040115784395,47.0163529633798
Romania,ROU,2010,50,46.6749699178453,46.4748837812631,46.8750560544276
Oman,OMN,2010,39,46.5103131589671,46.3176365765344,46.7029897413999
Bahrain,BHR,2010,42,46.23821895425,46.0577866110295,46.4186512974705
Bahamas,BHS,2010,19,46.2012106020914,46.0224436347181,46.3799775694647
Mauritius,MUS,2010,45,46.1129905065438,45.9381934434701,46.2877875696175
Turkey,TUR,2010,50,44.9736162104274,44.8500909906789,45.0971414301758
Italy,ITA,2010,50,44.8690405820995,44.7502212656258,44.9878598985731
Brunei,BRN,2010,40,44.1632991018768,44.0762381520132,44.2503600517405
Uzbekistan,UZB,2010,20,43.51488497437,43.4570026602441,43.5727672884958
Panama,PAN,2010,46,43.4005890935238,43.347850094036,43.4533280930116
Fiji,FJI,2010,18,42.6524721852725,42.633398446656,42.671545923889
Brazil,BRA,2010,52,42.5528420631667,42.538251680045,42.5674324462884
Croatia,HRV,2010,49,42.0656640739102,42.0583314475154,42.0729967003051
Belarus,BLR,2010,20,41.776160161968,41.7557998595358,41.7965204644002
Kenya,KEN,2010,44,41.7552606189296,41.7339598370606,41.7765614007985
Sri Lanka,LKA,2010,41,41.1202325431808,41.0703554979031,41.1701095884584
Ukraine,UKR,2010,41,40.8178688373299,40.7543854252889,40.8813522493708
Kuwait,KWT,2010,40,40.2579053813463,40.1692236137861,40.3465871489065
Lebanon,LBN,2010,48,39.6219246824572,39.504623783447,39.7392255814674
Azerbaijan,AZE,2010,42,39.4237095806125,39.2974890020193,39.5499301592058
Uruguay,URY,2010,48,38.6518811723567,38.490928315392,38.8128340293214
Russia,RUS,2010,48,38.630135484677,38.4682040717667,38.7920668975873
Gambia,GMB,2010,43,38.3014059515488,38.1246817096477,38.4781301934499
Laos,LAO,2010,43,38.1670648603522,37.9842952693473,38.3498344513572
Bulgaria,BGR,2010,48,37.8788984805372,37.6831614024406,38.0746355586338
Togo,TGO,2010,17,37.4971485174119,37.2842326909746,37.7100643438491
Seychelles,SYC,2010,41,37.4597126724378,37.2451122329767,37.6743131118988
Botswana,BWA,2010,52,36.7274586418167,35.9687293841906,37.4279669699003
Morocco,MAR,2010,47,36.7028450220082,35.7445298520507,37.6228881757739
Kazakhstan,KAZ,2010,46,36.2023419998041,35.9311598800745,36.4735241195337
Rwanda,RWA,2010,46,35.5889492200467,35.290164425228,35.8877340148654
São Tomé and Príncipe,STP,2010,17,35.426798946493,35.1207173893644,35.7328805036216
El Salvador,SLV,2010,48,35.3376476952324,34.4385242132787,36.2836267276305
Moldova,MDA,2010,44,35.1225175696257,33.53385801201,36.7099754665559
Guatemala,GTM,2010,49,35.0133930400664,34.2171322712479,35.8030176436079
Mexico,MEX,2010,51,34.8797782663558,33.8967814618189,35.774682633229
Colombia,COL,2010,51,34.4251862373808,33.6059778635063,35.2023820820506
Trinidad and Tobago,TTO,2010,47,34.2216742274149,33.0997485625678,35.5023031903468
Liberia,LBR,2010,37,34.0534079380627,32.0971761961988,35.762576489871
Georgia,GEO,2010,50,33.9957929240723,33.0927773320771,34.8540008271809
Peru,PER,2010,50,33.9514454873302,33.1420245380755,34.8048152135323
Jamaica,JAM,2010,49,33.519312097807,32.5718879161758,34.3994720646882
Comoros,COM,2010,19,33.4265546496322,33.0304620991449,33.8226472001195
Namibia,NAM,2010,49,33.2584638270613,32.3074762798724,34.1776514933406
Benin,BEN,2010,37,33.0083653376705,31.1002919669772,35.1954887828804
Philippines,PHL,2010,51,32.5912377523378,31.6806763187272,33.4134502896017
Armenia,ARM,2010,41,32.4157131035094,30.3888208165459,34.6047291695873
North Macedonia,MKD,2010,48,32.3675154006408,31.4111932294382,33.3540783289927
Afghanistan,AFG,2010,18,32.2266944967243,31.7766082393561,32.6767807540925
Senegal,SEN,2010,44,32.0225442901342,30.7638059318441,33.3972713369458
Egypt,EGY,2010,50,31.9865473700387,30.9485982765842,32.904443300154
Albania,ALB,2010,43,31.9697754495816,30.403690352396,33.5857497055044
Niger,NER,2010,17,31.8325717619871,29.6351682593688,34.000816565816
Serbia,SRB,2010,45,31.2233877201977,29.7625159263743,32.5534733522397
Nigeria,NGA,2010,47,30.9746485969215,29.5343727905818,32.1983806636805
Bhutan,BTN,2010,38,30.9160604395169,29.1604963205312,32.8067923848086
Republic of Congo,COG,2010,20,30.67314403289,30.1531480046492,31.1931400611307
Belize,BLZ,2010,44,30.2684574467404,28.5500554080705,31.9111496155673
Guyana,GUY,2010,41,30.2029406675308,28.180786815005,32.1374445126944
Iran,IRN,2010,47,30.0926409887621,28.5334604833245,31.5707640047926
Cabo Verde,CPV,2010,38,29.3290314185593,27.2216493647398,31.1272637747449
Tanzania,TZA,2010,41,28.6611693657215,27.0968537544201,30.3799383084241
Argentina,ARG,2010,51,28.6606127845173,27.6959856893611,29.6008741165087
Honduras,HND,2010,45,28.6601888542455,27.2039242283892,30.2560777835448
Zambia,ZMB,2010,49,28.4048170389482,27.5148854543267,29.1989018378253
Tajikistan,TJK,2010,43,27.7739495256846,26.2512828598549,29.4473056366969
Malawi,MWI,2010,47,27.5889911337998,26.7453580050743,28.4556563197379
Uganda,UGA,2010,50,27.5840550144008,26.649642939521,28.3531774113341
Pakistan,PAK,2010,49,27.2542627801579,26.1232953224973,28.2434159424975
Cambodia,KHM,2010,41,26.1973314516459,24.623559926835,27.8835827831071
Ghana,GHA,2010,52,25.8928454229078,25.2151673777892,26.4937652490364
Sudan,SDN,2010,25,25.4682560420893,24.7140400542626,26.2224720299161
Dominican Republic,DOM,2010,50,25.3667883726963,24.4844315604163,26.1492457322709
Cameroon,CMR,2010,51,25.2205980985245,24.5166548201206,25.9324628752611
Algeria,DZA,2010,48,24.7260084634487,23.4043473599248,25.9599938037809
Eswatini,SWZ,2010,40,24.5986620470075,22.8039090875114,26.7707800135772
Lesotho,LSO,2010,43,24.0924882524213,22.5297552401461,25.7003235394786
Ethiopia,ETH,2010,48,23.9956419023442,22.7875984789788,25.1301714450184
Madagascar,MDG,2010,50,23.6522093175059,22.6848005001355,24.5481351598728
Libya,LBY,2010,43,23.348906830252,21.6318593594113,24.9888351681919
Mongolia,MNG,2010,43,22.991555174945,21.0028963023124,24.8835407463524
Burkina Faso,BFA,2010,46,22.8364591933522,21.6388943017457,23.9380916568077
Mali,MLI,2010,39,22.6545494162017,21.0777512612918,24.5539051392448
Kyrgyzstan,KGZ,2010,46,22.5150341404062,21.0441354337522,24.1361390479702
Nicaragua,NIC,2010,41,22.4412787412745,20.7040997536567,24.18870556679
Côte d'Ivoire,CIV,2010,40,22.3961706654829,20.6659643675299,24.1205636537381
Gabon,GAB,2010,40,22.142392662773,20.5498125244279,23.7926234290668
Zimbabwe,ZWE,2010,38,22.1282688855415,20.2642026240737,24.1087613200558
Ecuador,ECU,2010,52,21.4705733937905,20.5530528980055,22.3001864849013
Suriname,SUR,2010,47,21.2420944128348,19.4924516681098,22.7267032962632
Mozambique,MOZ,2010,44,20.9748852352889,19.6566684942456,22.4235393639346
Bangladesh,BGD,2010,51,20.6904427867562,19.8303833929754,21.5194336259615
Venezuela,VEN,2010,46,19.9505544335411,17.9673226239978,22.0758941945888
Bosnia and Herzegovina,BIH,2010,48,19.6557256401829,18.52732073443,20.8771813537012
Democratic Republic of Congo,COD,2010,45,19.1142335748097,17.5301535515432,20.7079284261337
Mauritania,MRT,2010,41,18.4241283467541,16.7682813624242,20.0298285037665
Paraguay,PRY,2010,43,16.7048897260514,14.978690415988,18.3938075628036
Guinea,GIN,2010,42,16.475967811373,14.8290258031909,18.136111082843
Angola,AGO,2010,47,16.4542539313777,15.1351919226541,17.6678821203871
Sierra Leone,SLE,2010,39,15.7895057166613,14.100435157124,17.7806415664124
Bolivia,BOL,2010,50,14.6172540760885,13.5489736678756,15.7626883513714
Yemen,YEM,2010,46,14.2448982099365,12.7736693030191,15.7229255656104
Timor-Leste,TLS,2010,38,14.2306252144064,12.2023635684602,16.3690435607241
Nepal,NPL,2010,43,13.8886874090306,12.1982151235821,15.6376540116198
Myanmar,MMR,2010,44,13.1138437394574,11.8113899856226,14.6494731478334
Burundi,BDI,2010,46,11.2330294896047,9.7789781772667,12.6967058604908
Haiti,HTI,2010,40,10.5601972039975,8.58234245126859,12.5445842290301
Chad,TCD,2010,39,8.29305234698891,6.50602567536927,10.2253177242594
United States of America,USA,2009,49,91.2266055146913,89.4615855320476,93.1621250894813
Singapore,SGP,2009,47,90.2573340120448,88.5866945476772,91.9078509221685
Finland,FIN,2009,50,89.7234285531231,88.1166363406124,91.3098145789861
Denmark,DNK,2009,45,89.3785166076158,87.5418726374117,91.1856568845514
Switzerland,CHE,2009,48,85.7626163693359,83.9513700195773,87.5932151984847
Taiwan,TWN,2009,31,84.7446077636597,80.8183717275548,89.0318539618268
Japan,JPN,2009,47,83.7192018385235,82.2151066998367,85.2867058376292
Sweden,SWE,2009,49,83.4493864782859,81.7799839988045,85.1538567656094
Germany,DEU,2009,48,81.6831059624845,79.9092701826544,83.5759062502062
Netherlands,NLD,2009,45,79.4843230555427,77.8884957305939,81.4207655230441
Australia,AUS,2009,47,79.2141550605452,77.4527652540277,80.8216035167161
Hong Kong,HKG,2009,46,77.6560119079672,75.9911228953778,79.3639050777694
Canada,CAN,2009,49,76.8266680414248,75.2415504311942,78.4432796512698
Norway,NOR,2009,48,76.603704074538,74.9078160367654,78.2233884427403
Ireland,IRL,2009,49,76.3771680313963,74.9974867915566,77.8944527535388
Iceland,ISL,2009,46,75.7886004032061,74.121661194483,77.4548059866689
Belgium,BEL,2009,46,75.1415745603624,73.7396504736517,76.6432503378439
United Kingdom,GBR,2009,45,74.6454903261308,73.3897259515786,75.9771059065268
New Zealand,NZL,2009,43,74.1353555847341,72.0259450431772,76.4747530533258
France,FRA,2009,49,73.7264893692427,72.1146415137034,75.3599695561886
Austria,AUT,2009,49,73.118443445683,71.7308095108313,74.6077921232196
Luxembourg,LUX,2009,46,70.9594980779092,69.1575588664752,72.6495140982534
Israel,ISR,2009,48,70.2001324881677,68.7914843476303,71.6039464332337
South Korea,KOR,2009,50,68.2776079840142,66.9739579733722,69.5836065711772
Cyprus,CYP,2009,51,67.7131759086957,66.609876127413,68.8238743464298
Malaysia,MYS,2009,49,65.6782519293228,64.5706962361219,66.8595094231885
Estonia,EST,2009,49,65.1286241333856,63.9710337126487,66.2819550480117
Spain,ESP,2009,50,63.2111774679764,62.1538658975805,64.4339286805704
United Arab Emirates,ARE,2009,46,62.9197148975069,61.5025229199684,64.1739112743266
Qatar,QAT,2009,45,60.2881228778387,58.9504899676852,61.5331246577148
Puerto Rico,PRI,2009,35,60.1444291655351,57.1150329162066,63.0096733682334
China,CHN,2009,52,58.2511958337338,57.2704017454961,59.2175053455589
Czech Republic,CZE,2009,48,57.7916716321324,56.2970298460146,59.3114953830007
Portugal,PRT,2009,48,57.0888178878557,56.0377553589112,58.1209951080129
South Africa,ZAF,2009,51,56.3992983446152,55.153696463719,57.6135572753425
Slovenia,SVN,2009,46,54.4860737824425,53.0688985155517,56.0830310816375
Chile,CHL,2009,51,53.8243741436431,53.0249054807052,54.7492965596173
Tunisia,TUN,2009,47,53.4954071642955,52.2791673912212,54.6077984618338
Malta,MLT,2009,40,53.1768341308816,51.2767484223125,55.2054719297271
India,IND,2009,51,52.0594264456953,51.1108539787861,53.1057327635913
Saudi Arabia,SAU,2009,47,51.8527083985719,50.7393465699137,52.9682054397273
Barbados,BRB,2009,48,51.7542366620062,50.0066192550756,53.7383037421457
Costa Rica,CRI,2009,51,51.6323156334218,50.8012405798606,52.4669683425816
Lithuania,LTU,2009,46,51.4460179220921,50.0907914844911,52.6697032337829
Jordan,JOR,2009,47,50.2475921308671,49.049241805726,51.3932808121819
Greece,GRC,2009,50,48.7428641451933,47.5685384185087,49.9099395791339
Thailand,THA,2009,51,48.7215614037984,47.9758629174007,49.5688847617907
Latvia,LVA,2009,48,48.5106537804529,47.5013540290094,49.3775481251337
Montenegro,MNE,2009,46,48.1364748509619,46.9773775142905,49.2997703366612
Poland,POL,2009,49,47.7482140585244,46.7427505154748,48.7919498499515
Romania,ROU,2009,50,47.5127398716352,46.3849150840268,48.6593338313575
Slovakia,SVK,2009,49,47.4983881647816,46.340469553747,48.6400162617257
Mauritius,MUS,2009,45,47.2596033591795,47.0332087177372,47.4859980006217
Hungary,HUN,2009,50,46.7421541531407,45.740000223029,47.6296613847585
Brazil,BRA,2009,52,46.3499999363578,46.1645374489424,46.5354624237731
Bahamas,BHS,2009,19,46.0602293061332,45.887806497078,46.2326521151884
Oman,OMN,2009,39,45.79950685214,45.6388165535144,45.9601971507655
Italy,ITA,2009,50,45.3601925122918,45.2192713589595,45.5011136656242
Indonesia,IDN,2009,52,44.9889915169717,44.8647744084287,45.1132086255146
Ukraine,UKR,2009,41,44.8667561127672,44.7480395974134,44.9854726281209
Russia,RUS,2009,48,44.5682260413,44.4629433791622,44.6735087034377
Vietnam,VNM,2009,49,44.2876625733901,44.1950052673084,44.3803198794719
Croatia,HRV,2009,49,43.1245658362355,43.0842478833257,43.1648837891453
Panama,PAN,2009,46,42.6053421825054,42.5883892940135,42.6222950709974
Bahrain,BHR,2009,42,42.4961317130747,42.4840932957071,42.5081701304423
Sri Lanka,LKA,2009,41,41.8541741100854,41.8373244353185,41.8710237848524
Brunei,BRN,2009,40,41.7875087096457,41.767659091859,41.8073583274324
Turkey,TUR,2009,50,41.4786044610397,41.4448541520657,41.5123547700137
Kenya,KEN,2009,44,41.339153119434,41.2991275000878,41.3791787387803
Lebanon,LBN,2009,48,40.245905125022,40.1566833459272,40.3351269041168
Kuwait,KWT,2009,40,39.8592284491038,39.7526062195927,39.9658506786149
Uzbekistan,UZB,2009,20,39.6001680929926,39.4818881474565,39.7184480385288
Laos,LAO,2009,43,38.6393484854907,38.477831657617,38.8008653133644
Seychelles,SYC,2009,42,37.757804074684,37.556617748324,37.958990401044
Belarus,BLR,2009,20,37.7498766711537,37.5483336116349,37.9514197306726
Azerbaijan,AZE,2009,42,37.7467847097968,37.5451025120169,37.9484669075767
Colombia,COL,2009,51,37.7437885469283,37.0229243030413,38.5035089477765
Uruguay,URY,2009,48,37.7213060271038,37.5184772886027,37.9241347656049
Bulgaria,BGR,2009,48,37.5460172068754,37.335300471464,37.7567339422868
Kazakhstan,KAZ,2009,46,37.4859483547461,37.2725285209889,37.6993681885033
São Tomé and Príncipe,STP,2009,17,37.1891006154653,36.9623226334405,37.4158785974901
Fiji,FJI,2009,18,37.0902109426033,36.8589829252997,37.3214389599069
Botswana,BWA,2009,52,37.0786922789582,36.2997082322795,37.8420715484552
Togo,TGO,2009,17,36.9226173494376,36.6838476204415,37.1613870784337
Georgia,GEO,2009,50,36.9147762813494,36.0518892939507,37.7372513257347
Gambia,GMB,2009,43,36.817492298092,36.5739919417853,37.0609926543986
Guatemala,GTM,2009,49,35.8291477860399,35.0267490025474,36.6361920597191
Liberia,LBR,2009,37,35.8001667483902,35.510886742347,36.0894467544334
Senegal,SEN,2009,44,35.6677381471883,34.538223504421,36.971576017774
Philippines,PHL,2009,51,35.0834465610233,34.1474624045559,35.9695874857711
Rwanda,RWA,2009,46,34.819735921778,33.3201036173604,36.3200158647367
Moldova,MDA,2009,44,34.8121208856965,33.0723814494479,36.2171108487206
Morocco,MAR,2009,49,34.557899506378,33.6051764406379,35.4501328075499
Jamaica,JAM,2009,49,34.5134938793937,33.5485983283222,35.4676971978012
Peru,PER,2009,50,34.2273768915743,33.2939504038847,35.1450828337197
El Salvador,SLV,2009,48,34.0053436089185,33.1641957167357,34.9600465587601
Mexico,MEX,2009,51,33.6481277050062,32.6944545497376,34.5644090791712
Trinidad and Tobago,TTO,2009,47,33.5750153441134,32.340249023996,34.8446459040285
North Macedonia,MKD,2009,48,33.4611336330509,32.5052746542045,34.4947621639611
Namibia,NAM,2009,49,33.2603406778796,32.1215712266901,34.3500024244807
Nigeria,NGA,2009,47,32.9885025302511,31.5408086488228,34.2744425243833
Afghanistan,AFG,2009,18,32.5718310566031,32.1372759444295,33.0063861687768
Niger,NER,2009,17,32.1684384573085,31.7157306781666,32.6211462364504
Guyana,GUY,2009,41,31.8958362731228,29.8931593251338,33.7901732004158
Benin,BEN,2009,38,31.8941312835301,29.9040770358634,33.8998351287962
Bhutan,BTN,2009,38,31.8184238737045,29.89548377245,33.6615308980443
Republic of Congo,COG,2009,20,31.8145919267508,31.3459610537338,32.2832227997677
Albania,ALB,2009,44,31.7775865789918,30.4656871322338,33.19529860033
Tajikistan,TJK,2009,43,30.6306405593711,28.7654711627629,32.4295349200946
Egypt,EGY,2009,50,30.4720642147569,29.4999196096178,31.3603876392463
Comoros,COM,2009,19,29.3883829504662,27.0328136999917,32.1906391104061
Zambia,ZMB,2009,50,29.2450195321228,28.3456301114283,30.0344034584864
Belize,BLZ,2009,44,28.9951115567096,27.4880493663439,30.5015413868204
Serbia,SRB,2009,45,28.9343840083124,27.3453388393949,30.1179866694239
Armenia,ARM,2009,41,28.8919443084683,26.6011868174501,31.356433515708
Honduras,HND,2009,45,28.7178501510734,27.3494343097847,30.338271579888
Iran,IRN,2009,47,28.4988257073124,26.9155721324367,30.1649965210291
Argentina,ARG,2009,51,27.7390397631436,26.7611798361061,28.6927608959991
Uganda,UGA,2009,50,27.6598169991448,26.7768527230642,28.4541181658226
Dominican Republic,DOM,2009,50,27.6201777572073,26.7870151117318,28.4215845124547
Cabo Verde,CPV,2009,38,27.504158428354,25.6800058653563,29.5438379613699
Malawi,MWI,2009,47,27.1509192571725,26.1920839672815,28.1508590049686
Ghana,GHA,2009,52,26.8686089096086,26.2009663939846,27.5486020056594
Lesotho,LSO,2009,43,26.7014631212834,25.2215085406106,28.482076575322
Pakistan,PAK,2009,49,26.4676620833156,25.4174214977967,27.5614864403691
Libya,LBY,2009,43,26.27880383915,24.6246299245329,27.9182524358704
Cameroon,CMR,2009,51,25.7685534486493,25.0060359646764,26.5532193095093
Burkina Faso,BFA,2009,46,25.42239134306,24.336946838764,26.4137721492255
Tanzania,TZA,2009,41,24.1606683293635,22.5649386885111,25.6791925840428
Madagascar,MDG,2009,50,24.1059547261914,23.3242538908005,24.9049517826553
Eswatini,SWZ,2009,40,23.6751209308044,21.8650454488712,25.5922039879875
Kyrgyzstan,KGZ,2009,46,23.6285451687614,22.2012890510091,25.2368439653964
Sudan,SDN,2009,25,23.2379425482809,19.6124657835506,27.3176912513569
Nicaragua,NIC,2009,41,23.2123958295289,21.5452358388204,24.8760342953011
Venezuela,VEN,2009,46,22.3192820593633,20.2779109272572,24.3502598550363
Mongolia,MNG,2009,43,22.2632563626079,20.2768647627098,24.3149519838987
Cambodia,KHM,2009,41,22.2561771667788,20.5814821118146,23.9904797895116
Côte d'Ivoire,CIV,2009,40,22.1399530405896,20.403385017291,23.8809906072255
Gabon,GAB,2009,40,21.8124771518629,20.1442668027787,23.3922481273541
Algeria,DZA,2009,48,21.1061280804357,19.6562836805967,22.2829575297107
Zimbabwe,ZWE,2009,38,21.0613885371929,19.1901123298999,23.2074943932123
Suriname,SUR,2009,47,21.0590573380074,19.3932698358067,22.8110931786151
Bangladesh,BGD,2009,51,20.8388979790654,19.9704295343277,21.6501914888258
Ethiopia,ETH,2009,49,20.8204575157532,19.6200869871837,21.8025138463488
Mozambique,MOZ,2009,44,20.8186283759067,19.3913276481762,22.1267682558046
Bosnia and Herzegovina,BIH,2009,48,20.5365208025162,19.385627206768,21.5716081792655
Mali,MLI,2009,39,20.5341847865417,18.7759679460742,22.5896291512817
Democratic Republic of Congo,COD,2009,45,19.7608935290096,18.2525190552013,21.3868380665555
Ecuador,ECU,2009,52,19.6014154070576,18.8181507309884,20.392368692361
Angola,AGO,2009,47,18.1093300322819,16.7747170156011,19.4089021393574
Paraguay,PRY,2009,43,17.7776678432837,16.0484892244626,19.5882099960648
Guinea,GIN,2009,42,17.0181925114488,15.6099400697097,18.7220030390195
Nepal,NPL,2009,43,16.6381253484417,15.0993215253273,18.4033080207847
Mauritania,MRT,2009,41,15.4684879844502,13.7650332704541,17.1933389379119
Yemen,YEM,2009,46,14.4469569446243,12.9662652749218,15.8697355400214
Burundi,BDI,2009,46,13.3183908592664,12.0152984954711,14.7719279151198
Sierra Leone,SLE,2009,39,12.9098254410306,11.002200475051,14.5391205165612
Bolivia,BOL,2009,50,12.4255584340368,11.1806022870238,13.6340858431731
Timor-Leste,TLS,2009,38,12.0128588085581,10.1918909257697,13.7855363325813
Haiti,HTI,2009,40,10.8356684788001,9.0335048849616,12.8263505941159
Myanmar,MMR,2009,44,10.6078471069544,9.17322843961955,12.332905526862
Chad,TCD,2009,39,6.48202786563203,4.727659467392,8.3399520882823
