country,iso,year,n_obs_vars,property_rights_scaled,index_lower_scaled,index_upper_scaled
Denmark,DNK,2025,28,97.1635495543328,95.3674071726744,99.7628334726623
Germany,DEU,2025,30,95.9124120624553,94.0461813841015,98.0985424831853
Finland,FIN,2025,29,95.1558745955759,92.6544773626645,97.4097421705193
Norway,NOR,2025,29,94.8703952047043,92.5601961465334,97.1819921380883
Switzerland,CHE,2025,26,94.4157611060758,91.7509581264306,96.633528717656
Sweden,SWE,2025,29,94.0922540550186,91.4474359651914,96.3256845879281
Ireland,IRL,2025,29,93.704977166409,91.6057001683744,95.769575087762
Estonia,EST,2025,28,92.4770352942796,90.0784735828484,95.1935080356183
Australia,AUS,2025,30,92.1836263697804,90.3234369474382,94.4689733313472
Netherlands,NLD,2025,29,92.0463992007108,89.8366706538582,94.284307454621
Iceland,ISL,2025,27,91.5654950213383,88.1151179682972,93.8099277358317
New Zealand,NZL,2025,29,91.452573985687,89.3648420374329,93.4117116662399
Luxembourg,LUX,2025,29,91.2184103775236,89.3119480727634,93.6253782208694
Japan,JPN,2025,29,90.9006173774735,88.3723506958961,92.9669139566637
Canada,CAN,2025,30,89.5851097988542,87.7443036821613,91.6985644904479
Belgium,BEL,2025,27,87.4428585704421,85.44618468887,89.6939599577549
United States of America,USA,2025,30,86.4166122544855,84.4464824491509,88.5524719289116
United Kingdom,GBR,2025,29,85.7004143311623,83.1868476641758,87.7095350181709
France,FRA,2025,29,85.4846369472093,83.5426242385416,87.4110121865862
Czech Republic,CZE,2025,28,85.3178028882274,82.9885961715758,87.279908398769
Uruguay,URY,2025,28,84.224823245654,81.408352371342,86.51841872875
Spain,ESP,2025,27,83.8613166258959,81.7124346975806,85.794870954692
Taiwan,TWN,2025,24,83.1714833351688,80.2789371711017,85.9620466255944
Austria,AUT,2025,28,83.0274032692634,81.1278162143245,86.2579867150119
Singapore,SGP,2025,29,82.5560019614506,78.8996425638926,83.5470212971167
Latvia,LVA,2025,27,81.6679454167513,78.4713627831199,84.0973339720922
Portugal,PRT,2025,28,81.5781629681968,79.6186207212316,84.1465370567499
Barbados,BRB,2025,25,81.108551225286,75.7097089846489,81.8158389045061
South Korea,KOR,2025,29,80.7121544462316,78.3925853296593,82.5847765867177
Lithuania,LTU,2025,28,80.6850815764739,78.9828117281709,83.9609382634549
Slovenia,SVN,2025,27,80.0594281654092,76.1336825585487,81.0544439854533
Chile,CHL,2025,30,80.0241147780123,78.1663779763981,81.8882333427549
Seychelles,SYC,2025,27,78.5437698216986,76.1015473716243,81.5037127950305
Costa Rica,CRI,2025,29,76.9160293520714,75.1386522877138,78.9676007603367
Italy,ITA,2025,30,74.9954296421889,73.1659297149564,76.8880825349772
Israel,ISR,2025,29,74.8044027424931,73.2813318415833,77.0101273055511
Malta,MLT,2025,29,72.5574894982129,71.025940013566,75.009231378006
Cyprus,CYP,2025,27,72.4245284804848,70.6313671363192,75.1132192478134
Slovakia,SVK,2025,28,71.9465266627293,70.3299026485355,74.0376093328937
Poland,POL,2025,30,71.5236542996179,69.736190920405,73.4118191217134
Croatia,HRV,2025,27,70.4236085884869,67.4039870101279,72.3330447362224
Cabo Verde,CPV,2025,27,69.8831072728509,67.9460557724359,73.6099645443228
Jamaica,JAM,2025,27,69.7866070707935,68.2405087682426,72.0341592557049
Greece,GRC,2025,30,68.2425915977357,66.346610824412,70.0821931844183
Namibia,NAM,2025,28,68.1914764702671,64.4685718788082,69.1759774877507
Bhutan,BTN,2025,24,67.8088478154424,62.8495243912466,70.0294749734776
Botswana,BWA,2025,28,67.7220015084283,66.4662680620929,70.9558456222899
Bahamas,BHS,2025,13,66.8033141379638,63.3906601598712,70.3751165318661
Romania,ROU,2025,28,66.1956590214519,63.190146384213,67.5470656470366
South Africa,ZAF,2025,29,65.9727313945924,64.1389302613588,67.5987727228225
Malaysia,MYS,2025,29,65.6210556141081,62.9303525405782,67.1450450638472
Fiji,FJI,2025,25,65.1565646604198,61.1594808758597,67.5217285811836
Mauritius,MUS,2025,28,65.0504298650257,63.9403561184725,69.4885373725504
Trinidad and Tobago,TTO,2025,27,64.7012456649001,62.3540032844932,66.2528046863022
Brazil,BRA,2025,30,64.1557565235941,62.0755960586824,65.5012642843775
Hong Kong,HKG,2025,27,64.0883694329648,62.5677080939615,67.3961346446628
Montenegro,MNE,2025,28,63.2694797460511,60.6708334295716,65.0782964472286
Hungary,HUN,2025,30,61.8496252437646,59.9882490763399,63.365445371091
Panama,PAN,2025,29,61.8433578814047,59.7294024315731,63.6342625608922
Bulgaria,BGR,2025,28,61.0597327832942,59.3301597132315,63.5820989218698
Georgia,GEO,2025,27,60.3663368282348,55.4921723493378,61.8002569760797
Kuwait,KWT,2025,28,60.2425181008111,56.7374401172324,62.2062433204886
Moldova,MDA,2025,27,59.8437011657433,54.8537293558316,60.1000073510869
Puerto Rico,PRI,2025,10,59.7926549693769,57.5113784676428,62.9579701661269
Belize,BLZ,2025,15,59.4601809686029,52.5703633220087,60.1575803678696
Jordan,JOR,2025,28,59.3507548153432,56.8766488088405,60.8930690102399
Ghana,GHA,2025,31,59.1469380178802,57.5795271008467,61.0279035619305
Suriname,SUR,2025,27,58.9852319705145,54.4613064304979,60.399516863948
Argentina,ARG,2025,30,58.9252682567074,57.4168508285374,61.1070029467587
Oman,OMN,2025,26,58.7983348628774,55.0635263829615,60.6304796271031
Gambia,GMB,2025,28,58.7811372684557,56.5185158989726,61.8173086719954
Albania,ALB,2025,29,58.7480106888914,57.6954134086333,61.4201903334922
United Arab Emirates,ARE,2025,28,58.6047402531043,55.5680949282995,60.4476002341576
Colombia,COL,2025,30,58.0695842099265,56.6869877349927,60.3369346096177
Kenya,KEN,2025,31,56.6023958806359,55.0374195233606,58.2074003814736
Sri Lanka,LKA,2025,29,55.9438665173056,54.1104785791177,57.8742745816578
Benin,BEN,2025,30,55.7173728215208,52.8353218941851,57.0486995416132
North Macedonia,MKD,2025,25,55.0247102528848,50.3672399410824,56.4570677457237
Senegal,SEN,2025,30,54.9881700295908,52.9026814955075,56.7041828532779
Mongolia,MNG,2025,28,54.6140778509626,51.8503242942726,57.0085018367417
Malawi,MWI,2025,29,54.2326835863758,51.8454615624821,55.9639572253874
Thailand,THA,2025,29,54.0102129957155,51.1856140924331,55.2940144226619
Morocco,MAR,2025,29,53.9216735143664,52.6996476228513,56.5756903356655
Zambia,ZMB,2025,29,53.8342256999214,51.1170496232785,55.5178343341104
Dominican Republic,DOM,2025,30,53.8074072976409,52.1320311630371,55.5578362461492
Qatar,QAT,2025,28,53.7991173879107,51.7594685559297,55.7713545203219
Armenia,ARM,2025,25,53.4900591838054,50.3393305234874,55.6848840503281
Peru,PER,2025,30,53.1926323513799,51.5708270847258,55.0564344930702
São Tomé and Príncipe,STP,2025,23,52.9467832505445,50.6732889693873,57.7149302469239
Brunei,BRN,2025,12,52.5628304817729,50.2726983630323,57.5732889633536
Guyana,GUY,2025,28,51.802559360148,49.9048318529455,54.7412759448395
Indonesia,IDN,2025,29,51.7741375354931,49.7110903539664,53.5182916168889
Serbia,SRB,2025,27,51.0183958773132,50.3621842944686,55.83088021936
Nepal,NPL,2025,29,50.5413901194343,49.1360675784375,53.7838572197577
Paraguay,PRY,2025,28,50.5258904151238,47.456307769051,52.001680168338
Papua New Guinea,PNG,2025,25,50.1997840977529,46.5471934875357,51.9281868378282
Côte d'Ivoire,CIV,2025,29,50.1398839705797,48.1713465283589,52.5309571924139
Philippines,PHL,2025,29,49.8927935419742,47.9410790186498,52.0190977063235
Lesotho,LSO,2025,27,49.4963948966287,46.7621115818752,51.5233070627362
India,IND,2025,29,49.2945485584671,46.3527379814309,51.0045880328071
Rwanda,RWA,2025,30,48.8092393375569,46.6031456648022,50.7720344269209
Tanzania,TZA,2025,29,48.5131861271506,46.7003810883482,51.0360020002807
Niger,NER,2025,28,48.2827448275345,45.3861234483146,50.4606419751397
Sierra Leone,SLE,2025,27,48.1575198013405,45.5700952886283,50.7006009166244
Bosnia and Herzegovina,BIH,2025,27,46.785979389988,45.3087059533077,50.7393523464582
Saudi Arabia,SAU,2025,28,46.4206932924197,43.3455903374589,47.9977825848688
Liberia,LBR,2025,28,46.3765234753646,44.5468440605949,49.5910022584433
Timor-Leste,TLS,2025,26,45.5319973864474,44.3839489916647,50.2354905452548
Ecuador,ECU,2025,30,44.2404235788904,42.3469782001584,46.3274960660196
Palestinian Territories,PSE,2025,23,44.1529076205077,38.5628147047425,46.2388513563976
Mexico,MEX,2025,30,44.1116502759913,42.6383369084969,46.3751315968149
Honduras,HND,2025,30,43.4103151390535,40.9157812559179,45.2078161518007
Gabon,GAB,2025,29,42.8227869596894,40.7300182403648,44.6045990439932
Bahrain,BHR,2025,27,42.8032586075316,40.3882090900173,44.811922610143
Kazakhstan,KAZ,2025,28,42.7463978072311,41.1593629081438,45.2428035549544
Tunisia,TUN,2025,28,42.4258226753303,40.2686860915052,45.6428352217658
Uganda,UGA,2025,30,42.3370576822316,40.88157382046,44.2704212252784
Burkina Faso,BFA,2025,29,42.1244954052043,40.1600064211371,44.6443426317897
Madagascar,MDG,2025,29,41.0531432547126,38.555676310065,42.612413200525
Cuba,CUB,2025,24,41.0475178301736,37.1203926726443,44.9746429877028
Guinea,GIN,2025,28,40.3421809107924,36.789028596018,42.0936996145797
El Salvador,SLV,2025,29,40.1080387506177,38.1453496556891,42.1884456747927
Djibouti,DJI,2025,27,39.9589687148961,34.4184714700974,40.4300211969275
Guatemala,GTM,2025,28,39.5112753784018,37.6807649210716,42.3102372089158
Nigeria,NGA,2025,28,39.4333358154558,36.5240786253258,41.5788457112484
Vietnam,VNM,2025,29,38.8593553590561,36.3126902791218,39.964259477567
Ukraine,UKR,2025,29,38.8079746948916,36.1678221881655,40.9826592017577
Mali,MLI,2025,30,38.7580555859193,36.5864679985145,40.2268015887025
Uzbekistan,UZB,2025,28,38.6648762210862,35.072679637748,40.5437289883865
Kyrgyzstan,KGZ,2025,28,38.3853817700776,35.9942431680736,40.939067610366
China,CHN,2025,29,37.3730826651362,34.2201090482006,38.2246007245088
Bolivia,BOL,2025,27,37.0447995755188,33.5108704523544,37.9614711015299
Togo,TGO,2025,28,36.8175388265988,35.3786320634601,40.5591774719509
Mozambique,MOZ,2025,29,35.7587912580655,33.0389437046468,36.9527973627945
Eswatini,SWZ,2025,28,35.4617123492948,33.4245268447275,38.3395598127339
Egypt,EGY,2025,30,35.3048908992797,33.1215357305979,37.0092616815739
Algeria,DZA,2025,29,34.1182898812595,32.5581253354556,37.3868599763354
Mauritania,MRT,2025,28,33.8471795311449,32.5591678889937,37.5874697769945
Russia,RUS,2025,30,33.8282036947155,31.5544228419714,35.7262010684292
Republic of Congo,COG,2025,28,33.4014879312186,28.7974372550876,33.7701642621885
Myanmar,MMR,2025,27,33.0229298101822,31.5280649913135,36.6311755337935
Turkey,TUR,2025,29,33.0095528313599,30.6155007474134,35.7443907249042
Guinea-Bissau,GNB,2025,26,32.999067238874,30.3381129095541,36.1966660965377
Angola,AGO,2025,27,32.9922950028579,29.6754531671566,35.2962059848812
Zimbabwe,ZWE,2025,29,32.8423373217186,29.7126436309418,34.1717686204787
Pakistan,PAK,2025,30,32.628025934747,29.4766592423529,33.5885108162785
Azerbaijan,AZE,2025,28,31.555169264772,30.0229142817202,34.1121484862455
Lebanon,LBN,2025,27,31.2842246075682,27.2665820407525,33.2204853199442
Laos,LAO,2025,24,30.7555003427868,26.7530239935322,33.6719371079605
Cameroon,CMR,2025,29,28.5761918161748,27.119923847112,31.8757932648467
Iraq,IRQ,2025,26,27.8483696998571,26.1217099860767,32.7876982235984
Belarus,BLR,2025,27,26.0956579369249,24.3290901289993,30.4208303941917
Ethiopia,ETH,2025,30,25.5615437125013,23.4887785865603,27.4290779093296
Comoros,COM,2025,26,25.2753199238828,21.6772684849886,27.4190533307961
Central African Republic,CAF,2025,27,24.9943165327075,21.8554548203353,28.3289863249744
Tajikistan,TJK,2025,27,24.9405690103721,19.7413703090802,25.8596353341072
Haiti,HTI,2025,28,24.5926321410652,22.4666570775842,26.676903525641
Cambodia,KHM,2025,28,24.2217002434566,21.3293734576002,26.2453561907558
Burundi,BDI,2025,27,22.5498802574742,18.0088549303847,23.5043095324356
Iran,IRN,2025,29,22.1335018524867,20.6889488004644,24.554036179083
Democratic Republic of Congo,COD,2025,27,21.7469817142894,20.4014727308397,26.2342803159962
Turkmenistan,TKM,2025,22,20.5654216228449,18.4091761540645,25.8214460246557
Afghanistan,AFG,2025,28,20.3265202164507,16.3032121533094,21.9938047475995
Bangladesh,BGD,2025,29,19.0239347604084,17.9961661658013,22.7347932919271
Somalia,SOM,2025,27,18.5738098157148,15.7234808155171,20.5149617228396
Chad,TCD,2025,28,17.7843947341139,16.1954806606097,21.127240934216
Equatorial Guinea,GNQ,2025,24,16.3093038764912,10.1355517965446,17.0256150538187
Yemen,YEM,2025,26,13.5708471805757,8.97562567345616,14.6234652875764
Libya,LBY,2025,25,13.4729120957156,12.5754222411375,18.6456778377207
Sudan,SDN,2025,28,13.2928858683934,8.84363435350387,14.3156220173089
South Sudan,SSD,2025,23,12.2044229098259,9.68444319079509,17.8570818666248
Nicaragua,NIC,2025,28,9.96644036251658,6.73034388512428,12.0860398380548
Syria,SYR,2025,27,8.49140328324028,5.0471012931263,10.3180670564252
Eritrea,ERI,2025,24,8.38982121194472,3.13318035552288,10.757771086172
Venezuela,VEN,2025,29,8.26148122299691,6.93037237711977,11.5620767714652
Denmark,DNK,2024,28,97.0323071096672,94.7228402788192,99.4820540452653
Germany,DEU,2024,30,95.1285917984392,93.0330471853104,97.1862208665244
Norway,NOR,2024,29,95.0678747457606,92.5343879136063,96.9948981001966
Finland,FIN,2024,29,94.5679670188873,92.2222811842028,96.755243058887
Sweden,SWE,2024,29,94.288326119125,92.129318467396,96.396505203089
Switzerland,CHE,2024,26,93.6721085853599,90.8287127555575,95.9046252161074
Ireland,IRL,2024,29,93.4190696459911,91.5208614134855,95.856800686037
Australia,AUS,2024,30,92.4426872773893,90.60834928279,94.8979150130797
New Zealand,NZL,2024,29,92.0739520244269,89.883773334907,94.0542324505128
Netherlands,NLD,2024,29,91.850954178445,90.0605816072392,94.390808562819
Estonia,EST,2024,28,90.775934384848,88.6612602101363,94.732748244628
Iceland,ISL,2024,27,90.2996960908016,87.9726314872641,92.6900123884202
Japan,JPN,2024,29,89.9409368008472,87.4803172142635,92.1506311874042
Luxembourg,LUX,2024,29,89.7996813338171,88.6498287805602,92.7847519293117
Canada,CAN,2024,30,89.6085214664432,87.4823483404681,91.7032959907797
Belgium,BEL,2024,27,87.9029467222739,85.6068094764831,89.9254994213731
United States of America,USA,2024,30,86.7035017766456,84.8892124894968,88.6522197117308
France,FRA,2024,29,85.3618331152537,83.8018886124237,87.793238292995
Austria,AUT,2024,28,85.1284033098896,83.087547423244,88.2309848867441
United Kingdom,GBR,2024,29,84.7762206348181,82.6314417506949,86.9661958558593
Uruguay,URY,2024,28,83.7496394087291,80.7756713973366,85.7652396670578
Taiwan,TWN,2024,24,83.6129281580566,80.043987518261,85.4660037126138
Spain,ESP,2024,27,83.0330454135985,81.772989056094,85.8655452323264
Czech Republic,CZE,2024,28,82.5113299801688,80.7784780957097,84.9864747338063
Portugal,PRT,2024,28,82.4551167598603,80.0675877425538,84.5623465530719
South Korea,KOR,2024,29,81.3552868220397,79.0119739077555,83.2441609307794
Latvia,LVA,2024,27,81.33021459945,77.7749359460395,82.985344304181
Lithuania,LTU,2024,28,81.2078767564767,78.2497878243443,83.0553561804639
Barbados,BRB,2024,25,80.855431791969,75.2419865805486,81.1078263388488
Chile,CHL,2024,30,79.629726094604,78.0088162573951,81.663597667967
Singapore,SGP,2024,29,79.3311679868726,77.4052221703929,82.1317378595913
Slovenia,SVN,2024,27,78.1350991755762,76.1237953951121,80.8743892378046
Seychelles,SYC,2024,27,77.1725694288608,75.0030873708088,80.6660929370924
Costa Rica,CRI,2024,29,76.9392831640372,75.1176863902779,79.0646777120899
Slovakia,SVK,2024,28,75.6812769533268,72.6055205302963,77.1263407458886
Italy,ITA,2024,30,75.544646837384,73.7255164802763,77.4428567328265
Israel,ISR,2024,29,75.4480785511557,73.6359786771569,77.5728731691503
Malta,MLT,2024,29,73.259795389444,71.1632307021059,75.2184124650664
Cyprus,CYP,2024,27,71.8989924287125,69.2523652784038,73.5525423436264
Croatia,HRV,2024,27,71.1146180523925,67.0372201775757,71.8174590885602
Cabo Verde,CPV,2024,27,70.4777699464181,67.3813408022217,73.1579217555176
Jamaica,JAM,2024,27,69.2947130768055,67.2867553786873,71.3769349487806
Bahamas,BHS,2024,13,68.1829215309352,64.1916868907352,69.661098699243
Botswana,BWA,2024,28,68.1436615436132,66.0865552748893,71.229984528629
Greece,GRC,2024,30,67.760852101162,65.8025613941501,69.4996988804475
Namibia,NAM,2024,28,66.9294112410373,64.0992052975546,68.8809042602545
Poland,POL,2024,30,65.3830277377354,63.7601971002956,67.1126668183864
Romania,ROU,2024,28,65.2612920059683,62.5871644715778,66.9849366280299
Bhutan,BTN,2024,24,65.0483966890757,63.7140764830329,70.9686207020153
Mauritius,MUS,2024,28,65.0265600571639,63.1104651833088,67.8656654317514
South Africa,ZAF,2024,29,64.9949654697513,63.5425141081288,66.8671044667432
Malaysia,MYS,2024,29,64.421515838375,62.024228072589,66.2634779669789
Puerto Rico,PRI,2024,10,64.0659812998764,61.2873632246384,66.8445993751144
Hong Kong,HKG,2024,27,63.6459862714408,61.5175779020895,67.0771681297597
Bulgaria,BGR,2024,28,63.4562176145129,60.2981471265845,64.3648285010947
Trinidad and Tobago,TTO,2024,27,63.2407653022208,61.5334125829004,65.4527513652001
Montenegro,MNE,2024,28,63.107148589076,59.9430623627795,64.6702917413723
Hungary,HUN,2024,30,61.423855336072,59.7633708422009,63.0787205325441
Georgia,GEO,2024,27,61.3838130374948,59.2080969505851,64.9787553817597
Brazil,BRA,2024,30,61.3779683514477,59.9733852100675,63.3222795044821
Panama,PAN,2024,29,61.1912372323375,58.4514246195095,62.2941026101809
Fiji,FJI,2024,25,59.9119111337602,58.5732710648692,64.8436446177104
Kuwait,KWT,2024,28,59.8114288190972,56.6723549588483,62.3120451573932
Gambia,GMB,2024,28,59.0026014721474,55.0945520807059,60.5343442681255
Ghana,GHA,2024,31,58.6295658147001,57.0732473137773,60.4476699922301
Suriname,SUR,2024,26,58.5184943192609,53.9901223889014,59.4427668132852
United Arab Emirates,ARE,2024,28,58.4110069215137,55.7823234004744,60.1068034192026
Argentina,ARG,2024,30,58.0063017849525,56.4700992597727,60.1591322818062
Albania,ALB,2024,29,57.94355297143,56.366440623266,59.9070633521341
Colombia,COL,2024,30,57.8251328409965,56.1996021921042,59.5758493308674
Jordan,JOR,2024,28,56.7051244627436,55.0281839792629,58.9652707947752
Kenya,KEN,2024,31,56.6745314031806,55.1824851133625,58.4865753208212
Moldova,MDA,2024,27,56.5440693184264,54.0244547229435,58.700666785135
Belize,BLZ,2024,14,56.2593939568217,52.2973851515825,59.6509969430219
Oman,OMN,2024,26,55.9154020221451,53.1996636937516,59.157437359325
Senegal,SEN,2024,30,55.4024946177369,52.5084648759259,56.5657548160924
Armenia,ARM,2024,25,55.3479340144874,51.363618934341,56.9836672874885
Morocco,MAR,2024,29,55.2015734362443,51.3442905086079,55.5726845271795
Mongolia,MNG,2024,28,54.5776079770168,51.4000923042707,56.1275954924791
Zambia,ZMB,2024,29,54.5729978144786,51.1612863543915,55.5384651922917
Peru,PER,2024,30,54.2648878395982,52.5162541780912,56.0414082682763
Malawi,MWI,2024,29,53.7708392488916,51.3685511976498,55.7542126183364
Benin,BEN,2024,30,53.7093052802857,50.9394391231325,55.2102697762765
North Macedonia,MKD,2024,25,53.4028168330583,48.3051721448749,54.5971799594015
Brunei,BRN,2024,12,53.248270797858,50.6602398203124,56.781346927014
Sri Lanka,LKA,2024,29,53.2344900760659,50.940013539404,54.8147404720599
Qatar,QAT,2024,28,53.1800750366443,51.1033672704043,55.1490622639299
Serbia,SRB,2024,27,53.1795439628975,50.6470225182004,56.1725832961307
São Tomé and Príncipe,STP,2024,23,52.8816014139062,48.1664569335279,56.3520028701599
Guyana,GUY,2024,28,52.4423408001564,50.6505469583295,55.0013178123832
Dominican Republic,DOM,2024,30,52.1267972850626,50.4427672718201,53.9867423405009
Thailand,THA,2024,29,51.9680874120526,48.9488311073434,53.2365553897299
Indonesia,IDN,2024,29,51.1528365643798,49.0342943953299,52.8519953255999
Nepal,NPL,2024,29,50.4884621533729,47.5348813708953,51.8005430912115
Bosnia and Herzegovina,BIH,2024,27,49.6607170376164,44.4867738769155,49.697498894313
Côte d'Ivoire,CIV,2024,29,49.55723096559,46.8644963162038,50.9565805495353
Philippines,PHL,2024,29,49.3750412278132,47.3694028309856,51.1205070552952
Timor-Leste,TLS,2024,26,49.140734222578,44.2540187262188,49.6841090627064
India,IND,2024,29,48.9677852810374,46.0670665592131,50.3040064128937
Lesotho,LSO,2024,27,48.7096036148511,47.0247979225139,52.317757583996
Niger,NER,2024,28,48.6582894616216,46.5361610163057,51.3241589262429
Paraguay,PRY,2024,28,48.5300064727366,47.9586661773733,52.3524430741509
Papua New Guinea,PNG,2024,25,48.4182185515539,45.9634337240594,51.1191271934748
Sierra Leone,SLE,2024,27,48.2829006979776,44.6662323290492,49.9189406061713
Rwanda,RWA,2024,30,48.1667218631379,45.8889487254602,50.1356792463571
Burkina Faso,BFA,2024,29,47.8997887739351,45.1867075017988,49.7521901268431
Tanzania,TZA,2024,29,47.3155679875588,45.2679602407283,49.4672459722431
Mexico,MEX,2024,30,46.0149821788678,44.5871489013008,48.2269609910265
Ecuador,ECU,2024,30,45.7422208946683,43.738454295875,47.4875260163397
Palestinian Territories,PSE,2024,23,45.4717164109861,40.7444078173502,47.9892066327869
Tunisia,TUN,2024,28,45.0825698097212,41.8307427271108,47.028098634673
Saudi Arabia,SAU,2024,28,44.5970028084905,41.6872733760332,46.0498596946302
Liberia,LBR,2024,28,43.8306028834382,42.8738269060914,47.5191627461588
Uganda,UGA,2024,30,43.2298506870427,41.4812827872895,44.7931147330418
Kazakhstan,KAZ,2024,28,42.0992422818421,40.576166621986,44.786408077672
Bahrain,BHR,2024,27,40.5008546736633,38.7618888912165,43.2488978320975
Nigeria,NGA,2024,28,40.1974154885128,35.5440145156646,40.6654756360292
El Salvador,SLV,2024,29,39.9436807470107,38.090998500864,42.0243283302963
Honduras,HND,2024,30,39.9081962083472,38.86866567504,43.2479577541728
Ukraine,UKR,2024,29,39.8339433160024,36.8340004074587,41.8129135913531
Guinea,GIN,2024,28,39.5911194595389,35.5015667414499,40.8510352930891
Madagascar,MDG,2024,29,39.5150784814224,36.6706819377509,41.2633177941086
Gabon,GAB,2024,29,39.0244974316762,37.6913772387822,41.5799325110869
Cuba,CUB,2024,24,38.0530223797416,32.8161654431569,40.5603592644843
Kyrgyzstan,KGZ,2024,28,37.376842454649,35.5625672198914,41.0440580611709
Djibouti,DJI,2024,27,37.0853018882895,32.9456105411088,38.437842109711
Mozambique,MOZ,2024,29,37.0030232777249,34.3308120327476,38.3915880712339
Guatemala,GTM,2024,28,36.8953139362574,34.5633657695569,39.5842407964422
Eswatini,SWZ,2024,27,36.8325238835782,32.9300823987661,37.9728459975263
Vietnam,VNM,2024,29,36.6146288637245,34.5090652129727,38.3116056122217
Togo,TGO,2024,28,36.5887248486305,34.6885502165035,39.7095195114472
Uzbekistan,UZB,2024,28,36.3628591924276,34.0388247948838,39.6561046170636
Mali,MLI,2024,30,35.8811910137309,34.257747419964,37.9032337112541
Myanmar,MMR,2024,27,35.8598561985077,30.7226410534605,36.5423683404481
Mauritania,MRT,2024,28,35.8314055462375,34.6142343899592,39.4462096223432
Russia,RUS,2024,30,35.5400892822259,33.1739572711169,36.8369295065953
Bolivia,BOL,2024,27,35.3175873150576,34.4692156959194,39.2275866025635
China,CHN,2024,29,35.1072566211364,32.8167909201302,36.903473090385
Egypt,EGY,2024,30,33.8346991150123,32.5288294269235,36.3642401387663
Turkey,TUR,2024,29,33.3108528869144,29.6941347886148,34.6629572868316
Algeria,DZA,2024,29,32.814025512971,30.8788731206395,35.6872460017373
Lebanon,LBN,2024,27,32.6401770893647,27.4924733231872,33.650919380221
Guinea-Bissau,GNB,2024,26,32.1315254163906,28.6667817157188,35.1692614197185
Pakistan,PAK,2024,30,31.5249388494922,30.105889295749,34.7971794881398
Angola,AGO,2024,27,31.3492498138379,28.1464375883733,33.9198462558696
Zimbabwe,ZWE,2024,29,30.8459546193779,27.8884302537393,32.2264656037339
Azerbaijan,AZE,2024,28,29.6306001751891,28.4623210315927,32.5796716493093
Laos,LAO,2024,24,28.4192641319697,25.9497794145093,31.8061358565255
Belarus,BLR,2024,27,28.2676035526754,23.6863450686947,30.1919138018418
Iraq,IRQ,2024,26,28.0661601536713,24.3193848981802,30.4198716099804
Republic of Congo,COG,2024,28,27.7438693100834,27.1999340716696,32.7315208025004
Cameroon,CMR,2024,29,27.5179725726382,25.3418865355077,29.6868679062255
Ethiopia,ETH,2024,30,26.2299581587125,24.6034309681825,28.4642236898137
Democratic Republic of Congo,COD,2024,27,25.8972171451238,23.0012307215161,28.7932035687314
Central African Republic,CAF,2024,27,25.2505703632915,21.7392058627239,27.7444309088591
Comoros,COM,2024,26,24.6291914751213,19.644932114428,25.2132359386463
Haiti,HTI,2024,28,23.9657971282541,21.8778303704449,26.1264953552244
Cambodia,KHM,2024,28,22.8143004992043,19.6763006183207,24.5212493453608
Iran,IRN,2024,29,21.6864158561486,19.9150577794985,23.7408057262862
Turkmenistan,TKM,2024,22,21.0166153703517,18.4619659221197,25.9849981204401
Tajikistan,TJK,2024,27,20.7127408524893,17.6458653506083,23.7386379521677
Bangladesh,BGD,2024,29,18.6636016986623,17.2079634643886,22.0220747413214
Chad,TCD,2024,28,18.1780832654563,16.077909536715,20.773059688255
Afghanistan,AFG,2024,28,17.6972542974058,16.3467664188191,22.0946429251121
Burundi,BDI,2024,27,17.5085916879658,16.3663147005275,21.759396979638
Somalia,SOM,2024,27,17.1396511920483,13.7822204324526,18.8859042232099
Libya,LBY,2024,25,15.5356365471802,12.515959834993,18.989036372854
Sudan,SDN,2024,28,13.2633812425455,10.2854596121472,15.5880367029106
Equatorial Guinea,GNQ,2024,24,12.8762172111978,9.64809207096764,16.821513147986
South Sudan,SSD,2024,23,12.5478401672027,9.14328626504159,17.3050098971536
Nicaragua,NIC,2024,28,12.1616016473512,9.05807776491744,14.5267950571651
Yemen,YEM,2024,26,11.1768810026885,7.07188855958515,13.3875540531806
Venezuela,VEN,2024,29,8.96639450870072,7.31819186227601,11.6783140852279
Eritrea,ERI,2024,24,6.82063707721735,3.95640171236757,11.6775932857589
Syria,SYR,2024,27,3.56917546759463,2.37382308608276,7.39713748787558
Denmark,DNK,2023,28,96.8269328948751,94.8869740654638,99.112796966577
Norway,NOR,2023,28,96.2061170960132,93.5304950896547,98.1422478833885
Finland,FIN,2023,29,95.0631779031032,93.2279337102507,97.6421975485001
Germany,DEU,2023,30,94.7525051970838,92.698326690386,96.8796282416195
Australia,AUS,2023,29,94.6396900214756,91.7292012004405,96.5944898761817
Sweden,SWE,2023,29,94.4353031572566,92.523654689052,97.1219110383242
Switzerland,CHE,2023,26,94.0797280166022,91.5107096989855,95.9854449864095
Ireland,IRL,2023,29,93.132527208762,90.950129735352,95.1894181823727
Netherlands,NLD,2023,29,92.4584865264846,90.3832109255381,94.656904007605
New Zealand,NZL,2023,29,91.998746252199,89.738856368395,94.1155271648746
Japan,JPN,2023,29,90.2382710116415,87.8771840236114,92.0048945571342
Austria,AUT,2023,28,89.992880069707,87.2774848371573,92.1383698117978
Iceland,ISL,2023,27,89.9793332878735,88.2069581204936,93.1112891594966
Luxembourg,LUX,2023,29,89.7150145689149,87.820816786719,92.1760786865739
Estonia,EST,2023,28,89.3664868534003,88.7756609996464,94.5670900491709
Canada,CAN,2023,30,89.1008922825173,87.1243448935377,91.1063098928286
Belgium,BEL,2023,27,88.9367499034675,87.559025270943,91.8315284946313
United States of America,USA,2023,30,87.7938408697887,85.7887993325847,89.772465582926
United Kingdom,GBR,2023,29,86.4669921499067,83.898845907608,88.5674228890324
France,FRA,2023,29,85.6705954024581,84.0295917016108,87.9784669604009
Spain,ESP,2023,27,84.2893118140638,82.8958631294469,87.0105853608366
Portugal,PRT,2023,28,82.6580144986657,81.4993079821699,86.5234542422539
South Korea,KOR,2023,29,82.1889486151263,80.0719835121631,84.1885303390684
Lithuania,LTU,2023,28,81.9044423693847,79.2550508338946,83.8754531538265
Czech Republic,CZE,2023,28,81.1659647486319,79.6802411909018,83.9466450263933
Uruguay,URY,2023,28,80.6446681940129,79.6844091755423,84.6810538235806
Slovenia,SVN,2023,27,80.1764509849443,76.7377977149129,82.0126303383154
Taiwan,TWN,2023,24,80.1291868539996,79.014752628882,85.1209087659412
Latvia,LVA,2023,27,79.9074308888062,76.9591201040887,83.2786021685093
Chile,CHL,2023,30,79.446467477378,77.796828092086,81.4719508500519
Singapore,SGP,2023,29,78.5343112922327,76.9855618339337,81.4887706686079
Israel,ISR,2023,29,78.1430948121449,76.3471920708748,80.2815840648707
Barbados,BRB,2023,25,77.8932343602048,74.6924260907103,81.0540136834577
Costa Rica,CRI,2023,29,77.6012708546824,75.6360321111887,79.5291892154329
Slovakia,SVK,2023,28,76.1216440149113,73.5317091599341,77.9639167224491
Italy,ITA,2023,30,75.7023973017666,73.9105417140381,77.9500326101004
Seychelles,SYC,2023,26,75.5892090399423,74.4597687077023,79.9719151714944
Malta,MLT,2023,29,74.1700328251778,72.4089594511447,76.1656082971351
Cyprus,CYP,2023,27,72.3204380271079,70.1000371759276,74.2277839662104
Jamaica,JAM,2023,27,71.0760356970223,68.5585508740197,72.4048709469307
Botswana,BWA,2023,28,70.1235514137973,67.4139902745654,72.634861356366
Cabo Verde,CPV,2023,27,70.0045763820445,66.8205523778905,72.775435777954
Bahamas,BHS,2023,13,68.7230852913492,64.3043073115723,70.0604620548952
Croatia,HRV,2023,27,68.6436729504908,67.2915742227875,72.0198858900708
Greece,GRC,2023,30,67.7602742080274,66.0599180107398,69.741141331726
Namibia,NAM,2023,28,66.7213212899609,65.0440965592264,69.2904329281955
Bhutan,BTN,2023,23,66.3506773645101,64.5478718958814,72.7136021301593
Mauritius,MUS,2023,28,65.7906495299342,63.6975726522913,68.7020796899458
South Africa,ZAF,2023,29,65.3621894842261,63.6823030060279,67.1659691252968
Georgia,GEO,2023,27,65.0282486739394,60.7858366517708,66.7020601923701
Romania,ROU,2023,28,64.5035730736208,62.9345812789458,67.0875466489281
Poland,POL,2023,30,64.473052412212,62.6493306547725,66.2795339905214
Hong Kong,HKG,2023,27,64.3308411401229,62.1528570547599,67.32060750961
Trinidad and Tobago,TTO,2023,27,63.807787726247,62.1437801532853,65.9377391371999
Bulgaria,BGR,2023,28,62.7723815263743,59.9826176874392,64.6695548430006
Malaysia,MYS,2023,29,62.4110769331857,60.192824701223,64.3591082500752
Montenegro,MNE,2023,26,61.3691511324435,58.6714133473985,64.9582745070677
Hungary,HUN,2023,30,61.2230392293816,59.4577834814052,62.9722760165396
United Arab Emirates,ARE,2023,28,60.1032877705114,57.2566512845043,61.9330693095001
Panama,PAN,2023,29,60.0664580008588,58.0663097194528,61.5696911136025
Ghana,GHA,2023,31,59.964031311135,58.153708403982,61.8494406116388
Puerto Rico,PRI,2023,9,59.4795918174453,56.5805798020699,62.0610522138244
Albania,ALB,2023,28,59.0485072398167,56.3245083056465,61.406354638323
Fiji,FJI,2023,25,58.8946671225512,55.9638366040449,62.1640465036742
Kuwait,KWT,2023,27,58.6205811088579,54.7968381493347,59.8666957852407
Belize,BLZ,2023,13,58.5034697047897,51.2799868703356,59.8120388773586
Argentina,ARG,2023,30,58.1585160268205,56.1073465327173,59.8174868019031
Kenya,KEN,2023,31,58.0499591984197,56.5877366412964,59.8234568323829
Brazil,BRA,2023,30,57.7634862814056,55.3319020893307,59.1445528719587
Jordan,JOR,2023,28,57.7052105261174,55.2955695387704,59.5443834276722
Gambia,GMB,2023,27,57.5108178327678,52.8454068405167,58.9669325729079
Guyana,GUY,2023,27,57.1893016572576,54.4522946323535,59.5577696149613
Colombia,COL,2023,30,56.8818202438259,55.44760964167,59.1162346574769
Senegal,SEN,2023,30,56.7060307036292,54.9382142690406,58.5735928665174
Peru,PER,2023,30,55.5894439046611,54.0910747917726,57.5375755192357
Armenia,ARM,2023,25,55.1287251542035,50.681025571944,56.7348701269216
Mongolia,MNG,2023,28,54.895684236532,51.4323474569748,55.738620466454
Serbia,SRB,2023,27,54.8372125613728,51.412830185869,56.9750096409591
Malawi,MWI,2023,29,54.4027400751869,51.8354957547631,56.0627623482289
Oman,OMN,2023,26,54.388543316406,52.3867695413663,58.7116769229685
Moldova,MDA,2023,27,54.0997625606119,52.199865538973,57.1931733634319
North Macedonia,MKD,2023,25,53.9839469373839,48.1260340110145,54.3344601007673
Benin,BEN,2023,30,53.900744612906,51.0876422860723,54.8813165337245
Suriname,SUR,2023,25,53.8220249292649,51.5021363354088,57.5876779077752
Qatar,QAT,2023,27,53.2496410292423,50.5574362250158,55.6278158807039
São Tomé and Príncipe,STP,2023,23,53.158440243564,48.3780552653499,56.9396183210937
Zambia,ZMB,2023,29,53.0087447450711,49.8844274520357,53.7841219601346
Morocco,MAR,2023,29,52.7568770017937,50.5837050939191,55.1181088467485
Brunei,BRN,2023,11,52.6782712596655,50.646159756249,57.382261383797
Indonesia,IDN,2023,29,52.0101837388596,49.978177185637,53.9304824403302
Dominican Republic,DOM,2023,30,51.5731541845882,50.0904963940751,53.2693726876832
Sri Lanka,LKA,2023,29,51.3522691200476,49.4510596141689,53.2660834929879
Paraguay,PRY,2023,28,50.4793612540258,47.8193921555034,52.1300586956693
India,IND,2023,29,50.1273137664937,46.7892193147151,51.640409873124
Sierra Leone,SLE,2023,27,49.8093148881337,47.3102206937962,51.7163281732274
Thailand,THA,2023,29,49.5725759718785,46.5753651870596,50.8659288367433
Lesotho,LSO,2023,27,49.2001429282776,47.5084223258561,52.8604594327378
Nepal,NPL,2023,29,48.9819308957338,46.0996671384364,50.730002888671
Timor-Leste,TLS,2023,25,48.8913630057207,44.4561214283415,50.9944161933995
Papua New Guinea,PNG,2023,25,48.8912253642803,46.0390417480319,51.5050466766067
Burkina Faso,BFA,2023,28,48.3872077658215,46.335998495325,51.306653056341
Palestinian Territories,PSE,2023,23,48.0310929303682,42.3909871815714,49.879557515602
Niger,NER,2023,28,47.9959807316092,45.3264691252171,50.3841963650337
Tanzania,TZA,2023,29,47.5956956094294,44.7973268305818,49.5490731060624
Philippines,PHL,2023,29,47.5581285356059,45.9814598584054,49.8500366889835
Côte d'Ivoire,CIV,2023,29,47.5174663686934,45.8180565379238,50.2138278640779
Mexico,MEX,2023,30,47.4612295650742,45.5886928592997,49.3567345180814
Ecuador,ECU,2023,30,47.1056420822342,45.6351393000653,49.1500237304204
Rwanda,RWA,2023,30,47.0695901005516,45.5365220100566,49.6979043994184
Bosnia and Herzegovina,BIH,2023,27,46.6438534535069,44.4767587726621,49.5827656769464
Tunisia,TUN,2023,28,45.8151914264307,44.160423869957,49.4235569091502
Liberia,LBR,2023,28,44.9822022478152,43.4495707163892,47.8153261361634
Uganda,UGA,2023,29,43.2570354476246,41.1811207893601,45.1931664998265
Honduras,HND,2023,30,42.509596403075,39.5294215219258,43.7888014058095
Saudi Arabia,SAU,2023,28,41.5660787527831,40.3339048995686,44.7080379997238
El Salvador,SLV,2023,29,41.4387611407838,39.1049922507908,43.2046208241617
Kazakhstan,KAZ,2023,27,41.1072629958894,40.6931503959897,46.0699377562176
Bahrain,BHR,2023,26,40.7336869645962,39.1218144478448,45.0292805705867
Kyrgyzstan,KGZ,2023,28,40.665810452822,38.1321351452513,43.3212093796686
Ukraine,UKR,2023,29,40.2977073721524,37.3892766929523,41.4249644792153
Madagascar,MDG,2023,28,39.7176494197463,36.6790939844681,41.6778872473542
Guatemala,GTM,2023,28,39.251211174767,35.9807864888102,40.4690145899174
Mauritania,MRT,2023,27,39.179901581449,34.9561617098629,40.2642285726665
Nigeria,NGA,2023,28,38.801919278503,36.0316603272424,41.2235978351756
Mozambique,MOZ,2023,28,38.456758430494,35.8328915814926,40.3788165119848
Russia,RUS,2023,30,38.4290325313768,36.7189812930863,40.3153699156193
Gabon,GAB,2023,28,37.812400643158,36.0159422931384,40.5428607859657
Bolivia,BOL,2023,27,37.339681592945,35.8193415057692,40.500187947958
Mali,MLI,2023,30,37.1357147261855,35.6853174044133,39.1260600298627
Eswatini,SWZ,2023,26,36.6412527548074,34.1751417944762,39.6519185166828
Togo,TGO,2023,28,36.2376552295208,34.9712355318527,39.9904632294932
Guinea,GIN,2023,27,35.3742796283613,32.4436347089987,38.4356556231779
China,CHN,2023,29,35.2976430019751,32.9871339289331,37.0868391092413
Uzbekistan,UZB,2023,28,35.0542938685088,33.9754330776654,39.135041819267
Vietnam,VNM,2023,29,35.0076287738733,32.9380532476958,36.7296073581427
Pakistan,PAK,2023,30,34.6483671838846,31.8744606336921,36.2796341571475
Djibouti,DJI,2023,27,34.6086617357301,31.870997882909,37.2635102315834
Myanmar,MMR,2023,26,34.5667305803753,31.1650946853112,37.4538768374537
Egypt,EGY,2023,30,33.5476297440687,31.975074146451,35.9217097607276
Turkey,TUR,2023,29,33.2390665540744,30.1634704278521,35.0697812685699
Cuba,CUB,2023,24,32.5990381439105,31.7019530109937,38.8084165609531
Algeria,DZA,2023,29,31.3626774376433,30.1767614732427,34.7347145214671
Zimbabwe,ZWE,2023,29,30.7683274573566,28.060725634925,32.4329576290401
Angola,AGO,2023,27,30.2518641803982,27.6184514266561,32.3605382340415
Lebanon,LBN,2023,27,29.7696856867684,28.2170136573623,33.8220497106441
Guinea-Bissau,GNB,2023,26,29.6388256912957,26.441784237949,32.8358671446424
Ethiopia,ETH,2023,29,29.5062509766971,27.7606486123693,32.3333486213316
Azerbaijan,AZE,2023,27,29.4264470287921,27.3493080449014,32.8325813171629
Laos,LAO,2023,24,28.6461984163571,24.18049920375,30.2915020753965
Cameroon,CMR,2023,29,27.7680776063106,26.4608300837024,30.8709225249867
Republic of Congo,COG,2023,28,27.2355408038952,24.7092831050164,30.0494033285684
Belarus,BLR,2023,27,26.5016644803919,23.6412754872937,29.6217171267702
Central African Republic,CAF,2023,27,25.3067272575658,22.5729346705664,28.5627976525177
Iraq,IRQ,2023,26,25.018635038737,23.3488013440888,29.4046780488951
Democratic Republic of Congo,COD,2023,27,23.9144827546861,19.2668181811556,24.8655657743963
Iran,IRN,2023,29,23.1069410796108,20.4061878209536,24.7775763337629
Haiti,HTI,2023,27,22.802936877908,22.1206367184801,28.03758373595
Cambodia,KHM,2023,28,22.5784947117124,19.3940431704482,24.7342275219197
Tajikistan,TJK,2023,27,21.9310134637961,17.9540340365539,24.0092855396996
Turkmenistan,TKM,2023,22,21.197171906191,17.9002070800981,25.5062729423664
Afghanistan,AFG,2023,28,20.9129094961209,15.6654522964423,21.2817918398838
Comoros,COM,2023,26,20.679609683527,19.1504196484415,25.0829320560743
Burundi,BDI,2023,26,20.6151322568515,15.8282046252099,22.5373266624279
Bangladesh,BGD,2023,29,19.7426346717498,17.9099618160239,22.3643738315414
Libya,LBY,2023,24,18.1306032053586,14.3848756512995,22.323080098507
Chad,TCD,2023,28,17.1956096687199,15.8147400556439,20.2663069637913
Sudan,SDN,2023,28,16.6447882970495,13.5103577333724,18.7317495518403
Equatorial Guinea,GNQ,2023,24,14.3458250100921,9.70501683918119,16.8622700842798
Nicaragua,NIC,2023,28,12.2926582276878,11.3063699994146,16.0602804163637
South Sudan,SSD,2023,23,11.7260852882779,8.40763464091247,15.8730157301442
Somalia,SOM,2023,27,11.655384748377,10.4290310723595,15.5515848131326
Venezuela,VEN,2023,29,9.87729691155911,7.2616811611139,12.1600241344789
Eritrea,ERI,2023,24,8.68460513425035,4.91669335773827,12.6388916629688
Syria,SYR,2023,26,6.92960296788674,2.9256600528875,8.71231234461665
Yemen,YEM,2023,25,6.00226095999686,4.49571080695349,11.204883635946
Denmark,DNK,2022,28,96.0776568478955,94.3395764098287,98.9976226240693
Norway,NOR,2022,28,95.9105639957819,94.1743844520772,98.5708857232647
Finland,FIN,2022,29,95.8057405926629,93.5292341034912,97.9288247635431
Sweden,SWE,2022,29,94.9913302656339,93.094465161088,97.2256908936953
Australia,AUS,2022,29,94.8360282265864,91.6893111113468,96.5418985812975
Germany,DEU,2022,30,94.4952883066864,92.5190915973478,96.7046477916039
Switzerland,CHE,2022,26,94.3234011607968,91.5642533748247,96.6416390393326
Netherlands,NLD,2022,29,93.4552050131832,91.5036601849265,95.7156523218694
Ireland,IRL,2022,29,92.7464303359268,90.7729330748772,94.6193014060441
New Zealand,NZL,2022,29,91.9581410810698,89.819161903636,94.0912747846474
Austria,AUT,2022,28,91.5831840635987,88.8792447518676,93.3262394906716
Canada,CAN,2022,30,90.7591632406332,88.7654694191889,92.9475903250206
Iceland,ISL,2022,27,90.3245918709042,88.5901972709422,93.3622289596785
Japan,JPN,2022,29,89.9363183478809,87.7501015293263,92.1482160151241
Belgium,BEL,2022,27,89.9118166562868,88.0573820513977,92.24197976765
Luxembourg,LUX,2022,29,89.5423741655099,87.7593745114861,92.132607345008
Estonia,EST,2022,28,89.1355936365741,88.3775565153253,93.6280943269164
United States of America,USA,2022,30,87.9028580110271,86.0744917322385,89.737088095837
United Kingdom,GBR,2022,29,87.4892831068454,84.8761280179986,89.7717884056162
Spain,ESP,2022,27,86.179877469746,84.0959302376079,88.0993508279323
France,FRA,2022,29,86.0397323436051,84.2482305016912,88.2550464153333
Portugal,PRT,2022,28,84.7039615144441,82.4353485013316,87.4444864886648
Uruguay,URY,2022,28,83.1731756116469,80.846089544877,85.3139872371356
South Korea,KOR,2022,29,82.4091306521126,80.4463595765945,84.2838566915878
Latvia,LVA,2022,27,81.9276496031176,77.9098547396019,83.4873617464023
Taiwan,TWN,2022,24,81.369251149529,78.7487364184639,85.1037081288493
Lithuania,LTU,2022,28,81.2359772141194,79.1759490731471,84.2036220920819
Czech Republic,CZE,2022,28,80.0767283595511,78.1493920876909,82.3025341291421
Chile,CHL,2022,30,80.0441629018752,78.2342669250251,82.1056007336925
Israel,ISR,2022,29,78.8431923799227,77.0689568196097,80.8028706354846
Slovenia,SVN,2022,27,78.7400648951717,76.3108659370405,80.9451651226097
Singapore,SGP,2022,29,78.6787666723706,76.9223052199621,81.79653333266
Costa Rica,CRI,2022,29,77.7497356651132,76.3047942870886,79.8761496743119
Barbados,BRB,2022,25,77.2601814529897,74.9143831370316,80.1848671256102
Seychelles,SYC,2022,26,76.056409100738,72.1694326879487,78.1590455471324
Italy,ITA,2022,30,76.025844402126,74.2950856406311,77.6371367670382
Slovakia,SVK,2022,28,75.8115641463689,73.4995196557696,77.8384191529909
Malta,MLT,2022,29,74.6759092134599,72.8557196950827,77.0722251874711
Cyprus,CYP,2022,27,72.8582572147577,71.0819079705954,75.3532864920747
Bhutan,BTN,2022,23,70.4558484381909,66.1750234071719,74.4492075879014
Botswana,BWA,2022,28,70.2724283070477,68.3716385301,73.1766006344655
Jamaica,JAM,2022,26,69.867583401761,67.9347209725534,72.2972932230439
Greece,GRC,2022,30,69.3766974895389,67.4931005097017,71.0527882303936
Cabo Verde,CPV,2022,27,69.2640620880286,66.303016187696,72.8445611809549
Bahamas,BHS,2022,13,69.1523479156694,64.8038290633989,70.7601538537796
Hong Kong,HKG,2022,27,68.7170422176866,65.2395711475005,70.584435402186
Croatia,HRV,2022,27,68.6634457341259,66.0639340188956,71.0720259205027
Namibia,NAM,2022,28,67.044232745122,65.7280652243332,70.311742178783
Mauritius,MUS,2022,28,66.789238714925,64.8208784938585,69.4681004540741
South Africa,ZAF,2022,29,65.4625454403723,63.473690633713,66.9771690438055
Georgia,GEO,2022,27,65.4305655132829,62.3087990522468,68.3967789954094
Romania,ROU,2022,28,65.2926310524713,63.6778749678789,68.1160863696801
Trinidad and Tobago,TTO,2022,27,64.3690269353564,62.0433653934803,65.9607924690176
Montenegro,MNE,2022,26,63.4570504510851,58.6933097938399,64.2396159996977
Poland,POL,2022,30,62.9748920237811,61.1787233300663,64.9797223102111
Hungary,HUN,2022,30,62.7543144638158,61.0155206311969,64.3447460660766
Malaysia,MYS,2022,29,61.655468094412,58.9455524712578,63.2773422976302
Bulgaria,BGR,2022,28,61.2036674074037,58.2337280017199,62.7706970503363
Ghana,GHA,2022,31,60.7769957202312,59.1967403178385,62.5248341150837
United Arab Emirates,ARE,2022,28,60.2796509901228,57.8169763629539,62.4866839255734
Panama,PAN,2022,29,60.0770488879189,57.8187472981994,61.417749949558
Kuwait,KWT,2022,27,59.4841078064821,55.7694022248157,61.0214084173409
Puerto Rico,PRI,2022,9,58.88413367287,56.5739168202595,62.7209933706746
Armenia,ARM,2022,25,58.3205818686283,55.8385203756421,61.1345919729213
Jordan,JOR,2022,30,58.1405993567869,56.3509940191084,59.7790306048251
Albania,ALB,2022,28,58.0970074616082,56.3087559417909,61.1154152624941
Kenya,KEN,2022,31,57.8240401802627,56.3764607304697,59.3737463049494
Fiji,FJI,2022,25,57.7343724068056,56.0628948713342,61.7855568556083
Senegal,SEN,2022,30,57.7343724068056,55.7979769468254,59.5930503379725
Peru,PER,2022,30,57.6656233282637,55.3925461321101,59.1047416277485
Argentina,ARG,2022,30,57.3631518689962,55.820985224226,59.3650241588197
Colombia,COL,2022,30,57.0728869859358,55.1897101279065,58.6668097602685
Guyana,GUY,2022,27,57.0728869859358,54.5317828333107,59.478465540246
Brazil,BRA,2022,30,56.6498223565643,54.9453501407499,58.6844596895483
Serbia,SRB,2022,27,54.9767021567161,51.9119468371544,56.8859112100312
Malawi,MWI,2022,29,54.949811689267,52.405487729167,56.6208639913422
Gambia,GMB,2022,27,54.899668949161,52.3740741778445,58.5954094435214
Brunei,BRN,2022,11,54.6557559501932,50.2034595220534,57.6869991757112
Suriname,SUR,2022,25,54.5449510635687,51.4176721009764,57.6964948416538
Benin,BEN,2022,30,54.3366507018643,52.1445815643095,55.9815385155097
Moldova,MDA,2022,27,54.3366507018643,51.6074079494191,56.3795030661364
São Tomé and Príncipe,STP,2022,23,54.0750407386667,48.2609374919661,56.1938782690119
Tunisia,TUN,2022,28,53.8770266230277,50.6775459254994,55.4157050510755
Indonesia,IDN,2022,29,53.543690178854,51.0163394144629,55.2207772888551
Morocco,MAR,2022,29,53.5212503986433,50.4817886043506,54.7653550732168
Belize,BLZ,2022,13,53.0766140837993,51.2080386743082,59.2091354190574
Oman,OMN,2022,25,53.0076983913597,51.8239615929987,58.0845665546844
Mongolia,MNG,2022,28,52.6175205690293,52.4252832262269,56.6888746655651
Qatar,QAT,2022,27,52.5976810630323,50.3749189685256,55.3921677358738
Burkina Faso,BFA,2022,28,51.2852633519784,49.1268838924334,54.5370727386829
Dominican Republic,DOM,2022,30,50.8510755386701,49.1757808581037,52.6278151349403
Sri Lanka,LKA,2022,28,50.8510755386701,47.6395270980783,52.0971677721349
Paraguay,PRY,2022,28,50.731207908021,48.4725547665886,52.6802518641845
Lesotho,LSO,2022,27,50.3364905844719,48.3452454028372,53.3161765290931
Sierra Leone,SLE,2022,27,50.2173203651178,46.664414742545,51.3886816982362
India,IND,2022,29,50.081810829608,47.327503364225,52.1487554652255
Papua New Guinea,PNG,2022,25,48.9897046285881,45.5051209944304,51.0662486283697
Timor-Leste,TLS,2022,25,48.7893819153018,44.9249269802195,51.3842517784627
Zambia,ZMB,2022,29,48.7271686688816,46.229427703177,50.5338572556609
Mexico,MEX,2022,30,48.6267059108697,47.1266484606283,50.6625612578319
North Macedonia,MKD,2022,25,48.3001716267499,47.0756818231944,53.5553843238943
Palestinian Territories,PSE,2022,23,48.3001716267499,44.4066394982254,52.5481779315744
Nepal,NPL,2022,29,48.2936377557173,46.5536916530494,51.0775472948901
Ecuador,ECU,2022,30,48.2055216264566,46.5128825210111,49.8242013401331
Tanzania,TZA,2022,29,48.2055216264566,44.4412776600372,48.6065194451521
Niger,NER,2022,28,47.8575553372536,44.6827043818686,49.2803754837329
Philippines,PHL,2022,29,47.7058821189605,45.4357092082036,49.2095251945079
Côte d'Ivoire,CIV,2022,29,47.5205344883478,44.0454817410718,48.3712763298569
Thailand,THA,2022,29,46.7246241399569,45.2363842404522,49.731967784399
Rwanda,RWA,2022,30,46.5825198007305,44.7597263491693,48.891877304728
Bosnia and Herzegovina,BIH,2022,27,46.442232425649,44.2538799373184,49.2627031542069
Liberia,LBR,2022,27,44.4905413491073,41.3996483513504,47.4101665324608
El Salvador,SLV,2022,29,44.0236484449284,41.1084939211795,45.4863223438727
Uganda,UGA,2022,29,44.0236484449284,41.4960568469821,45.7084648247716
Ukraine,UKR,2022,29,43.1268245610316,41.0957037658095,46.0339225293373
Bahrain,BHR,2022,26,43.0455340077782,38.5437032335627,44.4507930519397
Kyrgyzstan,KGZ,2022,28,42.936501812701,39.3772307505186,44.7534742666598
Kazakhstan,KAZ,2022,27,42.7113611569623,39.9796257354088,44.920075127661
Saudi Arabia,SAU,2022,28,40.7299900472731,38.9218949141177,43.2276628193309
Russia,RUS,2022,30,40.520527678301,38.9058185906411,42.5781619840291
Nigeria,NGA,2022,28,40.4904183389552,36.180871672449,41.6778728348492
Madagascar,MDG,2022,28,39.9265409853979,36.0852939025435,42.1687182873198
Honduras,HND,2022,29,39.9177747060198,37.5091759533199,41.6503061414392
Gabon,GAB,2022,27,39.4108007865462,36.2762617522398,41.4068208838583
Guatemala,GTM,2022,28,39.3982561212524,38.5330378033495,42.6337862976585
Mozambique,MOZ,2022,28,38.9959083749062,37.0654441494419,41.7130549796455
Bolivia,BOL,2022,27,38.8178465660497,37.7968565208746,42.417954043052
Mauritania,MRT,2022,27,38.3815211076739,36.837119100598,42.3885294836649
Mali,MLI,2022,30,37.3307341457358,36.2087924295751,39.7257294001032
Pakistan,PAK,2022,30,37.2399909555053,34.1899065606211,38.8055801950684
Togo,TGO,2022,28,37.1810862749282,35.2444644261,39.6677539940962
Eswatini,SWZ,2022,26,37.1126817787833,34.8285962020496,40.7273860850885
Myanmar,MMR,2022,26,37.1126817787833,33.9902859030269,40.7763182574732
Guinea,GIN,2022,27,35.9376696952063,33.1127939746793,39.1008838777994
Guinea-Bissau,GNB,2022,26,35.4014503285616,31.2311429597574,37.565661797692
China,CHN,2022,29,35.3294285881954,33.2969499074202,37.2326856335642
Turkey,TUR,2022,29,34.7462344595565,31.4501499289722,36.7243708310811
Cuba,CUB,2022,24,34.7012625859269,32.8325918306942,39.1555604553742
Vietnam,VNM,2022,29,34.3936959059623,32.2731856888765,36.3244317054541
Uzbekistan,UZB,2022,28,34.2720625548832,33.2753173395075,39.0474529243797
Egypt,EGY,2022,30,33.8329831228745,32.4156989167362,36.3004890283658
Djibouti,DJI,2022,27,33.4737483745415,30.4921564595022,36.2010598243516
Ethiopia,ETH,2022,29,32.4923579415665,30.3917949277334,34.7549424718935
Algeria,DZA,2022,28,32.3061352592957,28.4843279253561,34.3708973560899
Lebanon,LBN,2022,27,30.82379744944,29.1229048967812,35.1868837884533
Azerbaijan,AZE,2022,27,30.0586439800366,27.3891603997036,32.3213996956452
Zimbabwe,ZWE,2022,28,29.272901654135,25.8135213367912,31.7229291039271
Angola,AGO,2022,27,29.235926467871,27.0201198125888,31.7287794039527
Central African Republic,CAF,2022,27,29.0707154674374,25.0677553668581,30.8339302210046
Belarus,BLR,2022,27,29.0558304614217,24.772951030834,30.7999461661824
Republic of Congo,COG,2022,28,28.2006458021615,24.2544578318254,29.3990518010155
Cameroon,CMR,2022,29,27.6163795874403,25.3378213391133,29.6260458121343
Laos,LAO,2022,24,27.3158501530813,24.1504155068065,29.8047718706162
Iraq,IRQ,2022,26,26.6745629283345,25.3428013005807,30.5762006981962
Haiti,HTI,2022,27,24.959775412046,24.7792859889268,30.054188367226
Comoros,COM,2022,26,24.0742491584296,19.810279576128,26.2089420427731
Democratic Republic of Congo,COD,2022,27,23.7664899975746,19.1354802304899,24.7073043077102
Iran,IRN,2022,29,23.5868993370333,21.4945103067334,25.2215557854516
Tajikistan,TJK,2022,27,23.4219026295581,19.5413650248429,25.0101991311678
Cambodia,KHM,2022,28,22.0214778090887,19.5104627590543,24.7717237868846
Bangladesh,BGD,2022,29,19.9920672853715,18.3996015083048,23.0220978396882
Afghanistan,AFG,2022,27,18.7906171419966,16.2258313926626,22.4453749718945
Turkmenistan,TKM,2022,22,18.7906171419966,15.6172283651759,23.2940584585675
Chad,TCD,2022,28,18.4715985523565,16.2372920232627,20.3976051161139
Libya,LBY,2022,24,18.4089875674049,15.711438281689,23.5297579797511
Burundi,BDI,2022,26,17.3823191084944,15.8546462611458,21.3591131539627
Sudan,SDN,2022,28,17.2595238648407,14.6799862287513,19.4906492897758
Nicaragua,NIC,2022,28,17.0461089422547,15.233550580724,19.9513651892132
Eritrea,ERI,2022,24,10.916115418043,6.80166425323918,13.5848010930056
Somalia,SOM,2022,27,10.7627380987719,8.51428673711924,13.5326343384489
Venezuela,VEN,2022,29,10.7063233891452,8.54009812948416,12.49118706642
Yemen,YEM,2022,25,6.06232449418224,3.18519733047885,9.26658840520482
Syria,SYR,2022,26,4.72160986346773,3.42686593470962,9.30776510077384
Norway,NOR,2021,28,95.4634212318165,94.00187489792,96.8074535521554
Denmark,DNK,2021,27,95.2578874923765,94.188344681995,96.8848722481014
Finland,FIN,2021,28,95.1300922058682,93.8423082169241,96.5668895009177
Sweden,SWE,2021,27,94.9607585717105,93.7494370826034,96.5666995994634
Germany,DEU,2021,28,94.6815085853631,93.377916164711,96.175486491643
Switzerland,CHE,2021,24,94.4175711921088,92.3171510790499,95.4441605727084
New Zealand,NZL,2021,27,94.2944312028218,92.6322744248444,95.6234050102671
Australia,AUS,2021,28,94.1182121260152,92.7477600961811,95.337820257224
Canada,CAN,2021,28,91.8580227525819,90.5590101156226,93.2747857569457
Netherlands,NLD,2021,27,91.646316872579,90.2293133317324,93.221675930452
Iceland,ISL,2021,26,90.6316807010425,89.5538785249989,92.3177258592365
Austria,AUT,2021,27,90.4226681700332,89.4246116504569,91.9880345587561
Japan,JPN,2021,27,90.2847257192881,88.7942977370941,91.4640989232582
Estonia,EST,2021,28,90.2765415387961,89.0464145714388,91.5868400859627
Luxembourg,LUX,2021,28,90.1092820774026,88.8912984831351,91.6426264249036
Belgium,BEL,2021,26,89.6164363516262,88.4435771063077,91.3015847776868
Ireland,IRL,2021,27,89.1357836819711,87.3722810438018,90.5892719805676
United Kingdom,GBR,2021,27,87.49146130324,86.1231835291475,89.2799205080554
United States of America,USA,2021,28,86.4460958991924,85.3114529104615,87.7231313321844
France,FRA,2021,27,85.2318390192208,84.1686922032731,86.5140033261199
Portugal,PRT,2021,27,85.0596582384134,83.5144477527995,86.325844084334
Uruguay,URY,2021,27,84.2178515172367,83.3492177795192,85.8995714774362
Spain,ESP,2021,25,83.2283899486906,82.2587811274494,85.1306557911713
Taiwan,TWN,2021,23,83.0433800571567,80.4511527569621,84.4364951534616
Latvia,LVA,2021,27,80.7756822930504,79.7776612557794,82.1925216164605
Lithuania,LTU,2021,27,79.9024894806235,77.9260223750086,80.9285683321523
Chile,CHL,2021,28,79.8321407871361,78.8421902853427,81.2359085707335
South Korea,KOR,2021,27,79.8116316921026,78.3733487462502,80.9814098719292
Czech Republic,CZE,2021,27,79.413143762926,78.1824505803322,80.8774200784648
Slovenia,SVN,2021,27,79.4110351599539,78.0781012525519,80.5443549049549
Costa Rica,CRI,2021,27,78.9891638786127,77.7726009072098,80.2341012493718
Singapore,SGP,2021,27,78.5805691686498,76.6478723144095,80.2067699726809
Barbados,BRB,2021,25,75.7559646575772,75.0381436484378,78.9489964738022
Cyprus,CYP,2021,26,75.263302646218,73.8796558646107,76.6751731401057
Israel,ISR,2021,27,75.0407056342652,74.2749337859929,77.0942527044579
Hong Kong,HKG,2021,26,74.3446341261395,72.5970415076818,76.5137084280654
Malta,MLT,2021,28,74.1052855576563,73.0728601811136,75.4471829607712
Slovakia,SVK,2021,27,74.0536402003813,72.860690324987,75.0769667695696
Italy,ITA,2021,28,73.8454145282058,72.6675870328629,74.9007722170599
Cabo Verde,CPV,2021,27,72.4682561422904,69.2993990440407,73.2638914487688
Seychelles,SYC,2021,27,71.1910519837301,70.5060958242787,72.9969937757072
Bhutan,BTN,2021,23,70.7268684652581,67.190677432621,73.3218901620707
Jamaica,JAM,2021,26,70.2954972701252,69.0906954496556,71.6832422774077
Mauritius,MUS,2021,27,70.2697917625984,69.8701852935967,72.5281744541085
Botswana,BWA,2021,27,69.6616279161304,67.7171875881659,70.8203987611273
Namibia,NAM,2021,28,68.1641879738439,67.1681733831876,69.3601464020369
Croatia,HRV,2021,27,67.3552338591717,66.1173008244442,68.4169390966435
Greece,GRC,2021,28,66.7958756591621,65.8518865210234,67.9424341218652
Romania,ROU,2021,27,65.8661872627384,64.0102179363822,66.9922402394798
Bahamas,BHS,2021,13,65.6525051108798,63.2798308094236,68.9496964502048
Georgia,GEO,2021,27,65.5782994859314,63.7903855267753,66.4612943892269
South Africa,ZAF,2021,27,65.4952934004773,64.4690865625953,66.7782516680243
Trinidad and Tobago,TTO,2021,26,64.9423293165037,63.435962548741,66.1703162578541
Poland,POL,2021,28,64.9120754433123,63.730432165074,66.1178019519162
Montenegro,MNE,2021,27,63.2858283374053,61.7844362700675,64.5015216899001
Puerto Rico,PRI,2021,9,63.0840443648683,57.3705104067546,63.1072103068853
Ghana,GHA,2021,29,62.8139311550689,61.8991162245415,63.8424583831671
Malaysia,MYS,2021,27,62.6930764412286,61.1825812985988,63.7065296497152
United Arab Emirates,ARE,2021,27,61.9747959125358,59.0904872207568,62.4438204233603
Tunisia,TUN,2021,28,61.0118968115647,59.8409323620709,62.3608582132813
Hungary,HUN,2021,28,60.4237004492123,59.4565348603361,61.5942678669746
Bulgaria,BGR,2021,27,59.9998221349263,58.0306818590436,61.2296404055494
Kuwait,KWT,2021,27,59.7214231488617,57.4023452342557,60.7800214302462
Argentina,ARG,2021,28,58.9618951591009,57.8189704286014,60.1561851271494
Senegal,SEN,2021,29,58.9604420043986,57.8725871518284,60.047919101295
Peru,PER,2021,28,58.9197181433106,57.1761039195728,59.3591813281224
Albania,ALB,2021,28,58.650270225025,57.4635558508612,59.8720653249117
Brazil,BRA,2021,28,58.3166741145594,57.0809494263444,59.4521946816485
Fiji,FJI,2021,24,58.2836541228113,54.5856373205672,59.3471621888096
Panama,PAN,2021,28,58.0811079643479,56.9487964519564,59.2628621974706
Armenia,ARM,2021,25,57.1646167481733,55.2865700575508,58.4302889345131
Colombia,COL,2021,28,57.1619819947685,56.2897291245123,58.775267962604
Guyana,GUY,2021,26,56.912858475817,54.5648557973581,58.1499027599044
Jordan,JOR,2021,28,56.6194803335529,55.5703434021462,57.5741876398161
Mongolia,MNG,2021,29,56.5152122456728,55.5617776937514,57.5044645884633
Indonesia,IDN,2021,27,55.9973224828186,54.3206980700443,57.1855540994052
Kenya,KEN,2021,29,55.5606382239272,54.6261968610425,56.5894839234456
Serbia,SRB,2021,27,55.3550612679647,53.2943085178821,56.1934510052814
Malawi,MWI,2021,28,55.312961019218,52.8888815877627,56.4035852422859
Oman,OMN,2021,26,55.1369823108222,53.157583695709,56.719691842106
Moldova,MDA,2021,28,55.0470411537983,53.8560014672444,55.896052416642
Gambia,GMB,2021,28,54.8923948467016,52.7171174204777,55.5864874295469
Benin,BEN,2021,29,54.8221308082281,53.9113841192458,55.8574424341739
Suriname,SUR,2021,25,54.6436633490972,53.5716478109529,57.3281628457742
São Tomé and Príncipe,STP,2021,23,54.6303398327308,49.7562287200201,55.6536410857736
Brunei,BRN,2021,11,53.369774079376,49.2209630498884,56.2670465777574
Belize,BLZ,2021,13,52.9574373827446,49.6887957039664,56.3831739844026
Burkina Faso,BFA,2021,28,52.6988729788331,52.0172413223354,55.5270122048767
India,IND,2021,27,52.5635029875909,50.4118521489601,53.387419979465
Sri Lanka,LKA,2021,28,52.2101457631932,49.5680670364301,53.1611012671725
Qatar,QAT,2021,27,52.0554930911645,50.4570317320916,53.1178002682995
North Macedonia,MKD,2021,25,51.7918155917432,48.4499860818059,52.5621919431123
Dominican Republic,DOM,2021,28,51.6255583855755,50.765576911029,52.9544025180968
Lesotho,LSO,2021,27,51.5020540160533,49.9821298818145,53.5464766293768
Morocco,MAR,2021,27,50.7575384847035,49.3478532475709,53.0106472169166
Nepal,NPL,2021,28,50.2829876775144,49.2217924131322,52.8231654904292
Paraguay,PRY,2021,27,49.6707968834182,46.8153625624341,50.386078595733
Bosnia and Herzegovina,BIH,2021,27,49.3854908374312,48.0710656280166,51.8368573314735
Niger,NER,2021,27,48.81062093294,46.6088911188746,50.5958891780328
Côte d'Ivoire,CIV,2021,28,48.6261097329884,46.3120306321831,49.639715579058
Palestinian Territories,PSE,2021,22,48.614023126163,44.7197818898253,49.7754622207473
Mexico,MEX,2021,28,48.2076980890986,47.3541822662943,49.6128145000723
Sierra Leone,SLE,2021,26,48.1907398876607,44.1970912758891,48.7775183653526
Ecuador,ECU,2021,28,47.4851064838524,45.8424596933143,48.2464682886264
Zambia,ZMB,2021,28,47.4104542837086,44.7466345154769,47.9654532104188
Rwanda,RWA,2021,29,46.6670703820457,45.7320090025571,47.88684793666
Philippines,PHL,2021,27,46.5173121260557,45.2340256220939,47.8005986300174
Tanzania,TZA,2021,28,46.3597573539579,45.6280019319915,49.2249832988561
Papua New Guinea,PNG,2021,24,46.2826186687029,44.5888282928444,49.9180072313715
Thailand,THA,2021,27,45.8047578758174,44.2551820276512,47.824982237849
Kyrgyzstan,KGZ,2021,28,45.7639290287229,43.3228041405442,46.8341737659029
El Salvador,SLV,2021,28,45.6747642641151,44.1796680434107,46.6299476575156
Timor-Leste,TLS,2021,25,45.1264344022499,41.8517094966552,45.9357572357777
Liberia,LBR,2021,27,43.0224223401345,41.8423776215267,45.7212002240831
Uganda,UGA,2021,29,42.4877420149103,41.5924498151609,43.495012749978
Kazakhstan,KAZ,2021,27,42.3892768534422,41.342155607741,44.7488573254238
Guatemala,GTM,2021,27,42.3472118059641,39.852333465722,43.8805960316907
Mali,MLI,2021,29,41.968136789816,41.0870180471509,42.9651161218228
Madagascar,MDG,2021,28,41.4883525766294,39.2085549684037,42.5927446619765
Nigeria,NGA,2021,26,40.783502271221,39.3606879208345,43.8345391535955
Ukraine,UKR,2021,28,39.5148723312889,38.6795479729585,41.0284356235811
Mozambique,MOZ,2021,28,39.098343944915,36.4656372450148,40.0250394353396
Honduras,HND,2021,28,39.0665595688953,37.1128243749682,40.1220715352209
Russia,RUS,2021,28,38.8504563674159,37.3340057895597,39.7122401131896
Togo,TGO,2021,27,38.5180535197403,36.0235031383641,39.204248891255
Gabon,GAB,2021,28,38.3465963715314,37.4030293464912,39.675479612813
Saudi Arabia,SAU,2021,26,37.7837662577335,36.624349274765,40.4389974045832
Pakistan,PAK,2021,28,37.2401003530731,35.2494259272698,38.5650059161232
Guinea,GIN,2021,28,37.2027093912601,35.1226040734818,38.6914335401203
Bolivia,BOL,2021,26,36.9341266059232,35.4686034700358,38.6103885388656
Bahrain,BHR,2021,26,36.7786266069349,35.2686773105207,38.5566720537881
Myanmar,MMR,2021,25,35.9724213643339,33.5802474761082,39.4797204530248
Lebanon,LBN,2021,27,35.7931401253467,34.3947178171601,38.0867894824502
Eswatini,SWZ,2021,27,35.4425417536041,34.5145124935723,37.0462863757598
Mauritania,MRT,2021,27,34.9604941197586,33.4306388346525,37.2523223812149
Ethiopia,ETH,2021,29,34.2884125734462,33.3288140444229,35.3439047702702
Guinea-Bissau,GNB,2021,26,33.7504779937641,31.7668438707821,35.2536697388956
Cuba,CUB,2021,24,33.6792003735483,31.6114374446118,36.5511224747694
Belarus,BLR,2021,27,33.3612720016101,32.0231864294902,35.3563640855503
China,CHN,2021,27,32.8732375100743,31.0033373001445,33.9118150260231
Vietnam,VNM,2021,27,32.086542198483,31.1569908856439,33.9335964501957
Uzbekistan,UZB,2021,27,31.5601665164756,29.0770922044665,32.7926689737215
Algeria,DZA,2021,27,31.4299271837619,29.95847862579,34.0725654334562
Djibouti,DJI,2021,27,31.2540035082812,29.374237199586,32.6109631746191
Egypt,EGY,2021,28,30.9954846485398,29.8847407172025,32.4284850025363
Angola,AGO,2021,26,30.5900306889942,28.9898051295856,33.1442722822566
Turkey,TUR,2021,28,29.7604444421069,28.2207336470811,30.8792642800786
Zimbabwe,ZWE,2021,28,29.1638552910403,28.346804376311,31.8288494126593
Iraq,IRQ,2021,25,28.8590150802005,25.3129997499234,29.7725730134633
Haiti,HTI,2021,27,28.2057662312139,27.0493116437447,29.7040293327271
Azerbaijan,AZE,2021,27,27.2706075244342,25.991700988318,28.9872725573095
Iran,IRN,2021,28,27.2047825845394,25.8329151603335,28.3503891349366
Republic of Congo,COG,2021,27,27.1761122757698,25.7211124021039,29.3061421689824
Cameroon,CMR,2021,28,25.0738222823344,24.1864131812111,27.4875260016349
Central African Republic,CAF,2021,26,25.0067532782991,24.4220314236156,28.4523485396626
Laos,LAO,2021,24,24.9847594749013,23.7218147067215,28.5146380932974
Comoros,COM,2021,26,24.6111686802959,22.5567166563221,26.7372697146058
Chad,TCD,2021,27,23.5034295096677,20.5707386654838,24.2035898007523
Tajikistan,TJK,2021,27,23.1421092321506,21.6381724125639,24.8824184985391
Democratic Republic of Congo,COD,2021,27,22.8937458283316,20.7089039399935,24.5020270294786
Afghanistan,AFG,2021,28,22.0158421161768,19.9504101475071,22.6801674459056
Cambodia,KHM,2021,28,20.8718909963325,19.9905398945863,22.1707283549651
Bangladesh,BGD,2021,28,20.5017155082294,19.6109454787594,22.857102868336
Nicaragua,NIC,2021,27,20.098801272158,17.941349935479,20.8945217832118
Turkmenistan,TKM,2021,22,18.6512833137493,15.8058605531903,21.5584055285644
Libya,LBY,2021,24,16.7157256681966,16.2997512912989,21.543861575393
Sudan,SDN,2021,27,14.9448146483412,13.6790108086414,16.4327845194547
Burundi,BDI,2021,26,13.3888080909747,10.9000479259391,15.6216726334025
Somalia,SOM,2021,26,11.5899435067697,10.596039996053,14.2151698686003
Equatorial Guinea,GNQ,2021,24,10.1578905040498,8.09385693372167,11.890000655715
Eritrea,ERI,2021,24,9.68755283955461,7.15784069153182,12.6655818437882
South Sudan,SSD,2021,23,8.9632141608161,5.07858934773835,9.37551569474503
Venezuela,VEN,2021,27,7.57408971684573,5.30959988578475,8.26019078244941
Yemen,YEM,2021,27,2.90828103427873,1.28321665762079,4.36617853822494
Syria,SYR,2021,25,2.79087309773575,0.984761359251619,5.31944001371578
Norway,NOR,2020,28,95.8457682769286,94.7537427952688,97.4633113385288
Denmark,DNK,2020,27,95.7036976736565,94.496247976605,97.4781786459245
Sweden,SWE,2020,27,95.2553736470108,93.9195903142325,96.6343071803295
Germany,DEU,2020,28,94.9339442098774,93.6729538520585,96.3742043398799
Australia,AUS,2020,28,94.874114438781,93.6036378793109,96.1124506152643
Finland,FIN,2020,28,94.7914155192032,93.6574697286259,96.4446791555696
Switzerland,CHE,2020,24,94.6439977127779,92.5997642259555,95.9818767436175
New Zealand,NZL,2020,27,94.3735124610375,93.0060345288243,96.0288925028449
Netherlands,NLD,2020,27,92.6629712039643,91.0933556316367,94.0207491770588
Canada,CAN,2020,28,92.5907454870985,91.50450461476,94.062333556325
Iceland,ISL,2020,26,91.3996173155564,89.6261565655404,92.6886149775645
Austria,AUT,2020,27,90.2935600641939,89.1369363002169,91.7505906290134
Japan,JPN,2020,27,90.0840951099433,88.6215168722062,91.2548776400203
Luxembourg,LUX,2020,28,90.0090613254875,88.6704951625339,91.3159268619166
Estonia,EST,2020,28,89.5571015881502,88.4274390668582,90.9214379604258
Belgium,BEL,2020,26,89.3482056047439,88.2049679232073,91.0036832055255
United Kingdom,GBR,2020,27,87.6639334988775,86.0334754957285,89.2077372433356
United States of America,USA,2020,28,87.4327645441366,86.1829664178679,88.7681055794845
Ireland,IRL,2020,27,87.0318062355278,85.3985102512532,88.66510221980229
Portugal,PRT,2020,27,85.7320789264451,84.0905970577301,86.7422615700364
France,FRA,2020,27,85.2364751984366,84.4076392937243,86.7378580602159
Spain,ESP,2020,25,83.9402395826832,82.0475365597534,84.8965273540866
Uruguay,URY,2020,27,83.7892798068061,82.2747983712167,85.0342210258092
Taiwan,TWN,2020,23,83.726499258556,80.3598432864054,84.3529059568519
Latvia,LVA,2020,27,80.6477755592109,79.3897910377552,81.7432312797727
Slovenia,SVN,2020,27,80.381863670767,79.4823356834797,81.8367046418843
Chile,CHL,2020,28,80.1189429067399,79.2053810167226,81.5486321243885
Czech Republic,CZE,2020,27,79.6773005290101,77.6926237812568,80.6010271338305
South Korea,KOR,2020,27,79.2220390920772,78.1146326747836,80.5723909029862
Singapore,SGP,2020,27,79.1945336362942,76.6614368293859,80.5315843647937
Hong Kong,HKG,2020,26,79.1847878777671,77.3936790338358,80.7237680020931
Lithuania,LTU,2020,27,78.8683969085366,77.2796747859246,80.3136333179789
Barbados,BRB,2020,25,78.4675733436622,75.5823103953355,79.5013443088767
Costa Rica,CRI,2020,27,78.0773915818913,76.802971311576,79.3503263676708
Cyprus,CYP,2020,26,76.6513657351632,74.778808832103,77.8566958901238
Israel,ISR,2020,27,75.2293474880779,74.3476348573331,77.0211882319732
Italy,ITA,2020,28,73.3311899094811,72.1554035071639,74.5453168602529
Slovakia,SVK,2020,27,72.6492181911967,71.8353806396126,74.0123463739744
Malta,MLT,2020,28,72.6455674576729,71.4641546118677,73.8236688072901
Mauritius,MUS,2020,27,72.2366544539354,71.1357653161607,73.672202184932
Bhutan,BTN,2020,23,71.9858898417993,65.8050432738818,72.4761410684012
Cabo Verde,CPV,2020,27,70.8903486396853,69.8184940924609,73.7642446999491
Seychelles,SYC,2020,27,70.3280423128305,69.3971459251899,71.9015761846421
Botswana,BWA,2020,27,70.3138300204296,68.7861411717188,71.2991407744923
Jamaica,JAM,2020,26,70.1517979711382,68.265371054269,70.84969051428
Namibia,NAM,2020,28,67.972403153315,66.8629871851878,69.111981076076
Croatia,HRV,2020,27,66.5306699164693,65.2296647514772,67.4725724060988
South Africa,ZAF,2020,27,66.0705608270021,65.0029208270174,67.424186658186
Poland,POL,2020,28,66.0639273951425,65.0611819334997,67.3173925890973
Greece,GRC,2020,28,66.0365679885296,65.1193441862177,67.3014955456759
Bahamas,BHS,2020,13,65.6973966199742,63.6138527694305,69.2616313277338
Georgia,GEO,2020,27,64.9965934582454,63.1720117085757,65.9438529436623
Trinidad and Tobago,TTO,2020,26,64.8759509700262,63.3520620967648,65.9898162906346
Montenegro,MNE,2020,27,63.4039479848779,61.8670322735295,64.3196006075857
Romania,ROU,2020,27,63.3499158607186,61.1809219715832,64.4484501949826
Ghana,GHA,2020,29,63.2719619967922,62.3538751039655,64.3500399365275
United Arab Emirates,ARE,2020,27,62.5388743594353,59.5680933250469,63.1780600573946
Malaysia,MYS,2020,27,61.8463475341509,60.8891351386257,63.4088868234056
Puerto Rico,PRI,2020,9,60.9639786718835,58.3372938454712,64.1500462681874
Kuwait,KWT,2020,27,60.8782856838558,58.7423426383248,62.0108654314326
Hungary,HUN,2020,28,60.7416271648204,59.7477907726875,61.9147754072227
Tunisia,TUN,2020,28,60.7003685768648,59.6019603685234,62.0752687839367
Bulgaria,BGR,2020,27,60.2963816679088,58.6335899816051,61.4506732883929
Brazil,BRA,2020,28,59.269588213328,58.0519267025428,60.213562721408
Argentina,ARG,2020,28,59.1768123306811,58.0414335923283,60.3637597629631
Senegal,SEN,2020,29,59.0155893245952,57.9989461776587,60.1299949911088
Albania,ALB,2020,28,58.5747948805315,57.615809039284,59.958197576184
Peru,PER,2020,28,57.9797437679447,56.8866256074283,59.0790766927839
Fiji,FJI,2020,23,57.9708259876567,54.6379857039174,59.1304752070336
Colombia,COL,2020,28,57.692742979804,55.9836556773825,58.5669497473097
Jordan,JOR,2020,28,57.2617619097018,56.3675997019385,58.4459605201633
Armenia,ARM,2020,25,56.897400513562,55.4772564117697,58.4736660768044
Panama,PAN,2020,28,56.6641292585739,55.4998504076184,57.509205628629
Indonesia,IDN,2020,27,56.382625253864,55.1570551644508,57.9077183783782
Guyana,GUY,2020,26,56.2266680607094,54.6349254945611,58.0234979773927
Brunei,BRN,2020,11,55.7733456393345,48.7548323862815,56.4488761194493
Oman,OMN,2020,26,55.7180265503991,53.4170765971598,57.1241590295096
Mongolia,MNG,2020,29,55.6540496830393,54.767943463463,56.6745324175489
Serbia,SRB,2020,27,55.4703356054152,53.5347165888667,56.4257867486839
Benin,BEN,2020,29,55.4122187280325,54.514275585853,56.4694560706697
Burkina Faso,BFA,2020,28,54.6516042317794,52.0290731264866,55.4698322622087
Malawi,MWI,2020,28,54.6204936347769,52.3748411346848,55.4376617537403
Sri Lanka,LKA,2020,28,54.5587627660058,52.3149909356362,55.8030919815293
Kenya,KEN,2020,29,54.4054065203917,53.5334655921918,55.3532473490374
Gambia,GMB,2020,28,54.1227479770609,51.9087224785654,54.8328220580993
Suriname,SUR,2020,25,54.0033393552549,52.4241153929485,56.2646621090003
Moldova,MDA,2020,28,53.1345113710737,52.1196391981072,54.4161447427209
Belize,BLZ,2020,13,52.9524104693272,50.0032392860167,56.3212985413963
North Macedonia,MKD,2020,25,52.3768697530165,48.9035670125977,52.9548918807
India,IND,2020,27,52.2230415891224,50.6465357069912,53.1093356298344
Lesotho,LSO,2020,27,51.6922107204812,48.9058905069325,52.4367978665665
Qatar,QAT,2020,27,51.3343897346666,50.3607243151225,53.1595813036261
Morocco,MAR,2020,27,50.9006300783533,48.7934765641254,52.5991070288453
Palestinian Territories,PSE,2020,22,50.8607751647779,47.1208958939331,52.7355433828711
Mexico,MEX,2020,28,49.3093180446377,47.6874138323558,49.9760924312087
São Tomé and Príncipe,STP,2020,23,49.1096124744308,48.9979911235185,54.842426992068
Bosnia and Herzegovina,BIH,2020,27,48.9055402120123,48.3088747674197,51.886433257651
Côte d'Ivoire,CIV,2020,28,48.8691039189326,46.4884217101812,49.7923500141375
Niger,NER,2020,27,48.7709426290635,47.1216047116768,50.7935158703919
Paraguay,PRY,2020,27,48.4533484807111,46.3037847913891,50.1336650849568
Zambia,ZMB,2020,28,48.3189145450156,45.3288775931671,48.8891564642646
Nepal,NPL,2020,28,48.3147031188248,47.6395842428825,51.0681866876051
Philippines,PHL,2020,27,48.2407486860045,47.2579175928706,49.7606845251874
Tanzania,TZA,2020,28,47.9058419613219,45.0620238156181,48.4139168348267
Papua New Guinea,PNG,2020,24,47.1675228370716,44.3262448225106,49.3087397684196
El Salvador,SLV,2020,28,46.8950420773056,45.6686292833639,47.9009516637117
Thailand,THA,2020,27,46.7867013467851,44.6083881422041,48.355736585216
Dominican Republic,DOM,2020,28,46.6034778989353,45.7172598499694,47.7582793966076
Ecuador,ECU,2020,28,46.2987195072115,45.225584901424,47.4293560182802
Rwanda,RWA,2020,29,45.7143317034223,44.7713880203334,46.8345302052225
Timor-Leste,TLS,2020,25,44.5534453541527,42.3336288054357,46.5725478801117
Kyrgyzstan,KGZ,2020,28,43.9024611036982,43.1902343264204,46.7561751132337
Kazakhstan,KAZ,2020,27,43.5154485186067,40.6252261154644,44.2956399280578
Mali,MLI,2020,29,43.3951330960666,42.5086236473886,44.3867617986308
Uganda,UGA,2020,29,42.284868056023,41.3880705553088,43.2407525916061
Sierra Leone,SLE,2020,26,42.0507797813914,39.4554760896036,44.6460834731792
Liberia,LBR,2020,27,41.6946899283015,40.7526653126786,44.3861178784229
Guatemala,GTM,2020,27,41.3878976311849,40.414572325041,44.0883509437119
Madagascar,MDG,2020,28,41.1207420224293,38.5271937288632,42.0099439258898
Nigeria,NGA,2020,26,41.0332532871407,38.7115137930496,43.0280804488888
Belarus,BLR,2020,27,40.0559905378156,37.2705830647241,40.5903185577308
Ukraine,UKR,2020,28,39.8141107445591,38.9242684474179,41.2959767511318
Honduras,HND,2020,28,39.4986568049303,37.5923821294234,40.4806769637165
Saudi Arabia,SAU,2020,26,39.4082229403545,36.3297687305773,40.6862132605293
Russia,RUS,2020,28,38.7378715182848,37.4567254760989,39.6748158812159
Gabon,GAB,2020,28,38.1276611754119,37.0004820280611,39.3594328688575
Guinea,GIN,2020,28,38.0347287633621,35.4858212497003,38.7845823620615
Mozambique,MOZ,2020,28,37.8147983847834,37.1151079888437,40.554003241753
Lebanon,LBN,2020,27,37.5647958056286,36.0616469827479,39.6729447334217
Pakistan,PAK,2020,28,37.3782010336939,34.5349856461226,37.8809235018117
Bahrain,BHR,2020,26,37.1915373570996,35.016655461669,38.3177465571842
Bolivia,BOL,2020,26,36.7027888458351,34.9982023457438,38.0209974319739
Eswatini,SWZ,2020,27,35.6459676073969,34.4431889983398,37.0882496547853
Mauritania,MRT,2020,27,35.3429200227619,34.4200502951995,38.3935601153618
Togo,TGO,2020,27,34.9240894629982,33.9999103856818,37.6807635344257
Ethiopia,ETH,2020,29,34.0058184274403,33.0283565818192,35.0857383812723
Cuba,CUB,2020,24,33.9681497113058,31.1883586327661,36.1148840107409
Vietnam,VNM,2020,27,33.3224290610351,31.7199579618974,34.8888015359472
Myanmar,MMR,2020,25,33.2053094737941,32.4125419097318,38.2319421009729
Guinea-Bissau,GNB,2020,26,33.0359916980106,30.1822053180637,34.414378193263
China,CHN,2020,27,32.4351673334169,31.3249989681611,34.4143428809054
Egypt,EGY,2020,28,31.6460298122673,30.0904520625406,32.4524595670283
Zimbabwe,ZWE,2020,28,30.9816049561422,28.9443891664853,32.3333792881011
Algeria,DZA,2020,27,30.9686766462664,30.1361991980845,33.9542367040105
Turkey,TUR,2020,28,30.6457789470985,29.9323351873955,32.5175009530966
Djibouti,DJI,2020,27,29.5909373101536,28.8044604800543,32.4928521107659
Angola,AGO,2020,26,29.1211386938615,26.8699364415776,31.3723409461454
Uzbekistan,UZB,2020,27,29.0022393473567,27.8119117742375,31.4912249402856
Haiti,HTI,2020,27,28.3363818313156,26.8778356536099,30.3852504279749
Central African Republic,CAF,2020,26,27.9265248205275,25.9210923089518,30.124177618986
Iran,IRN,2020,28,27.4731136827142,26.7716111534543,29.1896341563169
Iraq,IRQ,2020,25,27.4078746812109,26.3029818562376,30.2305058960321
Laos,LAO,2020,24,26.739665895589,23.386658567653,28.2233609440823
Azerbaijan,AZE,2020,27,26.2470235050982,24.9389425523507,27.7343024767721
Republic of Congo,COG,2020,27,26.1764640259291,24.5763195652936,28.409831337455
Cameroon,CMR,2020,28,24.8297297225642,23.9563365166326,27.3068087256257
Comoros,COM,2020,26,23.111413273731,22.3861127591381,26.2776422066971
Chad,TCD,2020,27,22.4177638030649,20.1015680184112,23.9522096826817
Tajikistan,TJK,2020,27,21.8115115611242,21.2566465031902,24.4261371779805
Afghanistan,AFG,2020,26,21.5550731198808,19.9008795130474,23.4037593284265
Nicaragua,NIC,2020,27,21.3515473168176,19.7757290310189,22.4088174995688
Cambodia,KHM,2020,28,20.8619677899046,19.9478761504939,22.0446934726047
Bangladesh,BGD,2020,28,20.2509472718008,19.3892792124897,22.7766393152426
Democratic Republic of Congo,COD,2020,27,20.2188743576064,19.7432158538402,23.4626779284326
Libya,LBY,2020,24,19.4059863368724,16.6017134873944,21.5432101433059
Turkmenistan,TKM,2020,22,18.5971430014327,15.7977589354038,21.1279113897891
Burundi,BDI,2020,26,15.0133156236519,11.8613451308888,16.4851670125839
Sudan,SDN,2020,27,14.4186879897996,12.6240452615427,15.4851299227158
Somalia,SOM,2020,26,13.4992015595867,10.707239431158,14.4787721467969
Equatorial Guinea,GNQ,2020,24,8.60578913355849,7.45888698072869,11.6860932997544
Eritrea,ERI,2020,24,7.79856474476744,5.6042911867255,10.6487089691858
South Sudan,SSD,2020,23,6.35498244774411,6.01239204047948,11.1902797912553
Venezuela,VEN,2020,27,5.79290806734777,4.53543372484234,7.6061044637128
Syria,SYR,2020,25,4.35639792161868,1.30072111690118,5.62212779910432
Yemen,YEM,2020,27,3.68733934384695,2.07786763252836,5.28423069904391
Norway,NOR,2019,28,96.7115642609715,95.3647372854404,98.1670521370272
Denmark,DNK,2019,27,96.001455348542,94.5493910733259,97.4472587672822
Australia,AUS,2019,28,95.3914068217044,94.1315039275435,96.8620794838495
Germany,DEU,2019,28,95.3891038412251,94.0200019222762,96.7177029037781
Sweden,SWE,2019,27,95.2443873124853,94.1721428933735,96.9915613308954
Finland,FIN,2019,28,95.0847659219409,93.7329569849567,96.6051862425103
Switzerland,CHE,2019,24,95.000501661823,92.7338499718302,96.4044778887505
New Zealand,NZL,2019,27,94.7155705593586,93.3194439650698,96.1201965959875
Canada,CAN,2019,28,93.3268541577909,92.008621685957,94.7837121144444
Netherlands,NLD,2019,27,92.5516636222594,90.7971363692505,93.9884247835745
Iceland,ISL,2019,26,91.178171706951,89.6941842204461,92.9073009293884
Ireland,IRL,2019,27,90.9821625041453,89.2610007028051,92.0799394212588
Austria,AUT,2019,27,90.099110423832,88.70551571426,91.4209601662493
Japan,JPN,2019,27,89.957720667594,88.7688703200275,91.6194233719832
Luxembourg,LUX,2019,28,89.717963688224,88.6858323192174,91.3058003321533
Belgium,BEL,2019,26,89.5889559259769,87.9487169718274,90.8953015628264
Estonia,EST,2019,28,89.4972304368451,88.4463854677159,91.0537075431275
United Kingdom,GBR,2019,27,89.0339035681272,87.4313684726186,90.4499976682106
United States of America,USA,2019,28,88.2976997819687,87.0843864215823,89.6226762036411
France,FRA,2019,27,85.8645675165786,84.8189723758011,87.2999488401466
Portugal,PRT,2019,27,85.5184840653903,84.3893639057794,86.9742847555069
Uruguay,URY,2019,27,82.9314402147602,81.9414208777065,84.5600566357745
Spain,ESP,2019,25,82.9185926861229,81.2513319183093,83.9793178848269
Taiwan,TWN,2019,23,82.7328954841152,80.0465409094169,83.6542052274209
Hong Kong,HKG,2019,26,81.5445412815762,79.6791956357332,83.2488959466806
Chile,CHL,2019,28,80.688332815836,79.6044695702913,82.0239018130756
Slovenia,SVN,2019,27,80.4769205510852,79.1349213965012,81.6303907205192
Latvia,LVA,2019,27,80.3461735096331,78.7783880943845,81.3464900243581
Czech Republic,CZE,2019,27,79.7507960810497,77.8811002965396,80.8309452506183
South Korea,KOR,2019,27,79.3081757401727,77.6463421837853,80.3438531624608
Singapore,SGP,2019,27,79.1363601646135,77.2107834031333,80.7822462053475
Lithuania,LTU,2019,27,78.7845443457028,77.1524531170414,80.013435595922
Costa Rica,CRI,2019,27,78.3883624030831,77.0847480911894,79.5336224133264
Barbados,BRB,2019,25,78.1165493456236,76.4645648020588,80.5083616055254
Cyprus,CYP,2019,26,76.466385132174,75.4100198190713,78.1542876325557
Israel,ISR,2019,27,75.7929051151722,74.0073041378144,76.7480854121876
Italy,ITA,2019,28,73.4188613693993,72.2597244735877,74.6063288709952
Mauritius,MUS,2019,27,72.8498520868183,71.5190435315599,74.0036499974234
Slovakia,SVK,2019,27,72.7266149717598,71.410986042496,73.8213885429135
Malta,MLT,2019,28,72.6360122978288,71.6529923642903,73.8586326458847
Botswana,BWA,2019,27,70.894170829366,69.2998666303222,71.7228121089605
Cabo Verde,CPV,2019,27,70.8082353502689,69.6902498655004,73.3643787100104
Seychelles,SYC,2019,27,70.3035170195853,69.1798981340851,71.6466855043806
Bhutan,BTN,2019,23,70.0378267511524,66.0164012197129,72.2343082600338
Namibia,NAM,2019,28,69.4489451195845,68.4094686144669,70.6452231844127
Jamaica,JAM,2019,26,68.3225882801657,67.11161495143,69.7148594990987
Poland,POL,2019,28,67.5290480216694,66.527446345771,68.8066753743854
Croatia,HRV,2019,27,66.9199020627465,65.5328757267922,67.777316504631
Bahamas,BHS,2019,13,66.7160835220072,63.5915450664532,68.9330179570022
South Africa,ZAF,2019,27,66.1326358092666,65.4651232058137,67.8753628488958
Greece,GRC,2019,28,65.9988608645644,65.0956065541709,67.1582392442579
Trinidad and Tobago,TTO,2019,26,65.0428603014917,63.4124903711795,66.2986387663257
Puerto Rico,PRI,2019,9,64.4576523072204,59.4934816020807,64.5464098756137
Georgia,GEO,2019,27,64.2938213705562,62.2885024708482,65.3691602177626
Ghana,GHA,2019,29,63.4226358698,62.5327878157509,64.5348981483362
Montenegro,MNE,2019,27,63.199318055255,61.3650821789368,64.0918271807083
Romania,ROU,2019,27,62.1365033861188,60.2288384008739,63.4149174011443
Hungary,HUN,2019,28,61.9703998738335,60.9146599099237,63.1202208727705
Brazil,BRA,2019,28,60.82560973512,59.7646341836465,61.9422852012392
Kuwait,KWT,2019,27,60.7975772958012,58.9492005018618,62.099138387064
Tunisia,TUN,2019,28,60.673462336847,59.407369543271,61.8460186365556
United Arab Emirates,ARE,2019,27,60.5265976372741,59.611241352544,63.4244627266194
Bulgaria,BGR,2019,27,60.4565219441567,58.7615131182599,61.3959688429395
Argentina,ARG,2019,28,59.9545313435509,58.6343444011828,60.9317355401952
Malaysia,MYS,2019,27,59.6586064515515,58.6928238477315,61.0308748163477
Senegal,SEN,2019,29,58.7801876750921,57.8257853355648,59.8350486202937
Albania,ALB,2019,28,58.7658130587481,57.676589187867,59.8014259378985
Peru,PER,2019,28,57.2921640236519,56.3544201607767,58.3846282163345
Jordan,JOR,2019,28,57.1987776253156,56.2034153426181,58.131368219254
Colombia,COL,2019,28,57.0238968504059,56.3083351048592,58.7768920010219
Indonesia,IDN,2019,27,56.6420549032046,54.880861105561,57.9458260950255
Armenia,ARM,2019,25,56.2958230498505,54.3382861027118,57.7110811355013
Panama,PAN,2019,28,56.2712525269022,55.0671965371001,57.3074807403514
Mongolia,MNG,2019,29,56.2467788272713,55.361262893123,57.3590693875829
Benin,BEN,2019,29,56.139445027617,55.2704577940231,57.2538001813279
Suriname,SUR,2019,25,55.8304203501963,53.472815038578,56.9935617678028
Guyana,GUY,2019,26,55.1278582624789,54.4605686856296,57.4897608876687
Sri Lanka,LKA,2019,27,54.4741169275584,51.8683428978104,55.2673659507915
Serbia,SRB,2019,27,54.3045742916784,52.527748275846,55.4093417586716
Oman,OMN,2019,26,54.1634495228529,53.2331876203016,56.3451203233598
Brunei,BRN,2019,11,54.160727710286,49.1214855734936,56.7202990334554
Malawi,MWI,2019,28,53.9705982275181,52.8056453175907,56.2324653272604
Kenya,KEN,2019,29,53.7586524899705,52.8629994426897,54.7265050551896
Burkina Faso,BFA,2019,28,53.1695217740521,52.7347693518121,56.0400172826328
Belize,BLZ,2019,13,53.0798786664446,50.2496739942355,56.9488400975485
India,IND,2019,27,52.6041292957384,51.1817464601735,53.4554600242716
Gambia,GMB,2019,28,52.3751588010305,50.5403590760516,53.4958846237702
Fiji,FJI,2019,23,52.2544760854449,52.0951385056702,56.9997092367201
Moldova,MDA,2019,28,52.1418514418403,50.603951057568,53.0385984089092
Qatar,QAT,2019,27,52.1156039234387,50.9257876292023,53.701073992686
Lesotho,LSO,2019,27,51.8135518649057,48.359721369606,51.8630969853354
Bosnia and Herzegovina,BIH,2019,27,51.4654961737738,49.3872384977693,53.2375940323915
Nepal,NPL,2019,28,51.4591694557034,48.456063502671,52.0214238257552
Morocco,MAR,2019,27,50.866445512768,47.8149872411493,51.6032179219633
São Tomé and Príncipe,STP,2019,23,50.4168247789823,47.5682289239529,53.2097592548598
North Macedonia,MKD,2019,25,50.2292508607888,48.8310599439332,52.9514189131898
Paraguay,PRY,2019,27,50.1953809813315,46.6282604968302,50.6016313376372
Niger,NER,2019,27,50.158707719113,47.8548421066431,51.7422270802721
Mexico,MEX,2019,28,49.9854958792201,49.2116586176179,51.5530609397031
Côte d'Ivoire,CIV,2019,28,49.5178182113728,47.1829859536591,50.4959280132117
Palestinian Territories,PSE,2019,22,49.1624382123317,46.6203012418956,52.416003446972
Philippines,PHL,2019,27,47.9568293474233,47.0422307004928,49.5392600746924
El Salvador,SLV,2019,28,47.1045493450764,45.7551866032182,48.0449534702583
Zambia,ZMB,2019,28,46.9421559671058,46.13252968346,49.6135673098302
Thailand,THA,2019,27,46.7984966337806,44.0193818495275,47.7227832432426
Dominican Republic,DOM,2019,28,46.4935592267161,45.4700188788464,47.7135907055694
Tanzania,TZA,2019,28,46.2259383208556,45.432112905428,48.9167009742228
Papua New Guinea,PNG,2019,24,46.0943549336625,43.7107116460093,48.8402116874614
Ecuador,ECU,2019,28,45.2872393086248,44.2489639560706,46.3305575216772
Liberia,LBR,2019,27,44.9427460333889,42.8554117641119,46.7438383557457
Sierra Leone,SLE,2019,26,44.7892194465545,42.5200413383777,47.2238925495366
Kyrgyzstan,KGZ,2019,28,44.7217397738406,42.1064185124216,45.5770933505894
Rwanda,RWA,2019,29,44.5195208093277,43.447351405884,45.6609297611496
Mali,MLI,2019,29,44.4434112636475,43.5609523601432,45.4106321725071
Timor-Leste,TLS,2019,25,44.1721381361515,39.8196182962788,44.6487503268093
Uganda,UGA,2019,29,42.8948989981101,41.9625790002601,43.905527704862
Guatemala,GTM,2019,27,41.2331949307327,40.6103655499842,44.1896696069649
Mozambique,MOZ,2019,28,40.8419107006374,38.3678421006476,42.1003056916602
Kazakhstan,KAZ,2019,27,40.7226693345458,40.0403612544389,43.5840792486044
Ukraine,UKR,2019,28,40.2449232519476,38.7574010170245,41.1519672832414
Nigeria,NGA,2019,26,40.2294924695986,38.7955326002667,43.2770025786959
Honduras,HND,2019,28,39.667131478478,37.7678611724549,40.856269960959
Madagascar,MDG,2019,28,39.5379299200345,38.8665293972667,42.29235658789
Gabon,GAB,2019,28,38.9464563870426,37.7793526248982,39.9464761595604
Bolivia,BOL,2019,26,38.8285096081408,36.4700352368869,39.6680232332162
Lebanon,LBN,2019,27,38.7209938021522,37.5856826067929,41.388269929163
Saudi Arabia,SAU,2019,26,38.6661090840095,35.8971624088731,39.8749495863874
Russia,RUS,2019,28,38.3600034510088,37.4871968953623,39.9484938335012
Guinea,GIN,2019,28,37.6546557709722,34.5979041724266,38.0555749107942
Belarus,BLR,2019,27,37.6336536140702,36.9445760593864,40.7267508775377
Pakistan,PAK,2019,28,37.0472684876524,34.553689258653,38.1366251194223
Eswatini,SWZ,2019,27,36.5159428919673,35.0289726075646,37.9032366312824
Bahrain,BHR,2019,26,35.8980583943761,34.5186716467116,37.4505765207016
Mauritania,MRT,2019,27,35.4970234531309,33.739422661639,37.7220354309643
Togo,TGO,2019,27,35.1910508279115,34.6083392018941,37.6617717544771
Cuba,CUB,2019,24,32.8248102942847,30.8907219392794,35.4197684507555
Guinea-Bissau,GNB,2019,26,32.6982662606757,29.7008195009018,33.42048199473
Vietnam,VNM,2019,27,32.6069628062137,31.5082323253929,34.3554345785445
Algeria,DZA,2019,27,32.3169186088986,31.6702892751669,35.3356795668779
Ethiopia,ETH,2019,29,32.1515938921503,31.0744540552626,33.2380092340553
China,CHN,2019,27,31.9808732778482,30.7647035961138,33.7063063359484
Egypt,EGY,2019,28,31.6936182505763,30.707779589783,33.0045898429142
Myanmar,MMR,2019,25,31.517604467785,30.351578836944,36.1318218108513
Turkey,TUR,2019,28,30.8202626670729,29.5626879563971,32.0595838851396
Djibouti,DJI,2019,27,30.3567581891273,28.334568598512,31.9360483835403
Zimbabwe,ZWE,2019,28,29.9641232229582,29.2306995214971,32.6692354846345
Iraq,IRQ,2019,25,29.8939064041752,27.9242198349714,31.863592973379
Angola,AGO,2019,26,29.6858455738344,28.2280811294109,32.2916962307697
Haiti,HTI,2019,27,29.2834437707076,27.9214803574282,30.6938390838624
Iran,IRN,2019,28,28.8182418782679,28.072587978248,30.592084641482
Comoros,COM,2019,26,27.7386471993865,26.2200134278304,30.2167643542501
Uzbekistan,UZB,2019,27,27.319269144876,26.1415315834633,30.0683445616296
Laos,LAO,2019,24,27.1203764596391,23.9649319182624,28.9653753420452
Central African Republic,CAF,2019,26,26.7840608168639,25.3788102916265,29.5702503905341
Republic of Congo,COG,2019,27,25.7712845803627,25.0935351369781,28.5899195973762
Azerbaijan,AZE,2019,27,25.5659093833928,24.0826769458115,26.6717832446381
Cameroon,CMR,2019,28,25.0397266013611,24.1837072861567,27.6389626817615
Tajikistan,TJK,2019,27,24.7633850638156,22.539015067587,25.7763517370922
Chad,TCD,2019,27,22.666789382232,20.7732453473728,24.6410713469073
Nicaragua,NIC,2019,27,22.2968712499145,21.0726573936165,23.7578893419711
Bangladesh,BGD,2019,28,21.7289277108024,20.8454782490925,24.4737901321694
Afghanistan,AFG,2019,26,21.3163789434193,18.4985877154817,22.0589481479707
Cambodia,KHM,2019,28,20.9149052153887,20.0291845787702,22.3051047501518
Turkmenistan,TKM,2019,22,20.7839632780809,15.4898413771618,21.093400185654
Democratic Republic of Congo,COD,2019,27,20.1160555514562,18.0299545207396,21.76389074455
Libya,LBY,2019,24,19.1287164693887,18.040148803766,22.6448129026021
Burundi,BDI,2019,26,12.6463073478771,10.1748298578955,14.4956306156898
Sudan,SDN,2019,27,11.8574815474488,10.3674606607526,12.8767634527561
Somalia,SOM,2019,26,11.7843429472,10.448759676337,13.525987059484
Equatorial Guinea,GNQ,2019,24,11.2775452235152,8.398617544878,12.4998393687244
Eritrea,ERI,2019,24,7.84278117724622,4.09059128184013,9.76665211802771
South Sudan,SSD,2019,23,7.46611614517929,6.62214291875698,11.9289391067105
Venezuela,VEN,2019,27,7.02022903053332,5.54819526950376,8.32798054850419
Yemen,YEM,2019,27,4.05548199896323,2.90997173021639,5.88905001103925
Syria,SYR,2019,25,2.01574165010499,1.97634736034926,7.18827901416217
Norway,NOR,2018,28,97.2140296367857,95.857092887968,98.6606566053027
Denmark,DNK,2018,27,96.0097759030009,94.72985608112,97.5733590992456
Sweden,SWE,2018,27,95.8981950540114,94.4352572482475,97.095653712255
Finland,FIN,2018,28,95.4071497513958,94.1074324388046,97.0202763069911
Germany,DEU,2018,28,95.2735127841134,94.0615560226621,96.7592195579198
Australia,AUS,2018,28,95.0190877061942,93.8768967174682,96.5858211281037
New Zealand,NZL,2018,27,94.892292249276,93.1550629996572,96.1600143736723
Switzerland,CHE,2018,24,94.2487430958606,93.0069637838629,96.3934271558248
Canada,CAN,2018,28,93.7995894803988,92.3640110480532,95.0986396598198
Netherlands,NLD,2018,27,92.6317230535745,91.2158489864551,94.2649286860093
Austria,AUT,2018,27,91.0374456466402,89.3278190901119,92.2149299459494
Iceland,ISL,2018,26,90.8454070084009,89.5044884274604,92.4810504272339
Ireland,IRL,2018,27,90.3742604651507,88.7661132295876,91.9433428931235
Japan,JPN,2018,27,89.8816286337648,88.7045108209962,91.4535057541003
Luxembourg,LUX,2018,28,89.8727639817538,88.7850232654339,91.4178378861845
Belgium,BEL,2018,26,89.5921448959986,87.9897094926074,90.8143041922134
Estonia,EST,2018,28,89.4090868309042,88.2218992258966,90.7550901664539
United States of America,USA,2018,28,88.5889737279503,87.4360472903436,89.9644148016968
United Kingdom,GBR,2018,27,88.4559980697605,88.0195412512563,91.2014991266013
France,FRA,2018,27,86.734102968496,85.570950700572,88.2043739271767
Portugal,PRT,2018,27,86.2815275002419,84.7256642900022,87.4034800410461
Hong Kong,HKG,2018,26,82.845113988219,80.6253093066928,84.2377575869818
Uruguay,URY,2018,27,82.6118630432059,81.2567619074045,83.9624993097475
Spain,ESP,2018,25,81.5508626697821,80.9366180593541,83.7319126597039
Chile,CHL,2018,28,81.485765340758,80.3323863758331,82.7051101961155
Taiwan,TWN,2018,23,81.2247358203303,79.2551428858666,83.0146092948163
Slovenia,SVN,2018,27,80.232032405952,79.0134232211976,81.504141089253
Latvia,LVA,2018,27,79.5517514991544,78.4282735234967,80.7900701134687
Singapore,SGP,2018,27,79.533420592299,77.2124883366377,80.9548936503873
Czech Republic,CZE,2018,27,79.4027121816524,77.8148448316864,80.6914045561231
South Korea,KOR,2018,27,78.9647556607241,77.3106110627484,79.9510019886235
Lithuania,LTU,2018,27,78.5597090259224,77.0269456752498,79.9108276179883
Costa Rica,CRI,2018,27,78.4661104836727,77.1587018307326,79.6459987051365
Barbados,BRB,2018,25,77.8292977446303,76.7100490251488,80.589212127412
Cyprus,CYP,2018,26,77.0665545452229,75.9761359923166,78.6508157309068
Israel,ISR,2018,27,74.9999351238591,74.0484385360617,77.0184826093711
Italy,ITA,2018,28,73.5794252067855,72.4792258854415,74.773319754333
Slovakia,SVK,2018,27,73.0615186882409,71.9210637656354,74.0715448321452
Mauritius,MUS,2018,27,72.6697613708311,71.2332085660117,73.7800333772526
Malta,MLT,2018,28,72.6154816558567,71.5365870094657,73.8663316104386
Cabo Verde,CPV,2018,27,70.271035920567,68.8857015375319,72.9006879451863
Poland,POL,2018,28,70.192092044595,69.0701635377067,71.4873285761705
Botswana,BWA,2018,27,69.929658167225,68.4148874740541,71.1539999325218
Namibia,NAM,2018,28,69.4708527440688,68.5266077204603,70.6422052728434
Seychelles,SYC,2018,27,68.9149219090999,67.2421735034642,70.0018946750871
Jamaica,JAM,2018,26,68.4246064927687,66.3978534353069,69.2745960292837
South Africa,ZAF,2018,27,67.2635493040875,65.6678250681065,68.1519451385184
Bahamas,BHS,2018,13,67.1179629879332,63.9337368345839,69.582284285882
Croatia,HRV,2018,27,66.3122678825817,65.4720602061512,67.8160578484224
Greece,GRC,2018,28,65.9528014954634,65.0607871540003,67.0854173458292
Bhutan,BTN,2018,24,65.3359747339809,62.2996476377679,68.3723018301939
Trinidad and Tobago,TTO,2018,26,65.0434507703577,63.5471368726928,66.4542392354759
Romania,ROU,2018,27,65.0039822624494,62.8683737850856,65.7154542164902
Ghana,GHA,2018,29,64.2458409597278,63.3286185158334,65.3351435076174
Hungary,HUN,2018,28,63.3767063700126,62.2923317400157,64.5197386080257
Montenegro,MNE,2018,27,62.9960748112264,61.5735620215207,64.2137901785383
Georgia,GEO,2018,27,62.9796136692506,61.3706784163396,64.3013431716548
Puerto Rico,PRI,2018,10,62.7559820400279,61.1425799791211,65.7647133493839
United Arab Emirates,ARE,2018,27,62.6858705843768,59.4893507496566,63.202649691723
Brazil,BRA,2018,28,61.6580799813043,60.5521236259147,62.8667932698492
Argentina,ARG,2018,28,60.2510594441073,58.7622013819629,61.0318924347371
Kuwait,KWT,2018,27,60.2006632852712,58.1395345340009,61.3963562459717
Bulgaria,BGR,2018,27,59.771016413004,57.9384128076624,60.5649809874188
Tunisia,TUN,2018,28,59.5020614168646,58.0430012862518,60.3591812708372
Senegal,SEN,2018,29,58.7913158817787,57.9198810021685,59.8557473975694
Albania,ALB,2018,28,57.9643934418866,56.8667047608396,58.8156196628855
Colombia,COL,2018,28,57.7449261116854,56.3595095739792,58.7376379351638
Peru,PER,2018,28,57.0728847449163,55.8220391471921,58.0793903359979
Benin,BEN,2018,29,56.9511240401303,55.9212404853448,58.0154395532159
Malaysia,MYS,2018,27,56.8447179440993,55.652281594462,58.0651595107237
Jordan,JOR,2018,28,56.5142741771076,55.5925597720991,57.5559527994664
Mongolia,MNG,2018,29,56.4697014434976,55.5775603914585,57.5443133225831
Indonesia,IDN,2018,27,56.1334114082796,54.3819835175929,57.1873754905661
Panama,PAN,2018,28,55.5173827884319,54.4097911306961,56.6861257590341
Burkina Faso,BFA,2018,27,55.345554424615,53.2947750370119,56.6404568769045
Brunei,BRN,2018,11,55.1382801228403,49.2056379343446,56.901597414384
Belize,BLZ,2018,13,55.0210269125404,51.2505197763012,57.524177347075
Malawi,MWI,2018,28,54.9808450644306,53.1723651484263,56.4513945817746
Guyana,GUY,2018,26,54.6967572822957,53.4737668707362,56.9869934298181
Suriname,SUR,2018,25,54.3368392633234,53.3224712579739,57.4157668219454
Oman,OMN,2018,26,54.223237913521,52.3128555779339,55.8591784873108
Serbia,SRB,2018,27,53.7964664674086,51.6305942001807,54.8029927057591
Fiji,FJI,2018,23,53.7628315363561,49.5357649903662,55.4617266427297
Qatar,QAT,2018,27,53.591329556612,51.6813462833636,54.3307740403412
Kenya,KEN,2018,29,53.574879102201,52.6318370693494,54.5444551526573
Sri Lanka,LKA,2018,27,52.7713757154829,50.308563714666,53.6404816939733
Moldova,MDA,2018,28,52.5257823779612,51.1159318408759,53.2886975164669
Lesotho,LSO,2018,27,52.2307608608379,49.3864909194647,53.258938962981
Bosnia and Herzegovina,BIH,2018,27,51.3178648825518,48.9384624105416,52.8165432041213
Armenia,ARM,2018,25,51.2516117856738,49.6995960345087,52.5283284862627
India,IND,2018,27,51.1150021714638,49.5408655749302,52.2243563475737
North Macedonia,MKD,2018,25,51.097041246316,48.2977850131848,52.8033458473595
Mexico,MEX,2018,28,50.9354491318906,49.6273942629903,52.0526934365815
São Tomé and Príncipe,STP,2018,23,50.9076409912291,49.4669788834661,55.426274638164
Gambia,GMB,2018,28,49.9320832145251,47.9294507637539,50.8856948874351
Tanzania,TZA,2018,28,49.8639291516899,47.1694459970737,50.6538936396785
Palestinian Territories,PSE,2018,22,49.6006695843198,47.6120238407442,52.6550820635924
Nepal,NPL,2018,28,49.5402642685466,47.0000302348017,50.5435522301995
Côte d'Ivoire,CIV,2018,28,49.2221006618789,46.6881291058317,50.3222297983401
Niger,NER,2018,27,48.8878893573151,48.2683266418787,52.1330130034604
Morocco,MAR,2018,27,47.9177664188656,47.05238187353,50.98698613602
Philippines,PHL,2018,27,47.770307813754,47.1960483931394,49.5940391612118
Papua New Guinea,PNG,2018,24,47.2930225765147,44.1411034002441,49.0529893386363
El Salvador,SLV,2018,28,47.2853511269292,45.9317315500515,48.3079969170852
Thailand,THA,2018,27,46.8842499090132,43.4599219270588,47.5513670983612
Zambia,ZMB,2018,28,46.5077768648691,45.7543839523473,49.2371443563206
Paraguay,PRY,2018,27,46.1341856715649,45.0008385816894,48.8405395555
Dominican Republic,DOM,2018,28,45.409901173316,43.8799720792196,46.0113044634377
Mali,MLI,2018,29,45.1348205796368,44.2655095153859,46.1120494595375
Liberia,LBR,2018,27,44.6379226898279,42.8215893866196,47.2879811081173
Guatemala,GTM,2018,27,44.3444020518172,42.1045955748225,45.6780225500489
Rwanda,RWA,2018,29,44.2479692837215,43.1909099396174,45.4334070745645
Sierra Leone,SLE,2018,26,42.8722786039991,41.628010156915,46.1794755187559
Ecuador,ECU,2018,28,42.6107674474016,41.1727184265588,43.4848830689973
Uganda,UGA,2018,29,42.4714610519222,41.6628939366134,43.4826755827933
Kazakhstan,KAZ,2018,27,42.1705619685528,40.117052230548,43.706804802445
Timor-Leste,TLS,2018,25,41.8571895555741,39.0947831522532,43.7585245896348
Madagascar,MDG,2018,28,41.6346914276571,38.5969106976867,42.055659508843
Mozambique,MOZ,2018,28,41.4732119718503,40.4963803659688,43.6838396346698
Kyrgyzstan,KGZ,2018,28,41.42589354971,40.7389928636541,44.1651120797686
Nigeria,NGA,2018,26,40.9418657645773,38.4438283724478,43.2610339908116
Lebanon,LBN,2018,27,40.4626344589981,37.7416465556174,41.5747897250183
Honduras,HND,2018,28,40.132402344059,38.4073118957612,41.0274178101956
Bolivia,BOL,2018,26,39.2939251019395,37.7302605598769,40.6379324247132
Ukraine,UKR,2018,28,38.9317814638733,37.6605661999036,39.9416272285426
Gabon,GAB,2018,28,38.8538693597451,38.1950446264913,40.4188960214286
Russia,RUS,2018,28,38.567004503881,37.31395698452,39.7661499993179
Belarus,BLR,2018,27,38.2524243251815,36.5059292563564,39.9704379090947
Saudi Arabia,SAU,2018,26,38.140252733417,34.987367789901,39.2263016442528
Pakistan,PAK,2018,28,36.1386627925731,34.093490565712,37.2357177538112
Bahrain,BHR,2018,26,35.9704801580016,34.6479130368712,38.1939348219167
Guinea,GIN,2018,28,35.9037555989385,35.1026725764531,38.5910285756849
Togo,TGO,2018,27,34.8086898346128,33.7848060721812,37.1959385299821
Mauritania,MRT,2018,27,34.249041089528,33.7017198403858,37.3124642372992
Eswatini,SWZ,2018,27,34.0062499826643,33.6095311118407,36.3763588946785
Vietnam,VNM,2018,27,33.5538124903999,32.3677595326441,35.5992334893839
Algeria,DZA,2018,27,32.596396017274,30.9948763829787,34.5231291364518
Cuba,CUB,2018,24,32.5104998633919,30.7158769362293,35.1488887876742
China,CHN,2018,27,32.2968150838168,30.9770455963317,34.3898311187365
Egypt,EGY,2018,28,32.2287172036793,31.2079005735452,33.7106322882042
Zimbabwe,ZWE,2018,28,32.1312394878915,30.31230290049,33.6767597242998
Turkey,TUR,2018,28,32.0086867566056,30.59173734988,33.1206006797664
Ethiopia,ETH,2018,29,31.6704768438806,30.739754537399,32.7567550360882
Myanmar,MMR,2018,25,31.6174900691198,29.5492645427322,34.7295078220108
Djibouti,DJI,2018,27,30.7307115432383,29.0430814678887,32.5140884622649
Guinea-Bissau,GNB,2018,26,30.5353937238168,28.8002298041474,33.2061937077267
Iran,IRN,2018,28,29.920726468627,28.6652437822765,31.0554424895684
Angola,AGO,2018,25,29.252351800216,27.259386847046,31.5108423405593
Comoros,COM,2018,26,29.1980716034281,28.1051017511797,31.7857368633491
Haiti,HTI,2018,27,28.7809109851731,27.572844828102,30.8637228599382
Nicaragua,NIC,2018,27,27.2092309903588,26.0467160916881,28.6907602314233
Iraq,IRQ,2018,25,27.1917767995054,25.1569870907653,28.9639185961487
Azerbaijan,AZE,2018,27,26.9624627709691,25.0069806168137,27.6974220498649
Uzbekistan,UZB,2018,27,26.9079210556803,24.6925130004226,28.6967347270983
Laos,LAO,2018,24,26.7854905378503,24.8092070410034,29.7781515496031
Tajikistan,TJK,2018,27,25.6538443619259,22.6508138832811,26.1070575137905
Republic of Congo,COG,2018,27,25.5659883153318,24.7383222026176,28.4036699046563
Cameroon,CMR,2018,28,25.4199750347614,24.5395400242923,27.9566868405715
Central African Republic,CAF,2018,26,25.3358513904379,24.2607572965491,28.4619547428759
Bangladesh,BGD,2018,28,22.9816580375335,21.4533664729767,25.2082186288673
Libya,LBY,2018,24,22.4282970473654,17.9208727512662,22.9054104987617
Democratic Republic of Congo,COD,2018,27,21.5602334449773,18.9776485144021,22.6383728965534
Cambodia,KHM,2018,28,21.5413195744361,20.6783246682655,23.0079633675627
Chad,TCD,2018,27,21.329453513197,20.6020654771557,24.2049533349937
Afghanistan,AFG,2018,26,20.3855052708203,18.5902978620518,22.0145655505763
Turkmenistan,TKM,2018,22,19.4205408178994,15.8816013989745,21.7801568710693
Somalia,SOM,2018,26,15.0688803707817,11.9737668844103,15.3709533372269
Burundi,BDI,2018,26,12.9989648261834,11.978135743659,16.8787661521524
Sudan,SDN,2018,27,10.8716322673852,10.461497331923,13.2682595163221
South Sudan,SSD,2018,23,10.6657240671469,8.0987447381873,13.5371971612322
Equatorial Guinea,GNQ,2018,24,10.4052999699465,9.08444051385186,12.5496636152069
Venezuela,VEN,2018,27,8.4982327955948,6.95581941405742,9.9312095742016
Eritrea,ERI,2018,24,8.0663677005031,4.76189845335688,10.0563704441951
Yemen,YEM,2018,27,5.81446653634064,4.03437615892193,7.14887710255014
Syria,SYR,2018,25,2.83110797414618,2.60516680104912,7.26789106538472
Norway,NOR,2017,28,97.0215051556345,95.8535961720264,98.6463198758892
Germany,DEU,2017,28,96.36156173549,95.1000823845236,97.7537132516925
Denmark,DNK,2017,27,95.9660262867589,94.8421425739422,97.4902044103229
Sweden,SWE,2017,27,95.8317271713146,94.6997409613749,97.6491985668658
Australia,AUS,2017,28,95.7279436597707,94.3732993296729,97.201666369019
Finland,FIN,2017,28,95.458251635746,94.0475028516595,96.9314910435741
Switzerland,CHE,2017,24,95.3165192046187,93.0139166915622,96.5147799821861
New Zealand,NZL,2017,27,94.9466340686517,93.4263370147265,96.4106555801585
Canada,CAN,2017,28,93.9933582695421,92.7370469133626,95.479104864941
Netherlands,NLD,2017,27,92.8282292821401,91.4696604084557,94.2221345858681
Austria,AUT,2017,27,91.182806534896,90.0541537884787,92.8391936895788
Iceland,ISL,2017,26,90.6484930507215,90.2421452690188,93.3379359482464
Luxembourg,LUX,2017,28,90.1261738438449,88.8527580246348,91.5194177973878
Japan,JPN,2017,27,89.9174547918876,88.8803708930539,91.4425852861628
United Kingdom,GBR,2017,27,89.6427600685846,88.1917786328023,91.0544172750727
United States of America,USA,2017,28,89.44042037657,88.4374871059773,90.9838010741635
Ireland,IRL,2017,27,89.436514052741,88.98927332897,92.048663092942
Belgium,BEL,2017,26,89.4305752284768,88.805238584799,91.6699528302063
Estonia,EST,2017,28,89.2576787813411,88.2640171864391,90.8091607942884
France,FRA,2017,27,86.5598720000546,85.5614727234857,88.1841821511273
Portugal,PRT,2017,27,85.5846551741065,84.3232782374988,86.7842865524823
Hong Kong,HKG,2017,26,83.8313793843458,81.3974740630291,85.0282878622196
Spain,ESP,2017,25,83.1335106726264,81.2792336680664,84.0941067342732
Uruguay,URY,2017,27,82.8470137397479,81.9199626414938,84.5300022873191
Chile,CHL,2017,28,81.4855368680212,80.4532679462702,82.8225396248943
Taiwan,TWN,2017,23,81.1587526120976,79.0282211732409,82.7151232278226
Slovenia,SVN,2017,27,80.376662769273,79.5753826886318,81.8869524232649
Czech Republic,CZE,2017,27,80.3453394596578,78.6218566094526,81.3814948328272
Singapore,SGP,2017,27,80.2890494635824,77.4883698299045,81.3360651690351
Latvia,LVA,2017,27,78.9208465588322,77.9317765222853,80.3168737898189
Barbados,BRB,2017,25,78.6104872716236,76.9355362236211,80.9143878173131
Lithuania,LTU,2017,27,78.5135985641265,76.9796642507986,80.3395514555002
Costa Rica,CRI,2017,27,78.2308754008291,77.2547065388702,79.4514215224325
Cyprus,CYP,2017,26,77.1613197856779,76.1610956454359,78.9994077105949
South Korea,KOR,2017,27,76.7166890149458,74.9861889106184,77.9581026991606
Israel,ISR,2017,27,75.3789138960423,74.363116674816,77.0208569991831
Italy,ITA,2017,28,73.2628954551644,72.2227397821553,74.500705808846
Malta,MLT,2017,28,73.010891306361,71.8902042183225,74.2193219247792
Slovakia,SVK,2017,27,72.9710719262388,71.8979401977857,74.3029213437867
Poland,POL,2017,28,72.9246757979681,71.702232310034,74.0140619426746
Mauritius,MUS,2017,27,72.60606789115,71.5122591392936,73.6774871933348
Cabo Verde,CPV,2017,27,71.0167119998317,69.3878611860876,73.022687460953
Botswana,BWA,2017,27,70.3473606713473,68.8431845471844,71.6034510326438
Bhutan,BTN,2017,24,69.6691702311374,64.9379366008756,70.540977120033
Namibia,NAM,2017,28,69.5737674614824,68.6627537341678,70.8794063682299
Seychelles,SYC,2017,27,68.8273773590682,67.8242877081852,70.2665815085107
Romania,ROU,2017,27,68.2763111044009,66.3628251381392,69.142918118719
South Africa,ZAF,2017,27,67.7930245049766,66.6379507626017,69.1421250191594
Jamaica,JAM,2017,26,67.7666402621596,66.3909926152752,68.9411859019833
Bahamas,BHS,2017,13,67.4583271786371,64.9563954138873,70.3678744787116
Croatia,HRV,2017,27,66.0042393619572,65.1262104708831,67.2467202242109
Greece,GRC,2017,28,65.8343089580542,64.8393999514286,66.9609894737885
Trinidad and Tobago,TTO,2017,26,64.4976816612853,62.8868504474274,65.7390663640636
Hungary,HUN,2017,28,64.2547109865651,63.3279396619063,65.4826628546907
Georgia,GEO,2017,27,63.611404897065,61.7611827150897,64.7728567447001
Brazil,BRA,2017,28,63.4779879388486,61.7873741922269,63.9394666653948
Puerto Rico,PRI,2017,10,63.394152484887,61.3497811185051,66.1889534441008
Montenegro,MNE,2017,27,63.3196681868372,61.7718810953946,64.1000516095473
Ghana,GHA,2017,29,63.1343948768189,62.2642119838922,64.2423257924654
United Arab Emirates,ARE,2017,27,61.7113745747304,59.564767032471,63.5267115735018
Kuwait,KWT,2017,27,59.9791623460813,57.858749578525,61.1788751892052
Senegal,SEN,2017,29,59.1018508830114,58.198090474079,60.2429885064144
Bulgaria,BGR,2017,27,59.0405089332055,58.3913066440232,60.866656373956
Argentina,ARG,2017,28,58.9792313410373,58.1161512539902,60.4638380168872
Tunisia,TUN,2017,28,58.1387603228431,56.9235582773875,59.1253003666292
Colombia,COL,2017,28,57.8697175510233,56.6172512856882,58.9867924900965
Peru,PER,2017,28,57.1516905389794,55.7147675522303,57.8071211433316
Albania,ALB,2017,28,57.0068888775122,56.0285191949647,58.1628481639267
Mongolia,MNG,2017,29,56.4705694190378,55.4925377191489,57.4125000234582
Jordan,JOR,2017,28,56.068216879251,54.9704521048232,57.1369405117726
Indonesia,IDN,2017,27,55.9595158101093,53.5339444914776,56.6805129819798
Panama,PAN,2017,28,55.8247695044235,54.812297792379,56.9566886380959
Suriname,SUR,2017,25,55.6883031293566,53.8076568627198,57.9006584915234
Malaysia,MYS,2017,27,55.6435844928244,54.1168037019327,56.6656383876799
Malawi,MWI,2017,26,55.5336870207933,51.3347888388907,56.0581864933172
Belize,BLZ,2017,13,55.2448325549417,52.1049691979267,58.1171870016567
Benin,BEN,2017,29,55.2389830616342,54.4010088373773,56.2612127153469
Burkina Faso,BFA,2017,27,54.5072021061884,52.2452522665561,55.6092839452793
Serbia,SRB,2017,27,53.9674367169627,52.1755395876051,55.5435019610784
Oman,OMN,2017,26,53.8077599306533,52.3942313111182,55.7928692576346
Qatar,QAT,2017,27,53.3220550969994,52.6562527851286,55.3498530833927
São Tomé and Príncipe,STP,2017,23,53.186732838684,49.7324673326286,55.5398122427234
Sri Lanka,LKA,2017,27,52.9808246111514,50.5614244160964,54.1168327877356
Guyana,GUY,2017,26,52.9510474731318,51.4026900458557,54.4994049004078
Bosnia and Herzegovina,BIH,2017,27,52.1439241894712,49.0941511323436,52.9109040106895
Mexico,MEX,2017,28,52.0694133036763,50.5886697564978,52.9995614913425
Kenya,KEN,2017,29,52.0476306042963,51.1776021944645,53.0307208277441
Lesotho,LSO,2017,27,51.494537048243,48.5223123708717,52.1756902822915
India,IND,2017,27,51.481210481494,50.4482099910129,52.7622955293621
Moldova,MDA,2017,28,51.2029673455817,49.6491800665991,52.3203877928868
Brunei,BRN,2017,11,50.6650221698298,49.7702646565782,56.9562244976811
Armenia,ARM,2017,25,49.9064242093451,48.5525914544491,51.1703839050656
Tanzania,TZA,2017,28,49.8569734719462,47.1331781817537,50.5658049359653
Fiji,FJI,2017,23,49.8214354434344,48.880502628654,54.2544618128834
Nepal,NPL,2017,28,49.7317145512142,47.3717805676749,50.6791182503553
Zambia,ZMB,2017,28,49.3558312073238,46.6511986910058,50.2356462124763
Philippines,PHL,2017,27,49.0723140119266,48.034004882279,50.3574139791144
North Macedonia,MKD,2017,25,48.6205828107735,46.139456442601,50.3952585421024
Niger,NER,2017,27,48.5598157663809,47.4475927210981,51.3302360981079
Paraguay,PRY,2017,27,48.4448197926848,45.5678415478102,49.6646407505661
Côte d'Ivoire,CIV,2017,28,48.317382578282,46.1151616522491,49.346053460071
Thailand,THA,2017,27,47.4359905219145,43.9784189347416,48.0797811118777
El Salvador,SLV,2017,28,47.394408779028,46.4599621520472,48.7970748682251
Morocco,MAR,2017,27,46.1196780049707,45.678060426534,49.4058856752253
Palestinian Territories,PSE,2017,22,46.0275992702692,44.8213065857114,50.0927248111783
Mali,MLI,2017,29,45.8423595989171,44.8914259894226,46.8253497940115
Papua New Guinea,PNG,2017,24,45.6905417453667,44.008132591473,49.3491789033462
Dominican Republic,DOM,2017,28,44.2952851388669,43.9245611606345,46.2445307809102
Guatemala,GTM,2017,27,44.1704257526542,41.8956452814447,45.5264071843551
Liberia,LBR,2017,27,43.7952041768135,41.2207563802818,45.5717921932605
Rwanda,RWA,2017,29,43.6499078479676,42.5995382865193,44.8624816262175
Uganda,UGA,2017,29,43.0085821581355,42.0691772904318,43.9801060520729
Sierra Leone,SLE,2017,26,42.345873579893,40.0623753926184,44.9271140795119
Mozambique,MOZ,2017,28,42.3024742065332,39.9274101380739,43.3831581109951
Kazakhstan,KAZ,2017,27,41.6231900012133,38.7245687177959,42.4002672700402
Nigeria,NGA,2017,26,41.5690672328605,38.1428734241337,43.0241964910298
Lebanon,LBN,2017,27,41.0871405863817,37.4188850419779,41.1621586651704
Timor-Leste,TLS,2017,25,41.0387722726222,39.1298309211498,43.6545509814244
Kyrgyzstan,KGZ,2017,28,40.6134620263006,39.8748042304739,43.4785181923276
Ecuador,ECU,2017,28,40.3972978344553,39.3470355667938,41.4452490359212
Bolivia,BOL,2017,26,40.2068858789198,37.7894098591849,40.9347526849749
Gabon,GAB,2017,28,39.1775233572586,37.8834074411824,40.2641387012618
Honduras,HND,2017,28,39.1272067968951,37.7097556289334,40.5489570933294
Madagascar,MDG,2017,28,39.1231080643842,38.480594879382,41.7238190550766
Gambia,GMB,2017,28,39.0972195737717,37.0808044664394,40.5157995571899
Russia,RUS,2017,28,38.0768078632852,37.2999973750912,39.6835619437965
Belarus,BLR,2017,27,37.5458326376796,36.5898032506544,40.1938209265384
Bahrain,BHR,2017,26,37.3128266877628,35.5612636020326,39.4648355162846
Ukraine,UKR,2017,28,37.2726314225183,36.2039589306947,38.6988785125925
Saudi Arabia,SAU,2017,26,36.4405467045613,35.3649587218665,39.1599902700526
Turkey,TUR,2017,28,36.4270925403738,35.1969865154377,37.7538230396595
Mauritania,MRT,2017,27,35.2710889052604,32.3179337175462,36.248226859161
Togo,TGO,2017,27,34.7023883395436,33.9281508520181,36.9031277502169
Pakistan,PAK,2017,28,34.628499387057,33.1250430142046,36.1056654470957
Eswatini,SWZ,2017,27,34.478462386086,33.3727319944334,36.5797253915874
Guinea,GIN,2017,28,33.8890692154828,33.0005725782025,36.1984061917001
Vietnam,VNM,2017,27,33.3772586500845,32.4255515959028,35.0247563992207
Cuba,CUB,2017,24,33.1607230348297,30.5602490241124,35.4454769321254
Egypt,EGY,2017,28,32.9311134113877,31.7633589820917,34.1636424421261
Algeria,DZA,2017,27,32.8438958252884,31.55272473723,35.2966713768499
China,CHN,2017,27,31.2003963242328,30.0463462045194,33.6439486629525
Comoros,COM,2017,26,30.6180121659266,27.5780929907994,31.2698235402044
Haiti,HTI,2017,27,30.2180091596733,28.0460260206777,30.7503778384111
Guinea-Bissau,GNB,2017,26,30.0681258968055,28.4452464424782,32.3191880707535
Ethiopia,ETH,2017,28,29.7051794449746,28.7147759222154,31.536292675595
Iran,IRN,2017,28,29.6819771651418,28.3624601105675,30.8357592095757
Zimbabwe,ZWE,2017,28,29.6350563512471,28.9668672628212,32.3773271337782
Djibouti,DJI,2017,27,29.5964865075388,28.747594437029,32.045177460162
Laos,LAO,2017,26,28.0064529013222,26.3824420047845,29.7906417750265
Myanmar,MMR,2017,25,27.7861785658912,27.4896763452851,32.4681569153341
Nicaragua,NIC,2017,27,26.8987673041908,26.5596982418606,29.4283756642842
Central African Republic,CAF,2017,26,26.776538440866,23.2658940575124,27.3497763602835
Iraq,IRQ,2017,25,26.5267541723957,25.3096800041185,29.1243695808556
Angola,AGO,2017,25,26.4876689038158,26.2005356876493,30.0068193247122
Cameroon,CMR,2017,28,26.0187205665966,25.1399083063294,28.4178657022608
Azerbaijan,AZE,2017,27,25.9914391593681,24.6900445846766,27.5012930017603
Republic of Congo,COG,2017,27,25.7552946834401,24.4653204432214,27.7017724595645
Bangladesh,BGD,2017,28,24.9750337397485,22.4018515199517,26.0154352413629
Uzbekistan,UZB,2017,27,24.3869349241954,23.0642796683373,27.1368968926779
Tajikistan,TJK,2017,27,22.5869235929038,21.7402826230488,25.0811501737097
Cambodia,KHM,2017,28,22.0946807193819,21.2022602492835,23.4907663029513
Libya,LBY,2017,24,20.6383660952729,17.3468082999452,22.2942365799263
Chad,TCD,2017,27,20.5605819124826,19.6206050066095,23.1416432842218
Democratic Republic of Congo,COD,2017,27,19.9358669766607,18.8037295185801,22.6704191530132
Afghanistan,AFG,2017,26,19.6288064935091,17.8315110980575,21.4468274230685
Turkmenistan,TKM,2017,23,17.2630243578272,14.4660434327962,20.2322443809071
Burundi,BDI,2017,26,12.6376027967783,11.9394717032018,16.4477810439284
Venezuela,VEN,2017,27,11.5523416895936,9.679073804949,12.3902751662634
Equatorial Guinea,GNQ,2017,24,11.2491369213757,8.75082372416017,12.7675899320059
Sudan,SDN,2017,27,10.7914263626096,9.08992165705315,11.8537246124305
South Sudan,SSD,2017,23,10.7892413093246,9.00450393763786,14.3386317957955
Somalia,SOM,2017,25,10.2890610701045,9.3990526852198,12.9813113599745
Eritrea,ERI,2017,24,7.54042525625955,3.42452688824492,8.78019844087486
Yemen,YEM,2017,27,6.37568673669895,5.57412603095194,8.73786863411037
Syria,SYR,2017,25,5.30041555321324,3.24970998469778,7.90891776558105
Norway,NOR,2016,28,97.0760876772703,95.6825019990403,98.5584864444974
Germany,DEU,2016,28,96.4598820863823,95.1640744575485,97.8975666207721
Denmark,DNK,2016,27,96.0604023406936,94.5704623376363,97.4007037694806
Sweden,SWE,2016,27,95.7686215827482,94.5462244433589,97.265907654491
Finland,FIN,2016,28,95.4487967745733,94.0339080252502,97.0855257210442
Australia,AUS,2016,28,95.3908195807763,94.0209109608561,96.7802045710917
Switzerland,CHE,2016,24,95.136452674859,92.9608128365273,96.391203858102
New Zealand,NZL,2016,27,94.9623066744549,93.5886265840439,96.5607673151733
Canada,CAN,2016,28,93.7910379413846,92.6585509744697,95.3669591226955
Netherlands,NLD,2016,27,93.5019285394735,91.9132024775509,94.8366745551113
Austria,AUT,2016,27,91.7620938725325,90.0281773614206,92.8514595375935
Ireland,IRL,2016,27,91.6991617798088,90.3424112263859,93.01116483754
Iceland,ISL,2016,26,91.4074323014589,90.0375761980902,93.0623513944512
Belgium,BEL,2016,26,90.6070331949992,89.2435724611109,92.0391914018647
Japan,JPN,2016,27,90.4951671134375,89.0290253363585,91.7451925837942
Luxembourg,LUX,2016,28,90.1438344389515,88.9039016818287,91.614020076343
United States of America,USA,2016,28,89.6364190573116,88.5973911703781,91.2376905268552
Estonia,EST,2016,28,88.6870399644927,87.5164311678719,90.0232599765743
United Kingdom,GBR,2016,27,88.6622923372595,87.6534342285242,90.7363511659417
France,FRA,2016,27,86.9485112186575,85.7447654913754,88.2092954617111
Portugal,PRT,2016,27,85.20092640771,83.9729063475105,86.4552704226634
Hong Kong,HKG,2016,26,84.3914583059589,82.022249980818,85.2493130535346
Uruguay,URY,2016,27,82.4554631442149,81.2032306998158,83.8539166197156
Spain,ESP,2016,25,82.1197358010426,80.592297858972,83.3923485326568
Chile,CHL,2016,28,81.0735082752308,79.9586358803005,82.4450489151331
Czech Republic,CZE,2016,27,80.6201897697503,79.2391772760885,81.9970276356222
Singapore,SGP,2016,27,80.4145221205787,77.4298393645572,81.4725539119552
Taiwan,TWN,2016,23,79.715513734263,77.1583572200139,80.883810637562
Slovenia,SVN,2016,27,79.3504706125299,78.3693101196082,80.7270975021927
Latvia,LVA,2016,27,78.9250327172477,77.4000607622797,80.0198488690503
Lithuania,LTU,2016,27,78.5563437192056,76.8013770289221,79.6381375481904
Barbados,BRB,2016,25,78.2619063438195,78.1758732621476,82.0719100764077
Costa Rica,CRI,2016,27,77.9528699953968,76.7231200810408,78.982557705453
Cyprus,CYP,2016,26,77.2412334438252,75.4732221343219,78.2109549075329
South Korea,KOR,2016,27,76.619094044726,74.6555937243733,77.95501839911
Poland,POL,2016,28,76.5889415766669,75.3705706153612,77.6826865892866
Israel,ISR,2016,27,74.0359815145184,73.0300986355211,75.8679136253096
Slovakia,SVK,2016,27,73.1011880791392,71.7495017377198,74.2528519883101
Malta,MLT,2016,28,72.9157585615129,71.7980820312943,74.1777164744814
Italy,ITA,2016,28,72.5972098180412,71.4855225059215,73.7312603741435
Mauritius,MUS,2016,27,72.1701170726103,70.8302941843663,73.1972912468675
Botswana,BWA,2016,27,70.5235471801887,69.0125780492643,71.858472973321
Cabo Verde,CPV,2016,27,69.8991937957251,68.7204726210509,72.3671857847656
Namibia,NAM,2016,28,69.6298811941151,68.6344451166178,70.7773142450597
South Africa,ZAF,2016,27,68.5407663932605,66.9437839479353,69.3710932387231
Bahamas,BHS,2016,13,67.6628897866666,65.7880205904768,71.5362559946673
Seychelles,SYC,2016,27,67.4957707322659,66.3849764500227,68.9491153777223
Bhutan,BTN,2016,24,66.9927408773472,63.9371388900937,69.4311293753249
Jamaica,JAM,2016,26,66.5926976779484,65.0657293162381,67.7247105703336
Croatia,HRV,2016,27,66.2635978440339,65.174575867261,67.4544181845786
Romania,ROU,2016,27,66.2401946925802,64.8058556749306,67.345838363111
Greece,GRC,2016,28,65.5845543464693,64.4863644764743,66.5936994922284
Hungary,HUN,2016,28,64.9383248786813,63.8819355697762,66.0211072858114
Puerto Rico,PRI,2016,10,64.5923175139101,62.0496566903536,66.6474843273846
Trinidad and Tobago,TTO,2016,26,64.0019891231508,62.8948472703651,65.6610824117503
Brazil,BRA,2016,28,63.7300618730523,62.8872085921004,65.0177957630654
Ghana,GHA,2016,29,63.0594695162238,62.1454393234866,64.1078614736044
Montenegro,MNE,2016,27,62.322402971178,60.9071811553743,63.4635704240676
Georgia,GEO,2016,27,61.908960352266,60.09642704738,63.1421306903425
Kuwait,KWT,2016,27,60.5027407739856,58.6089990122203,61.6097989572103
Bulgaria,BGR,2016,27,59.228883973487,58.1250829889355,60.6590025123831
United Arab Emirates,ARE,2016,27,58.9833273040834,58.0651290698226,61.7530774721821
Senegal,SEN,2016,29,58.6345973933708,57.6625630973402,59.747592026867
Colombia,COL,2016,28,57.2081462787408,55.8780210260519,58.1271025475585
Tunisia,TUN,2016,28,56.7678164897073,55.3370427719144,57.8002222001146
Suriname,SUR,2016,25,56.3071690485911,53.6958970475851,57.6311962887331
Belize,BLZ,2016,13,56.2885112586057,52.4106659507188,58.2481077945713
Albania,ALB,2016,28,56.2880280696702,55.390721008893,57.3846550085182
Mongolia,MNG,2016,29,55.704115321081,54.7605462183718,56.7832819419493
Peru,PER,2016,28,55.4127381672497,54.2179687912268,56.2606674235725
Argentina,ARG,2016,28,55.2990467287432,54.4395128304912,56.6237115289261
Panama,PAN,2016,28,55.1486494667179,54.1631424325287,56.2640242549527
Malaysia,MYS,2016,27,54.9998201784835,53.3897005873989,56.1711545211607
Indonesia,IDN,2016,27,54.9752983061781,52.7278092761584,55.6505763512182
Malawi,MWI,2016,26,54.9365097239525,51.4443812882825,55.7160096659097
Qatar,QAT,2016,27,54.8338060914516,53.1211224656427,55.9813858085976
Benin,BEN,2016,29,54.7931099372003,53.9149321738042,55.8710459698417
Guyana,GUY,2016,27,54.2991716687063,52.1222355732528,55.1129823427499
Jordan,JOR,2016,28,54.1683181097107,53.3478182274546,55.5306294658856
São Tomé and Príncipe,STP,2016,23,54.0872537128996,49.2117510177448,54.7096983872165
Brunei,BRN,2016,11,53.8092680355011,51.6574085702191,58.9509252067565
Serbia,SRB,2016,27,53.4714973255961,51.2929861660655,54.489719772175
Burkina Faso,BFA,2016,27,52.9147582806268,51.695858536462,55.0714821030619
Oman,OMN,2016,26,52.119279481468,51.7168662348995,54.9113709498254
Moldova,MDA,2016,28,51.9602042892091,49.8638991365484,52.6531112500011
Mexico,MEX,2016,28,51.6800332793776,50.0549864596081,52.6989254921223
Zambia,ZMB,2016,28,51.2719336939876,48.8171043400892,52.2862771916922
Lesotho,LSO,2016,27,51.2080162926777,49.7638013184517,53.371816202303
India,IND,2016,27,51.1721652892357,49.7999694298707,52.1128454666633
Philippines,PHL,2016,27,51.0215351754063,49.6899958323142,52.0769786432563
Kenya,KEN,2016,29,50.8004299217463,49.9183846698461,51.7738651696727
Bosnia and Herzegovina,BIH,2016,27,50.5467333634859,49.3543500306771,53.1430680510274
Niger,NER,2016,27,49.795131169182,46.8157151421634,50.8546055600981
Sri Lanka,LKA,2016,28,49.173057610038,47.2500133378589,50.9337276716457
Tanzania,TZA,2016,28,48.780524004409,47.0848295107579,50.6586057699083
Fiji,FJI,2016,23,48.1514941782738,46.8214666497503,52.948090245752
Côte d'Ivoire,CIV,2016,28,47.9865777135659,45.4464049106,48.8727912826442
Palestinian Territories,PSE,2016,22,47.8612835979059,43.7845924402414,48.912460791937
Armenia,ARM,2016,25,47.8173014480038,46.6601115807014,49.62258415368
Papua New Guinea,PNG,2016,24,47.7426108022548,43.371547633602,48.6873114905348
El Salvador,SLV,2016,28,47.6205671252533,46.8645521811192,49.1408241389411
Paraguay,PRY,2016,27,47.5298268835894,45.6411026920962,49.4507770112203
Nepal,NPL,2016,28,47.4332647528492,46.8250374525315,50.3784068141607
North Macedonia,MKD,2016,25,47.3820463952038,45.7127964216992,50.0170266649452
Mali,MLI,2016,29,46.5757333321231,45.6201360577639,47.5375922483934
Thailand,THA,2016,27,46.358663636055,44.2485458922074,47.717224422144
Morocco,MAR,2016,27,46.1945940697778,44.8021953226593,48.7503517318658
Guatemala,GTM,2016,27,45.1452325209366,42.1157698287619,45.8712054659882
Dominican Republic,DOM,2016,28,44.0989397377987,43.8014138474449,45.9065737269491
Sierra Leone,SLE,2016,26,43.4557728557965,39.2453227845485,44.3566931923573
Uganda,UGA,2016,29,43.1981230690207,42.3221398117916,44.1799476310633
Rwanda,RWA,2016,29,42.8990184036241,41.8305792794732,44.0597198805796
Liberia,LBR,2016,27,42.4766420798224,41.1312047132745,44.9051569949752
Mozambique,MOZ,2016,28,42.0724109499995,41.5031838931967,44.8661958846526
Timor-Leste,TLS,2016,25,41.8835857876802,38.6340545931282,42.7034167375933
Turkey,TUR,2016,28,41.6734501279764,40.7443633578472,42.9961767719215
Kazakhstan,KAZ,2016,27,40.3574656806668,37.5673934074253,41.3349963133524
Nigeria,NGA,2016,26,40.1228010423345,38.2015706803374,42.6659227827971
Ecuador,ECU,2016,28,39.9837254026083,38.5323213497347,40.8927927541254
Madagascar,MDG,2016,28,39.5928176815993,37.5980074037635,40.723270346961
Honduras,HND,2016,28,39.2699344338703,37.6612299160189,40.5740011765034
Gabon,GAB,2016,28,38.9948108445003,37.5705124007712,39.9740878416834
Kyrgyzstan,KGZ,2016,28,38.9315085646669,38.2308722024451,41.6529554287411
Bolivia,BOL,2016,27,38.4391790985384,37.1455006864467,40.4186319421882
Russia,RUS,2016,28,38.2180930249366,36.7119625737484,39.2707922534799
Lebanon,LBN,2016,27,38.0263791084073,37.3444617419256,41.0909714638262
Bahrain,BHR,2016,26,37.4051978894394,35.742164498011,39.4529923686752
Belarus,BLR,2016,27,36.9931790654376,35.1936287046861,38.5674095826349
Gambia,GMB,2016,28,36.9881287469805,36.1753780159631,39.6571707838593
Guinea,GIN,2016,28,35.61322467696,32.508601437152,35.7999370184053
Saudi Arabia,SAU,2016,26,35.4543918018352,33.5923517647332,37.4925781327061
Ukraine,UKR,2016,28,34.6958719800743,33.9297477876325,36.2351531297776
Eswatini,SWZ,2016,27,34.6475794460243,33.3097092568025,36.3521177060817
Togo,TGO,2016,27,33.3436191841903,32.7331636679569,36.0609936218893
Egypt,EGY,2016,28,32.9375213639271,31.9037171010694,34.2257082590092
Pakistan,PAK,2016,28,32.9096306560339,31.7651752174025,34.7018127145415
Mauritania,MRT,2016,27,32.6942779679265,30.9500055959451,34.5415248107296
Vietnam,VNM,2016,28,32.4572959566409,31.5080693892748,34.5206206388908
Zimbabwe,ZWE,2016,28,31.9319975286507,29.0117865174148,32.4496835557894
Algeria,DZA,2016,27,31.7562014701124,30.7201431384238,34.7912954819878
Cuba,CUB,2016,24,31.5177088124402,30.3685529553518,34.8255846875802
China,CHN,2016,27,30.4951146826556,29.1256108444586,32.6348270032182
Haiti,HTI,2016,27,30.1914755923585,27.8802678960272,31.2250025883057
Guinea-Bissau,GNB,2016,26,30.1535305612275,27.7745590471634,31.6688269243365
Djibouti,DJI,2016,27,29.1781744495658,27.7429763037698,31.0585901271449
Ethiopia,ETH,2016,28,28.8264511529434,27.9532991625299,30.280576634242
Comoros,COM,2016,26,28.3344003752077,27.2939469399683,31.2511835103823
Iran,IRN,2016,28,28.026394494396,27.2670316463523,29.7131775641257
Nicaragua,NIC,2016,27,27.8252925874076,26.6626733650635,29.4687821161561
Cameroon,CMR,2016,28,27.6531405027642,25.633312121263,29.1517759267011
Laos,LAO,2016,26,27.3132874904145,25.2081049568369,28.6443612287338
Myanmar,MMR,2016,26,27.1222838642127,24.2492886121096,28.2803746855559
Iraq,IRQ,2016,25,26.7544492112669,24.8007576257606,28.8129260381681
Angola,AGO,2016,25,26.1537565823065,25.599425304224,29.5099126528005
Republic of Congo,COG,2016,27,25.528059953997,24.2392868977811,27.1849772822751
Tajikistan,TJK,2016,27,25.0750266685797,23.2335385615326,26.9165147756268
Central African Republic,CAF,2016,26,24.8865409232894,22.0638649060333,26.1073298740571
Bangladesh,BGD,2016,28,24.6120756310389,22.6330949644252,26.3428781486212
Azerbaijan,AZE,2016,27,23.1802880148943,22.6797517291293,25.8967380065782
Uzbekistan,UZB,2016,27,22.9881938262521,21.4974061910803,25.0204322647104
Libya,LBY,2016,24,22.1593452782654,17.654664527559,22.9176292060966
Cambodia,KHM,2016,28,22.0115462261177,21.1004880634971,23.3012958364741
Chad,TCD,2016,27,20.6692985310683,19.3545329037892,22.7871458561088
Afghanistan,AFG,2016,26,18.4374303185878,16.2309738870173,19.8141288582545
Democratic Republic of Congo,COD,2016,26,17.5907684000926,16.8561359788941,21.0872145468359
Turkmenistan,TKM,2016,23,17.572712685514,14.4869672903063,19.275326038953
Burundi,BDI,2016,26,16.6705127023622,14.2815902752585,19.1394199087064
Venezuela,VEN,2016,27,12.5244645573318,10.4557710152982,13.1933929084616
South Sudan,SSD,2016,24,11.4823292992738,10.2205527268115,14.4249901777787
Somalia,SOM,2016,24,10.7047102239099,8.90925772150251,13.3794651640525
Equatorial Guinea,GNQ,2016,24,10.3377518632919,8.62640032326838,12.8400453790393
Sudan,SDN,2016,27,9.2946735170249,8.52323201755704,11.2804812531199
Yemen,YEM,2016,27,8.15515070678682,7.22193518142716,10.571613546704
Syria,SYR,2016,25,6.34632678519564,5.21059297507713,9.77555687056197
Eritrea,ERI,2016,24,3.71408872096556,2.70086726203258,7.99111120379672
Norway,NOR,2015,28,97.0189526258061,95.7527728561314,98.4389183709224
Germany,DEU,2015,28,96.1537181525089,94.9021740156518,97.5987822138632
Sweden,SWE,2015,27,95.9702305002807,94.4829191813831,97.3391374557573
Denmark,DNK,2015,27,95.9009959585722,94.6203916369619,97.3556290241021
Australia,AUS,2015,28,95.5297829080413,94.1418972322848,96.7049806465078
Switzerland,CHE,2015,24,95.3647896976699,92.9387105240427,96.091545034782
Finland,FIN,2015,28,95.0587266169736,93.9550147404969,96.6758693520468
New Zealand,NZL,2015,27,94.7960286965321,93.5160253723798,96.6422486617301
Canada,CAN,2015,28,93.4231326437489,92.0241864556676,94.5611206789781
Netherlands,NLD,2015,27,93.2118344419798,91.5694463719847,94.4128952099974
Ireland,IRL,2015,27,91.8867573418832,90.9188577384904,93.4060100005023
Austria,AUT,2015,27,91.4394619258277,90.0968891171651,92.8755608854643
Japan,JPN,2015,27,90.1812957461257,89.1558957411619,92.1172036026953
Iceland,ISL,2015,26,90.084480914133,89.5609624133096,92.7398512549048
Belgium,BEL,2015,26,90.048457980667,88.8987046303585,91.7692896405197
Luxembourg,LUX,2015,28,89.9621063833069,88.8615048497344,91.5044182408221
United States of America,USA,2015,28,89.6402547104485,88.4591806476339,90.9577136242614
United Kingdom,GBR,2015,27,89.1306738484021,87.4759940256952,90.3530560385143
Estonia,EST,2015,28,88.1695766798417,87.1433157486767,89.4853383155993
France,FRA,2015,27,86.3084628926881,85.285091342084,87.787057899019
Portugal,PRT,2015,27,84.2905819220195,83.078331650836,85.523747758532
Hong Kong,HKG,2015,26,84.1775911981622,82.4219242810271,85.9631501360747
Spain,ESP,2015,25,81.9512616882709,80.0486099217436,82.9780081061939
Uruguay,URY,2015,27,81.6560900813386,80.4446629274451,83.0376075412141
Chile,CHL,2015,28,81.4135181645108,80.1830137718095,82.642527447669
Barbados,BRB,2015,25,80.5051098881946,78.6370808188437,82.3235420890047
Singapore,SGP,2015,27,79.8509102887856,77.2532716120587,80.9441533262568
Poland,POL,2015,28,79.5430033975839,78.3944494546268,80.8349794612318
Taiwan,TWN,2015,23,79.3144756802901,76.5090779153586,80.4511025302608
Czech Republic,CZE,2015,27,79.2512342861375,78.4975509245347,80.9323938393224
Slovenia,SVN,2015,27,78.2457942403637,77.5325968153344,79.9214174116962
Latvia,LVA,2015,27,77.8157548907373,77.027654724021,79.2471634062632
Lithuania,LTU,2015,27,77.5571662686196,76.3137926404262,78.9515246672005
Costa Rica,CRI,2015,27,77.0291672534754,75.6927701736975,78.1144301285769
Cyprus,CYP,2015,26,77.0118954504536,76.1282731842862,79.0581726110673
South Korea,KOR,2015,27,76.9138301567717,74.7091650916234,78.0421022968977
Israel,ISR,2015,27,74.2131705574975,72.3303517662658,75.1604243698305
Slovakia,SVK,2015,27,73.0219806782036,71.6589068694199,73.9433556656998
Botswana,BWA,2015,27,72.784264077091,71.0142141174031,73.8952086324688
Malta,MLT,2015,28,72.6303996297439,71.4872421088827,73.8530525279825
Italy,ITA,2015,28,72.1507504051408,71.3314888680516,73.5432518674298
Mauritius,MUS,2015,27,72.0655363545278,70.8008307413253,73.2245537748824
Bahamas,BHS,2015,13,71.7926423745796,67.34147550869,72.5284330667011
Cabo Verde,CPV,2015,27,69.535545018955,67.7647365829005,71.7843108430628
Namibia,NAM,2015,28,69.0510097634769,67.9338721252123,70.1864124038345
South Africa,ZAF,2015,27,68.3659771596188,67.2417094620536,69.344288955803
Bhutan,BTN,2015,24,66.6617264619119,63.2281856295853,69.3292136022463
Greece,GRC,2015,28,66.4369237351335,65.3419199375465,67.559901167887
Croatia,HRV,2015,27,66.2063098502998,64.810740972619,67.1030636082936
Hungary,HUN,2015,28,65.960917325155,64.8639258771122,67.0912680930178
Puerto Rico,PRI,2015,10,65.932631669108,62.5710021498383,67.4777208238268
Jamaica,JAM,2015,26,65.4726850765584,64.0642203304218,66.777565383929
Seychelles,SYC,2015,27,65.1008910529211,63.6629753240575,66.4341421664815
Brazil,BRA,2015,28,64.7658368153606,63.8346399474382,65.9369162644728
Romania,ROU,2015,27,64.7371117467846,63.4459036094119,65.9494049438693
Ghana,GHA,2015,29,63.5206032735447,62.485332159228,64.5744982098638
Trinidad and Tobago,TTO,2015,26,63.5092319084258,62.1966807982817,64.9778582377567
Montenegro,MNE,2015,27,62.3195082196843,60.8268274647942,63.1649910858346
Georgia,GEO,2015,27,61.4095798945703,59.1526381919017,62.2123044547986
Kuwait,KWT,2015,27,60.5509890486731,58.1503795020542,61.611240057249
United Arab Emirates,ARE,2015,27,58.378097178687,57.6598811612299,61.5600856783098
Bulgaria,BGR,2015,27,58.2309348886594,57.7517816009717,60.3930510798529
Senegal,SEN,2015,29,57.6260955271578,56.6399757403683,58.7000067576652
Belize,BLZ,2015,13,57.0517299089812,53.455993592069,59.2931692579783
Colombia,COL,2015,28,56.6527752287683,55.2980231421753,57.5905653263731
Albania,ALB,2015,28,55.3715447453627,54.2267539886246,56.3549034524171
Qatar,QAT,2015,27,55.2182738527764,53.7558511500825,56.6114532042458
Malaysia,MYS,2015,27,54.7013420342838,53.1029142469143,55.7172042106886
Malawi,MWI,2015,26,54.5041606830753,51.1543847875066,55.5182392986348
Benin,BEN,2015,29,54.3900172957872,53.5337442526774,55.4804017148196
Peru,PER,2015,28,54.3744591683864,53.1319452373226,55.4130617013633
Oman,OMN,2015,26,54.2353428292209,52.5238272276138,56.196912813599
Panama,PAN,2015,28,54.2030571946658,53.2657714365808,55.3701637028861
Brunei,BRN,2015,11,54.0958123868725,52.1914027183886,59.3345812137266
Mongolia,MNG,2015,29,54.0206199071773,53.0406047788951,55.0579742948263
Argentina,ARG,2015,28,54.0190656487848,53.76316886278,55.7952575373691
Suriname,SUR,2015,26,53.883791946109,52.9873137697119,56.588105640697
Jordan,JOR,2015,28,53.7958117305235,52.8906782356122,54.9262941862845
Tunisia,TUN,2015,28,53.7767206403758,53.032782321349,55.2755812738193
Burkina Faso,BFA,2015,28,53.5092521244611,51.3950404354501,54.7927973368611
Indonesia,IDN,2015,27,53.4956459683518,51.4899148711698,54.119139397909
Serbia,SRB,2015,27,53.4314307028698,51.4432128016155,54.5884904117213
Moldova,MDA,2015,28,52.7906337616997,50.9610955576364,53.5959013699232
Lesotho,LSO,2015,27,52.1733822848659,49.2669850291086,53.2134355791313
Bosnia and Herzegovina,BIH,2015,27,51.6360163213193,49.6082248097692,53.4504625015865
Zambia,ZMB,2015,28,51.287915397406,49.1853239639121,52.2904845355851
Mexico,MEX,2015,28,51.2490715367564,49.7820684599805,52.1673446453235
Philippines,PHL,2015,27,50.7244889121331,49.4209732079768,51.8344677702832
India,IND,2015,27,50.6536372434505,49.2029780010502,51.8170984009204
Guyana,GUY,2015,27,50.5472310505486,50.1490864149501,53.035387250216
Kenya,KEN,2015,29,50.1010983666962,49.1718572338874,51.1307439966998
São Tomé and Príncipe,STP,2015,23,50.0436313316794,47.7961338916236,54.3146946607806
Niger,NER,2015,27,49.8500787469801,46.5216590965883,50.6259557151875
Armenia,ARM,2015,25,48.7082261754299,46.0479461209384,49.2900970431959
El Salvador,SLV,2015,28,48.6901920590827,47.5768664891813,49.7000571314262
North Macedonia,MKD,2015,25,48.3717205885034,47.0197550124828,51.2644673071417
Nepal,NPL,2015,28,48.2973778757058,45.826716373205,49.2014146869629
Côte d'Ivoire,CIV,2015,27,47.5885983075775,44.4641026819259,48.3040086207823
Papua New Guinea,PNG,2015,24,47.5787159808711,43.9194046557974,49.0371575189154
Tanzania,TZA,2015,28,47.1902911916592,46.4009387709244,49.9382134237337
Thailand,THA,2015,27,47.0520686629735,44.3805982185602,47.8931844244827
Fiji,FJI,2015,23,47.0429514074229,44.623008449474,50.3991026536901
Mali,MLI,2015,29,46.65501550948,45.7601521417648,47.5869122231374
Dominican Republic,DOM,2015,28,45.5040068200232,43.9654366149904,46.0225051465976
Palestinian Territories,PSE,2015,22,45.4900288431475,43.5507694532541,49.1345066704438
Sri Lanka,LKA,2015,26,45.3630711859678,41.4655783706148,46.4712239296796
Paraguay,PRY,2015,27,45.2090974625472,44.2205194640175,48.0158733908062
Morocco,MAR,2015,27,44.9691910437945,44.3934137168301,48.4734813351736
Guatemala,GTM,2015,27,44.0204712126279,41.6646667783092,45.2717246548465
Turkey,TUR,2015,28,43.7008905083517,42.7610904212785,45.0399279950875
Sierra Leone,SLE,2015,26,43.5121888854767,39.3333225947212,44.2432285851198
Uganda,UGA,2015,29,42.6778100110782,41.792087059723,43.591667630903
Mozambique,MOZ,2015,28,42.1440092543422,41.4827096770019,45.0150077319723
Liberia,LBR,2015,27,41.7338304863214,41.1333652669239,45.0595228083845
Rwanda,RWA,2015,29,41.5901241984558,40.5315352289728,42.7742333333728
Honduras,HND,2015,28,40.2385044805139,38.1689475691321,41.0297513767581
Timor-Leste,TLS,2015,26,40.1892053906014,35.9999481224103,40.5361641161967
Nigeria,NGA,2015,26,39.7184581227834,37.4806080957648,41.6705645403858
Ecuador,ECU,2015,28,39.6131924091121,38.2605919750126,40.4018734090496
Kazakhstan,KAZ,2015,27,39.4756898735619,36.469346521106,40.1563083655247
Bolivia,BOL,2015,27,39.4377153916969,37.3481037832096,40.6222941846865
Lebanon,LBN,2015,27,38.0624934889349,37.1501585373566,40.8963411590147
Kyrgyzstan,KGZ,2015,28,37.9892216630203,37.3001330684909,40.9206767048994
Gabon,GAB,2015,28,37.9359927379712,36.7379560328108,38.8959812358785
Russia,RUS,2015,28,37.8378467368943,36.9840256877071,39.5124428278364
Gambia,GMB,2015,28,36.6618802904953,35.1362688659518,38.6139886157294
Belarus,BLR,2015,27,36.2300119228668,34.6090121783265,37.7834280990189
Bahrain,BHR,2015,26,36.0223177576827,34.7619773561045,38.4909097566981
Madagascar,MDG,2015,28,35.8093716966784,34.9781155097609,38.3227560280257
Saudi Arabia,SAU,2015,26,35.2464907329925,33.5206935416821,37.5431487350125
Ukraine,UKR,2015,28,34.7088269390506,33.9176759623729,36.185115617272
Eswatini,SWZ,2015,27,34.6706411085825,33.6819904639166,36.6691015467798
Algeria,DZA,2015,27,33.8237615862819,30.4898306070977,34.7690696423607
Togo,TGO,2015,27,33.2135476980504,32.0317373867578,35.6224723380825
Pakistan,PAK,2015,28,32.720313502662,31.0674647372828,33.7458358778564
Egypt,EGY,2015,28,32.6180675787523,30.9287784178404,33.3910706127849
Mauritania,MRT,2015,27,32.1999279254636,30.7578001596007,34.7251197980302
Guinea,GIN,2015,28,31.9715349136521,31.0961981244656,34.5384406811221
Vietnam,VNM,2015,28,31.685688385921,30.7908938673214,34.2303532639437
Cuba,CUB,2015,24,31.6732003364643,29.1513029258311,34.2330936947644
China,CHN,2015,27,30.0136897549773,28.6223963086607,32.3573834034472
Haiti,HTI,2015,27,29.7950511379339,28.3510498289646,31.5027936092847
Nicaragua,NIC,2015,27,29.4854154436037,27.5202678728973,30.3752554518778
Djibouti,DJI,2015,27,29.047567345387,27.9109906179011,31.524563369271
Angola,AGO,2015,26,28.9402601546694,25.4834583585893,29.6328268488468
Ethiopia,ETH,2015,28,28.7942484834278,27.9265161039743,30.2575691976167
Comoros,COM,2015,26,28.4979280686254,28.0232769359442,31.9763110106143
Zimbabwe,ZWE,2015,28,28.4232239801148,26.9793425896842,30.3580197765659
Guinea-Bissau,GNB,2015,26,28.0941692267447,27.2819169364827,31.1880719498822
Iran,IRN,2015,28,27.5828593570616,25.8683479573191,28.4401715351134
Laos,LAO,2015,26,27.3132838074511,25.3234763207578,28.8171369768742
Cameroon,CMR,2015,28,26.4530511106477,25.5887894213973,28.9334104050001
Republic of Congo,COG,2015,27,25.9403737578827,24.0558167743399,27.5195982061987
Iraq,IRQ,2015,25,25.2211812487111,24.1432109626595,28.3835195500208
Myanmar,MMR,2015,26,24.9322230226735,21.6306886354166,25.4903992946557
Tajikistan,TJK,2015,27,24.7421302335812,22.3332188585428,26.2190726900559
Azerbaijan,AZE,2015,27,23.7618071032361,22.7060721865102,25.9572382005385
Central African Republic,CAF,2015,26,23.6246287410268,20.8582522694351,25.031747094195
Bangladesh,BGD,2015,28,23.5661684803494,23.0860030854992,26.4567891460023
Cambodia,KHM,2015,28,22.2311179091151,21.3501803708924,23.9102304130065
Libya,LBY,2015,25,21.991399860708,18.4581062863964,22.7167418284865
Chad,TCD,2015,27,21.2491380960327,18.4870759447934,22.0637849414308
Uzbekistan,UZB,2015,27,20.8852124575216,20.2844930615744,23.6063441785695
Burundi,BDI,2015,26,19.0031382242472,16.8341126875591,21.8350557439896
Democratic Republic of Congo,COD,2015,26,18.4016595240222,15.8005729801683,19.9594596765081
Afghanistan,AFG,2015,26,17.6626077076716,15.4622977372396,19.1732991552307
Turkmenistan,TKM,2015,23,16.7110129208511,13.0404220448976,19.0110534623081
Venezuela,VEN,2015,27,14.5435139727525,12.8012928506631,15.4581587175656
South Sudan,SSD,2015,24,13.4375177231757,11.442167438922,15.9081897069938
Somalia,SOM,2015,24,13.2679992126031,8.27994573159791,13.3591302963638
Yemen,YEM,2015,27,13.1947837953935,12.009963184517,14.9997020265039
Sudan,SDN,2015,27,11.0791109011499,8.45535211677879,11.4485679877194
Equatorial Guinea,GNQ,2015,24,10.9594563285049,8.590186484602,12.6586510497422
Syria,SYR,2015,25,8.70887249761059,5.72874249340744,10.4556231326217
Eritrea,ERI,2015,24,4.98812226394543,2.629831675455,7.6731476063438
Norway,NOR,2014,28,96.3883700215397,95.0843204736625,97.7055911884462
Sweden,SWE,2014,27,95.8004755094108,94.4285605058867,97.2111988242303
Denmark,DNK,2014,27,95.7819832124905,94.20119669967,96.9014857363041
Germany,DEU,2014,28,95.6262463289339,94.5252333352816,97.2631392144519
Australia,AUS,2014,28,95.1987543785733,93.899506472744,96.6332217625256
Finland,FIN,2014,28,95.1536146844895,93.992714652771,96.8109493118494
New Zealand,NZL,2014,27,94.8249048561881,93.4498665131266,96.3579957471052
Switzerland,CHE,2014,24,94.4160459176864,92.8460158598522,96.0837652443748
Canada,CAN,2014,28,93.2995014093007,92.0212720097023,94.7395882127013
Netherlands,NLD,2014,27,92.6720212011991,91.4980639248976,94.4922335897937
Ireland,IRL,2014,27,91.4421507476549,90.2323355216588,93.0145776303865
Iceland,ISL,2014,26,90.9684706765633,89.6951394821936,92.554099702231
Austria,AUT,2014,27,90.9655472336676,89.6159418073944,92.3653158753544
Belgium,BEL,2014,26,90.4704750478341,88.8782794696588,91.8364665893348
Luxembourg,LUX,2014,28,89.6892970859754,88.6180522837609,91.0392062203526
United States of America,USA,2014,28,89.6546588347697,88.4247550989451,90.8457041647129
Japan,JPN,2014,27,89.6356262207718,88.6800277825738,91.3595146039475
United Kingdom,GBR,2014,27,88.5560486262984,86.8487372121844,90.0255444331658
Estonia,EST,2014,28,87.3749337754263,86.1082083183022,88.7023428120987
France,FRA,2014,27,86.6963209054709,85.4474536235988,88.1423073639195
Hong Kong,HKG,2014,26,84.9667064882584,82.7716476713215,86.3243195539579
Portugal,PRT,2014,27,83.6729372442926,82.2391407777705,84.938222199421
Spain,ESP,2014,25,81.8947831941353,80.6404518293998,83.3850045137155
Uruguay,URY,2014,27,80.7775969947565,79.3877355622079,81.7419317108463
Chile,CHL,2014,28,80.7070551799627,79.5908734278346,81.9836072944675
Barbados,BRB,2014,25,80.6888655282249,78.9821683906639,83.0172866747743
Poland,POL,2014,28,80.0391177705941,78.9390657579174,81.195479716546
Singapore,SGP,2014,27,79.8074798496041,77.0433265731222,80.9305255628109
Taiwan,TWN,2014,23,78.6023249541718,75.6622510841908,79.9660935225176
Czech Republic,CZE,2014,27,78.4256342936287,77.3963381321615,79.939384496645
Cyprus,CYP,2014,26,78.0470814612405,76.6569438664277,79.7081794265298
Slovenia,SVN,2014,27,77.5682360412197,76.5111662608472,78.9446506989408
Lithuania,LTU,2014,27,77.1124654696224,75.5045344036308,78.4297128260992
Latvia,LVA,2014,27,76.6801574829054,75.8016306059333,78.024564257426
Costa Rica,CRI,2014,27,76.6668647415043,75.3911454687729,77.7231251974356
South Korea,KOR,2014,27,76.5824566733508,74.2650748351108,77.727373951504
Malta,MLT,2014,28,73.0042902554143,72.1302094911174,74.4667645891346
Botswana,BWA,2014,27,72.8471369525152,71.1108100327905,74.0951122139307
Israel,ISR,2014,27,72.7981131424061,71.5198985080249,74.3210394174297
Slovakia,SVK,2014,27,72.7530205873448,71.3107989762289,73.8043960658085
Mauritius,MUS,2014,27,72.0092567256134,70.7958040007589,73.3238386625782
Italy,ITA,2014,28,71.6382465408944,70.6303885971145,72.9154814476938
Bahamas,BHS,2014,13,71.515768628937,68.060657398904,73.2492149396957
Cabo Verde,CPV,2014,27,70.1127141346452,67.8412121337713,72.0682755522262
Namibia,NAM,2014,28,69.6002699031392,68.4758040953194,70.7141901727792
South Africa,ZAF,2014,27,68.1272518775016,66.8197685565399,69.1955997616851
Bhutan,BTN,2014,24,67.7766349561438,63.4117928411592,69.1807629131628
Hungary,HUN,2014,28,66.8973596304672,65.9392444693109,68.0826024415852
Greece,GRC,2014,28,66.590734532358,65.5579632384444,67.8093066810411
Croatia,HRV,2014,27,65.8947241299586,64.8777653851446,66.9527166224176
Brazil,BRA,2014,28,65.4323100864545,64.5942954294394,67.0584493089747
Jamaica,JAM,2014,26,64.2345982593025,62.9357362715589,65.7367765592501
Ghana,GHA,2014,29,63.7293283188731,62.8187064751739,64.8289533463513
Trinidad and Tobago,TTO,2014,26,63.6540283287355,61.6775329201633,64.7522754434191
Puerto Rico,PRI,2014,10,63.615497447431,62.8994009472304,67.1384221777976
Romania,ROU,2014,27,63.5992412534782,61.9911777559807,64.8631836361774
Seychelles,SYC,2014,27,63.5030513207757,62.3907214914708,65.4924871763258
Montenegro,MNE,2014,27,62.0061104438897,59.9244924239422,62.8981713203229
Kuwait,KWT,2014,27,60.0129834242349,58.2376217191738,61.6673277788792
Bulgaria,BGR,2014,27,59.467659722438,57.5250950146624,60.1363030530654
United Arab Emirates,ARE,2014,27,58.2109053369848,57.3411365092687,60.8713450097486
Belize,BLZ,2014,13,58.2068629269365,55.9978764727306,61.2517688201328
Georgia,GEO,2014,28,58.0577392223611,57.2918607002917,60.4196466882458
Senegal,SEN,2014,29,56.8795487249221,56.0478053767691,57.9426553826073
Qatar,QAT,2014,27,56.4527484784149,55.0100583169593,57.7866514285034
Brunei,BRN,2014,11,56.1488325163385,52.1965342485453,59.2308956147752
Colombia,COL,2014,28,55.8624616390611,54.8972018221976,57.0798729163213
Suriname,SUR,2014,26,55.3301851490033,53.2659736399814,56.9328600634226
Argentina,ARG,2014,28,54.2538710752942,53.2750913854486,55.4998251848347
Benin,BEN,2014,29,54.1849069656162,53.2939423648155,55.1453894959659
Oman,OMN,2014,26,53.9196131996877,52.2691721439633,55.5180652599704
Malaysia,MYS,2014,27,53.8349735185994,52.1693490223937,54.8460937296915
Peru,PER,2014,28,53.7655020008987,52.7289190366239,54.8490038061575
Panama,PAN,2014,28,53.7526553803403,52.7896854108407,54.8513956437449
Albania,ALB,2014,28,53.5676843142648,52.2209808864275,54.3319363745626
Jordan,JOR,2014,28,53.1075851021857,52.0852558299911,54.0922300769797
Tunisia,TUN,2014,28,52.9837834657903,51.7045139789766,53.9494775123567
Burkina Faso,BFA,2014,28,52.9372881516577,50.6444340780986,53.995158186429
Mongolia,MNG,2014,29,52.8755026072769,51.9757014606112,53.9048536956779
Malawi,MWI,2014,26,52.5800612726316,50.0568576120259,54.9487186519192
Serbia,SRB,2014,27,52.577779788211,50.6460958870448,53.7912165548528
Moldova,MDA,2014,28,52.3255761370401,51.219946154,53.4894399078374
Guyana,GUY,2014,27,51.9774586384729,49.739860821054,52.5444669406986
Zambia,ZMB,2014,28,51.5720611533571,48.7546793580948,52.3661919122748
Lesotho,LSO,2014,27,51.3901580346933,49.2065326365529,52.8694742208744
Mexico,MEX,2014,28,51.0336781797567,50.1701176991098,52.5123850052146
Thailand,THA,2014,27,50.895289899941,48.5777003539746,51.6410678117029
Indonesia,IDN,2014,27,50.2567620911873,48.7899945825792,52.1855654691333
India,IND,2014,28,50.155921214766,48.6279268502236,51.2357890470644
Philippines,PHL,2014,27,49.9730147332525,48.5875208366258,50.8268722757852
Kenya,KEN,2014,29,49.4324693508979,48.5479999184708,50.4672764880895
Bosnia and Herzegovina,BIH,2014,28,49.4306582427654,48.6352065952746,51.8578223864768
São Tomé and Príncipe,STP,2014,23,49.0288855469207,48.3959653352542,54.0408903952751
El Salvador,SLV,2014,28,47.8030032900475,46.6285388927827,48.979495913111
Tanzania,TZA,2014,28,47.6312431402418,46.4130017668557,50.1585048512622
Armenia,ARM,2014,26,47.5075948849281,45.7393850676675,49.0448576477148
Papua New Guinea,PNG,2014,24,47.2058774181243,43.268499370516,48.2673215625503
North Macedonia,MKD,2014,25,47.0776854689055,46.4865875004313,50.9211995206791
Niger,NER,2014,27,47.01627004727,46.361389658905,50.1236731681667
Turkey,TUR,2014,28,46.5788909060368,45.1552147216775,47.4811473851088
Palestinian Territories,PSE,2014,22,46.4679778268208,42.7818240019845,48.6841479715179
Nepal,NPL,2014,28,46.2723247693127,45.138163391198,48.4396659573656
Mali,MLI,2014,29,46.0966899292095,45.2308450265962,47.032248338666
Paraguay,PRY,2014,27,45.6484175331045,43.3155622111479,47.1205442168629
Mozambique,MOZ,2014,28,45.2721311654878,42.4472759591213,45.7882429450218
Côte d'Ivoire,CIV,2014,27,44.6688469545161,42.7970306702367,46.7667521166628
Morocco,MAR,2014,27,44.1999733977437,42.8903466704706,46.9823893364103
Guatemala,GTM,2014,27,44.1369089422807,41.1930545192852,44.7176429799022
Dominican Republic,DOM,2014,28,43.908242546019,43.0960293292447,45.1666644545447
Fiji,FJI,2014,23,42.4651770446649,40.9463470863738,46.5199610114572
Uganda,UGA,2014,29,42.0310225834675,41.1861268088919,43.0275114167126
Liberia,LBR,2014,27,42.0170904823925,40.8465564978664,44.8542685811346
Rwanda,RWA,2014,29,40.6588781420822,39.6122023458822,41.8793419999895
Sri Lanka,LKA,2014,26,40.6325300502528,39.6342768270267,44.7874487914682
Honduras,HND,2014,28,39.7111117585127,37.8062512381179,40.4112288533135
Timor-Leste,TLS,2014,26,39.3645498043391,37.7032834326616,42.0296772747345
Sierra Leone,SLE,2014,26,39.0448144947032,38.3319172402857,43.4579375016439
Bolivia,BOL,2014,27,38.8636670326079,37.2376469298444,40.5341074468951
Ecuador,ECU,2014,28,38.661241200499,37.1610333885123,39.7488412029621
Lebanon,LBN,2014,27,38.4323100014703,36.9634231899771,40.9783505675186
Gabon,GAB,2014,28,38.2343977123856,36.8810729592765,39.2176592561796
Nigeria,NGA,2014,26,38.0595020448455,36.5406847056385,40.7150192495033
Ukraine,UKR,2014,28,36.7870109267064,35.6282575487999,37.8373347071147
Kyrgyzstan,KGZ,2014,28,36.7217912196992,35.1703063646462,38.7176231102663
Russia,RUS,2014,28,36.7185888727442,35.9894550322036,38.2753987033949
Saudi Arabia,SAU,2014,26,36.4716528917582,33.7353317183715,38.1305392919478
Bahrain,BHR,2014,26,35.9262742544846,34.9347186933191,38.6843712088425
Kazakhstan,KAZ,2014,27,35.8079198232841,34.9412765699739,38.6186649514201
Madagascar,MDG,2014,28,35.393432311735,34.417852502574,37.4322872468056
Gambia,GMB,2014,28,35.25653352323,34.4460045734068,37.8787311444024
Belarus,BLR,2014,27,34.5714412510508,33.272002502285,36.367929162564
Eswatini,SWZ,2014,27,34.1288055323891,33.5047342720929,36.3444761096251
Egypt,EGY,2014,28,33.4146965074222,31.8542841611571,34.1751123668549
Togo,TGO,2014,27,32.5617035794756,31.4896316967874,34.5802572789853
Mauritania,MRT,2014,27,32.4902075720107,30.2395775137904,34.225034502986
Pakistan,PAK,2014,28,31.8947945947467,30.1274590430313,33.0643985686194
Algeria,DZA,2014,27,31.8715342953338,30.4432804234792,34.166924800976
Guinea,GIN,2014,28,31.4126651321488,30.641977839161,33.8671287198303
Vietnam,VNM,2014,28,31.0919164311547,30.0351927068154,32.6038290426275
Cuba,CUB,2014,24,30.5038454192209,28.2009971666765,33.0503702796109
Haiti,HTI,2014,27,29.6063002626724,28.4585361182568,31.794046945003
Nicaragua,NIC,2014,27,29.4991090237947,28.2787483657485,31.0525017522818
China,CHN,2014,27,29.358468925513,27.7860757961514,31.1950533597901
Djibouti,DJI,2014,27,29.1632636643807,28.0238114674236,31.4052595281963
Guinea-Bissau,GNB,2014,26,28.9645778389085,27.305650485515,31.1217165835695
Ethiopia,ETH,2014,28,28.4894623592438,27.4288243665995,30.0970527396082
Comoros,COM,2014,26,28.068834619884,27.7902195787045,31.7593255657022
Angola,AGO,2014,27,27.7592422989256,25.0055709202292,28.6429740541641
Iran,IRN,2014,28,26.7519792898797,25.2368384668183,27.7731422932007
Iraq,IRQ,2014,25,26.6015889271651,24.1927561261928,28.1294493536444
Laos,LAO,2014,26,26.4572927172359,24.8037467665461,28.0951246972521
Zimbabwe,ZWE,2014,28,26.2336398491561,25.64658109702,29.0290382674273
Cameroon,CMR,2014,28,25.8049323406195,24.9983146158425,28.4424370236807
Republic of Congo,COG,2014,27,25.5630284491324,23.7715126400837,26.6144788417054
Bangladesh,BGD,2014,28,25.2943846487174,23.2783224242936,26.4395969628469
Azerbaijan,AZE,2014,27,24.3991698957964,23.0251515769246,26.185450389274
Cambodia,KHM,2014,28,23.6400857872525,21.5688896401052,23.9113700942949
Tajikistan,TJK,2014,27,22.7191931743765,21.8046791078984,25.8366368807832
Libya,LBY,2014,25,22.0960381267432,21.6055640663767,25.5477256212734
Central African Republic,CAF,2014,26,21.3429516448802,19.2882848365225,23.1101505151507
Uzbekistan,UZB,2014,27,20.640578547748,18.4978962183625,21.3415824328514
Chad,TCD,2014,27,20.0308925312524,18.7824609279251,22.2503095990606
Myanmar,MMR,2014,26,19.9019901625019,19.5762361123243,23.2577764197422
Burundi,BDI,2014,26,18.89034002491,17.1866883607596,21.8151866012624
Afghanistan,AFG,2014,26,17.2458157987452,14.875118014394,18.5562087766521
Democratic Republic of Congo,COD,2014,26,16.9916566670904,15.9003361871914,19.7473988527621
Turkmenistan,TKM,2014,23,16.2886309065884,12.1591710154691,17.8480218787921
Yemen,YEM,2014,27,15.6017454422384,14.8187234853808,17.9755321733325
Venezuela,VEN,2014,27,15.3441464821495,13.6712872742616,16.5469313303743
South Sudan,SSD,2014,24,14.7153601665116,14.4079549133507,18.7194112411725
Somalia,SOM,2014,24,10.7175070037066,7.77023006430737,12.8205522330268
Sudan,SDN,2014,27,10.1677980549064,8.58239457344007,11.5733881773448
Equatorial Guinea,GNQ,2014,24,10.0500309894987,8.15367758390391,13.057698258992
Syria,SYR,2014,25,9.94610255542699,7.24859850219927,11.8705440722998
Eritrea,ERI,2014,24,2.94630003077098,2.16559998770016,7.29324916433114
Norway,NOR,2013,28,97.0865258757766,95.7318975271862,98.5764028828269
Germany,DEU,2013,28,96.0326190592955,94.7135623599272,97.3846400618073
Sweden,SWE,2013,27,95.9697108177546,94.8026118171568,97.7294636092487
Australia,AUS,2013,28,95.8969286218208,94.6025444616522,97.316418493876
Denmark,DNK,2013,27,95.8793289416831,94.6766738200333,97.4618644696945
Finland,FIN,2013,28,95.1033439280692,93.7446553054309,96.5640993838709
New Zealand,NZL,2013,27,94.9915553682212,93.5265587039284,96.4842511268315
Switzerland,CHE,2013,24,94.6414718457836,92.5620902699806,96.1639259761815
Netherlands,NLD,2013,27,93.7499462067941,92.1340742059152,95.1444559312417
Canada,CAN,2013,28,93.2163943750784,92.1029896302032,94.730166987768
Austria,AUT,2013,27,91.1381289694114,89.7355881940309,92.7329274894931
Ireland,IRL,2013,27,91.0798495383327,89.9833682066655,92.9166271274227
Iceland,ISL,2013,26,90.4421864903928,89.7484022160241,92.6597734490245
Belgium,BEL,2013,26,90.1776995223161,88.3839901591309,91.2800864394061
Luxembourg,LUX,2013,28,90.1071132921249,88.8677654556703,91.6055191112889
Japan,JPN,2013,27,89.7204038442253,88.1789047414477,90.9316835225881
United States of America,USA,2013,28,89.5596119103459,88.532577802059,91.0959369740395
United Kingdom,GBR,2013,27,88.7504425802048,86.5484194813105,89.9710830855793
France,FRA,2013,27,87.1385402351243,85.8222806632619,88.3883747437093
Estonia,EST,2013,28,86.441193885676,85.3805191618477,87.9511150195746
Hong Kong,HKG,2013,26,84.8199735008275,82.9862535684746,86.5481836374558
Portugal,PRT,2013,27,83.8241536490199,82.4974242828791,85.0447337358202
Barbados,BRB,2013,25,81.8435569822264,79.8150975069875,83.3214568956739
Spain,ESP,2013,25,81.2480556683797,80.2106887975136,83.1081113841963
Uruguay,URY,2013,27,80.5835114876828,79.2042925358273,81.7429323504577
Poland,POL,2013,28,80.3954563642602,79.4095350245298,81.8026877651708
Chile,CHL,2013,28,80.109752516652,79.1702263004732,81.6230120379068
Singapore,SGP,2013,27,79.6700752405236,77.6743047358732,81.3848755909294
Czech Republic,CZE,2013,27,78.9008510959112,77.5455479899445,79.9131460626503
Cyprus,CYP,2013,26,78.378294428392,77.7620837815482,80.6133214231824
Slovenia,SVN,2013,27,77.7102629017372,76.5162598201695,78.8688943670167
Taiwan,TWN,2013,23,77.5675962455102,75.3489389655877,79.6906177989116
South Korea,KOR,2013,27,76.5492124561321,75.2642512111918,78.7265148240227
Lithuania,LTU,2013,27,76.1668394764577,74.9641323530733,77.606634067521
Costa Rica,CRI,2013,27,75.6657697727788,74.872732796342,77.0555817033138
Latvia,LVA,2013,27,75.5122321446315,74.1549306150918,76.5620993021007
Malta,MLT,2013,28,73.8834526430465,72.6699687197412,75.0328306355439
Israel,ISR,2013,27,73.1354658052049,71.808318798647,74.3675451470472
Mauritius,MUS,2013,27,72.8033787341125,71.3215494189271,73.8980935955166
Slovakia,SVK,2013,27,72.5924787576146,70.7833154270181,73.6766165061681
Italy,ITA,2013,28,71.539951030678,70.5408161954625,72.6497874561984
Bahamas,BHS,2013,13,71.0868937484897,68.2933184331093,73.7814939204166
Botswana,BWA,2013,27,70.5747599171354,70.1193740040459,73.6918853635885
Namibia,NAM,2013,28,70.0557590492473,69.0345104998898,71.1853147926743
South Africa,ZAF,2013,27,68.2494116594323,67.0911749753675,69.2617298569581
Cabo Verde,CPV,2013,27,67.5516832681136,67.4913759122024,71.2099308485377
Hungary,HUN,2013,28,66.9015323762558,65.849926709975,68.1607618249645
Croatia,HRV,2013,27,66.6527379204117,65.4929140268452,67.7000239296027
Brazil,BRA,2013,28,66.6391645617824,65.3014357840002,67.5667905431126
Greece,GRC,2013,28,66.0425207235765,65.0796613907558,67.144190246774
Bhutan,BTN,2013,23,65.5970168700267,63.0642607018766,68.5122613377514
Puerto Rico,PRI,2013,10,65.3904275191414,62.6160169748476,67.2784675463809
Ghana,GHA,2013,29,63.795325591063,62.8525607988503,64.8656740550842
Jamaica,JAM,2013,26,62.9303999900795,61.6653138459977,64.4880186239954
Seychelles,SYC,2013,27,62.9021986872257,62.1533036027898,64.6558312864927
Trinidad and Tobago,TTO,2013,26,62.802055169316,61.5403451933107,64.6616103444798
Romania,ROU,2013,27,61.8802032995106,59.839194761874,63.0217237408936
Montenegro,MNE,2013,27,61.660052306681,59.4613407946328,62.4198158233641
Kuwait,KWT,2013,27,60.1380548825185,58.253353877048,61.6052072860696
Belize,BLZ,2013,13,58.3343742606649,56.1459417927113,61.520848942792
Georgia,GEO,2013,28,58.0339305434856,55.8033999393344,59.1736280494042
United Arab Emirates,ARE,2013,27,57.6221985511855,56.7113138393241,60.3512269946738
Bulgaria,BGR,2013,27,57.1687816309313,56.1353261694137,58.9451830987801
Qatar,QAT,2013,27,57.1184026138469,55.2390100217509,58.115788650728
Colombia,COL,2013,28,56.6609465026017,55.4301651513559,57.6107138798023
Argentina,ARG,2013,28,55.667804331611,53.8838242980709,56.0904445583695
Senegal,SEN,2013,29,55.4163264400889,54.4463672534781,56.5062581579708
Panama,PAN,2013,28,55.0131163750038,53.9209417000733,56.0180271907793
Brunei,BRN,2013,11,54.2607970362949,52.459241828973,59.6505930690201
Oman,OMN,2013,26,54.086215372389,52.578472237803,55.6817195763889
Malaysia,MYS,2013,27,53.5578611283109,52.1260974526037,54.566258535266
Benin,BEN,2013,29,53.4328469640994,52.5701608402591,54.4594855826671
Suriname,SUR,2013,26,53.3257828466668,51.5991386484913,55.3737274011306
Malawi,MWI,2013,26,53.3076800234921,49.272307599666,54.4034552813334
Peru,PER,2013,28,53.2017552411911,52.2058966782526,54.3061538651526
Serbia,SRB,2013,27,53.1656738534681,50.9486906436605,54.3502041762416
Jordan,JOR,2013,28,52.7639990863892,51.9353153040933,54.033306932522
Albania,ALB,2013,28,52.70635977632,51.6440360426253,53.6700555160858
Moldova,MDA,2013,28,52.4710765191266,51.2796459330045,54.1782700579515
Tunisia,TUN,2013,28,52.4050361237388,51.205610394366,53.4330526211
Zambia,ZMB,2013,28,52.2930293677034,49.8995152057054,53.1952602667207
São Tomé and Príncipe,STP,2013,23,52.206194573911,48.6352460173223,54.0131305550692
Mongolia,MNG,2013,29,51.9648089092807,51.030595695184,53.0223865639573
Mexico,MEX,2013,28,51.7773093452155,50.544210822843,52.7860918551936
Thailand,THA,2013,27,51.6160389958361,49.5569433898957,52.7308569770383
Indonesia,IDN,2013,27,51.4051119129266,48.5877815763817,51.5671758650264
Burkina Faso,BFA,2013,28,51.1122562465442,50.4278950058407,53.8982662106415
North Macedonia,MKD,2013,25,50.4538791225959,47.8953090076515,52.244292310577
Guyana,GUY,2013,27,50.3375202154255,49.0393185041483,52.0349689764136
Lesotho,LSO,2013,27,50.3142645656737,48.5105117217981,52.0582801726739
India,IND,2013,28,50.1271053523144,48.5345410625744,50.9743770549947
Turkey,TUR,2013,28,50.07591821329,48.6498019094251,50.917481029994
Kenya,KEN,2013,29,49.3985679970013,48.4983801265252,50.3331903408311
Philippines,PHL,2013,27,49.1914448078855,47.9662240788461,50.1948627639278
Bosnia and Herzegovina,BIH,2013,28,49.0277562967164,48.241370936841,51.5122459362169
El Salvador,SLV,2013,28,48.2454457889452,46.8379315486401,49.0993353910972
Niger,NER,2013,27,48.1930788039663,45.2922800975053,49.2193313339039
Tanzania,TZA,2013,28,48.1067560290324,47.4942827617472,50.8727393704401
Mali,MLI,2013,29,47.8744402125547,46.9451591773617,48.8810988147465
Nepal,NPL,2013,28,47.1098419032356,44.9069064863358,48.1778741912999
Armenia,ARM,2013,26,46.9486368246452,44.6343376643211,47.5328121725405
Mozambique,MOZ,2013,28,46.850845285248,44.1121188862972,47.4729626145911
Morocco,MAR,2013,27,46.7050940941668,43.2463177709556,47.1908249049811
Paraguay,PRY,2013,27,46.4821075973139,45.1111980691628,49.1440829117314
Papua New Guinea,PNG,2013,24,46.4573281270334,44.7158442182241,49.2466925595826
Dominican Republic,DOM,2013,28,43.7666262618617,42.7552840278913,45.0808987082169
Liberia,LBR,2013,27,43.4776036799836,42.3107883341716,45.6748064171183
Uganda,UGA,2013,29,42.5238397094141,41.6684847512903,43.5226352068495
Guatemala,GTM,2013,27,42.3574202930522,40.918073969357,44.51040299158
Sri Lanka,LKA,2013,26,42.2187066422718,39.363829264034,44.8067437925551
Sierra Leone,SLE,2013,26,42.1201269411204,38.8024208087472,44.0682861293409
Palestinian Territories,PSE,2013,22,42.0546880389557,40.4305707295733,45.9198987970252
Côte d'Ivoire,CIV,2013,27,41.4441344670382,40.6122643253998,44.5006543326783
Fiji,FJI,2013,23,40.8267903040162,38.8828103840961,44.6616687296532
Lebanon,LBN,2013,27,40.1644211037794,37.7059221683121,41.4463005077045
Timor-Leste,TLS,2013,26,40.1131231288419,38.0262408590634,42.1473847333626
Rwanda,RWA,2013,29,40.0671197382428,39.0976032989989,41.2036969955998
Bolivia,BOL,2013,27,39.0169092786713,37.0358374658696,40.1075044927721
Saudi Arabia,SAU,2013,26,38.1219112512224,35.0973517077669,39.1633381164679
Ukraine,UKR,2013,28,38.1151626898121,36.9235160730571,39.0718222879954
Gabon,GAB,2013,28,37.5880442303848,36.6585631711588,38.6363975093378
Honduras,HND,2013,28,37.4457069700712,35.4056020919345,38.5714354501666
Ecuador,ECU,2013,28,36.9762611089832,35.952356331382,38.3798546909575
Russia,RUS,2013,28,36.8394415186752,35.8713304458923,38.1765228942797
Bahrain,BHR,2013,26,36.6200746841475,35.2970643043028,38.950027301793
Egypt,EGY,2013,28,36.4682440871361,35.2550220333283,37.7290992438821
Gambia,GMB,2013,28,36.4056815637467,34.9332388265713,38.260174346903
Kazakhstan,KAZ,2013,27,36.2951318695881,35.1136990188467,38.9611902112488
Nigeria,NGA,2013,26,35.3495432136069,32.9119133621382,37.7871730650755
Belarus,BLR,2013,27,34.7279827803478,33.4923179026211,36.6319948450482
Kyrgyzstan,KGZ,2013,28,34.2993228490984,33.7159829362524,37.0124284942338
Eswatini,SWZ,2013,25,33.8916474999075,31.0622563828674,34.4641271417614
Mauritania,MRT,2013,27,33.8825906254404,31.9883435601686,35.9974510549021
Togo,TGO,2013,27,33.1307703375526,31.7223980110603,34.3634727363529
Madagascar,MDG,2013,28,33.1259377314876,31.9227950089151,34.9855414656754
Pakistan,PAK,2013,28,32.1132024225847,30.0392641541368,32.7895212580142
Algeria,DZA,2013,27,31.999547170089,30.3181258015418,33.8145759247528
Vietnam,VNM,2013,28,30.7016915314733,29.1242046249587,31.7335234526807
Djibouti,DJI,2013,25,30.7008924097755,28.0861915934988,32.3569800022849
Nicaragua,NIC,2013,27,30.65166050435,29.2465247541295,31.8971008972404
Comoros,COM,2013,26,30.5948291938167,27.2549849207797,31.2425715043381
China,CHN,2013,27,29.9943476758963,28.4885777589814,31.5790493158317
Guinea,GIN,2013,28,29.6753589578628,28.0009790074788,31.1070610442377
Cuba,CUB,2013,24,29.5687879441661,27.5112421846499,32.5723048356724
Haiti,HTI,2013,27,28.969574981125,27.9413903075333,31.2848894775196
Ethiopia,ETH,2013,28,28.676391176715,27.709245165418,30.2634233308391
Libya,LBY,2013,24,27.5382248444445,23.524214644815,28.5757837580245
Guinea-Bissau,GNB,2013,26,27.1990293231616,25.2562603696292,29.2158375079069
Angola,AGO,2013,27,26.9954786754219,24.7316412755386,27.8385826663147
Zimbabwe,ZWE,2013,28,26.7193789340866,24.2638800422543,27.4974575703438
Iran,IRN,2013,28,26.531612901946,25.2783369595603,27.8557636070224
Iraq,IRQ,2013,25,26.3800934817561,24.7042835542396,28.3373881145361
Cameroon,CMR,2013,28,25.8324344412555,25.030275313382,28.3192335744253
Laos,LAO,2013,25,25.5585550468004,23.4030992909968,27.5642584095151
Bangladesh,BGD,2013,28,25.4351660879425,24.0168415585014,27.4745465047713
Azerbaijan,AZE,2013,27,25.2618984581734,24.0297753194875,27.0354142003171
Republic of Congo,COG,2013,27,25.2316930543845,23.8861100388353,26.9368736186377
Tajikistan,TJK,2013,27,24.3697202637727,23.4925309883738,27.6323834684968
Cambodia,KHM,2013,28,23.7050717090497,22.8445379915273,25.0667076674123
Burundi,BDI,2013,26,23.602241340959,19.7786212536909,24.1697234571369
Central African Republic,CAF,2013,26,22.175826022494,21.3246745857668,25.0192971103673
Myanmar,MMR,2013,22,21.7109072681943,17.3136139363774,23.231518980195
Chad,TCD,2013,27,19.8579631819157,18.7849114486895,22.1900381483563
Uzbekistan,UZB,2013,27,19.7110359410636,17.2782946276619,20.3825554485614
Venezuela,VEN,2013,27,18.7560363493228,17.1282821336808,19.8138104525824
South Sudan,SSD,2013,23,17.8280548543151,15.971307172657,21.6039709335483
Yemen,YEM,2013,27,17.6458580161342,16.3781133599495,19.7295078587965
Democratic Republic of Congo,COD,2013,26,16.6820432743676,15.5401316471827,19.4975883911067
Afghanistan,AFG,2013,26,16.6687581702896,14.2745679436286,17.6803876498035
Turkmenistan,TKM,2013,24,13.8701935780026,10.7004536112802,15.5855570850815
Syria,SYR,2013,25,11.7531319983176,9.59669011161406,14.3193162684675
Equatorial Guinea,GNQ,2013,24,10.719293227939,8.2477216283374,12.6363246448771
Somalia,SOM,2013,24,9.80149113518309,5.87675028126435,9.96796521626072
Sudan,SDN,2013,27,9.76213678103624,8.93158037407716,11.897264821313
Eritrea,ERI,2013,24,5.18174291777115,0.904992876103726,6.81575879128705
Norway,NOR,2012,28,97.0363813559522,95.705374313013,98.4095335464692
Sweden,SWE,2012,27,96.10772782452,94.6972924121533,97.5383226541295
Denmark,DNK,2012,27,96.0604907377795,94.6535343659444,97.353432976153
Australia,AUS,2012,28,95.7700658297326,94.5101966581277,97.0997229183231
Germany,DEU,2012,28,95.7696088258012,94.4469702307821,96.8748989723703
Finland,FIN,2012,28,94.9682570993435,93.7541011634382,96.3888630201703
Switzerland,CHE,2012,24,94.8230491001278,92.4696353031749,96.2165112678714
New Zealand,NZL,2012,27,94.5187256814404,93.1579418530158,95.9865492736921
Netherlands,NLD,2012,27,93.5638877949999,91.8558938569126,95.0341766173826
Canada,CAN,2012,28,93.2749059006679,92.0036898074479,94.7488856674386
Austria,AUT,2012,27,91.3302015918091,89.8432279996053,92.4371821556966
Ireland,IRL,2012,27,91.321506991321,90.0151076466241,92.6810268088444
Iceland,ISL,2012,26,90.9608328350195,88.6999459337454,91.828924637301
Belgium,BEL,2012,26,90.0889780316895,88.3375013846366,91.3626321784456
Japan,JPN,2012,27,90.0758038945123,88.4093956876556,91.2303339735635
United States of America,USA,2012,28,89.77862728146,88.6429693363044,91.1384369978723
Luxembourg,LUX,2012,28,89.7001177535725,88.6555250833549,91.2966363781713
United Kingdom,GBR,2012,27,87.7769743559592,86.4839470583325,89.4371095321165
France,FRA,2012,27,86.8000206523565,85.3828594058409,87.8407574330583
Estonia,EST,2012,28,86.6525322819166,85.6221998138139,87.950997873969
Hong Kong,HKG,2012,26,86.445144882099,83.6119470909724,87.5233615881651
Spain,ESP,2012,25,83.5698602909315,81.9034441768947,84.7838009781388
Barbados,BRB,2012,23,83.2310608953824,80.4419509634169,85.1362441833409
Portugal,PRT,2012,27,82.9670677276063,82.2247544352666,84.8297708841453
Poland,POL,2012,28,81.1528510328762,80.1662954556458,82.4332738502264
Uruguay,URY,2012,27,80.3268906262292,78.9408381445161,81.2911075962731
Chile,CHL,2012,28,80.2162004121193,79.0070729203621,81.3659898111473
Cyprus,CYP,2012,26,79.6371248845798,78.0440381218441,81.0148198142534
Singapore,SGP,2012,27,78.6842002288939,77.3135714738067,81.2681425091517
Slovenia,SVN,2012,27,78.5062883070953,77.108967672206,79.5513763397099
Czech Republic,CZE,2012,27,77.6197644192066,76.5867419234181,79.002356511338
Taiwan,TWN,2012,23,77.090219598709,74.7961014204011,78.8981738237581
South Korea,KOR,2012,27,76.9277000215269,75.045501515854,78.1063933559794
Lithuania,LTU,2012,27,76.0321756002108,74.4465977616374,77.2144050489917
Costa Rica,CRI,2012,27,75.7557517191816,74.4392084270712,76.8852957028649
Latvia,LVA,2012,27,74.2692090422573,72.9220903584735,75.2245724718901
Malta,MLT,2012,26,74.1299325628661,72.9193327330236,76.8145673586446
Botswana,BWA,2012,27,72.9235075387311,70.2566639438942,73.9009401095257
Israel,ISR,2012,27,72.7489157266753,71.4237345531244,73.7892319711362
Slovakia,SVK,2012,27,72.5176546513731,70.9664298922417,73.4800322665883
Mauritius,MUS,2012,27,71.7361444977364,70.3717183972239,73.0453452874476
Bahamas,BHS,2012,13,70.6714156143176,69.2713632494447,74.3169018090398
Italy,ITA,2012,28,70.6278688184803,69.7850034232997,71.8455420029793
Namibia,NAM,2012,28,69.9229532058417,68.8613969815599,70.9972576342563
Hungary,HUN,2012,28,67.8771870672876,66.8478813036863,69.182578803565
Cabo Verde,CPV,2012,27,67.7126161097923,66.600470291436,70.1696174855252
South Africa,ZAF,2012,27,67.6029815439992,66.433969719745,68.4289462491679
Brazil,BRA,2012,28,66.91768538862,65.537367861508,67.767799747684
Greece,GRC,2012,28,66.57483107985,65.5228502905403,67.6869183530488
Croatia,HRV,2012,27,65.61790295462,64.7723301768967,67.0672420994113
Bhutan,BTN,2012,23,65.4180093417306,61.6942285520298,67.1314496440138
Puerto Rico,PRI,2012,10,63.5500252748534,62.2074714042336,67.4407458536558
Ghana,GHA,2012,29,63.4658872145855,62.5645571282995,64.5460674788257
Trinidad and Tobago,TTO,2012,26,62.9814000217918,61.2339031799862,64.1424118411325
Seychelles,SYC,2012,26,62.7189504003177,61.6745872444987,65.3248338142417
Romania,ROU,2012,27,61.7609052063228,59.9040714240745,62.8296533094072
Jamaica,JAM,2012,26,61.0314473386435,59.7619913103543,62.3009033669328
Kuwait,KWT,2012,27,60.3578467362776,58.24709441037,61.6947618497112
Montenegro,MNE,2012,27,60.3489225650571,58.6689313170602,61.4237971442603
Belize,BLZ,2012,14,59.8327897430255,56.9071668641507,61.9193862834172
United Arab Emirates,ARE,2012,27,57.5274171452233,55.7901506803598,59.3879917352067
Bulgaria,BGR,2012,27,57.1168017905825,55.4509645515855,58.0235054342827
Georgia,GEO,2012,28,57.0021583010311,54.7873492411142,57.9094860533448
Colombia,COL,2012,28,56.2430093913402,55.0053794877086,57.2432147660609
Argentina,ARG,2012,28,55.5308625385344,53.8011594259739,56.0346299368332
Qatar,QAT,2012,27,55.0844781102848,54.5672413032846,57.2223686999047
Panama,PAN,2012,28,54.9311233642583,53.9086730423817,56.0060889522464
Brunei,BRN,2012,11,54.9294503233683,53.1537080782095,60.1529771286184
Senegal,SEN,2012,29,54.3898506030593,53.5317985350777,55.4870430546073
Oman,OMN,2012,26,53.7202077569332,52.6164352602207,55.9982337343221
Benin,BEN,2012,29,53.0528590006033,52.0540930601832,54.0951544149416
Serbia,SRB,2012,27,53.0159454929327,50.6216496481775,53.8460717257613
Suriname,SUR,2012,26,52.882421070653,51.0222163275307,54.5732221791391
Moldova,MDA,2012,28,52.8333613243646,50.9072449205111,53.8868804662303
Peru,PER,2012,28,52.5870257604115,51.3254850972455,53.585758434208
Malaysia,MYS,2012,27,52.4152045872841,51.1915400125569,53.9475732997545
Burkina Faso,BFA,2012,28,52.323989815119,49.9150540546954,53.3270337542228
São Tomé and Príncipe,STP,2012,23,52.1843396580464,48.492244195677,54.2537875102333
Jordan,JOR,2012,28,52.0535633797099,51.262444397984,53.1432657888801
Albania,ALB,2012,28,51.6210506572983,50.7356441579974,52.6592140372187
Mongolia,MNG,2012,29,51.595556463952,50.6082375221369,52.613442415745
Malawi,MWI,2012,26,51.5697511555185,48.9824227277054,53.9230456721501
Mexico,MEX,2012,28,51.4892577500353,50.2708961722824,52.4561933723508
Zambia,ZMB,2012,28,51.4491604570232,49.8140242215587,53.1582532267213
Thailand,THA,2012,27,51.1079461476958,48.8920305490724,52.1197019945199
Mali,MLI,2012,29,51.0554512544889,50.1211702078514,52.0145671361436
Lesotho,LSO,2012,27,50.6441902474402,49.229267321276,52.9274044520122
Indonesia,IDN,2012,27,50.5127520774873,47.73609447136,51.0092729692645
Turkey,TUR,2012,28,50.4799224180945,49.4979411426053,51.7197437352941
North Macedonia,MKD,2012,25,50.475400416123,47.0838914455059,51.7571947494582
Guyana,GUY,2012,27,49.6120680318686,48.1898608243348,50.9559348270402
India,IND,2012,28,49.5106648367611,48.0262201372103,50.615354085665
Tunisia,TUN,2012,28,49.4080979885727,48.4121320411333,50.8243084067046
Bosnia and Herzegovina,BIH,2012,28,48.766867989344,47.1685024162172,50.7884778699945
Tanzania,TZA,2012,28,48.3422005707289,47.5661559848435,50.9926746885424
Kenya,KEN,2012,29,47.9985289743137,47.1267399451343,48.9345798245125
El Salvador,SLV,2012,28,47.958952198564,46.6789123440829,49.0585910737416
Philippines,PHL,2012,27,47.9043039403619,46.9558384445869,49.2107349169349
Papua New Guinea,PNG,2012,24,47.8696632116663,44.4320465200165,49.173383984954
Mozambique,MOZ,2012,28,47.2351563625525,44.879692504095,48.4008193051955
Nepal,NPL,2012,28,46.5057624537841,44.5882191620258,47.5378890168889
Paraguay,PRY,2012,27,46.3310046573864,44.7321313407046,48.6282882288574
Niger,NER,2012,27,46.30242584181,44.3739355942153,48.4737919425291
Morocco,MAR,2012,27,45.7368748472362,42.6338579423489,46.3654708698429
Armenia,ARM,2012,26,45.2636025835135,43.1984492936066,46.6737251072944
Guatemala,GTM,2012,27,43.552340247557,40.7091375836777,44.2489548852179
Uganda,UGA,2012,29,43.5167194335053,42.6461466261779,44.4238382174045
Dominican Republic,DOM,2012,28,42.6892134431798,41.68641468144,43.7997055367316
Sierra Leone,SLE,2012,25,42.0159022210463,37.9336453260906,43.242946620584
Sri Lanka,LKA,2012,26,41.9335537136365,38.1470502720613,43.4621529665311
Côte d'Ivoire,CIV,2012,27,41.1754459052928,37.9689337468735,41.7064607320603
Liberia,LBR,2012,26,40.3889107001153,39.8240252401014,44.0544915826665
Lebanon,LBN,2012,27,40.1851538946777,37.1755556631929,41.0457958445618
Palestinian Territories,PSE,2012,22,40.0395046487816,39.465065237203,44.9588719916158
Honduras,HND,2012,28,39.9450926245667,37.8429387597086,41.0525987091241
Fiji,FJI,2012,23,39.8209861015763,37.469737498743,43.7824545566845
Rwanda,RWA,2012,29,38.8551775407992,37.7856350382229,39.9886925743566
Gabon,GAB,2012,27,38.0733627957187,36.3786303712776,39.1137880116515
Bolivia,BOL,2012,27,37.6051394896708,36.3981812880274,39.5588342465893
Timor-Leste,TLS,2012,26,37.590490798589,37.3058633826167,41.6036219286872
Saudi Arabia,SAU,2012,26,37.5165092040618,34.0452605974049,38.6112572673943
Bahrain,BHR,2012,26,37.4104122970918,35.6390202631133,39.5064389106836
Ukraine,UKR,2012,28,37.2764790838752,36.0078214509148,38.1720964026504
Egypt,EGY,2012,28,37.0099013148924,35.6654440848033,38.0705253210013
Russia,RUS,2012,28,36.8225675361515,35.7869178630566,38.1649107408219
Kazakhstan,KAZ,2012,27,36.6304486312303,33.4611465278053,37.1860085518001
Nigeria,NGA,2012,26,36.0349340690478,34.9783886141812,39.4428201673123
Kyrgyzstan,KGZ,2012,28,35.7839200482626,33.1447293870768,36.5119709393763
Ecuador,ECU,2012,28,35.7388253281689,34.8760201079663,37.212561937193
Belarus,BLR,2012,27,34.8840067224966,32.4728883353135,35.3326075925779
Mauritania,MRT,2012,27,34.8330129196093,32.164895230001,35.9368732693417
Gambia,GMB,2012,28,34.3123698331231,33.4386640976156,36.5710947697767
Togo,TGO,2012,27,34.1760984490316,31.593524668355,34.5812395472894
Madagascar,MDG,2012,28,33.3958456329019,31.8891663964773,34.8408800356281
Algeria,DZA,2012,27,32.9550996354325,29.893902750787,33.1948054264367
Eswatini,SWZ,2012,25,32.5791299521616,29.9019162431635,33.7987407316427
Nicaragua,NIC,2012,27,31.2477365096888,29.305043024541,32.0532553068596
Guinea-Bissau,GNB,2012,26,30.9435204852492,27.8483155857525,31.7322236880102
Pakistan,PAK,2012,28,30.6447672454839,28.7076608585084,31.8638372951941
Cuba,CUB,2012,24,30.3329172681169,27.2267954538328,31.8695811371853
Djibouti,DJI,2012,25,30.0622223060014,27.9120554006209,32.529922666143
China,CHN,2012,27,29.6898749495935,28.3107246331161,31.296522305174
Guinea,GIN,2012,27,29.5489200263033,28.0065458031858,31.7702496130235
Haiti,HTI,2012,27,29.480332620822,27.9491224029597,31.5284311804711
Vietnam,VNM,2012,28,29.4769996330545,28.5563385543237,31.0818530972292
Ethiopia,ETH,2012,28,28.5248689988489,27.6557165053225,30.3850446247506
Cameroon,CMR,2012,28,27.7238088342633,24.7631809326188,28.2533550198448
Comoros,COM,2012,26,27.6382297920337,26.8399501499542,30.647516198474
Angola,AGO,2012,27,26.8090631107355,24.9051014302449,28.4292027534266
Iraq,IRQ,2012,25,26.543325621596,24.5614043750295,28.4078798632343
Iran,IRN,2012,28,26.1182005550946,24.7247447063894,27.3093284425038
Azerbaijan,AZE,2012,27,25.7844446190586,23.7417644978921,26.7972401059258
Bangladesh,BGD,2012,28,25.5577062518808,24.6596316975217,27.9291625589172
Laos,LAO,2012,25,25.0020038863856,23.078228176879,27.0012428796027
Republic of Congo,COG,2012,27,24.9053345243421,23.9067248272474,26.6027677879267
Tajikistan,TJK,2012,27,24.5447811751481,23.121628898204,27.2246154045773
Zimbabwe,ZWE,2012,28,24.2148941899168,23.6765498109871,27.1966383212338
Cambodia,KHM,2012,28,23.3260043956351,22.4837229735746,24.9364576996239
South Sudan,SSD,2012,21,22.5504449984268,17.4322607681634,24.0405195873075
Central African Republic,CAF,2012,26,22.3777005985088,21.2877805359111,25.1379366066431
Burundi,BDI,2012,26,21.6332156355105,20.6167644687633,25.0682441819901
Chad,TCD,2012,27,21.6310822682712,19.0078597791557,22.4406648447643
Libya,LBY,2012,24,19.7301445384467,18.2517589020329,22.8611833643753
Uzbekistan,UZB,2012,27,19.3992765134353,16.1717944786036,19.5984802427652
Myanmar,MMR,2012,22,18.7603287349771,15.9261760306632,21.748391761176
Venezuela,VEN,2012,28,18.0101267117243,17.171794246751,19.5479780020147
Yemen,YEM,2012,27,17.2701808895298,15.7665194594728,19.2586770756078
Afghanistan,AFG,2012,26,16.2603011801612,12.9775071728043,16.9084899519102
Democratic Republic of Congo,COD,2012,26,15.8980161205527,15.0054865976994,18.8355781623523
Syria,SYR,2012,26,14.7170876215713,12.9615686747037,17.1689103006875
Turkmenistan,TKM,2012,24,11.1218677241501,10.0556715655157,15.5055387677141
Sudan,SDN,2012,27,10.5853682091681,8.87354109698179,11.7530526068643
Equatorial Guinea,GNQ,2012,24,9.51959353616141,8.52666178284083,12.6186809224831
Somalia,SOM,2012,22,8.78433488905565,4.50845719941103,10.3266216143998
Eritrea,ERI,2012,26,4.0597453140966,2.06181255114174,6.88477458601048
Norway,NOR,2011,28,97.3966407192097,95.9611546428208,98.8331314614806
Sweden,SWE,2011,27,96.5854305272875,95.0291143766305,97.8790211910571
Denmark,DNK,2011,27,96.1999040226599,94.6965989830814,97.4395500967508
Australia,AUS,2011,28,96.1920368716715,95.0605059956043,97.7217559761628
Germany,DEU,2011,28,95.7960856298831,94.4798555547139,97.2706059779692
Finland,FIN,2011,28,95.2460975458952,93.7696172882631,96.6779097505392
Switzerland,CHE,2011,24,95.192761246226,92.5107245725197,96.1709787599228
New Zealand,NZL,2011,27,94.894780296148,93.2968463669382,96.2335386287085
Netherlands,NLD,2011,27,93.9457915946716,92.2606620463357,95.2449960615319
Canada,CAN,2011,28,93.6869183038607,92.3533077786502,95.0142274491082
Austria,AUT,2011,27,91.728731279131,90.5428265570695,93.0877221919893
Ireland,IRL,2011,27,91.5191731121809,90.1409699060778,92.8917585932764
Iceland,ISL,2011,26,90.2857889839587,89.2507039336813,92.4197425576707
Belgium,BEL,2011,26,90.007689428154,88.3712220490789,91.2302271020391
Luxembourg,LUX,2011,28,89.9521736151327,88.6719606204505,91.3409969964991
Japan,JPN,2011,27,89.7231710039523,88.5317818590639,91.2000419664503
United States of America,USA,2011,28,89.6338645497363,88.422034381161,90.9258636267467
United Kingdom,GBR,2011,27,88.024386214622,86.0292349399657,89.5903805616651
France,FRA,2011,27,87.2252562383762,85.9608578316122,88.4810172921404
Hong Kong,HKG,2011,26,86.7893112072176,84.2599492622149,87.958277852978
Estonia,EST,2011,28,86.3118155149287,85.1583349875214,87.5973731581997
Barbados,BRB,2011,23,85.221416980926,80.2797593993187,85.2353465787732
Spain,ESP,2011,25,83.7804974381855,82.0303838688264,84.7725678193388
Portugal,PRT,2011,27,83.2948826668518,82.240172119009,84.6963364050068
Poland,POL,2011,28,81.96199235252,80.8748008436865,83.12401474486
Cyprus,CYP,2011,26,80.5800796657863,79.0663325034602,81.8021243646643
Chile,CHL,2011,28,80.4901030585614,79.3425244334639,81.8153104221425
Singapore,SGP,2011,27,80.3269719251845,77.5397308242088,81.3635180765282
Uruguay,URY,2011,27,79.8393182762414,78.4484935077411,80.9506554927033
Slovenia,SVN,2011,27,77.9947775008479,77.2803744816244,79.5655251548783
Czech Republic,CZE,2011,27,77.0819412295509,75.975044139646,78.2966080229661
South Korea,KOR,2011,27,76.5720263231381,74.9748664263224,78.0145600306693
Taiwan,TWN,2011,23,76.290650931536,74.3873420529028,78.8177445166888
Lithuania,LTU,2011,27,76.1626606907132,74.31421632095,77.1683396834762
Costa Rica,CRI,2011,27,75.9831693305924,74.6949720611814,77.0477631633535
Malta,MLT,2011,26,74.7364506241472,73.7910984107284,77.673844293612
Latvia,LVA,2011,27,73.5183583351135,72.6118903004382,74.841170144613
Bahamas,BHS,2011,13,73.2202036697116,69.8661421288153,75.0185430036874
Botswana,BWA,2011,27,72.9491421414539,70.717186434564,74.2903447810223
Slovakia,SVK,2011,27,72.2081633721872,70.8875455353393,73.0381391103377
Mauritius,MUS,2011,27,71.8342049941216,70.5958594834635,73.0864443530288
Israel,ISR,2011,27,71.6644096595125,70.9582111412171,73.4398587090257
Italy,ITA,2011,28,70.9146359131858,69.8429977484755,71.9614652630998
Namibia,NAM,2011,28,70.3444119898304,69.2501394147027,71.4860206445273
Hungary,HUN,2011,28,70.2513696796962,69.2573369866201,71.4691913852729
Cabo Verde,CPV,2011,27,68.6262690397236,66.8294566491875,70.0442847331062
South Africa,ZAF,2011,27,67.4758444222889,66.4128440195324,68.4557463717014
Brazil,BRA,2011,28,67.2674889824513,65.7646653139278,68.0941661814644
Greece,GRC,2011,28,67.066517384836,66.1198454886743,68.1937661743162
Puerto Rico,PRI,2011,10,66.6887397736294,63.2366221562049,67.9909633660864
Croatia,HRV,2011,27,65.6905803915226,64.8563720125402,66.996809421913
Seychelles,SYC,2011,26,63.3222498224198,61.5729151048506,64.8465225784429
Ghana,GHA,2011,29,62.8612131856955,61.8699155871367,63.9059898498479
Trinidad and Tobago,TTO,2011,26,62.6739866760718,60.8894291964652,64.0127972339004
Bhutan,BTN,2011,23,62.2783933998542,60.8202893308864,67.7961962294528
Jamaica,JAM,2011,26,61.9067954670116,59.9587916628055,63.0651950291456
Belize,BLZ,2011,13,61.8969723740479,58.299188043133,63.4211305490117
Kuwait,KWT,2011,27,61.6385711694775,59.2744046466307,62.7824904200398
Romania,ROU,2011,27,60.6445165189745,59.5120634864888,62.76222519864
Montenegro,MNE,2011,27,60.2986195390062,58.2517896021547,61.1172328214885
United Arab Emirates,ARE,2011,27,58.3350056059,55.598453483928,59.3250795918341
Brunei,BRN,2011,11,57.8285463111837,53.3229653973079,60.1388592131048
Bulgaria,BGR,2011,27,56.7076763045639,55.8293759338408,58.4931571483377
Oman,OMN,2011,26,56.2881618866965,53.2160055970011,56.4371241418816
Qatar,QAT,2011,27,56.2172072894658,54.9957427246415,57.929291945346
Georgia,GEO,2011,28,55.1488600020464,53.5388113619272,56.901383714794
Panama,PAN,2011,28,54.4758303409468,53.52123591914,55.6015766806096
Colombia,COL,2011,28,54.3788137403767,53.5466628991303,55.522845377262
Argentina,ARG,2011,28,54.2903659627874,53.1464925062672,55.5409771625109
Senegal,SEN,2011,29,53.8297829360102,52.8960503692996,54.8334133673003
Benin,BEN,2011,29,53.2129212615951,52.2101573945483,54.28029107194
Suriname,SUR,2011,26,53.2084619048659,51.0541183386612,54.5858062800869
Malawi,MWI,2011,26,52.9371570261119,48.6549974460569,54.1575008677313
Turkey,TUR,2011,28,52.7898125022796,51.6011696962055,53.8883581076486
Zambia,ZMB,2011,28,52.5708042758376,50.3154242142129,53.5585530138154
Malaysia,MYS,2011,27,52.5018068507317,50.8149654967651,53.4714099194332
São Tomé and Príncipe,STP,2011,23,52.177882840929,48.5582489458958,53.7968939758406
Mali,MLI,2011,29,52.1497301236867,51.2763712713043,53.1352198701799
Albania,ALB,2011,28,51.5680968890145,50.3634946941514,52.5304652002062
Peru,PER,2011,28,51.4656287610114,50.52905391562,52.446232697439
Thailand,THA,2011,27,51.0532176413051,49.0814381864574,51.7327461306464
Mongolia,MNG,2011,29,51.0453280905318,50.1948181424594,52.0575889108726
Moldova,MDA,2011,28,50.9689972653949,50.148913057163,53.2130573318439
Mexico,MEX,2011,28,50.7930860542515,50.2695540216358,52.6365743047415
Burkina Faso,BFA,2011,28,50.7583117232109,50.0934593816549,53.4987342388674
Tanzania,TZA,2011,28,50.6944402875144,48.35036843655,51.459786841079
Jordan,JOR,2011,28,50.6044687654297,49.6034463718593,51.6991136282694
Bosnia and Herzegovina,BIH,2011,28,50.50146606291,47.5050387856344,51.0681956717636
India,IND,2011,28,49.6562950196794,48.2258131864512,50.7988855193237
Serbia,SRB,2011,27,49.6183107840566,49.4422715168794,52.5378362252295
Lesotho,LSO,2011,27,49.4829050326358,48.8766098161805,52.6393351530299
North Macedonia,MKD,2011,25,49.3248500012191,47.5835872804122,52.0178013303043
Indonesia,IDN,2011,27,49.1717206332608,47.4855185087889,50.1950598287814
Guyana,GUY,2011,27,48.8480549690641,47.9174215910437,50.9221550058272
Kenya,KEN,2011,29,47.4130238446336,46.5536981905733,48.3346034229254
El Salvador,SLV,2011,28,47.3707157761936,46.7581837417302,48.9939178651581
Papua New Guinea,PNG,2011,24,47.0717622147826,44.3772710818897,48.9853371502611
Mozambique,MOZ,2011,28,46.4555955496734,46.1012968643367,49.322862296216
Philippines,PHL,2011,27,46.3545463778136,45.930617621101,48.1424878866311
Morocco,MAR,2011,27,45.6917062694138,42.4534004790355,46.4493311230801
Paraguay,PRY,2011,27,45.4430110987122,45.0546856356576,48.8754532408155
Niger,NER,2011,27,45.3132397946799,44.1152985348043,47.8506880895288
Nepal,NPL,2011,28,45.3127518870083,43.1919499351171,46.2761796003072
Armenia,ARM,2011,26,43.9885235915365,42.3449109475387,45.5168345462579
Guatemala,GTM,2011,27,43.4130555951766,40.864510996635,44.4617051548093
Uganda,UGA,2011,29,43.099655347577,42.2267573670181,43.9839157969472
Palestinian Territories,PSE,2011,22,42.9335438316806,41.2245333406433,46.3871092426719
Tunisia,TUN,2011,28,42.7474212259654,41.8167460216661,43.9224018928626
Dominican Republic,DOM,2011,28,42.3639720696659,41.2405229894365,43.4292237304021
Bahrain,BHR,2011,26,41.6307757515878,38.3655540744513,41.8929238353574
Liberia,LBR,2011,26,40.7169720812982,39.9805864420533,44.2395041087867
Timor-Leste,TLS,2011,26,40.3402441832594,36.7510357654106,41.2545085724201
Lebanon,LBN,2011,27,40.1544690150834,37.2127248762455,40.6101832142286
Sierra Leone,SLE,2011,25,39.516498218709,37.148635471179,42.5721072824074
Sri Lanka,LKA,2011,26,39.2236352720285,36.9803915176253,42.5305137395924
Honduras,HND,2011,28,39.1636706858512,37.1898755749976,40.3054923039714
Nigeria,NGA,2011,26,38.8137334248037,34.3816854407402,39.2476990538765
Bolivia,BOL,2011,27,38.6312196359351,35.7996182785617,39.1263591401935
Côte d'Ivoire,CIV,2011,27,38.3898699238087,37.036821257021,40.9392412812757
Rwanda,RWA,2011,29,38.3121659920102,37.3352767951421,39.4400438821489
Egypt,EGY,2011,28,38.2376387078678,37.3234423324806,39.4961235444038
Fiji,FJI,2011,23,38.0856535399801,36.2819202185249,41.8754265045024
Gabon,GAB,2011,27,37.918861067476,36.3358888445528,39.0454522724233
Ukraine,UKR,2011,28,37.443770919423,36.2945261732165,38.5255522260125
Russia,RUS,2011,28,37.2307872150228,35.5590279546061,37.8277539174189
Saudi Arabia,SAU,2011,26,36.5403566711535,34.1505577867648,38.1195990090294
Ecuador,ECU,2011,28,35.368390800926,34.2217561737397,36.6107854164524
Mauritania,MRT,2011,27,34.8011549617482,32.7022231354118,36.4506062437201
Kyrgyzstan,KGZ,2011,28,34.1108892780951,31.1765834415692,34.557322119302
Togo,TGO,2011,27,34.0270337663277,32.7769760505503,35.277091482105
Kazakhstan,KAZ,2011,27,34.0146709468196,33.3742252963191,37.2000002620825
Gambia,GMB,2011,28,33.7148304644885,32.8420640583608,36.2506341202754
Belarus,BLR,2011,27,33.4853726118059,32.1937188706104,35.2754876307373
Eswatini,SWZ,2011,25,32.5342516252171,31.4087521310258,35.1150853709033
Madagascar,MDG,2011,28,32.1895956566222,31.2123797951565,34.1716572237479
Pakistan,PAK,2011,28,31.6720424458508,29.4427775801256,32.4555465650175
Nicaragua,NIC,2011,27,31.4535009151381,29.4806944572537,32.2051924497691
Guinea-Bissau,GNB,2011,26,31.4223726321687,28.3360722247222,32.4354607183621
Algeria,DZA,2011,27,31.1950931621248,30.3655461495481,33.9773132915569
Guinea,GIN,2011,27,30.5711191877569,27.1785795148293,31.0932581330908
Haiti,HTI,2011,26,30.2968920804495,29.3127618539439,33.3466965631193
Cuba,CUB,2011,24,29.9927452290386,26.4501869289996,31.947675955898
Djibouti,DJI,2011,25,29.6990957117718,28.7123587089968,32.8479419005843
China,CHN,2011,27,29.2345223373888,27.8000363682414,30.7044350836954
Vietnam,VNM,2011,28,28.9099040517906,27.9746415299242,30.6357355462642
Comoros,COM,2011,26,28.3824020276759,27.4946086425578,31.1850969663852
Ethiopia,ETH,2011,27,28.0969273144735,27.1337570504225,29.9213708051843
Bangladesh,BGD,2011,28,27.1874904195985,24.9973508686936,28.2389478278519
Cameroon,CMR,2011,28,26.6782133670073,24.7236018409122,28.3068451845267
Republic of Congo,COG,2011,27,25.7268072127121,23.7335429938764,26.8055257870214
Angola,AGO,2011,27,25.6449023952638,24.9486991316518,28.369708068531
Zimbabwe,ZWE,2011,28,25.512508768055,23.2407334447522,26.5718416547798
Azerbaijan,AZE,2011,28,25.2721378238126,23.8744381504939,26.6488565248048
Iraq,IRQ,2011,25,25.2560255054489,24.0133405134182,28.0636915678683
Tajikistan,TJK,2011,27,25.120134094017,22.875181409599,26.7995108523659
Laos,LAO,2011,25,25.0553611970884,23.1018460002902,26.9679149402221
Burundi,BDI,2011,26,24.8151477533855,21.3131666945203,25.5205427798351
Iran,IRN,2011,28,24.2607615094479,23.5419079245724,25.9549269039791
Cambodia,KHM,2011,28,24.2503509939554,22.4335995110864,24.8177046263506
Central African Republic,CAF,2011,26,23.6830141107972,21.7337245247396,25.744773465029
Libya,LBY,2011,24,21.4500099666769,19.6083310391191,24.3192778935
Yemen,YEM,2011,26,21.2212603609983,19.1709409042328,22.9604781100734
Chad,TCD,2011,27,20.0543922261169,18.791372143652,22.0170064910166
Venezuela,VEN,2011,28,19.142002150069,18.0456273337715,20.4938058913369
Syria,SYR,2011,26,17.6908532838448,16.372096051224,20.2495146324634
Uzbekistan,UZB,2011,27,16.4987833178319,15.4019910923785,18.612556854445
Afghanistan,AFG,2011,26,16.2487021463862,12.6357159516912,16.2861637027649
Democratic Republic of Congo,COD,2011,26,15.8906458663697,14.8235744486961,19.0606949342006
Myanmar,MMR,2011,22,13.5969735864598,11.3878736543155,17.5244980063649
Turkmenistan,TKM,2011,24,12.9522570033953,9.99763406026529,14.7225547837998
Sudan,SDN,2011,27,11.2576778116186,10.0959772002772,13.0020001063557
Equatorial Guinea,GNQ,2011,24,10.7201528046806,8.52299099819018,13.0417445985215
Somalia,SOM,2011,22,8.30894690734552,3.93168635826512,9.59356038543064
Eritrea,ERI,2011,26,3.19695745483905,1.93896146729208,6.39052813054655
Norway,NOR,2010,28,97.3583720315797,96.0597037932297,98.741112233633
Sweden,SWE,2010,27,96.7358242761432,95.2881124084734,97.9092087563999
Australia,AUS,2010,28,96.5828156627586,95.2896703693624,97.9702722227003
Denmark,DNK,2010,27,96.149993311583,94.9981588254701,97.7737750600065
Germany,DEU,2010,28,95.752652264405,94.613728989026,97.5311060119723
Finland,FIN,2010,28,95.5628220468625,94.368213868544,97.0054237157462
Switzerland,CHE,2010,24,95.322720535874,93.0598250354988,96.5675324380458
New Zealand,NZL,2010,27,94.9920710198902,93.6147088768693,96.5588459986948
Netherlands,NLD,2010,27,93.989755357404,92.4782328927319,95.6539646437601
Canada,CAN,2010,28,93.9239264429019,92.6470810060834,95.2017734691058
Iceland,ISL,2010,26,91.79820164075,90.5968044576034,93.3721383793127
Ireland,IRL,2010,27,91.691301937488,90.6559275371728,93.2014749382615
Austria,AUT,2010,27,91.6186299769498,90.4718240811717,93.3716187987318
United States of America,USA,2010,28,90.6267649395836,89.3659226769713,91.8305715485409
Japan,JPN,2010,27,90.176477384118,88.5322947436639,91.2502285403449
Belgium,BEL,2010,26,89.9408867052748,88.4876969720486,91.1254142290986
Luxembourg,LUX,2010,28,89.5671320951681,88.483931813305,91.2078431272177
United Kingdom,GBR,2010,27,87.8161282875131,86.0253780144773,89.1485248571067
Hong Kong,HKG,2010,26,87.2095506280679,84.437889769109,88.4365019267598
France,FRA,2010,27,87.1499188696613,85.9358924877354,88.5514414364626
Estonia,EST,2010,28,85.4168550281652,84.36006161129,86.7470115488746
Portugal,PRT,2010,27,83.7710615585794,82.8248703928462,85.169126121052
Spain,ESP,2010,25,83.4341515172728,82.5533475266046,85.503178203659
Barbados,BRB,2010,23,82.8267555134122,80.8418204514672,85.7852238542545
Poland,POL,2010,28,82.3041345078218,81.2871958097923,83.6160969558331
Cyprus,CYP,2010,26,81.1392684380591,79.2835447071185,82.392195702836
Chile,CHL,2010,28,80.29469764831,79.1427583614825,81.6118531546858
Singapore,SGP,2010,27,79.5908216713776,78.0099493474297,81.7973763502508
Uruguay,URY,2010,27,79.3876167408994,78.0016156291054,80.4677345357818
Slovenia,SVN,2010,27,78.5946621793846,77.3719239054123,79.7953312219522
Czech Republic,CZE,2010,27,76.9360074721386,75.9024564714974,78.1490193717462
South Korea,KOR,2010,27,75.6857443434686,74.6216840135152,77.8257247423623
Costa Rica,CRI,2010,27,75.5300715423914,74.1896968779295,76.630181488103
Taiwan,TWN,2010,23,75.3730070618423,73.4815541907768,77.6560121207467
Lithuania,LTU,2010,27,75.020362025272,73.1545058466869,75.9201198750702
Malta,MLT,2010,26,74.9753403967987,73.5713074760432,77.7771577002739
Hungary,HUN,2010,28,73.260755007073,72.3655243421007,74.6069523855639
Latvia,LVA,2010,27,72.2771212746013,71.3169771337727,73.622331292913
Botswana,BWA,2010,27,71.6241110482138,69.8656824350543,73.3571091918269
Slovakia,SVK,2010,27,71.5101933036873,70.3860837639855,72.7956626984719
Mauritius,MUS,2010,27,71.4783335104617,70.2300621642646,72.3919082253497
Israel,ISR,2010,27,71.3068319681488,70.6702441549536,73.2458695989582
Italy,ITA,2010,28,70.6251632164416,69.6640905015711,71.7476754127207
Bahamas,BHS,2010,13,70.4735754161591,69.8686974218923,75.0667285538327
Namibia,NAM,2010,28,70.42144254867,69.5586978558939,71.7904792457822
Cabo Verde,CPV,2010,26,68.6221034799558,67.4772650229611,72.1701125065994
South Africa,ZAF,2010,27,67.872327955119,66.8375367599356,68.9182239858503
Greece,GRC,2010,28,67.6772796617946,66.8423085625179,69.046733073486
Brazil,BRA,2010,28,67.3802637582274,65.8348779290138,68.2008880571686
Puerto Rico,PRI,2010,10,66.7294911097651,62.9065213768498,68.026386931886
Bhutan,BTN,2010,23,64.5173419481359,60.6211436199662,66.6939444237216
Croatia,HRV,2010,27,64.3896998837336,63.6691147790576,66.0049570132729
Seychelles,SYC,2010,26,63.3963627206312,61.6325766483859,65.025426561787
Belize,BLZ,2010,13,62.8053559239788,58.6615859526172,63.7975527840652
Ghana,GHA,2010,29,62.7679191103648,61.7916740868738,63.8721480693675
Jamaica,JAM,2010,26,61.3716599131388,59.4477364120657,62.5273339615552
Romania,ROU,2010,27,61.2846274146069,58.6754770530043,61.8909278648116
Kuwait,KWT,2010,27,61.0920238963808,59.4087988487001,62.7858843451552
Trinidad and Tobago,TTO,2010,26,60.86818362651,60.4131613292373,63.4859642712484
Brunei,BRN,2010,11,60.0184784024672,53.6205545658704,60.3305392404275
Montenegro,MNE,2010,27,59.6020075852088,58.3142973424168,61.1533431360788
Bulgaria,BGR,2010,27,57.0491347612543,55.8581947392716,58.6385810560425
Qatar,QAT,2010,27,56.4293591944268,54.8817792043284,57.7034938791728
United Arab Emirates,ARE,2010,27,56.0228623172207,55.3106944940241,58.903736601159
Turkey,TUR,2010,28,55.8363836031572,54.5911176093221,56.8425478565535
Panama,PAN,2010,28,54.7484280032877,53.8728437468537,55.8664351910834
Oman,OMN,2010,26,54.3760777662765,52.8530450099241,55.711315345348
Georgia,GEO,2010,28,54.0336077570536,52.0089030454419,55.1926126470302
Argentina,ARG,2010,28,53.6194555471112,52.5988136952681,54.805602603784
Colombia,COL,2010,28,53.5581321441686,52.5831489545546,54.7558375101417
Senegal,SEN,2010,29,53.5378832509107,52.6901101982173,54.6169888346083
Zambia,ZMB,2010,26,53.4842104181792,50.2694988023638,55.072645179123
Mali,MLI,2010,29,53.1532121556106,52.2536835187847,54.2187361374413
Suriname,SUR,2010,26,53.1134169310926,51.5092277299111,55.1021657217267
Benin,BEN,2010,29,53.0850333878392,52.1057136808096,54.1170890338582
North Macedonia,MKD,2010,25,52.9672957456899,48.7357040600078,53.2533363760605
Serbia,SRB,2010,27,52.8406834489982,49.9261897999484,53.3943945271207
Malawi,MWI,2010,26,52.7541488885613,48.5475460048953,54.2426925082481
Mexico,MEX,2010,28,51.7530887303797,50.7287250635156,52.9056494382731
Lesotho,LSO,2010,27,51.7334507683914,49.0450440803263,52.5688221433362
Burkina Faso,BFA,2010,28,51.6378543658243,49.5555700372424,53.0023982701029
Malaysia,MYS,2010,27,51.0561405036432,49.3919122451541,52.3283554139592
Mongolia,MNG,2010,29,50.9492009778789,50.064123495721,51.9937358121703
São Tomé and Príncipe,STP,2010,23,50.9489943147061,47.8664974468972,53.460301516735
Peru,PER,2010,28,50.7493415431384,49.6545508743345,51.7356663063292
Albania,ALB,2010,28,50.6918570524071,49.4348412138684,51.5995600090809
Tanzania,TZA,2010,28,50.6445011073912,48.0054453629176,51.6069265128415
Jordan,JOR,2010,28,50.4016543139128,49.4739347118913,51.5523028326945
Thailand,THA,2010,27,50.2622960905105,49.7749692298098,52.5619199927673
Bosnia and Herzegovina,BIH,2010,28,49.9281948663755,46.986063262861,50.2747582886669
India,IND,2010,28,49.6351267845303,48.4177941399882,50.789579281984
Mozambique,MOZ,2010,28,49.2722557711157,47.0452175918878,50.4281492390977
Moldova,MDA,2010,28,49.2698292412861,47.2525520874672,50.2492463683662
Guyana,GUY,2010,27,48.765348757637,46.5446405020996,49.5727007194029
Indonesia,IDN,2010,27,48.0494703165366,46.3044251349087,49.0406282116706
El Salvador,SLV,2010,28,47.4326099384252,46.2792737892741,48.5811810195379
Papua New Guinea,PNG,2010,24,46.6378367962762,43.7664364759386,49.0120485946218
Philippines,PHL,2010,27,45.9353617503135,44.2327728118186,46.6377978899736
Paraguay,PRY,2010,27,45.7035897169941,44.5999726608777,48.607249604626
Niger,NER,2010,27,45.5613701994602,42.4678049979424,46.4301877716196
Nepal,NPL,2010,28,45.2624073459318,43.0183746927088,46.3261711920342
Morocco,MAR,2010,27,44.9364082196317,41.4665683248102,45.0905741686939
Guatemala,GTM,2010,27,43.5928263331207,41.0876128180694,44.8205800525953
Armenia,ARM,2010,26,43.2854689479673,41.7559156918164,45.0738305067278
Dominican Republic,DOM,2010,28,43.0176192736571,41.8949679276903,44.0005574890123
Uganda,UGA,2010,29,42.7623844572697,41.8789866453541,43.7320629034469
Bahrain,BHR,2010,26,42.5436055903692,38.8248672412985,43.1322581275507
Liberia,LBR,2010,26,42.223084876184,40.0151563033113,44.3753097736208
Kenya,KEN,2010,29,41.9055351742249,40.9819205440187,42.8524239722448
Sri Lanka,LKA,2010,28,41.4545222113879,38.7892439035362,42.3585249490137
Tunisia,TUN,2010,28,41.0963156350981,40.0327962724167,42.1960547155564
Palestinian Territories,PSE,2010,22,41.0571641316701,38.6302733650882,44.1920786531869
Sierra Leone,SLE,2010,25,40.0851348034924,36.566560466114,41.8917293333073
Egypt,EGY,2010,28,39.6806941914127,38.2706981027435,40.6276601451998
Timor-Leste,TLS,2010,26,39.6646939975547,37.2309985481874,41.4184874564275
Lebanon,LBN,2010,26,39.4985412160763,37.387070194696,41.7607824340314
Ukraine,UKR,2010,28,38.6810437735062,38.0311247634112,40.3186913755082
Nigeria,NGA,2010,26,38.1344130179169,33.571502546369,39.0688585862151
Côte d'Ivoire,CIV,2010,27,38.1089340913714,36.6761275297293,40.4552869642394
Bolivia,BOL,2010,27,37.9453402962554,35.4598552280953,38.9325160199344
Honduras,HND,2010,28,37.8970667350655,36.6439367184843,40.05801461619
Gabon,GAB,2010,27,37.4128081405488,36.1709906395161,38.809411982663
Russia,RUS,2010,28,36.3433491350409,35.3850491465497,37.7155825583253
Fiji,FJI,2010,23,36.3303562497867,34.0515235365317,39.4902267136217
Kazakhstan,KAZ,2010,27,36.084802883515,32.973294705487,36.7117519749014
Saudi Arabia,SAU,2010,26,35.4350741501176,33.0116305034198,37.3483263488168
Ecuador,ECU,2010,28,35.2874682072868,34.2400870130793,36.5070170869522
Rwanda,RWA,2010,28,35.1260298908181,34.4570785996645,37.0679712022671
Eswatini,SWZ,2010,24,33.4896147419365,31.2149983016628,35.4466623009132
Haiti,HTI,2010,26,33.4352258481715,30.0478976883956,34.3575167966891
Madagascar,MDG,2010,28,33.2377200436337,32.3912261300285,34.6317996259497
Belarus,BLR,2010,27,33.0459882141725,32.0968036293393,35.3516608053118
Mauritania,MRT,2010,27,32.8412099798474,32.6644737916853,36.4085510467796
Gambia,GMB,2010,28,32.7402721209565,31.8507144366597,34.43151075323
Algeria,DZA,2010,27,32.4399483405041,29.9460461067915,33.5299996234225
Nicaragua,NIC,2010,27,31.2056063845077,30.6707838096302,33.4673173268504
Togo,TGO,2010,27,30.6447131766746,29.2290267930079,32.2174092455836
Djibouti,DJI,2010,25,30.4608794040041,28.6386641118477,32.8660127541744
Kyrgyzstan,KGZ,2010,28,29.9982367074846,29.2647023141611,32.5677010923663
Vietnam,VNM,2010,28,29.9747168737529,27.5375462772029,29.9757132146127
Pakistan,PAK,2010,28,29.9268140724453,27.8021131022946,30.9328268072907
Cuba,CUB,2010,24,29.5035763856961,26.3830121963031,31.6602445518943
Guinea-Bissau,GNB,2010,26,29.4795444205856,28.1004399854717,31.73491316258
Comoros,COM,2010,26,29.4165775199673,26.5201486639998,30.415600748259
China,CHN,2010,27,29.2436657185236,27.6630184924055,30.7590704941001
Bangladesh,BGD,2010,28,28.3491495530843,25.9269833434755,29.3043079051508
Ethiopia,ETH,2010,27,28.2844923868047,26.8296637054091,29.7127950635127
Azerbaijan,AZE,2010,28,25.9469008401706,24.9357820900311,27.923338273929
Iraq,IRQ,2010,25,25.6297647736322,23.3613833761948,27.2291627374939
Cameroon,CMR,2010,28,25.2733036325068,24.5322173319224,27.7579329094119
Iran,IRN,2010,27,25.2710939084274,24.126587062175,27.151130526704
Guinea,GIN,2010,27,25.1876271298443,23.6894784526443,27.331472200294
Angola,AGO,2010,26,24.8461727072231,24.0411508394062,27.5617416196274
Republic of Congo,COG,2010,27,24.5318819264525,23.8614441055786,26.754087892953
Burundi,BDI,2010,26,24.1449816176644,23.1401473982216,27.7048889006357
Tajikistan,TJK,2010,27,24.0836466746635,23.1280602712017,27.0666042304847
Laos,LAO,2010,25,23.9567389029769,22.1908597047082,26.2345401870748
Cambodia,KHM,2010,28,23.1132290250437,22.2304450031106,24.5233205185157
Yemen,YEM,2010,25,22.6012984684193,20.1507685538019,25.1588492098018
Zimbabwe,ZWE,2010,28,22.4852600120833,19.5879308754823,22.9837143385811
Central African Republic,CAF,2010,26,22.359252196903,21.2307439557625,24.8503817160499
Libya,LBY,2010,24,22.1431210898244,20.660021569271,25.1373332908816
Venezuela,VEN,2010,28,20.6274046783565,19.1245568324092,21.4782170966612
Chad,TCD,2010,27,20.5043262517037,18.3483051091628,21.6027074854305
Syria,SYR,2010,26,19.7372178275334,17.2838164291491,21.2749709631879
Democratic Republic of Congo,COD,2010,26,16.7954201507623,14.4470041441747,18.0597544262974
Uzbekistan,UZB,2010,27,15.8173341684461,14.4700132240444,17.6361811572618
Afghanistan,AFG,2010,26,15.6155933421527,12.1366607575244,15.9110620468029
Turkmenistan,TKM,2010,24,12.5377644483184,10.1165708952533,15.4689867281193
Sudan,SDN,2010,27,11.7992427789794,10.0764159535349,13.1727223084845
Equatorial Guinea,GNQ,2010,24,11.6824109225972,9.05618852123722,13.0073326851931
Myanmar,MMR,2010,22,10.7383677342041,6.87070906028441,12.3871917805062
Somalia,SOM,2010,22,6.31722234464992,3.22109694141634,8.68036604082242
Eritrea,ERI,2010,26,4.25402843581443,2.35383640472072,7.08016673367951
Norway,NOR,2009,28,97.3388925854714,96.1673041397268,98.9466569500473
Australia,AUS,2009,28,96.9527507861071,95.6417647782827,98.4319052717734
Denmark,DNK,2009,27,96.3358105989419,95.0618111929521,97.8549330894024
Sweden,SWE,2009,27,96.200494146496,95.0055020858238,98.0957832116093
Germany,DEU,2009,28,95.6883613464959,94.4703449488082,96.9740721097532
Finland,FIN,2009,28,95.5939099704943,94.2730883711291,97.1088788278004
New Zealand,NZL,2009,27,94.4176875208645,93.275694612649,96.2903560216953
Switzerland,CHE,2009,24,94.2384541297679,92.275346512888,96.3734441419355
Netherlands,NLD,2009,27,93.9512250891497,92.7584363902564,95.4373158653832
Canada,CAN,2009,28,93.6652898098066,92.3426918670554,94.9947396072058
Iceland,ISL,2009,26,92.7178009369839,91.3398725472347,94.3256276694169
Ireland,IRL,2009,27,92.0457699891476,91.0416868851034,93.7443885917914
Austria,AUT,2009,27,91.4499103647978,90.4215579503508,93.1386281667158
United States of America,USA,2009,28,91.2837157286867,90.0167930529579,92.5009227891376
Japan,JPN,2009,27,89.9616229067674,88.3125643111357,91.1716723660223
Belgium,BEL,2009,26,89.648079556137,87.9955401832702,90.8705128156341
Luxembourg,LUX,2009,28,89.4845939266879,88.2387946367934,90.876807271908
France,FRA,2009,27,87.3107702675183,85.8357653352899,88.5317542011334
United Kingdom,GBR,2009,27,87.0280133633896,86.1224264077304,89.0883826844441
Hong Kong,HKG,2009,26,85.908427293868,85.2495380359326,89.1180319500737
Estonia,EST,2009,28,84.8990108664673,83.7888110449321,86.1513055467574
Portugal,PRT,2009,27,83.9310891787869,82.9693873437828,85.197416483645
Barbados,BRB,2009,23,83.8726991985228,81.4524245485732,86.5052445010305
Spain,ESP,2009,25,83.8103620987632,82.801474581327,86.0006563592404
Poland,POL,2009,28,83.0746788416174,81.8765508713852,84.2142547734232
Cyprus,CYP,2009,24,82.236499051476,79.7068896177804,84.4940529680534
Singapore,SGP,2009,27,80.4712761625628,77.7988299876948,81.9217560118897
Chile,CHL,2009,28,79.9428373630138,78.6980819245524,81.174073083469
Uruguay,URY,2009,27,79.0126179263264,77.763916481057,80.1004188779118
Slovenia,SVN,2009,27,76.8585872684214,75.5664664708322,78.0874506401074
Czech Republic,CZE,2009,27,76.4505273901659,75.2097234002931,77.5331874422771
Taiwan,TWN,2009,23,76.0208300487274,73.8613043361067,78.3052155332653
South Korea,KOR,2009,27,76.0170842127878,74.1360087308377,77.336266041524
Malta,MLT,2009,26,75.5138472965735,73.8771191247287,77.9985115920476
Lithuania,LTU,2009,27,75.3176169008142,73.5576156219126,76.2895725306772
Costa Rica,CRI,2009,27,74.6000239797776,73.3750076446571,75.8777389121861
Hungary,HUN,2009,28,74.2369727925771,73.240772900491,75.400282746849
Bahamas,BHS,2009,13,74.2176284537176,71.633983833883,75.9490558815688
Botswana,BWA,2009,27,72.6431341403091,70.2992546661438,74.0164768964246
Mauritius,MUS,2009,27,71.8825489364429,70.6757890321205,73.0774297690578
Slovakia,SVK,2009,27,71.5564896805676,70.3034630794322,72.5708083222756
Namibia,NAM,2009,28,71.0929280225751,70.079525401519,72.2270388858403
Israel,ISR,2009,27,70.9559030634323,70.2089101758632,72.7773812201699
Latvia,LVA,2009,27,70.889649352772,69.082478019918,71.9922019442439
Italy,ITA,2009,28,70.7145642388949,69.7746672001483,71.8723633253475
Cabo Verde,CPV,2009,26,70.65739166596,67.5546205533256,71.8024827677799
South Africa,ZAF,2009,27,68.0795656185878,66.7816190502599,68.9767409385702
Greece,GRC,2009,28,67.7004762576317,66.709750960117,68.7916939653843
Brazil,BRA,2009,28,67.0812646686819,66.0563787584155,68.3636670253117
Puerto Rico,PRI,2009,10,66.8559064216642,63.9228046528033,68.2286978404715
Bhutan,BTN,2009,23,64.7924257995954,60.5764430857519,66.2988464948391
Croatia,HRV,2009,27,64.0073950262419,63.3789636727315,65.3984521030524
Ghana,GHA,2009,29,62.4471458915927,61.4699461744961,63.5216288543094
Trinidad and Tobago,TTO,2009,26,62.4191390689387,60.5610739419302,63.8720154944989
Jamaica,JAM,2009,26,61.276010218233,59.6110066893046,62.5157064351159
Seychelles,SYC,2009,26,61.0692020860029,60.5605414982259,64.2205189652366
Kuwait,KWT,2009,27,59.2926205726511,58.6450067730562,62.0285536383149
Bulgaria,BGR,2009,27,58.8437438322401,57.272213396428,59.788152077172
Romania,ROU,2009,27,58.7711730290691,58.5987405885327,61.7618476199636
Belize,BLZ,2009,13,58.2942305235982,55.738098404927,60.8503626422695
Montenegro,MNE,2009,27,57.3908332559119,56.8516164971371,60.4873305875626
Turkey,TUR,2009,28,57.0469558571738,55.8993866681556,58.242231263693
Brunei,BRN,2009,11,56.5595624321305,52.2758084350138,59.002935963277
United Arab Emirates,ARE,2009,27,56.4585657380336,54.5435340992225,58.1878655947506
Qatar,QAT,2009,27,54.8780663683467,54.0433341986157,57.0367301357953
Panama,PAN,2009,28,54.5075870873115,53.5539935685541,55.4988259524353
Georgia,GEO,2009,28,54.0688830167386,51.9554391385462,55.2329599841492
Argentina,ARG,2009,28,53.8959469085589,52.4790043860185,54.8499157055907
Mali,MLI,2009,29,53.8055196643496,52.9397707934121,54.7679124135195
Senegal,SEN,2009,29,53.6874515426883,52.7936736633876,54.7416312566384
Oman,OMN,2009,26,53.6298593932284,52.1409497792957,55.0215278122525
Colombia,COL,2009,28,53.1820225060364,52.9518245619251,55.2198179723229
Benin,BEN,2009,29,52.9756921476996,52.1191163980766,53.9355541399408
Zambia,ZMB,2009,26,52.826851877319,51.3276438596869,55.8593482178306
São Tomé and Príncipe,STP,2009,23,52.2405236700535,48.4613701310239,54.1874824698919
Serbia,SRB,2009,27,52.2114988593924,50.5243824074263,53.8963282267218
Mexico,MEX,2009,28,52.0319309311112,50.8412059545036,53.1118730027067
Suriname,SUR,2009,26,51.9563437738101,51.5742161808506,54.9155404673703
Malawi,MWI,2009,26,51.6657653873413,48.2081567049617,53.8320595635891
North Macedonia,MKD,2009,25,51.0913267967646,49.4565500338274,53.9504768133918
Burkina Faso,BFA,2009,28,50.9591735081577,50.3547288228872,53.5948430802657
Thailand,THA,2009,27,50.8864311393974,50.4429506696596,53.0578486622796
Malaysia,MYS,2009,27,50.8409474451443,48.9250274428344,52.0911410377017
Tanzania,TZA,2009,28,50.6500745568007,47.8678732738836,51.3864051632697
Bosnia and Herzegovina,BIH,2009,28,50.4303086891831,47.5141373796639,51.0500320048102
Jordan,JOR,2009,28,50.3777146961045,49.4604350179963,51.4663328292986
Mongolia,MNG,2009,29,50.3745968386435,49.4402592170164,51.4056475774322
Lesotho,LSO,2009,27,50.3000226517625,49.2658496478929,52.9024235660435
India,IND,2009,28,49.9284994372451,48.6459127131466,51.1301621606983
Mozambique,MOZ,2009,28,49.9115030115457,47.7409136928985,51.0991864872197
Peru,PER,2009,28,49.7143607056904,49.2935440505625,51.536270856953
Albania,ALB,2009,28,49.3261424870263,48.8835705746838,50.9029146389252
Moldova,MDA,2009,28,48.6146118817525,46.1702896395226,49.5894805558949
Papua New Guinea,PNG,2009,24,48.2916316773499,45.0520909771786,49.7459100990723
Indonesia,IDN,2009,27,48.1261586891466,46.2200666743944,49.1956033997914
Niger,NER,2009,27,47.2256571606766,44.3465843514152,48.3410312999733
Guyana,GUY,2009,27,47.201408958811,46.1962512464765,48.9202431959766
El Salvador,SLV,2009,28,47.1481711152374,46.7876894776142,48.8492481974853
Philippines,PHL,2009,27,45.7551933768078,44.3311400728962,46.727306574204
Nepal,NPL,2009,28,45.6388295577544,43.574895100272,46.276064056033
Paraguay,PRY,2009,27,45.050777491563,44.5470504939945,48.2394428637576
Guatemala,GTM,2009,27,44.2715906134611,41.1920062021614,44.9808109623932
Uganda,UGA,2009,29,43.7376304634273,42.8858440389349,44.644863790083
Armenia,ARM,2009,26,43.1933467649128,40.868325966016,43.9673890577446
Liberia,LBR,2009,25,42.8462866969445,39.9479574619032,44.2601628591765
Dominican Republic,DOM,2009,28,42.7975479805154,41.7918930526542,43.9734232455777
Kenya,KEN,2009,29,42.0694134405471,41.1817546212852,42.9780862615015
Morocco,MAR,2009,27,41.7563716037148,41.0378198251854,44.9002242524192
Bahrain,BHR,2009,26,41.089062911172,38.6157119898986,42.4755602482755
Lebanon,LBN,2009,26,41.0785196812613,38.1049284551174,42.2787831788495
Timor-Leste,TLS,2009,26,40.9966918093992,37.9597513537313,42.1050494151934
Honduras,HND,2009,28,40.5142109148158,38.7110636004936,41.5163952292264
Sierra Leone,SLE,2009,25,40.335402276871,36.5112669629276,41.9352829235266
Tunisia,TUN,2009,28,40.2879489599787,39.1340781039113,41.3692381744691
Egypt,EGY,2009,28,39.9017359788336,38.741497634752,41.0554388552129
Ukraine,UKR,2009,28,39.2376323425854,37.8308959528994,40.1244205630832
Bolivia,BOL,2009,27,39.0495990211662,36.5590017828551,39.7516979593296
Palestinian Territories,PSE,2009,22,38.642490441661,36.7473768898958,41.8087931536041
Nigeria,NGA,2009,26,38.2745776820737,34.1733897274021,39.1802553941096
Sri Lanka,LKA,2009,28,38.1068724376541,37.4511723275366,40.8960198151646
Madagascar,MDG,2009,28,37.4584694583185,36.5424324035566,38.9860649566043
Fiji,FJI,2009,23,37.2232088869076,34.3646010854212,40.073267632083
Gabon,GAB,2009,27,37.1192140066657,36.7058164411968,39.0497724791403
Russia,RUS,2009,28,37.0465526630497,36.0216457419554,38.3562207786753
Côte d'Ivoire,CIV,2009,27,37.0148708120484,35.8220134040753,39.7646582763922
Saudi Arabia,SAU,2009,26,36.139653250817,34.1132188362813,38.1389489535165
Rwanda,RWA,2009,28,35.4135183000131,34.0558435516245,36.9605223312884
Kazakhstan,KAZ,2009,27,35.026502467617,32.6850425924317,36.5039775899493
Eswatini,SWZ,2009,24,34.9907414063515,31.9147061657987,35.7514305882562
Ecuador,ECU,2009,28,34.5410143747966,33.7017048122343,36.1071458395347
Belarus,BLR,2009,27,34.4400911830337,32.1664588056292,35.3409487561502
Mauritania,MRT,2009,27,33.1533700794716,32.6184423737653,36.3038578640841
Nicaragua,NIC,2009,27,32.3323116024143,31.6698391013413,34.3780713702245
Kyrgyzstan,KGZ,2009,28,32.1936113734943,29.1601505468602,32.7294367251258
Haiti,HTI,2009,26,31.8188686298986,30.1887718110619,34.2666784001534
Gambia,GMB,2009,28,31.6971956769048,30.7532393503007,33.4555190772929
Algeria,DZA,2009,27,31.584844758978,30.6765155856072,34.0596375276969
Djibouti,DJI,2009,25,31.1871317758255,29.3143146099043,33.4401428477982
Togo,TGO,2009,27,30.8714461568612,28.9678770978781,31.9405896078425
Guinea-Bissau,GNB,2009,26,30.4234704552311,27.5504354592489,31.2348959420314
Vietnam,VNM,2009,28,30.2285801928872,27.7628145908826,30.5873594009522
Cuba,CUB,2009,24,29.8436595286619,26.400934340282,31.5676414902446
Bangladesh,BGD,2009,28,29.3427672108233,27.1861908352289,30.4176589042636
Comoros,COM,2009,26,29.2201483376741,27.6180445325243,31.5718244573244
China,CHN,2009,27,28.4552848368372,27.2215907339425,30.3478479816228
Burundi,BDI,2009,26,28.3239981312315,24.6882783883449,28.9602102417448
Ethiopia,ETH,2009,27,28.1697666101494,26.6541826997879,29.7056958451575
Pakistan,PAK,2009,28,27.9631199228369,25.1732066308817,28.5526095007037
Azerbaijan,AZE,2009,28,26.8413867097557,24.7758734930027,27.5365268042922
Iran,IRN,2009,27,26.0068124708653,25.3324089848119,28.1804828227742
Angola,AGO,2009,26,25.8163574757585,24.9564029446513,28.9032880624285
Cameroon,CMR,2009,28,25.6754579769046,24.8707298267962,28.2149880386106
Guinea,GIN,2009,27,25.4505805887081,23.9086365591572,27.4760007446697
Laos,LAO,2009,25,25.1948589323318,22.0943378373038,26.1232957163059
Republic of Congo,COG,2009,27,25.0093312133883,24.2082428467457,27.3951286025294
Iraq,IRQ,2009,25,24.9832545832801,23.1899514489586,27.1710241964562
Tajikistan,TJK,2009,27,24.7101450503166,23.6022416767151,27.4122079658048
Libya,LBY,2009,24,24.1067177164208,21.6316278637712,26.1578785994334
Yemen,YEM,2009,25,23.8050473219542,22.0718483220433,26.5268697398426
Cambodia,KHM,2009,28,22.5881750500896,21.7448730478245,24.303078731226
Central African Republic,CAF,2009,26,22.5664157109209,21.1298429886581,24.8273719172466
Venezuela,VEN,2009,28,21.5504597623796,20.2872768193542,22.5292829797715
Syria,SYR,2009,26,21.3944558084402,18.7497817791344,22.7232254068099
Chad,TCD,2009,27,19.1079270075932,17.8151656381315,20.8859282405263
Zimbabwe,ZWE,2009,28,17.8437239887646,17.1498461836091,20.6300500707508
Democratic Republic of Congo,COD,2009,26,16.8811681163816,14.3650648783702,18.1180264772357
Uzbekistan,UZB,2009,27,15.8349318439373,14.1218279512019,17.1895710088094
Afghanistan,AFG,2009,26,13.216320441448,12.3773695337065,16.0199182175638
Turkmenistan,TKM,2009,24,12.593763212754,11.0874140123553,16.0687862287309
Equatorial Guinea,GNQ,2009,24,12.4820585966761,10.5084128643604,14.9672716387707
Sudan,SDN,2009,27,11.7253535339627,10.4630055319457,13.6144954173195
Myanmar,MMR,2009,22,8.78502239440995,6.29402555802045,11.7585234672081
Somalia,SOM,2009,22,7.86076709258427,5.38880718730961,10.3327269978589
Eritrea,ERI,2009,26,3.62664820670213,2.20332199496169,6.78385350972113
