country,iso,year,n_obs_vars,cms_scaled,index_lower_scaled,index_upper_scaled
United States of America,USA,2025,12,78.9348299801145,70.9721755364066,80.1438410860598
Switzerland,CHE,2025,14,75.5525485258877,70.809698694783,76.7536057306375
Canada,CAN,2025,12,75.4406394092801,70.1502080781376,76.7649156472949
Australia,AUS,2025,11,72.9804225382643,65.1358477162164,73.92728816811
Japan,JPN,2025,13,72.6936522115063,70.8280896519696,76.0521269859373
China,CHN,2025,15,69.605149650693,66.4922715030361,72.3223417841228
New Zealand,NZL,2025,11,69.1617398351656,67.7996982316096,77.1390767467544
Hong Kong,HKG,2025,14,68.6617615652483,65.918750910206,70.4460700679986
Poland,POL,2025,13,68.2873364421052,62.0241782980776,71.5000882438495
United Kingdom,GBR,2025,12,67.7751066185201,65.4179362799566,73.8711129697522
Seychelles,SYC,2025,12,66.0392564487199,55.5597562910006,67.5913439496481
South Korea,KOR,2025,15,66.0274219517446,62.5746441086912,68.3827274859453
Luxembourg,LUX,2025,12,65.8424001185745,63.5874041218697,67.0448928786136
Germany,DEU,2025,13,65.206585182532,60.7725664267388,68.0903002061862
Qatar,QAT,2025,13,64.984740001233,61.5714753604851,69.0347122983737
United Arab Emirates,ARE,2025,12,62.9998868393579,60.1104498923714,65.8893237863443
Sweden,SWE,2025,13,62.30162354329,56.8923611816913,65.3874590413288
Taiwan,TWN,2025,8,62.0158892958548,53.4280342639049,66.1954185303041
France,FRA,2025,13,61.9730323689916,59.9004388244461,64.328936320684
Singapore,SGP,2025,10,61.9245981197984,56.7791798621632,67.5834141381631
Norway,NOR,2025,13,61.7305582937011,58.9529222812704,66.907612150009
Israel,ISR,2025,15,61.6574883960622,59.0260262865016,64.1127588110595
Malta,MLT,2025,13,61.5321024100568,56.5731181924125,62.5205596719294
Malaysia,MYS,2025,16,61.2024961801133,57.6059412228683,62.2614238851689
Denmark,DNK,2025,13,61.1664631470169,56.2750656077724,63.5030090874505
Thailand,THA,2025,17,60.4474310546967,59.1443973783727,61.7154237664423
Chile,CHL,2025,15,59.2051861058108,56.4908834894444,61.1972978711876
Belgium,BEL,2025,12,58.7218836660311,54.9929998867047,61.5303145692039
Kuwait,KWT,2025,13,58.4160182569162,55.2412578450428,61.5907786687896
Netherlands,NLD,2025,13,57.9000814521922,56.5776426175876,65.3852037527965
Finland,FIN,2025,13,57.8362568274509,54.825118494493,61.9905887010631
Austria,AUT,2025,14,57.8301755591698,56.477465551034,61.5665469968071
Iceland,ISL,2025,13,57.1582621589312,55.9408329970917,61.6143438673974
Puerto Rico,PRI,2025,6,56.2948698976652,52.3028725191281,63.3375382080863
Spain,ESP,2025,14,56.2457323389823,53.9465485776855,57.1349100598992
India,IND,2025,15,54.6393362779569,51.6013394393009,58.3100195808513
Slovakia,SVK,2025,12,53.5385401477421,50.5550167405778,54.7244082265709
Mauritius,MUS,2025,16,53.4556096838549,52.1486947695765,54.5645035717037
Ireland,IRL,2025,12,53.0358868595891,48.1072538357042,54.6521782210838
Czech Republic,CZE,2025,14,52.8854621859113,50.7501224965006,60.9698283887943
Uzbekistan,UZB,2025,8,52.4649722752899,48.1767991633599,55.7837210145936
Oman,OMN,2025,14,52.4093642989177,51.600509187372,55.1138880631265
Brunei,BRN,2025,7,52.3600062234406,46.230118654259,53.8140446401734
Turkey,TUR,2025,14,52.053401226182,49.0664146302464,57.2380032548846
Portugal,PRT,2025,13,52.0301012181246,50.765522538663,55.8024984583943
Bhutan,BTN,2025,9,51.7117395536474,46.5402415709289,55.6429652336117
Saudi Arabia,SAU,2025,13,51.654261013275,48.8377897004191,56.0731829142087
Vietnam,VNM,2025,16,51.5541976977402,50.1569350808131,53.7744367714367
Bulgaria,BGR,2025,14,51.4944108527106,48.7896564199636,52.8248612216476
Brazil,BRA,2025,16,51.2193189943307,49.0895829566474,52.8079453910956
Estonia,EST,2025,11,51.1197748365101,46.9476308345814,55.2919188384389
Jordan,JOR,2025,15,50.8991815142833,49.6142679078749,53.8603966049698
Guyana,GUY,2025,10,50.7650710034527,47.3275797142519,53.8144861713875
Bahamas,BHS,2025,5,50.3591383199308,41.582986065528,55.162137237011
Panama,PAN,2025,14,50.3100026318983,48.2770420223544,53.8953943384386
Italy,ITA,2025,13,49.7385023052876,46.8307026557551,51.9419921223355
Guatemala,GTM,2025,12,49.4546356053191,47.4152964043435,51.0719849378656
Armenia,ARM,2025,14,48.9339404992628,46.3845486330933,49.8056199547641
North Macedonia,MKD,2025,12,48.7974812326026,46.4074809268633,50.7649554710893
Eswatini,SWZ,2025,10,48.6223177878994,45.5532778034147,52.3090929968005
Indonesia,IDN,2025,17,47.9244817351504,46.7796491323574,48.8422852347518
Papua New Guinea,PNG,2025,6,47.9211140218406,40.4722909500989,49.0588954693716
Montenegro,MNE,2025,11,47.8653290805929,45.697310430004,50.85936009377
Botswana,BWA,2025,15,47.7759844303329,46.7190436734284,48.7642420221135
Philippines,PHL,2025,16,47.5738851869375,46.1974351265383,49.0359300943876
Nepal,NPL,2025,12,47.4943186906106,43.1321762580135,48.5854523021321
Bahrain,BHR,2025,14,47.3680249499828,46.819706689271,52.2832856342384
Mexico,MEX,2025,16,47.3565947527851,46.1845288849853,48.4392728720199
Latvia,LVA,2025,12,47.338428972301,46.3432369335303,53.2084376038526
Gabon,GAB,2025,6,46.9175636478771,43.8822425281155,49.9528847676388
Costa Rica,CRI,2025,15,46.5687923072851,45.3018156598062,47.5482188711018
Morocco,MAR,2025,15,46.5165748862825,44.1210829541319,47.5625793955742
Cyprus,CYP,2025,14,46.3756669145162,45.0466720119444,49.6131087966808
Fiji,FJI,2025,7,45.9368422167828,42.5976957494533,54.650378698604
Haiti,HTI,2025,7,45.6862597822676,43.0599187605635,51.3003865710554
Greece,GRC,2025,14,44.91358775072,42.3274640418695,46.2901692432198
Romania,ROU,2025,12,44.2708001281086,37.8279537760661,45.6977276520154
Tajikistan,TJK,2025,8,44.2573677247409,39.4790801221865,47.5164896095624
Namibia,NAM,2025,13,44.0407293281243,39.6217726377607,44.756609917257
Yemen,YEM,2025,5,44.0187557435101,37.40814308266,45.5944313456294
Croatia,HRV,2025,13,43.9150929330571,42.2245392690823,46.8825118917029
Angola,AGO,2025,14,43.9115660228765,41.7441585375757,46.0859881603237
Lithuania,LTU,2025,12,43.7667489724598,38.0326560760722,48.035745485182
Cabo Verde,CPV,2025,11,43.5015529963572,40.7685019519255,46.234604040789
Slovenia,SVN,2025,13,42.7992234611795,42.0980368225137,47.0652336419302
El Salvador,SLV,2025,13,42.7017887224077,40.1268778013406,44.0857759156301
Zimbabwe,ZWE,2025,12,42.2220750425568,33.6595837284661,46.9564068295946
Georgia,GEO,2025,12,42.0589225898099,38.9882946957196,46.0951123844114
Guinea-Bissau,GNB,2025,5,41.46540689903,39.4499182435214,46.5564837605699
Uruguay,URY,2025,16,40.4021807423987,39.3502556883806,41.9686656936946
Jamaica,JAM,2025,15,40.1158498958368,38.6795903377964,42.3232841336447
Albania,ALB,2025,13,39.5206355400012,37.7025986693016,41.3138900440703
Trinidad and Tobago,TTO,2025,12,39.3353671045225,34.818727536988,39.6364844375032
Tunisia,TUN,2025,16,38.9863769852565,37.5191363089704,40.2632127962729
Colombia,COL,2025,16,38.9367319877748,37.4731709940628,40.0231368346124
Nicaragua,NIC,2025,13,38.1201750187671,34.0342570991463,39.3747326974101
Republic of Congo,COG,2025,4,38.1093775723708,32.3788698559016,39.1455901599454
Sri Lanka,LKA,2025,12,37.6245128220872,29.8445599161111,39.6849870081368
Belize,BLZ,2025,10,36.6301914647291,32.259506551124,42.2660961782623
Djibouti,DJI,2025,4,36.4685086506202,34.0964670426159,42.2219371285847
Moldova,MDA,2025,11,36.1261151068158,28.8656927110169,36.1524480865652
Honduras,HND,2025,13,35.6380453561708,32.3245872584621,37.0368967428418
Kyrgyzstan,KGZ,2025,11,35.4562221138152,29.2241057235839,38.4500759005054
Algeria,DZA,2025,11,35.4286445045142,30.5324391324493,37.6385098679868
Gambia,GMB,2025,8,35.2811765227803,35.2129144062111,45.586038780776
South Africa,ZAF,2025,17,35.0023105027214,33.6447625442988,36.172401388763
Democratic Republic of Congo,COD,2025,6,34.6953174447143,30.722698476387,39.0235393846576
Bosnia and Herzegovina,BIH,2025,12,34.3838211792878,29.9873042565358,35.8136307552139
Ethiopia,ETH,2025,10,34.1466899043977,26.6186967857597,35.8150181843085
Laos,LAO,2025,9,34.142782812704,30.2324747200515,39.4041885230954
Azerbaijan,AZE,2025,13,34.0030611234074,27.903435915154,34.4438528819381
Ecuador,ECU,2025,13,33.3764787663308,28.8578335771406,35.5073404234858
Bolivia,BOL,2025,12,33.2058052087446,31.0855627936761,36.5706871917294
Niger,NER,2025,5,32.8660444250786,30.0500918443219,37.4083332776217
Comoros,COM,2025,5,32.8284481656558,26.8519977116363,37.9671425628161
Iraq,IRQ,2025,8,32.7397561238123,28.3992700976077,37.1661431788308
Kazakhstan,KAZ,2025,15,32.4341566544692,30.3261574713764,33.0092855254384
South Sudan,SSD,2025,4,32.2774950412469,27.7133853648758,36.3038615530546
Peru,PER,2025,15,31.5204434122065,28.6821405337889,33.4444314845918
Sierra Leone,SLE,2025,10,31.25279152259,27.1008897780768,35.7117360370941
Guinea,GIN,2025,9,31.0720031452847,29.1977243339216,39.068674676418
Madagascar,MDG,2025,11,30.9704319255547,27.4403894964656,35.2766135869113
Ukraine,UKR,2025,11,30.9143358017891,24.6791266513608,32.309693769346
Paraguay,PRY,2025,12,30.9105210050536,29.5795342215916,33.7856128176498
Lebanon,LBN,2025,9,30.9045257516198,27.2817197412271,37.3917836976062
Togo,TGO,2025,5,30.8868131744553,26.0960699806511,32.8902833544537
Benin,BEN,2025,10,30.8214013705986,29.4298601193241,36.9511990743778
Rwanda,RWA,2025,15,30.3346480502216,29.0031482763255,31.5235495867761
Suriname,SUR,2025,10,29.9459903993963,26.2791326625385,36.0907343473894
Timor-Leste,TLS,2025,7,29.6712770122385,22.0559137664403,33.864655523331
Serbia,SRB,2025,12,29.5677334953879,27.3564015929805,31.3770506414284
Hungary,HUN,2025,15,28.9701079286205,27.6995139818244,30.8468243807724
Kenya,KEN,2025,15,28.9600456434328,27.7149731637638,30.077897740937
Libya,LBY,2025,8,28.8534509585782,24.5576709565553,32.5111826198141
Egypt,EGY,2025,17,28.4878274748499,27.1425865245233,29.5777498976091
Ghana,GHA,2025,12,28.29725335359,25.5402460294565,32.0569291590761
Tanzania,TZA,2025,13,27.7919988344108,25.0161757187205,29.1618723433282
Pakistan,PAK,2025,16,26.5185936734723,23.9076424013328,27.3682360468813
São Tomé and Príncipe,STP,2025,4,26.302593146955,25.3042210519232,33.8237544414121
Cambodia,KHM,2025,12,26.003992504626,23.7411050584197,30.9672723332276
Dominican Republic,DOM,2025,13,25.9328219706175,23.2267214843319,27.6812532868776
Cameroon,CMR,2025,7,25.1383656227621,23.2048515586915,31.996051615285
Senegal,SEN,2025,12,24.9054269112517,18.5894127725593,25.5097494079032
Mongolia,MNG,2025,12,24.6179371782326,21.1867898133417,27.2484401998953
Burundi,BDI,2025,7,24.5909533185796,20.2279813090485,29.8655590184515
Bangladesh,BGD,2025,14,24.5793263503912,22.8934076196709,27.1714524221737
Malawi,MWI,2025,11,24.3860618889658,21.5493463399267,28.579804007407
Côte d'Ivoire,CIV,2025,12,24.1951241385026,21.4684219985281,26.8579143555671
Chad,TCD,2025,7,23.7040541568858,20.3817596125978,28.5311804767487
Argentina,ARG,2025,15,21.0431076486737,17.6293840739604,24.573612510957
Barbados,BRB,2025,10,20.6951495200077,15.5429680479232,22.0909813455151
Mozambique,MOZ,2025,11,20.6808578503229,16.3193864131159,23.1915639670773
Nigeria,NGA,2025,15,20.6378958498349,19.0237415679298,21.5230934401262
Liberia,LBR,2025,11,20.0548540932261,18.5720578199597,25.1366921537287
Mali,MLI,2025,10,19.1190641714742,15.0936980726745,21.6530477308983
Zambia,ZMB,2025,12,17.765723884133,16.2346272180457,22.3910937401794
Myanmar,MMR,2025,6,17.0325233052151,13.9360865987181,21.3306211944474
Uganda,UGA,2025,9,16.1081295874015,11.8797166568702,18.1842497156337
Burkina Faso,BFA,2025,10,14.3101429534057,11.2183926844075,19.6971567452654
Lesotho,LSO,2025,11,12.50457738066,7.17410948582544,16.770396989949
Mauritania,MRT,2025,6,9.01305593291892,3.21331024548585,11.2457196923761
United States of America,USA,2024,12,79.0322220343475,73.0288110554916,81.6404807605144
Switzerland,CHE,2024,14,76.4461539488387,72.816685384863,77.6521631047034
Canada,CAN,2024,12,75.2956650647212,71.7016685544368,77.9310478933712
Japan,JPN,2024,13,74.1383370540679,71.2925994838511,75.924588669539
New Zealand,NZL,2024,11,73.9658390491231,69.9022722448602,80.0948628667401
United Kingdom,GBR,2024,12,70.8750554311114,66.296496565456,75.2696006275726
Hong Kong,HKG,2024,14,70.042918776803,65.2677960772341,70.2585466817433
Australia,AUS,2024,11,68.6394430961782,66.9578126753039,75.5459302698319
China,CHN,2024,15,68.5275417682209,64.6693681211687,70.4314684313783
Luxembourg,LUX,2024,12,66.8532357861007,65.078209735973,68.2531350958307
Kuwait,KWT,2024,13,65.7914107546811,61.0635562101459,67.0060734005527
Germany,DEU,2024,13,65.2173928572853,61.7678853305713,69.353315589373
Seychelles,SYC,2024,12,64.5890516754137,55.0264859501984,68.5486354752982
Poland,POL,2024,13,64.5631808077075,63.0765172604959,66.5263004274296
Israel,ISR,2024,15,64.2043652282536,61.700265489002,66.5610837029307
South Korea,KOR,2024,15,64.1760449458722,62.3202883936282,66.0281718997504
United Arab Emirates,ARE,2024,12,64.0978149477904,59.2668255317391,64.9751932422446
Norway,NOR,2024,12,63.987228139624,58.8079772126363,66.8703038970175
Sweden,SWE,2024,13,63.9378151780447,58.9086338760583,67.682054697124
France,FRA,2024,13,63.5794419643834,61.9300917807033,66.7241375376344
Qatar,QAT,2024,13,61.8297006083061,59.0354310100668,66.2975484580914
Malaysia,MYS,2024,16,61.6154264468191,58.6817124894296,62.7245089655988
Netherlands,NLD,2024,13,61.5484903448869,57.1272018413136,65.2519835166595
Thailand,THA,2024,17,61.4929760508165,60.2335407889463,62.7199693925592
Singapore,SGP,2024,10,61.2506969177504,58.5827519302979,69.2193492472715
Denmark,DNK,2024,13,61.03132395344,56.8902851722508,64.2549595720178
Austria,AUT,2024,14,60.7538869005192,56.835725712124,61.7678469535095
Chile,CHL,2024,15,60.6822498103447,57.6458553409922,61.8222934160204
Malta,MLT,2024,13,60.6400814052417,57.49684020317,61.5946048185772
Belgium,BEL,2024,12,59.1347412303968,57.6614321059705,62.6554672246509
Finland,FIN,2024,13,58.5572178488145,56.7015636691988,63.6774357220152
Iceland,ISL,2024,13,57.9816322197138,57.1284744800559,63.2357226266986
Spain,ESP,2024,14,57.7500755734739,56.5091315474616,59.4940034700761
Bhutan,BTN,2024,9,56.7653411254777,51.3052960032683,62.2253862476871
India,IND,2024,15,56.5077945552265,52.374900890073,58.7226611441653
Portugal,PRT,2024,13,55.8169948969631,51.9182335433129,57.1649478857671
Puerto Rico,PRI,2024,6,55.4870753107381,52.5560319536972,63.2017995120994
Oman,OMN,2024,14,54.7755872431415,52.2089981078099,56.2695606306832
Saudi Arabia,SAU,2024,13,54.7177506817237,51.8310221731168,58.3073685786951
Ireland,IRL,2024,12,54.1993129111331,49.66541352201,55.6807568310282
Panama,PAN,2024,14,53.779024842165,50.0792419538282,56.2126495033013
Mauritius,MUS,2024,16,53.2556519040137,52.0230566681071,54.3189399433401
Uzbekistan,UZB,2024,8,53.2008375153196,48.792326690753,56.4609741305652
Slovakia,SVK,2024,12,53.043014028593,51.1702407199756,55.0436629286274
Brazil,BRA,2024,16,52.9522502429054,51.3920637463066,54.2922283274381
Taiwan,TWN,2024,8,52.7923303311126,46.543145941981,59.0415147202442
Estonia,EST,2024,11,51.9070959118514,48.3526023477905,55.4615894759122
Italy,ITA,2024,13,51.6995690794976,48.6285522063362,53.1260692276893
Jordan,JOR,2024,15,51.6275711522393,50.7203481492691,55.864829902717
Fiji,FJI,2024,7,51.594716163763,41.8422624161843,53.9390008365772
Latvia,LVA,2024,12,51.1979899669183,46.6475754052059,52.5043351100976
Turkey,TUR,2024,14,50.9708549233981,49.2246258193536,56.2303018432354
Bulgaria,BGR,2024,14,50.9620022315292,49.6932739165558,53.4422478980709
Eswatini,SWZ,2024,10,50.7867691919312,45.2672126492273,52.335110885759
Guyana,GUY,2024,10,50.0518532115339,46.4332705834549,54.1550115206675
Bahrain,BHR,2024,14,50.0044690464763,48.6489249455469,53.9507556748105
Cyprus,CYP,2024,14,49.5135105276984,45.7130203410604,50.235049932155
Vietnam,VNM,2024,15,49.5121169525249,44.9623922774107,51.1600745956424
Indonesia,IDN,2024,17,49.3685095198855,48.3089929184441,50.3590244636803
Croatia,HRV,2024,13,49.3524545308384,47.671533722604,51.0333753390728
Brunei,BRN,2024,7,49.352379395004,46.4350775603495,53.7743846866003
North Macedonia,MKD,2024,12,49.0871944509229,46.0410014600962,50.5857752889249
Botswana,BWA,2024,15,49.0475780056399,47.988325339039,50.0802630892275
Czech Republic,CZE,2024,14,48.9849326883105,44.7064232131989,53.2634421634222
Armenia,ARM,2024,14,48.6268263830188,46.3715219065071,49.8974412983755
Philippines,PHL,2024,16,48.5234396760961,46.9067179541462,49.812519977009
Montenegro,MNE,2024,11,48.1102848956453,45.4867502068394,50.3179321021811
Morocco,MAR,2024,15,47.8956801132986,45.7385927163517,48.3747292034924
Mexico,MEX,2024,16,47.7077521701045,46.5434103567484,48.6307289585145
Guatemala,GTM,2024,12,47.5984902095806,45.7954573469167,49.4015230722446
Cabo Verde,CPV,2024,11,47.4191705848161,42.5544120823543,48.7887868893522
Nepal,NPL,2024,11,47.2945253603116,37.6379403915159,48.2134356153014
Costa Rica,CRI,2024,15,46.769686464725,45.4905252669833,47.6469492449333
Slovenia,SVN,2024,13,46.7656245945201,44.2795369633646,48.5129962120056
Bahamas,BHS,2024,5,46.3497143413298,41.2216134682694,56.0748225429032
Haiti,HTI,2024,7,46.2597071610571,42.7010962753734,50.7001451189122
Angola,AGO,2024,14,45.6619318195365,43.1509551249679,47.4690216454706
Papua New Guinea,PNG,2024,6,45.2635102426538,40.0156726679355,48.7870896795267
Greece,GRC,2024,14,45.2625914425553,43.3685606575588,46.5353606135118
Gabon,GAB,2024,5,44.4810760251528,40.8795160213538,48.1498297633053
Namibia,NAM,2024,13,43.3348942075323,37.4568731230602,43.6588644342601
Guinea-Bissau,GNB,2024,5,43.1341184049409,39.5691009896785,47.466253873929
Romania,ROU,2024,12,41.8652291167276,39.057069413717,45.7624210065783
Djibouti,DJI,2024,4,41.597852583373,33.2918405688687,42.6189756890145
Uruguay,URY,2024,16,41.5038612818822,40.3093954826214,42.987905401371
Yemen,YEM,2024,5,41.3947965134113,37.3456389593161,45.2653977857428
Georgia,GEO,2024,12,41.3042365907505,38.6357798042973,44.0111729488045
Tajikistan,TJK,2024,8,41.2455270005435,38.7473088008603,46.0113737652817
Tunisia,TUN,2024,16,40.9922975841316,39.2381202881761,41.607235767557
El Salvador,SLV,2024,13,40.8303416162349,39.0391901731321,43.2670649959534
Colombia,COL,2024,16,40.7157294520437,38.778501053958,41.5589063552794
Jamaica,JAM,2024,15,40.0414130303017,38.8533149125706,42.4247793617852
Albania,ALB,2024,13,38.4846603407011,36.3420271197177,40.6559399252141
Trinidad and Tobago,TTO,2024,12,38.1523343374931,35.4816640589765,39.7027822884469
Nicaragua,NIC,2024,13,37.534064289211,34.7501474673191,40.0013937335769
Lithuania,LTU,2024,12,37.0703497575645,35.5700375475215,42.9745783188398
Republic of Congo,COG,2024,4,36.8434469042051,31.8473318465428,38.9208434264945
Algeria,DZA,2024,11,36.6219821155006,31.4441752346466,39.0377432872848
Zimbabwe,ZWE,2024,12,36.4728056305732,33.9250900639748,45.9021759264282
South Africa,ZAF,2024,17,36.3654087634552,35.1576136204712,37.4002184316927
Belize,BLZ,2024,10,36.2634753260219,30.9843896730144,40.7906508498996
Gambia,GMB,2024,8,36.2334539795657,34.9876434191979,45.6202062014045
Lebanon,LBN,2024,9,36.2147620284758,26.9229208668454,37.5948614637957
Bolivia,BOL,2024,12,35.9465689763372,33.8481956051602,39.0141523883546
Bosnia and Herzegovina,BIH,2024,12,34.9194297538197,29.3464921871676,35.0925336417092
Honduras,HND,2024,13,34.746185840611,31.4869285583672,36.6201240208601
Kyrgyzstan,KGZ,2024,11,34.690017077719,30.0614906572683,37.630284090926
Ecuador,ECU,2024,13,34.6891877573093,30.2789142748658,36.8299255394732
Sri Lanka,LKA,2024,12,34.4284995375589,29.7768344707524,38.8831766804504
Kazakhstan,KAZ,2024,15,33.24872825612,31.2690577960829,34.044328281534
Peru,PER,2024,15,33.0850724859716,29.6849723713023,33.9279338210121
Laos,LAO,2024,9,32.9564704915987,31.8575795403989,40.7081966652097
Iraq,IRQ,2024,7,32.7063144496828,26.8403978597806,36.0745015989026
Democratic Republic of Congo,COD,2024,6,32.5092016689855,30.4830569972409,38.8570968715419
Rwanda,RWA,2024,15,31.4717353206059,30.3297123083489,32.6358030716585
Paraguay,PRY,2024,12,31.142213461073,29.6912732643323,33.4579130719711
Benin,BEN,2024,10,30.5451440500079,28.1461605926424,34.6614853532991
Egypt,EGY,2024,17,30.4458537492378,29.1831194901405,31.5186268211186
Kenya,KEN,2024,15,30.3459958781173,29.0789550026251,31.3701730109467
Niger,NER,2024,5,30.3119692940895,30.1782833354679,38.564701149238
Azerbaijan,AZE,2024,13,30.2803115004444,26.4001712648166,34.0188516134072
Guinea,GIN,2024,9,30.2676566499339,28.8092493405761,37.742910684838
Ukraine,UKR,2024,11,30.2669894261153,25.9228040620104,33.8192555254586
Serbia,SRB,2024,12,30.2633782267276,28.2991748784596,32.1697395515794
Suriname,SUR,2024,10,30.1419098506869,24.2950143276966,34.9044049819608
South Sudan,SSD,2024,4,30.0260369127498,28.7609902670039,37.3581373051017
São Tomé and Príncipe,STP,2024,4,29.9109970555086,25.4783848482219,33.6418540816264
Sierra Leone,SLE,2024,10,29.8724653625424,27.2690914011519,35.0131807745849
Moldova,MDA,2024,11,29.5590039986944,27.5908488669968,35.4450001569772
Hungary,HUN,2024,15,29.1716270135354,28.4513570802551,31.1320808837659
Ghana,GHA,2024,12,28.9963579763242,26.3063762067227,32.8423973535974
Senegal,SEN,2024,12,28.8793084050641,23.4709595217119,28.9257172809336
Ethiopia,ETH,2024,10,28.6102981984771,26.6493159447166,34.0881715819866
Tanzania,TZA,2024,13,28.5156849365546,24.5991022521608,29.1116079590849
Cameroon,CMR,2024,7,28.3419232161046,24.0330608439652,32.7101817325149
Pakistan,PAK,2024,16,27.5446937669901,25.5237539854436,28.6773992169091
Togo,TGO,2024,5,27.146395310939,25.1252561107195,33.11935220932
Dominican Republic,DOM,2024,13,27.051735440285,23.907810439018,28.4509859520376
Comoros,COM,2024,5,26.9027163201291,21.5540782514494,32.2513543888089
Libya,LBY,2024,8,26.8151983874965,24.6026618708401,32.4423769672421
Madagascar,MDG,2024,11,26.7701298412696,25.8670258945189,34.2749088324473
Malawi,MWI,2024,11,26.2875377472917,22.6728136120879,28.8918434124967
Bangladesh,BGD,2024,14,26.1600060570829,24.0601931310795,27.7336991498909
Timor-Leste,TLS,2024,7,25.0508606070614,21.3613759752191,32.6993596253139
Côte d'Ivoire,CIV,2024,12,24.6835236577534,21.5613125763556,26.5518013281297
Chad,TCD,2024,7,24.671156250036,20.7431186779535,29.1481815005078
Cambodia,KHM,2024,12,23.9381312758379,21.2151083711383,28.8890672989114
Burundi,BDI,2024,7,23.2474335848804,19.725434148239,30.3524105408308
Mongolia,MNG,2024,12,22.5951421165581,20.6385679519012,26.5602652127474
Argentina,ARG,2024,15,22.2433520030066,19.3518908407376,24.4778275865542
Nigeria,NGA,2024,15,22.0376218799594,20.770925688113,23.1525345967481
Liberia,LBR,2024,11,20.5443635629641,17.7777339562445,24.1885590135698
Mali,MLI,2024,10,19.7579226725411,15.4556255228903,22.4529000264776
Mozambique,MOZ,2024,11,19.5279379393743,17.4470012953224,24.0433753914056
Zambia,ZMB,2024,12,19.319632372853,14.8891512812781,20.413019756382
Barbados,BRB,2024,10,18.9299284819297,15.3840931977492,21.6882266735662
Myanmar,MMR,2024,6,17.4256493091755,13.7766831480723,21.4254646035561
Burkina Faso,BFA,2024,10,15.0587232259266,10.4889392186849,19.5545589409566
Uganda,UGA,2024,9,13.3807549974716,10.0581654102284,16.3097591592943
Lesotho,LSO,2024,11,10.7500829115014,7.15365521966939,17.3882707360334
Mauritania,MRT,2024,6,4.67728233894575,3.19373531845497,11.5237226994884
United States of America,USA,2023,12,76.5380263044453,70.4888927632204,78.7628394386233
New Zealand,NZL,2023,11,75.8699104350614,70.6837891193938,79.4846515542728
Australia,AUS,2023,11,74.171639999605,67.1724795865295,75.6647034262204
Canada,CAN,2023,12,73.2080286893033,69.8468499984113,75.3722417016613
Switzerland,CHE,2023,14,72.8520938667271,69.8802192897226,74.8821244506304
Japan,JPN,2023,13,71.1475415232079,69.83176082886919,74.5666644755906
Hong Kong,HKG,2023,14,70.2895688172591,68.0117852432457,72.5673523912725
United Kingdom,GBR,2023,12,66.7011794381993,64.7175395397163,71.5651441061383
Luxembourg,LUX,2023,12,66.6672503477623,64.7792342374165,67.5889718350785
Kuwait,KWT,2023,13,66.2967759346783,61.9649154793373,67.5507196268836
Israel,ISR,2023,15,65.6757488016535,62.4038142994302,66.9769369920812
Sweden,SWE,2023,13,65.1756650177686,59.0573723354603,67.7652091279847
China,CHN,2023,15,65.1392141694432,62.9625064396984,67.6378936504121
Qatar,QAT,2023,13,64.5641854038857,57.8336358852378,65.0993040959025
United Arab Emirates,ARE,2023,12,64.3241286969726,60.345154142649,65.3625017777161
France,FRA,2023,13,64.2319733507501,61.783537735887,65.970827723406
Poland,POL,2023,13,63.7101379359895,62.1217710593231,66.4528157506899
Singapore,SGP,2023,10,63.2388049144845,59.234099075313,69.8364622978647
South Korea,KOR,2023,15,63.1300290623628,60.5808522247089,65.0405757912303
Germany,DEU,2023,13,62.7068030075514,60.0635610508229,65.92825857574
Seychelles,SYC,2023,12,62.3480533265539,55.5499276701274,69.3573924325248
Iceland,ISL,2023,13,61.8661372532321,59.3545412528813,64.3777332535829
Thailand,THA,2023,17,61.7992661036636,60.4429711670284,63.1840312499633
Finland,FIN,2023,13,61.6848221492597,57.050785065045,63.7025968231878
Netherlands,NLD,2023,13,61.2722871911284,56.7057654428724,63.590853857541
Malaysia,MYS,2023,16,60.8673731433701,59.2428318769195,61.8764316659222
Austria,AUT,2023,14,60.7376981984547,57.3043232240771,61.9214514388202
Chile,CHL,2023,15,59.9048367464602,57.6286880911818,61.2624588988748
Malta,MLT,2023,13,59.8046400265189,57.2751088886752,60.8742808778586
Denmark,DNK,2023,13,59.7309290134875,55.5945352863015,61.3688284233246
Belgium,BEL,2023,12,59.509237015114,58.2231714482459,61.9777221188326
Norway,NOR,2023,12,59.2154649622285,57.3094626277947,65.393216194039
Taiwan,TWN,2023,8,57.3250731019778,54.5398902950984,65.9125136879491
Estonia,EST,2023,11,56.8151000449059,51.1391724585795,58.943130992579
Spain,ESP,2023,14,56.7422332477052,56.4747741289146,59.6084586283143
Saudi Arabia,SAU,2023,13,56.5701374189541,53.059738161468,60.9093584884251
Puerto Rico,PRI,2023,6,56.0235621080766,52.1533516410035,63.2051756533006
India,IND,2023,15,55.2149746825906,50.3692551215117,58.0438303304093
Bhutan,BTN,2023,9,53.8374221135291,44.9201328427754,55.49334354463
Panama,PAN,2023,14,53.7259172662463,50.927196185898,56.7474827664967
Portugal,PRT,2023,13,53.5646121709493,51.355647774095,57.4062068433546
Mauritius,MUS,2023,16,53.358846030214,51.6953414410512,54.0424648707436
Jordan,JOR,2023,15,53.203931410122,49.2911141451584,53.8679849840882
Czech Republic,CZE,2023,14,52.8943384588999,50.0234039269362,58.4027465036459
Oman,OMN,2023,14,52.8625695896498,50.2935205224411,54.294967417514
Ireland,IRL,2023,12,52.7318805378994,50.6258875562645,56.3197351350063
Brazil,BRA,2023,16,52.1288492002034,50.462408571301,53.7439781491562
Slovakia,SVK,2023,12,51.5013321489499,50.0375614815055,54.3938999455295
Latvia,LVA,2023,12,50.749531760719,46.7831953545079,53.1368436463435
Bahrain,BHR,2023,14,50.643275061786,48.5490293145112,53.3827457571884
Bulgaria,BGR,2023,14,49.9914433622318,49.1860596404087,52.7652902394072
Guatemala,GTM,2023,12,49.9890530372574,47.9060648859486,51.6761044580582
Uzbekistan,UZB,2023,8,49.4894981336793,46.0540446905076,54.129315849063
Indonesia,IDN,2023,17,49.1580064568349,48.1621382052722,50.2505817168819
Cyprus,CYP,2023,14,49.0414717264446,46.1308371257814,49.7326024672884
Italy,ITA,2023,13,49.038514884466,47.4828904470183,52.6880888051065
Eswatini,SWZ,2023,10,49.0325954784804,44.7215071766034,51.8773087850319
Botswana,BWA,2023,14,49.0165965636032,47.6854030293856,49.825759128749
Turkey,TUR,2023,14,48.7473341224713,45.2050827979944,52.2895854469481
Brunei,BRN,2023,7,48.6465021940541,45.619435226115,53.2626874261408
Guyana,GUY,2023,10,48.5020944331824,45.9876376657785,52.9178816692255
Armenia,ARM,2023,14,47.9742425321957,45.3799532962672,48.9913813537188
Montenegro,MNE,2023,11,47.6817515546318,44.9049542055523,50.4355016464755
Slovenia,SVN,2023,13,47.5974459913394,43.7491845261175,48.2750907106777
North Macedonia,MKD,2023,12,47.5934726813171,45.2053476489455,49.4861981919265
Mexico,MEX,2023,16,47.2973496449162,45.9842436471216,48.2853189618119
Philippines,PHL,2023,16,46.7231927384533,45.6607993662161,48.2596810198365
Fiji,FJI,2023,7,46.4681527799503,41.9606214150821,52.4535448760844
Morocco,MAR,2023,15,46.3265690910532,45.4219179817439,48.1550300847514
Costa Rica,CRI,2023,15,45.6469880432768,44.2370923359911,46.5213059283861
Vietnam,VNM,2023,15,45.2456755200507,41.1732954359872,46.4729938286024
Croatia,HRV,2023,13,45.1057373695268,42.6859916779067,46.5990928303975
Greece,GRC,2023,14,44.7783511334078,42.6028166836609,45.5471547785683
Cabo Verde,CPV,2023,11,44.750435833825,42.2986526734108,48.4215089443256
Angola,AGO,2023,13,44.6051396840161,42.6259804862496,46.8652744894883
Gabon,GAB,2023,5,44.549839130409,40.9802413426497,48.3220256184871
Bahamas,BHS,2023,5,44.425344064815,40.7974216638887,56.0821527682866
Guinea-Bissau,GNB,2023,5,44.4107995890161,39.7131075045468,47.0670543095522
Namibia,NAM,2023,13,44.0692022813903,39.8658946044692,44.7730666618739
Zimbabwe,ZWE,2023,12,43.7635019795555,33.7529528336688,46.1126436108216
Haiti,HTI,2023,7,43.703021514704,42.1876460404201,49.6645827975715
Romania,ROU,2023,12,43.4871484519019,37.7810653698514,45.2496578287427
Yemen,YEM,2023,5,42.9351895990836,38.0463949687822,46.0377240731083
Nepal,NPL,2023,11,42.7205886142384,37.8306922766134,47.59107359518
Papua New Guinea,PNG,2023,6,42.5985692834638,39.5344282277349,48.15123928105
Tajikistan,TJK,2023,8,41.1760822932609,38.8034684398331,46.6510964381706
Uruguay,URY,2023,16,41.1074539858443,40.1331665041403,42.5571524362216
Jamaica,JAM,2023,15,40.4390950191629,36.8155150796494,40.7554181526062
Colombia,COL,2023,16,40.2789264630394,38.9038989594312,41.2787559752756
Tunisia,TUN,2023,16,40.0116185051439,38.0986142194541,40.9623940610009
Georgia,GEO,2023,12,39.5511134401415,37.5676381727343,43.7732447742828
Gambia,GMB,2023,8,39.5285897116494,35.6993971311508,45.2532131513242
Sri Lanka,LKA,2023,12,39.3338385169915,30.5627507312045,39.8321545825071
Albania,ALB,2023,13,38.467706587191,35.5070757190221,40.2930386201303
Bolivia,BOL,2023,12,38.2251637942351,35.9572712646,40.8155515959502
Algeria,DZA,2023,11,37.8286288232495,32.4083426576964,39.2870147872477
El Salvador,SLV,2023,13,37.4715202704278,36.0039501171055,40.0930536837004
Republic of Congo,COG,2023,4,37.1967134862641,31.9080112830279,38.6774408949934
Nicaragua,NIC,2023,12,36.8976820223733,33.5207390518664,39.4386719094999
Trinidad and Tobago,TTO,2023,12,36.6379281785125,34.6006904823826,39.310587717875
Comoros,COM,2023,5,35.8384304246062,25.8841229160804,37.4104827744353
Lithuania,LTU,2023,12,35.6225025200081,35.4070350816728,40.8988365183091
Democratic Republic of Congo,COD,2023,6,35.5753358129487,29.6779589476926,38.3996037628163
Djibouti,DJI,2023,4,35.423917029043,32.6999977479194,41.5313705715893
Ecuador,ECU,2023,13,34.8593737550055,31.8066565522933,38.4103015958148
Laos,LAO,2023,9,34.8505871224128,30.4519535202575,39.2048542323171
South Africa,ZAF,2023,17,34.8189971468337,33.6062056167769,35.8460564347762
Lebanon,LBN,2023,9,33.6391442905155,27.948182676245,39.1555050305126
Belize,BLZ,2023,10,33.5987142823073,30.4159072763756,40.7245589428614
Niger,NER,2023,5,33.2090398055955,31.1911124685281,38.9300673451997
Honduras,HND,2023,13,33.0244231989643,31.1434848197607,35.5392852378252
Bosnia and Herzegovina,BIH,2023,12,32.7672335696201,29.6459278543169,35.0458003855174
Kazakhstan,KAZ,2023,15,32.2979538822156,30.6751016718571,33.2709476705581
Moldova,MDA,2023,11,32.1939436578254,27.7509854942282,34.6172333600759
Peru,PER,2023,15,31.7595711951119,28.8060109835941,33.4416518481299
Paraguay,PRY,2023,12,31.1388417304706,29.4062954311027,33.2218461315526
South Sudan,SSD,2023,4,30.6238421828145,28.5623597326768,36.4553589252716
Hungary,HUN,2023,15,30.5115762031679,29.2688321102327,31.9255353092602
Serbia,SRB,2023,12,30.5018743797672,28.1525225080093,31.575909855085
Kyrgyzstan,KGZ,2023,10,30.4584525228508,28.6474861268928,37.0079413898662
Ukraine,UKR,2023,11,30.3625732680925,24.9230413693735,32.823667202048
Pakistan,PAK,2023,16,30.2743154024588,28.1371232051999,31.1677808839437
Sierra Leone,SLE,2023,10,30.2353278699706,27.0078845201639,34.8788071754052
Egypt,EGY,2023,17,29.9908077385144,28.7578475667199,31.1046144648961
São Tomé and Príncipe,STP,2023,4,29.8107690534227,25.8063646498164,34.156356963191
Rwanda,RWA,2023,14,29.6420031403427,29.0325175669287,31.8341791914096
Guinea,GIN,2023,9,29.5419384957592,27.355587216842,37.2346633010673
Ghana,GHA,2023,12,29.4967496203207,26.0557521409721,32.7034603260776
Iraq,IRQ,2023,7,29.3828901412365,25.333022341607,36.1807531262546
Benin,BEN,2023,10,29.2888153312729,25.2934527064851,31.5007355705316
Azerbaijan,AZE,2023,13,29.260868914202,26.9055658599026,33.6118974328136
Kenya,KEN,2023,15,29.1680228391504,27.7396564544864,30.177107830754
Ethiopia,ETH,2023,10,28.5913882400507,24.1866357768823,33.4701726531255
Chad,TCD,2023,7,28.5300180962084,24.4949608995038,32.5650752929131
Madagascar,MDG,2023,11,28.2335514011713,25.1895261681455,33.6008602953683
Togo,TGO,2023,5,27.7013637708999,24.7606134145232,32.4689419092223
Suriname,SUR,2023,10,27.4983031259644,24.2627534326604,34.1757063652172
Cameroon,CMR,2023,7,27.4171776406722,24.2149134553264,32.9517979122322
Bangladesh,BGD,2023,14,27.2380499034102,24.3273764744916,27.8865033962826
Dominican Republic,DOM,2023,13,26.4086346412796,23.5560282824776,28.0689190094761
Malawi,MWI,2023,11,26.2719353598737,21.9330780379651,28.0762744495349
Tanzania,TZA,2023,12,26.2047943438014,22.8001756373837,27.7891523766912
Cambodia,KHM,2023,11,26.0573522174458,20.3474387029954,27.9945597188673
Timor-Leste,TLS,2023,7,25.9945872228838,20.7431839158271,31.8102004751184
Senegal,SEN,2023,11,25.3890980165429,22.1421672383204,28.9455464571673
Libya,LBY,2023,7,24.9393916232316,23.7147576375163,31.011357304566
Mongolia,MNG,2023,12,24.6148752698621,20.39648639957,25.9895290458745
Burundi,BDI,2023,7,22.862612156368,19.7498617076074,29.6522336919382
Côte d'Ivoire,CIV,2023,12,21.8666442306942,20.5048226012066,25.5705713452248
Nigeria,NGA,2023,15,21.7481803669708,20.4203197800804,22.8009238650675
Liberia,LBR,2023,11,21.452953856874,18.0208074073342,24.0548912587002
Argentina,ARG,2023,15,21.4127766228222,19.0817660526183,24.691195726781
Barbados,BRB,2023,10,19.5998738135484,14.7484822329077,20.5409065577728
Zambia,ZMB,2023,12,19.5610937093218,14.5391906270357,20.5469967125143
Mali,MLI,2023,10,17.9007515981174,13.8810191289266,20.5251299269342
Mozambique,MOZ,2023,11,17.5948963486582,17.27180788758,23.9310622690179
Myanmar,MMR,2023,6,17.4990814497294,12.8192081224003,20.6854163312697
Burkina Faso,BFA,2023,10,13.4698071964883,10.8022418289941,19.0902884861825
Uganda,UGA,2023,9,13.0190171423095,9.10426252887459,15.8710838964614
Lesotho,LSO,2023,11,11.6580155574048,7.76573966557523,16.8192541776573
Mauritania,MRT,2023,6,7.08405405019396,3.58127260513942,11.6848970680803
New Zealand,NZL,2022,11,75.8831916877387,70.7909885928513,80.8505681920421
United States of America,USA,2022,12,74.470736058943,70.3768527606831,78.7101506788964
Canada,CAN,2022,12,72.9041129927157,68.7147134640956,74.688496015127
Australia,AUS,2022,11,71.7493729315619,67.0576917289105,76.0456061054433
Japan,JPN,2022,13,71.297596796958,69.7979309004373,73.7992756632018
Switzerland,CHE,2022,14,70.0110134498738,68.9527055346708,73.8287656217439
Hong Kong,HKG,2022,14,68.129407791658,64.9806423516277,70.0508467795628
Luxembourg,LUX,2022,12,67.8466265595102,66.2330652558173,69.2520915403089
United Kingdom,GBR,2022,12,67.8027366618031,63.3681269963277,71.4173097455835
Israel,ISR,2022,15,65.9125252529758,62.9364349431832,67.9209512799097
France,FRA,2022,13,65.7074793080621,62.2121768782712,67.3500928869553
Kuwait,KWT,2022,13,65.4326745731329,62.6487008932389,68.7951043733378
United Arab Emirates,ARE,2022,12,65.2662033919974,61.3559813075104,67.1208878738857
Poland,POL,2022,13,64.7465602795893,62.7430852631316,66.2639510426412
Norway,NOR,2022,12,63.9149093886348,58.4589137797886,66.9824838460948
Seychelles,SYC,2022,13,63.8366779900544,56.5589203921541,67.7494022400873
Germany,DEU,2022,13,63.7074221465443,59.5273398905998,66.750215519588
China,CHN,2022,15,63.620097288649,60.9691287171573,66.2468036883734
Singapore,SGP,2022,11,63.1904168851618,59.7451401198505,71.2141252046396
Thailand,THA,2022,17,62.9398614580246,61.6024203434474,64.3786487118439
Malaysia,MYS,2022,16,62.1036215112824,59.5437032799355,63.1610929321036
Taiwan,TWN,2022,8,62.1001767484325,53.6816982571199,66.8773648066018
Sweden,SWE,2022,13,61.9205017194564,58.2090715051307,66.4058875379006
Qatar,QAT,2022,15,61.5066468723045,60.3899853390024,62.9274082764561
Netherlands,NLD,2022,13,61.501925417446,56.3454297731803,64.0694656557446
Belgium,BEL,2022,12,61.203447516053,57.9571296358238,63.1387502773722
Austria,AUT,2022,14,60.9380367393699,57.1068060461702,62.1072635407152
Chile,CHL,2022,15,60.8101334881125,57.3463064916817,61.807570609536
South Korea,KOR,2022,15,60.6268454652005,59.9399693734727,64.4330039498814
Malta,MLT,2022,13,60.2538193210366,57.5092962185112,61.3376390968211
Denmark,DNK,2022,13,60.2324056221746,56.1435756216934,63.5522944063204
Finland,FIN,2022,12,60.1038557578265,57.610203109041,66.5718995629597
Spain,ESP,2022,14,59.6646275229813,57.9650936312226,61.060051843889
Iceland,ISL,2022,13,58.2109299317425,56.7143449264876,61.4632160935953
Saudi Arabia,SAU,2022,13,56.8464193213312,53.7968882647203,61.1545046637476
Panama,PAN,2022,14,56.8063887260186,52.5047200202467,58.6482836783056
Ireland,IRL,2022,12,56.0374367946633,53.0362014031891,58.4501895968477
Puerto Rico,PRI,2022,6,55.85481683825,52.0621076350509,64.1558513129639
Turkey,TUR,2022,14,54.8000350730173,50.1052548704752,56.4650936167899
Mauritius,MUS,2022,16,54.7820158315081,53.7311344940341,55.8137704397378
Oman,OMN,2022,14,54.6571537919501,52.1381159857281,58.3279393414571
Estonia,EST,2022,11,54.5175154332775,52.0336413549156,59.8059571550406
Portugal,PRT,2022,13,54.3756051027259,52.8431677659258,57.6958470944105
India,IND,2022,16,53.4888668745354,50.8585060476702,54.2593744226814
Slovakia,SVK,2022,12,52.8009442398866,51.017484814938,54.7029950179944
Jordan,JOR,2022,16,51.9247661396346,49.3900189336844,52.7775638228838
Bulgaria,BGR,2022,14,51.6812602956737,49.5557447121301,53.5873727181123
Czech Republic,CZE,2022,14,51.6743794924337,49.7931332058605,59.9433616011994
Latvia,LVA,2022,12,51.5105917521578,48.0463420660327,54.4425080966392
Brunei,BRN,2022,10,51.1166901453209,49.6943153420013,52.4521689019179
Cyprus,CYP,2022,14,50.8172971479696,47.626221015023,51.4381661467179
Brazil,BRA,2022,16,50.6343643177483,48.6959022650417,51.8426339142493
Bahamas,BHS,2022,5,50.3258939294101,42.6745630212723,57.0220017018355
Guatemala,GTM,2022,13,49.9456305722566,48.1545810851613,51.5927489451503
Eswatini,SWZ,2022,10,49.7750262803968,46.5396963485547,53.3530926702102
Montenegro,MNE,2022,11,49.7059887071393,45.8978097806709,51.3708743668289
Guyana,GUY,2022,10,49.5169703575667,45.1535615251852,51.8191235987596
Armenia,ARM,2022,13,49.5071316316528,47.1550072822145,50.6280202264259
Indonesia,IDN,2022,17,49.306794141628,48.0718373065779,50.298814946889
Italy,ITA,2022,12,49.1769905506149,47.8698631465136,52.4935573344452
North Macedonia,MKD,2022,12,48.8840297025985,46.3462475587953,50.6125269002631
Bahrain,BHR,2022,13,48.8239482244465,47.5103982653013,53.8279022170634
Botswana,BWA,2022,14,48.6424746371772,47.512219491926,49.6238295381288
Philippines,PHL,2022,16,48.4909757956359,47.0136879892781,49.4714052829237
Fiji,FJI,2022,8,48.2020421584807,44.0080360637593,54.0002166900549
Morocco,MAR,2022,16,48.1076750792716,46.6684692920218,48.9148880730747
Slovenia,SVN,2022,13,47.4553515370735,44.285974209976,48.8932042750396
Costa Rica,CRI,2022,14,47.4106540497175,45.2015824014409,48.3298716056597
Cabo Verde,CPV,2022,11,47.0597178681378,43.9184179799526,49.0430883612331
Mexico,MEX,2022,16,46.9799807267109,45.7344217889514,47.9468253646955
Uzbekistan,UZB,2022,8,46.7407916424738,46.1118510406262,54.0748525619286
Yemen,YEM,2022,5,46.6348761535761,42.7274172245177,50.5423350826345
Haiti,HTI,2022,7,46.0105075796813,43.428029895061,51.6466885359249
Croatia,HRV,2022,13,46.0022925073947,43.3485581537559,47.2145909426978
Zimbabwe,ZWE,2022,11,45.694443989376,34.8340225564289,48.086126790155
Bhutan,BTN,2022,9,45.5289276943813,40.4732938257455,50.5845615630171
Guinea-Bissau,GNB,2022,5,45.5134241725667,40.3863100149035,47.576552640605
Papua New Guinea,PNG,2022,6,45.3276723427825,41.2035393095364,49.5801681752457
Tajikistan,TJK,2022,10,45.0800128343057,40.083129280342,45.8913478169375
Gabon,GAB,2022,6,44.985982135892,41.5135902048956,49.0410254046391
Namibia,NAM,2022,12,44.8009331142816,39.8236494717314,46.1587976445888
Greece,GRC,2022,14,44.7490617580017,42.0543706568853,45.4414737055895
Romania,ROU,2022,11,44.4433467474832,37.0186716382632,45.3202559261549
Angola,AGO,2022,14,44.3947803161913,42.5902168854433,46.9718739380341
Nepal,NPL,2022,10,43.8656880637406,39.7617129854421,50.8190439700519
Vietnam,VNM,2022,15,41.7812021455604,39.0648297016162,44.5674581278905
Tunisia,TUN,2022,15,41.6165224473426,38.9200103699268,42.4667133828908
Bolivia,BOL,2022,13,41.2558240443329,37.0840796996731,41.7445297889811
Jamaica,JAM,2022,15,41.2265392543918,38.8794392381842,44.8628550902119
Uruguay,URY,2022,16,41.1962286186586,40.0552741888051,43.1259759809252
Colombia,COL,2022,16,40.8975432722429,39.248927015481,41.6914071287714
Djibouti,DJI,2022,4,40.577577106486,32.8442430453506,41.8685874707705
Ecuador,ECU,2022,13,40.2275986001176,34.5195169610536,40.851241790736
El Salvador,SLV,2022,13,39.8807895666513,37.4795661303012,41.6543016562606
Georgia,GEO,2022,12,39.8265714717922,37.9306219218796,42.9363300061059
Niger,NER,2022,5,39.5120158530412,33.3472026811767,40.1974878610164
Gambia,GMB,2022,9,39.171090281998,35.2017074951141,44.7427725465488
Belize,BLZ,2022,9,39.1153285787469,31.730146160266,41.8805590020307
Sri Lanka,LKA,2022,12,38.5927387876373,32.3813512789098,41.9767887201699
Lithuania,LTU,2022,12,38.4992115886446,33.7861241898593,39.712408626752
Trinidad and Tobago,TTO,2022,13,38.3062212834045,36.1310470857036,40.3896317412338
Laos,LAO,2022,9,38.1402114788064,34.0510602884928,43.6257175818496
Albania,ALB,2022,13,37.2262079342287,35.6236756267138,39.7442308853446
Kyrgyzstan,KGZ,2022,10,37.0738106834419,29.9623191043356,38.7441375738568
Nicaragua,NIC,2022,13,35.5333339413626,34.0424344282165,37.1480700587143
Republic of Congo,COG,2022,4,35.5158152361946,33.1607386236389,39.6513294615766
South Africa,ZAF,2022,17,35.0308608893198,33.8945895670827,35.9817840863819
Comoros,COM,2022,5,34.764741574519,26.0442130665954,37.1445886686712
Ukraine,UKR,2022,12,34.6436230336484,30.8455990297871,37.7575637168956
South Sudan,SSD,2022,4,34.2064488993195,27.8857650880711,36.388426902194
Bosnia and Herzegovina,BIH,2022,12,33.9611508426001,31.0705350091678,36.2076940653692
Lebanon,LBN,2022,12,33.9472989897358,29.0324450712017,36.5987956578664
Honduras,HND,2022,13,33.8296059226285,31.9119385352886,36.0526246864109
Azerbaijan,AZE,2022,14,33.3881183967444,28.9778681914875,34.5970912692785
Kazakhstan,KAZ,2022,15,33.1731595268785,31.4847532746958,34.003836139254
Peru,PER,2022,15,33.1315199078195,28.6841144622693,33.9514934123843
Democratic Republic of Congo,COD,2022,7,32.8792334917931,29.8546641877143,38.44822307512
Algeria,DZA,2022,10,32.2940038207771,27.103150285341,36.0569520538183
Pakistan,PAK,2022,17,32.1018152892033,30.952578927069,33.2514630465658
Ghana,GHA,2022,13,31.9279168478349,30.5133282925279,35.9195440522168
Paraguay,PRY,2022,13,31.8473861141084,30.1738099825417,34.1916360836345
Rwanda,RWA,2022,14,31.7846973272221,29.7860852970039,32.853513809675
Moldova,MDA,2022,12,31.5133489916239,29.4471157916449,34.5469265324211
Serbia,SRB,2022,12,31.0614359070041,28.9494526935929,32.7085806263441
Hungary,HUN,2022,15,31.0012541846394,30.3064922867683,32.983125257858
Egypt,EGY,2022,17,30.9644805460698,29.7422710636604,31.8588678900646
Guinea,GIN,2022,10,30.7179976368273,27.0950223998043,34.6465060394778
Kenya,KEN,2022,15,29.98912312394,28.7039607872503,31.0982758434144
São Tomé and Príncipe,STP,2022,4,29.8032272290021,26.241646310175,33.3701927134925
Sierra Leone,SLE,2022,9,29.5684154329769,28.9711907437938,39.9981487076364
Ethiopia,ETH,2022,6,29.5170689822076,21.6912783221397,36.7519195810735
Iraq,IRQ,2022,7,29.4228653813618,25.5287926939437,35.4569903267774
Benin,BEN,2022,11,28.9865371189651,26.3375887469368,31.0391474140059
Togo,TGO,2022,5,28.8208812175623,27.3036965170096,33.877833304274
Madagascar,MDG,2022,11,28.5513160363398,24.2897442450668,34.3678218535059
Suriname,SUR,2022,9,28.2004946346673,26.5349651687997,37.1027109362316
Malawi,MWI,2022,12,28.1591418358054,24.1875518116358,30.4577684154851
Bangladesh,BGD,2022,14,28.0617483042201,26.3974121841931,29.0892467432465
Cambodia,KHM,2022,10,27.4734032725836,21.6891234997932,30.8646465752356
Senegal,SEN,2022,12,26.9163924491455,25.2251723213841,30.2365297181778
Burundi,BDI,2022,7,26.7585938503943,20.1594954744443,29.58236677447
Tanzania,TZA,2022,12,26.5773591573899,23.7406789113953,28.1248283092699
Dominican Republic,DOM,2022,13,26.5512136220609,23.3083841725012,28.3026477690788
Mongolia,MNG,2022,14,26.4463912954743,21.7710787584031,27.8124107585011
Cameroon,CMR,2022,7,26.2258288273712,25.3272401004312,33.4636850536318
Côte d'Ivoire,CIV,2022,12,24.7519048975731,22.2182406849638,26.925123775508
Libya,LBY,2022,7,24.6504253356844,22.9622764370379,30.5653723777196
Timor-Leste,TLS,2022,7,23.9700682091911,20.4581427302182,31.4674802696768
Burkina Faso,BFA,2022,10,23.8908498803306,20.5388298031404,27.2428699575208
Chad,TCD,2022,9,23.8130601922133,19.009517455635,26.0481104641601
Mozambique,MOZ,2022,11,23.2584861391732,18.5786747668659,25.7893695290713
Liberia,LBR,2022,10,23.1383699127458,19.2800174625595,25.6361197663652
Nigeria,NGA,2022,15,22.8836799079424,21.5737753626965,23.9208772361248
Mali,MLI,2022,11,20.958804734114,16.9095757884899,22.9065922312617
Argentina,ARG,2022,16,20.8828274696487,19.2430565691555,22.712062801287
Myanmar,MMR,2022,5,20.8479475750686,14.3960571316535,22.0220441329661
Zambia,ZMB,2022,13,19.458384546462,14.5469671622906,20.7781112325943
Barbados,BRB,2022,10,19.2911150965525,15.6058632945314,22.0864008641082
Uganda,UGA,2022,10,14.0136953292264,9.64917407410326,15.6840314360629
Lesotho,LSO,2022,11,9.57218997957882,7.12992930968622,17.9215208516984
Mauritania,MRT,2022,7,8.10887293465032,4.69248366048274,11.7919643231743
United States of America,USA,2021,12,80.3066636346783,74.4966270088671,82.9232838218927
New Zealand,NZL,2021,11,76.0052661436873,73.1199242539971,82.1495221016612
Switzerland,CHE,2021,14,74.9311770024615,72.8376022631029,77.1292844972551
Canada,CAN,2021,12,73.7573115710045,70.3497900067769,76.1919072365822
United Kingdom,GBR,2021,11,73.1640281437226,69.5676139785064,78.1540127045591
Japan,JPN,2021,13,72.4357563362975,70.8291472723496,74.4331716297933
Germany,DEU,2021,13,70.2923583513449,64.8825246404283,71.6012847466472
Hong Kong,HKG,2021,14,69.8802235889458,67.7851230263193,71.49926260497
United Arab Emirates,ARE,2021,12,69.5484351990838,65.5065680933145,71.1958197297744
Luxembourg,LUX,2021,12,69.0484730486487,66.2464149212431,70.1833760525937
Australia,AUS,2021,11,68.5783371066144,67.6681686595396,76.4169698564788
Israel,ISR,2021,15,68.0879590337021,65.2578525958554,69.7785552600435
Kuwait,KWT,2021,13,67.3148408684477,64.6259299101316,70.091949968791
China,CHN,2021,15,66.6125862142882,64.1977469995117,68.8994242148752
Singapore,SGP,2021,12,66.4630592202094,62.8387624069721,70.4477345579454
France,FRA,2021,12,66.3078927283438,64.2827955892721,69.5044140924779
Seychelles,SYC,2021,12,66.1296761979488,58.3026248843499,68.9347694419385
Finland,FIN,2021,12,65.8408060908627,59.8687566678281,67.7902994845707
Netherlands,NLD,2021,13,65.2687026684611,61.3360584151705,70.0975109536656
Sweden,SWE,2021,13,65.1588492184461,60.4627720146443,67.5115578840311
Poland,POL,2021,13,64.9727123206822,62.4949475335747,65.8237900470404
Norway,NOR,2021,12,64.1095640478548,60.9194405302272,68.4714916157671
Qatar,QAT,2021,13,64.1000203752009,58.8719887494071,68.2224596471478
Malaysia,MYS,2021,16,63.8560725541181,62.3506011852354,65.0046035731558
Thailand,THA,2021,17,63.5624475683441,62.2295138553551,64.9296847924043
Belgium,BEL,2021,12,62.6564081363861,60.9382416517585,64.6992866596598
South Korea,KOR,2021,15,62.6336871978865,60.6410852525013,64.2529528522357
Chile,CHL,2021,15,62.2608472317569,59.9209209116592,63.249573079646
Spain,ESP,2021,14,62.0861427846585,60.3158230540241,63.6620394606458
Austria,AUT,2021,14,61.6314779346813,58.0886122792599,62.785909701296
Malta,MLT,2021,13,61.4840484890169,59.2623325026246,62.2774331444058
Taiwan,TWN,2021,8,61.1271732556867,55.9495458293062,66.7902413474022
Denmark,DNK,2021,13,60.6719134582556,58.4655898667112,64.582314710617
Iceland,ISL,2021,13,60.3557109329473,57.5870859151417,63.2545804494957
Ireland,IRL,2021,12,58.780980494248,56.119658445477,59.9518101895731
Portugal,PRT,2021,13,58.780980494248,54.5773481448583,60.0631096499604
Saudi Arabia,SAU,2021,13,58.6039765779487,55.2886163810322,62.3124453134478
Panama,PAN,2021,15,57.8402095513749,56.1956438484679,58.9563123689341
Estonia,EST,2021,11,55.6849683700531,51.8055881385704,59.0225401294218
India,IND,2021,16,55.5997389689959,53.7658295913557,58.0708836867082
Mauritius,MUS,2021,16,55.5997389689959,54.1580263212145,56.5212138068922
Puerto Rico,PRI,2021,6,55.5997389689959,52.9519382760441,64.2884662666809
Bahamas,BHS,2021,4,55.5922773875482,42.96464847699,57.7462466795641
Oman,OMN,2021,14,54.04679692429,51.4941416020662,58.8333078549091
Turkey,TUR,2021,14,52.9972636030142,50.8299907362543,56.0278800955059
Slovakia,SVK,2021,12,52.9655823166162,50.6469891160527,55.447918475149
Jordan,JOR,2021,15,52.8064999777952,50.3772408384021,54.5197448001384
Czech Republic,CZE,2021,14,52.3802955327818,49.5579847724479,58.1893583034381
Bahrain,BHR,2021,12,52.3257420365818,48.6549583369746,54.5971034077496
Cyprus,CYP,2021,14,51.8061241365574,49.5955410950553,52.5570601041595
Latvia,LVA,2021,12,51.6356964454325,48.3554628763755,54.4355231495997
Bulgaria,BGR,2021,14,51.0068970073738,49.3579398801562,52.8379285749287
Brazil,BRA,2021,16,51.0039775538909,49.1222444692665,52.2969251551149
Brunei,BRN,2021,9,50.081790505754,48.0979296846494,51.9481202528489
Eswatini,SWZ,2021,11,50.081790505754,46.3757546410869,53.0358488984835
Indonesia,IDN,2021,17,49.8044612645511,48.7299822354858,50.8395336022569
Montenegro,MNE,2021,11,49.8044612645511,47.3917969249678,52.204560711264
Guatemala,GTM,2021,12,49.5967546216777,48.0891888035668,51.7318054139643
Armenia,ARM,2021,12,49.4777281582321,47.4635786307824,52.06348288972
Philippines,PHL,2021,16,49.4777281582321,47.9446711051604,50.7020092068904
Italy,ITA,2021,12,49.0143939511921,46.5726058199407,51.8189148212619
Botswana,BWA,2021,14,48.9054315061796,47.7872983626729,49.8885338190556
North Macedonia,MKD,2021,12,48.1981997643374,46.4473889133222,49.9401452055664
Fiji,FJI,2021,7,48.1213370612618,44.955993995178,55.6854700709158
Guyana,GUY,2021,10,48.0661571992412,44.4653606428703,51.6168813598779
Mexico,MEX,2021,16,47.8643476159286,46.5488037049194,48.8260316846813
Cabo Verde,CPV,2021,11,47.3107643577857,44.3497790412202,50.1468449378398
Bhutan,BTN,2021,9,47.2713164697882,44.7509571426662,55.601984138303
Nepal,NPL,2021,10,47.2272082299825,38.5807425631752,49.0872216585017
Slovenia,SVN,2021,13,47.1911300008506,44.7757531465586,49.2838602148222
Morocco,MAR,2021,13,46.4059425564556,45.6514158726997,51.3359869315779
Gabon,GAB,2021,5,45.7963027247369,42.1861212562284,49.9612079161959
Namibia,NAM,2021,11,45.6605755447149,39.0159710924469,46.9825039153042
Greece,GRC,2021,14,44.9402727443082,42.2653998702422,46.0102146002657
Croatia,HRV,2021,13,44.5710987647501,42.7911241564115,46.2420314766379
Romania,ROU,2021,11,44.1545309333217,36.607624128304,44.718298218053
Costa Rica,CRI,2021,14,43.7488381036573,42.9093045374614,46.3838557076505
Tajikistan,TJK,2021,9,43.2638380731196,39.4169781135658,46.5151393576862
Uzbekistan,UZB,2021,7,43.2638380731196,41.728551945595,52.1157820627669
Yemen,YEM,2021,5,42.7759674861054,37.9503860351963,45.9221226284508
Haiti,HTI,2021,8,42.7272724067946,42.3324884479478,50.1372189975967
Angola,AGO,2021,13,42.2379631171219,39.951450100367,44.7993757009536
Guinea-Bissau,GNB,2021,5,42.2379631171219,39.7170217024465,48.1471444239787
Uruguay,URY,2021,15,42.2379631171219,40.4074202785722,43.7605265297882
Vietnam,VNM,2021,15,42.1124976843189,37.376209876288,42.9491403900244
Colombia,COL,2021,16,41.9569022375627,40.458386451212,42.7875205408206
Papua New Guinea,PNG,2021,5,41.9069892579357,41.4163043047593,49.3250391905206
Sri Lanka,LKA,2021,10,41.4060962809005,37.5859029328696,47.4387494038947
Tunisia,TUN,2021,15,41.371986982601,38.7629950566117,42.0186207009235
Jamaica,JAM,2021,15,41.1917521252805,39.1809603788678,44.8705160057907
Belize,BLZ,2021,8,40.5068826620999,32.9808332801575,42.8409002617946
Bolivia,BOL,2021,13,40.5068826620999,39.1592384850366,43.5405349949934
Laos,LAO,2021,9,40.5068826620999,34.6274601164174,43.7957663268521
Zimbabwe,ZWE,2021,11,40.5068826620999,36.0088373521288,46.8555772640234
Ecuador,ECU,2021,11,40.0710825752591,36.3800248321933,43.7621403183249
Trinidad and Tobago,TTO,2021,12,40.0710825752591,37.1535535843346,40.874276936807
El Salvador,SLV,2021,13,39.7106508023218,36.5171858817573,40.9129102250004
Georgia,GEO,2021,12,39.7106508023218,37.4396004446538,44.0952366180153
Sierra Leone,SLE,2021,9,36.9431906195992,29.1128029340735,39.8912189890046
Lebanon,LBN,2021,11,36.7506450307634,30.9376582894684,39.2456636045585
Albania,ALB,2021,13,36.6883815613738,34.830948756913,39.0743798497631
Niger,NER,2021,5,36.6635060059783,33.5353655407023,40.3431287072966
Republic of Congo,COG,2021,4,35.9942362586102,32.6593831106546,39.6437436150456
Ghana,GHA,2021,12,35.5250949730098,30.9415312165154,36.7311029242415
South Africa,ZAF,2021,17,35.4689222293021,34.197966329813,36.5062887288897
Comoros,COM,2021,5,35.0939816860752,25.8643775946415,36.9349425994584
Gambia,GMB,2021,9,33.9949508791086,33.9762547222625,44.2011400373822
Kazakhstan,KAZ,2021,14,33.9949508791086,31.3552628921761,34.8407969955697
São Tomé and Príncipe,STP,2021,4,33.9949508791086,29.8167370301291,38.1731647280882
Algeria,DZA,2021,11,33.6131767744281,27.5092151053261,35.2639331373614
Honduras,HND,2021,13,33.5645257927755,31.3702841998803,35.8741794056923
Lithuania,LTU,2021,12,33.5398850159174,32.3223150135488,38.5345026049109
Democratic Republic of Congo,COD,2021,8,33.1586010844112,30.7260171591723,38.1410359811081
Ukraine,UKR,2021,12,33.1586010844112,29.9869967153183,36.9020741064749
Bosnia and Herzegovina,BIH,2021,12,32.6096535876621,30.1332811367237,35.2532810906236
Peru,PER,2021,15,32.6096535876621,30.1226925875474,35.0965764166846
Hungary,HUN,2021,15,31.9912555211634,30.5530177303911,33.3261049464398
Nicaragua,NIC,2021,12,31.9912555211634,30.7268443623506,35.4834715664891
Paraguay,PRY,2021,13,31.9912555211634,30.2461266110206,34.3785102147212
Azerbaijan,AZE,2021,12,31.857161621797,26.3119760504801,34.1244340085771
Suriname,SUR,2021,9,31.857161621797,26.1778539340832,37.0917731194705
Madagascar,MDG,2021,11,31.2424629359519,23.6162303788471,34.7122650266852
Moldova,MDA,2021,11,31.2424629359519,28.2782803343728,34.8511579957723
Pakistan,PAK,2021,16,31.2424629359519,30.0155339427768,32.3770973493769
Rwanda,RWA,2021,14,31.0904686123679,29.0054185275355,32.4342449913955
Togo,TGO,2021,5,31.0904686123679,26.8920727399041,33.735507142355
Kyrgyzstan,KGZ,2021,10,30.9632861003646,29.9951172959674,39.0269461875345
South Sudan,SSD,2021,4,30.9537424112909,28.023345175471,37.1578047081545
Egypt,EGY,2021,17,30.2566130931116,29.0670097550825,31.2578688008026
Kenya,KEN,2021,14,29.8922139665474,28.676579036541,31.3248645040777
Malawi,MWI,2021,11,29.7371218147058,24.2846707991505,30.8220637915965
Senegal,SEN,2021,12,29.7371218147058,27.0766836003647,31.9484791411587
Serbia,SRB,2021,12,29.7371218147058,28.5381950941613,32.7047855629348
Cambodia,KHM,2021,10,29.3091437918077,25.6930121858357,32.9252753977797
Bangladesh,BGD,2021,14,28.3820911771084,26.1365869812874,29.7440346363725
Benin,BEN,2021,11,28.3820911771084,24.1003745944912,29.1292756212247
Ethiopia,ETH,2021,5,28.3820911771084,28.1525287806914,42.4031335934653
Iraq,IRQ,2021,7,28.3820911771084,22.7759939548665,33.1895423445627
Guinea,GIN,2021,11,28.2353126618829,25.21016853585,30.8926819100068
Cameroon,CMR,2021,11,27.1329245444863,22.5290848700218,27.351309816813
Burundi,BDI,2021,8,26.6102722661751,20.9701980737773,29.7881772889919
Dominican Republic,DOM,2021,12,26.6102722661751,24.1010682189426,28.5042475337598
Tanzania,TZA,2021,12,26.1952091024032,22.7423152896254,27.8690791750473
Argentina,ARG,2021,15,24.5209156217665,21.1873642096961,26.08579152658
Chad,TCD,2021,9,24.5209156217665,18.3973914891896,25.1706077595736
Libya,LBY,2021,7,24.5209156217665,20.7605985811409,28.2676100966951
Côte d'Ivoire,CIV,2021,10,24.0272528832156,21.6755570941055,27.2117784459087
Mongolia,MNG,2021,13,22.9559067837459,22.855874314938,28.0076406404638
Nigeria,NGA,2021,15,22.9559067837459,21.5714125657033,24.0190505777611
Timor-Leste,TLS,2021,7,22.1317233145137,19.8017778049116,30.4402527455706
Liberia,LBR,2021,10,22.0074620167098,18.3488118460543,24.037587229652
Myanmar,MMR,2021,12,20.7697527534464,17.7834210130812,21.9470536799007
Burkina Faso,BFA,2021,10,20.6592777268434,15.7482791253144,22.4748932108211
Mali,MLI,2021,10,20.6592777268434,17.8843971886178,23.8823350343837
Mozambique,MOZ,2021,11,20.3942565034256,19.2953833969623,26.4957043306898
Zambia,ZMB,2021,14,19.1173707335314,17.4401090289693,22.120698506546
Barbados,BRB,2021,11,18.9645690608744,14.1598641865682,20.7307020461571
Lesotho,LSO,2021,12,12.0675524862766,8.49007501335112,18.3629373757797
Mauritania,MRT,2021,8,12.0675524862766,7.43968111603876,15.1746233653149
Uganda,UGA,2021,10,12.0675524862766,9.179365795947,15.6350232602831
Japan,JPN,2020,22,79.5786870230025,78.4585943141833,85.0939820854554
Canada,CAN,2020,19,77.9250910129771,69.3662866388198,79.9464260492178
United States of America,USA,2020,20,76.3782463682075,72.5916811630861,82.3867850658681
Hong Kong,HKG,2020,21,75.0356763283576,74.6199554903946,84.3300007356921
Singapore,SGP,2020,21,74.4502523374866,73.2943621615387,82.2913158478278
New Zealand,NZL,2020,20,73.5854680332668,70.9135072595092,81.1118964724516
Luxembourg,LUX,2020,20,73.2249234636292,71.5483417741856,79.9963416832482
Australia,AUS,2020,20,72.7675012072785,69.9138449228901,85.1361148817268
Switzerland,CHE,2020,20,72.5830332070585,71.3926387005998,80.7630378922661
United Kingdom,GBR,2020,19,72.2189813918016,70.9404296731935,77.8005123108713
China,CHN,2020,22,71.5355449883908,68.994826186668,76.3222310294261
Germany,DEU,2020,21,71.5073785408806,69.8017323253217,77.4524205130295
Thailand,THA,2020,25,69.6184859890073,67.972237290952,71.5519351588636
South Korea,KOR,2020,23,69.4381803851345,67.5535262462581,71.6732085145453
France,FRA,2020,20,69.3661390727851,66.3729539223061,73.0427751273903
Malaysia,MYS,2020,24,69.1322842372163,65.0434875684417,70.8356461140296
Seychelles,SYC,2020,16,67.5742226291,62.5742361423718,74.2339596545806
United Arab Emirates,ARE,2020,19,66.7599317346241,64.3680138040704,72.2946053718325
Netherlands,NLD,2020,21,66.3989991686395,63.2042678893184,70.0007739795678
Sweden,SWE,2020,21,65.7597793933706,62.6799884054141,70.1759490747925
Spain,ESP,2020,22,64.6592980514305,62.151126216799,66.6249641965895
Norway,NOR,2020,23,64.4551185118466,59.99519005052,65.6372435311397
Belgium,BEL,2020,20,64.1568073656476,61.7788533332004,68.1194245217565
Poland,POL,2020,21,63.9004724397786,62.868556963065,66.4811589157394
Kuwait,KWT,2020,21,63.3765797068576,61.1015834227769,66.363973831049
Malta,MLT,2020,20,62.8356667813285,59.9681430147893,65.9823707389764
Finland,FIN,2020,20,62.7908771528616,61.66734683736,70.2683883836329
Israel,ISR,2020,23,62.1957596370657,61.4554364491142,67.1253697873912
Denmark,DNK,2020,21,61.5921774920241,58.2192949693836,65.7335315575863
Austria,AUT,2020,22,61.4686960353896,59.6081410382338,63.4088350274916
Taiwan,TWN,2020,9,60.7362514342326,51.119150114173,66.0762787897993
Qatar,QAT,2020,22,59.8394677197475,58.6776194172678,64.8819397446658
Chile,CHL,2020,24,59.2613342811577,55.1580829724192,60.6573588282229
Czech Republic,CZE,2020,22,58.9903379407901,53.803368826673,59.4395820361392
Ireland,IRL,2020,21,57.2172771429853,55.1290463898448,63.4906090950804
Iceland,ISL,2020,21,55.3686593795283,53.7490409006111,60.8159680484741
Panama,PAN,2020,22,54.5522751404982,51.9347216868982,55.608629363117
Cyprus,CYP,2020,21,53.9543142322106,50.2106049338547,57.6980235305665
Bahamas,BHS,2020,7,53.5164741104994,45.1022688384504,59.6991426592356
Mauritius,MUS,2020,24,53.4286063828059,51.4553945021276,54.8341182355884
Puerto Rico,PRI,2020,8,53.3713209310541,45.6612815396217,58.5779048947097
Brazil,BRA,2020,24,52.8098898367248,51.2048355517858,54.7922522898666
Turkey,TUR,2020,22,52.4855131205834,48.8364180489067,55.0738188094337
Saudi Arabia,SAU,2020,22,52.1752458161689,50.4488997975044,53.6876046156551
India,IND,2020,24,51.9907806403197,49.5922399719183,53.1907171691289
Jordan,JOR,2020,20,51.573006567729,48.9761776777341,55.5861137274668
Portugal,PRT,2020,21,51.4591680868393,50.8581377583904,56.7310545394058
Slovakia,SVK,2020,20,51.4451298613094,50.5825570391512,54.4984009498677
Estonia,EST,2020,19,51.4036155679978,49.4476233140509,54.3940318896836
Belize,BLZ,2020,8,51.2578844310238,47.5400899301971,54.5859485836572
Oman,OMN,2020,22,50.916193908946,48.2435380179792,53.0821264232562
Bahrain,BHR,2020,14,50.8854815149641,37.6736893123109,55.9102284551409
Eswatini,SWZ,2020,13,50.6766512082774,46.64133375603,54.7119686605249
Latvia,LVA,2020,20,50.0276660382528,47.8988720127419,52.1752483350582
Russia,RUS,2020,20,49.9844342294827,47.603352039368,53.924790820511
Brunei,BRN,2020,13,49.2151675029442,45.5419052601353,54.7173527314092
Bulgaria,BGR,2020,22,48.9973142910572,48.1146944429228,51.7834115629841
Indonesia,IDN,2020,25,48.8718600027435,47.8257287365063,50.1753010522387
Italy,ITA,2020,20,48.7820778817089,46.6914031729331,53.745017699984
Guatemala,GTM,2020,19,48.5859496334722,46.8403181479352,51.5564349363452
Philippines,PHL,2020,25,48.4748746709914,47.5101045795031,49.7558912887687
Bhutan,BTN,2020,12,48.4702366111906,47.442501513283,55.205401686074
Mexico,MEX,2020,24,48.2635113595475,46.5559632447631,49.8697453488993
Armenia,ARM,2020,17,48.0736558591619,46.6763022952993,52.8246046906561
Cabo Verde,CPV,2020,13,47.9138965534786,45.4784373988597,52.6768106342512
Fiji,FJI,2020,10,47.844688163011,44.9299919271034,53.2329060274331
Iran,IRN,2020,9,47.4104625523452,43.2216187609123,52.811669918482
Morocco,MAR,2020,20,47.1353346143978,45.6958293353162,51.3626780444459
Montenegro,MNE,2020,12,46.9866514811168,44.1660895434455,51.2654940798493
Greece,GRC,2020,22,46.4658632654203,44.4209105573725,47.8608951352798
North Macedonia,MKD,2020,17,46.1164900758114,42.1577823244469,47.9771815056678
Botswana,BWA,2020,19,45.9920060049388,41.7179913520611,47.22660527513
Slovenia,SVN,2020,18,45.5903314486283,42.9880531915091,49.0768877210075
Costa Rica,CRI,2020,22,45.4926670639708,44.0618644302591,49.3549520708722
Guyana,GUY,2020,9,45.1047174843366,44.9025963298104,52.4487617607439
Yemen,YEM,2020,6,44.6993223823683,41.3603436699165,49.2867388887604
Croatia,HRV,2020,21,44.1391410988239,42.9444274639351,47.7361516322504
Nepal,NPL,2020,13,44.0460578148658,39.9453783920589,47.4554494873364
Gabon,GAB,2020,7,43.9358030882759,41.5741368885673,48.0125467319562
Romania,ROU,2020,15,43.8976277632301,41.9975007443765,54.2954469303067
Uzbekistan,UZB,2020,9,43.7526358482313,41.2142761539236,46.9931341895811
Belarus,BLR,2020,12,43.4576466332956,39.910725005688,47.2708532014311
Haiti,HTI,2020,12,43.0010917745721,39.0288854952668,46.1137067489027
Jamaica,JAM,2020,23,42.9822754305704,40.2228041737045,44.5808737915494
Tajikistan,TJK,2020,13,42.8200359740191,36.3507192511986,44.5153090635559
Vietnam,VNM,2020,22,42.7647550768536,39.8708693107723,45.370883812781
Uruguay,URY,2020,22,42.6552031403185,40.4969172695463,45.0125106613472
Namibia,NAM,2020,18,42.337739652518,40.3219162489989,48.4974024436477
Sri Lanka,LKA,2020,21,41.7874286461417,37.1743250900187,46.6892892651294
Guinea-Bissau,GNB,2020,8,41.7245985003168,38.0734957228853,45.3757012777483
Angola,AGO,2020,17,41.6382695523551,39.0189361540172,44.257602950693
Papua New Guinea,PNG,2020,11,41.3460236612534,39.186616788685,47.9389634962477
Colombia,COL,2020,25,41.2972274954678,40.2799748520157,42.617502254447
Zimbabwe,ZWE,2020,14,41.1776449912392,33.4510744677551,41.9066121633448
El Salvador,SLV,2020,17,40.8059182272464,36.8080601695347,44.3601777301626
Laos,LAO,2020,13,40.2110235689521,36.5029087178215,48.9892602960677
Trinidad and Tobago,TTO,2020,20,40.2008434780295,38.7401019318223,43.1381150139617
Ecuador,ECU,2020,18,40.1011851897276,37.8042300842225,45.4124796560997
Bolivia,BOL,2020,16,40.041880937666,39.0461722422868,47.1741242555299
Georgia,GEO,2020,18,39.9676669834257,37.6263575104501,42.0445096187673
Tunisia,TUN,2020,19,39.8029950111508,36.0808098172908,41.4796676565542
Lebanon,LBN,2020,19,39.3553723045576,36.2787664487174,44.1256724498815
Afghanistan,AFG,2020,6,38.996768690778,34.6210290240839,39.9549662581318
Sierra Leone,SLE,2020,13,38.7044679216974,36.0538858159522,43.6620183516944
Republic of Congo,COG,2020,6,37.690106578113,33.6445594338879,39.2511185121663
Ghana,GHA,2020,18,37.5673106138531,31.0511568531211,39.4041960019614
Albania,ALB,2020,16,37.3793030946796,34.8868520201429,42.1534371376933
Algeria,DZA,2020,14,37.3590609974123,33.4438503794903,40.8232008626675
Central African Republic,CAF,2020,6,37.281081037957,35.3192037643839,43.2856297959682
Niger,NER,2020,8,37.2570078773314,31.4623229032592,38.5899976001451
South Africa,ZAF,2020,24,36.6830312078358,32.6084948568975,37.9388706704352
São Tomé and Príncipe,STP,2020,6,36.4967329095998,33.7883665195878,41.5390545997305
Comoros,COM,2020,7,36.249833876363,32.5445727748366,39.5350175492297
Gambia,GMB,2020,12,36.0028263479945,33.1430650410779,40.2843297137182
Kazakhstan,KAZ,2020,22,35.9732097160749,34.0284368193998,37.8750327512166
Honduras,HND,2020,16,35.9082983267463,33.0604214122549,41.0118316698313
Ukraine,UKR,2020,20,35.8317974879856,34.3441498830963,40.5845173633008
Democratic Republic of Congo,COD,2020,12,35.3119585666069,32.1727919260357,40.7202217048517
Peru,PER,2020,23,35.0285568745067,33.4014624637308,39.737886040682
Paraguay,PRY,2020,21,34.7778316693113,32.6750983720352,37.055017122049
Hungary,HUN,2020,23,34.7020338497404,32.6931341469001,35.9208117850949
Bosnia and Herzegovina,BIH,2020,17,34.6010985717877,28.0409648694175,34.7918111629316
Lithuania,LTU,2020,20,34.5897553028459,32.1738004663557,36.7877317088648
Suriname,SUR,2020,8,34.5825196378891,31.3002632915557,40.2116611152907
Nicaragua,NIC,2020,15,34.5382297466358,31.8332318231464,37.2073704925198
Sudan,SDN,2020,8,34.4232548518463,31.3095043274323,37.6826375255694
Azerbaijan,AZE,2020,20,34.0071304777007,29.2629538667325,35.4702419550571
Kyrgyzstan,KGZ,2020,15,33.8951906887026,29.9218140333839,37.3668432152633
Togo,TGO,2020,8,33.4091351167982,30.9061603488486,37.2365186362721
Pakistan,PAK,2020,21,33.4051722513955,31.3557491211422,36.7881906414568
Malawi,MWI,2020,13,33.1577072512549,27.4466224646409,34.5331521424608
Moldova,MDA,2020,18,33.1577072512549,29.0440512816923,35.0427666027725
Egypt,EGY,2020,20,33.0679250018323,30.9047384383719,37.2552319608432
Senegal,SEN,2020,16,32.5690880089005,31.660326457732,39.1060327404848
Serbia,SRB,2020,20,32.5679146590083,30.8059203930494,35.1217304229275
South Sudan,SSD,2020,6,32.4207928058221,29.3222720330589,36.5058913956617
Ethiopia,ETH,2020,7,32.1838317661636,31.1310553484813,41.2061692438636
Iraq,IRQ,2020,8,31.79450517047,27.3359695076012,34.4291859755466
Cambodia,KHM,2020,18,31.686446546751,29.3749060958875,37.4128964457757
Venezuela,VEN,2020,9,31.33697795909,29.0124853416897,37.3441766096752
Rwanda,RWA,2020,17,30.8588233353128,29.0908995266949,35.0904700841854
Madagascar,MDG,2020,15,30.7766938952248,26.2925934827461,36.0683437203224
Bangladesh,BGD,2020,18,30.6468440071312,27.7443383354142,33.5493496788482
Kenya,KEN,2020,19,30.4177559771801,25.8618197857736,32.087764130046
Dominican Republic,DOM,2020,20,29.1822710149666,28.1521706993352,32.793848855015
Cameroon,CMR,2020,15,28.9073439657926,26.4186790986713,32.2616075879829
Guinea,GIN,2020,15,28.6499176484057,26.1881945496135,35.9298452067375
Mongolia,MNG,2020,19,28.3318792331899,23.0507856023801,29.2260125227383
Burundi,BDI,2020,10,28.086311108107,24.7665787951177,32.3493713153896
Benin,BEN,2020,14,28.0777631859407,26.5018645014652,33.6745378537891
Libya,LBY,2020,6,27.2468160079401,26.4766462947751,33.9750859931814
Nigeria,NGA,2020,23,27.1926933220364,26.4536385779802,29.4094412662603
Chad,TCD,2020,11,27.0791072678511,21.9066419881342,29.7317219761846
Tanzania,TZA,2020,17,26.9038831240789,19.220016715492,28.1565488608515
Argentina,ARG,2020,24,25.7107520928109,24.2172156723947,27.5319689118255
Barbados,BRB,2020,10,25.6890275101129,19.7902370442186,28.2848863795643
Mali,MLI,2020,15,25.1748691361957,20.8905468986433,29.4591913737481
Liberia,LBR,2020,13,24.8472399891213,19.3353508578134,27.5483134554879
Mauritania,MRT,2020,13,24.4472413912928,22.7576874634939,30.9386244898679
Burkina Faso,BFA,2020,14,22.9567304784465,20.6076538180848,27.5059306820663
Mozambique,MOZ,2020,16,22.8331154136189,20.8818415612737,28.6484066739271
Côte d'Ivoire,CIV,2020,17,22.7936063872188,20.1959692346597,27.8297620424227
Myanmar,MMR,2020,12,22.4805973932001,18.224554906332,26.7366398800682
Uganda,UGA,2020,16,22.1976663085048,18.5720580604982,28.1395680078966
Timor-Leste,TLS,2020,4,20.6863561500142,16.6436554326485,28.7314929432109
Lesotho,LSO,2020,14,18.6444820344222,14.7149262728478,25.0783234048901
Zambia,ZMB,2020,17,17.3738971861799,14.6661308823608,21.0898036722055
Japan,JPN,2019,22,79.1721800242449,78.3350198558822,85.7469950406821
Australia,AUS,2019,20,76.8681916097665,69.4272714858447,84.3746080094105
Luxembourg,LUX,2019,20,75.3524592824005,71.740995159682,81.7477338422172
Hong Kong,HKG,2019,21,74.7568817174198,73.40089574231,84.3038055008684
New Zealand,NZL,2019,20,74.4861467233074,71.0394272928637,82.7536648520244
United States of America,USA,2019,20,74.3182627340431,71.7024545100025,81.754687287058
Singapore,SGP,2019,21,73.8564965667963,72.3510281323733,81.7705113885331
Switzerland,CHE,2019,20,73.5073608734361,71.0755926955772,79.9820705355459
United Kingdom,GBR,2019,19,73.1302155055316,71.0664616011734,77.7653423722701
Canada,CAN,2019,18,72.1125200576922,67.2355357546314,79.8225887947002
South Korea,KOR,2019,23,71.4815189662909,69.1117011147858,73.8071293585689
China,CHN,2019,22,69.9929050590226,67.6094186676007,75.5317876490828
Malaysia,MYS,2019,24,69.2212157348723,65.8903828974055,70.8791385813297
Germany,DEU,2019,21,68.2254235208097,67.5498205615684,74.6307605836298
Netherlands,NLD,2019,21,67.8613845957391,64.3928931822273,72.1907276525661
Thailand,THA,2019,25,67.5820539476137,66.0624340328697,69.5255859440275
Taiwan,TWN,2019,9,66.4551425180144,53.3182936409373,67.4824876062448
United Arab Emirates,ARE,2019,19,66.2521130931263,65.3306503492007,74.109617196316
Poland,POL,2019,21,66.1882810477277,64.373625754515,73.2243339699377
Sweden,SWE,2019,21,65.754058882593,61.5957451857401,68.491355260158
Seychelles,SYC,2019,16,65.5963947269646,56.9553935694095,68.1444449502038
Israel,ISR,2019,23,65.4939025371133,62.7302107542037,69.6246003498729
Norway,NOR,2019,23,65.0450364757905,60.5811497358487,66.0338898548829
Kuwait,KWT,2019,20,64.2937273769522,61.3449447045603,69.3516968881235
France,FRA,2019,20,64.1062183219836,63.9565803724119,71.2691203767475
Spain,ESP,2019,22,63.4403376567831,60.837217548467,65.4257464602599
Austria,AUT,2019,22,63.3861635978769,61.6457898716467,65.4542096877872
Belgium,BEL,2019,20,63.2094347477455,62.4538165661797,69.3451566157117
Denmark,DNK,2019,21,62.2311486924817,57.4098157141295,64.1050767620004
Malta,MLT,2019,20,62.0599859922393,59.7603405899992,66.5002082891995
Finland,FIN,2019,20,61.5115337917937,58.7008215878233,65.8651382501629
Chile,CHL,2019,24,61.1418518579299,57.0653179161016,62.0149374553546
Qatar,QAT,2019,22,59.2904078850465,57.3527466374001,63.5519831904757
Ireland,IRL,2019,21,57.2154342988915,55.7793349846477,65.2474438188756
Iceland,ISL,2019,21,57.1778167851552,53.6430307004137,60.4455943369997
Czech Republic,CZE,2019,22,56.1740248709401,53.2693113761863,60.7168508336575
Mauritius,MUS,2019,24,55.2852796253528,53.3003473859299,56.5124297033874
Russia,RUS,2019,20,54.6262499269999,48.7931933788616,57.1708212113011
Slovakia,SVK,2019,20,53.915720379326,51.0519264941345,58.155075473442
Panama,PAN,2019,22,53.6750689264236,50.2199384995676,54.3852879738426
Turkey,TUR,2019,22,52.9021191580807,49.2337778969966,55.7938815161509
Bhutan,BTN,2019,11,52.7970105865373,46.5835738716308,55.5505440149809
Estonia,EST,2019,19,52.7923062753768,51.2121652944158,57.4591646900453
Saudi Arabia,SAU,2019,22,52.6281804494123,50.7757811207384,54.1129141153853
Portugal,PRT,2019,21,52.3806007275692,50.3999893225068,55.4605158583352
Brazil,BRA,2019,24,51.985594440516,50.0525947638196,53.6735110201869
Oman,OMN,2019,20,51.7421089137202,48.3130376483818,57.3767372641054
Jordan,JOR,2019,20,51.7328541118826,47.9051244527257,54.812239915914
Bahamas,BHS,2019,7,51.4012620723731,44.8538674715489,57.2446449421645
Cyprus,CYP,2019,17,51.3341448523186,47.8483347574943,56.5504220257865
Italy,ITA,2019,20,50.659179160601,46.4984349311607,53.0955741325844
Bulgaria,BGR,2019,22,50.588956059312,48.5199960866984,53.4194627027534
Mexico,MEX,2019,24,50.54406222567,48.0951773972526,52.2073979445052
Bahrain,BHR,2019,14,50.4305551217315,36.8404329985269,55.2155816995634
Latvia,LVA,2019,20,50.3578777938385,49.5807841836249,55.5363228892944
Iran,IRN,2019,9,50.0350970568257,43.2065236521978,52.269263527163
Fiji,FJI,2019,10,49.9788375829389,43.6663166165984,51.1462481995322
India,IND,2019,24,49.8776413196778,48.32070440613,51.2888895946416
Guyana,GUY,2019,8,49.4045900632248,45.6557909621509,53.5076215475442
Indonesia,IDN,2019,25,49.3451226159543,48.2210004080744,50.7655966888163
Puerto Rico,PRI,2019,8,48.9849489327246,44.8000957877439,57.2038175957449
Montenegro,MNE,2019,12,48.5130340251725,44.3889522847538,50.6693573343379
Guatemala,GTM,2019,19,48.2022210358363,46.5023897190113,51.1421081544688
Philippines,PHL,2019,25,47.6819060809887,46.713511777122,49.0183221557172
Brunei,BRN,2019,13,46.7720969762399,44.6148701770997,55.6388511141388
Morocco,MAR,2019,20,46.6567245796786,43.7081331718609,50.2949228792264
Slovenia,SVN,2019,18,46.4238557697982,44.594487090525,50.9417439685488
Gabon,GAB,2019,7,46.0913790267597,41.729682030188,48.3980882698214
Bolivia,BOL,2019,16,45.8940978842624,38.2112420721643,46.8964424163294
Belize,BLZ,2019,8,45.6645424175222,42.2469359198737,49.0821489151706
Cabo Verde,CPV,2019,13,45.6578061973589,44.3482740187773,50.8907128291629
North Macedonia,MKD,2019,17,45.6031361471272,43.5273246700681,48.5654829305596
Armenia,ARM,2019,17,45.5992426548143,44.327625285513,50.7074508508542
Botswana,BWA,2019,19,45.5015633968013,41.2833819989811,46.8257592249723
Nepal,NPL,2019,11,45.4876081551044,38.8929087657843,48.7873773143788
Yemen,YEM,2019,6,45.091717415237,41.4729523459816,48.5423906752137
Costa Rica,CRI,2019,22,45.0019755961992,44.0693838350392,50.2816019826515
Sri Lanka,LKA,2019,18,44.4775319452363,36.2735725134676,48.8625013972251
Croatia,HRV,2019,21,44.4530028242888,43.2410967079708,48.4610286698745
Belarus,BLR,2019,10,44.2861113463052,38.9729155585051,46.8061476252009
Jamaica,JAM,2019,20,43.5846081230079,38.3318703334689,44.6411112067853
Trinidad and Tobago,TTO,2019,20,42.9898016442349,40.4711774914414,45.6839457159958
South Africa,ZAF,2019,24,42.9434270532451,38.703636426104,44.2134189642639
Vietnam,VNM,2019,22,42.8047888249422,39.8824099039381,46.5436768744603
Laos,LAO,2019,13,42.7715289864766,37.2197717601184,48.8585040571321
Haiti,HTI,2019,12,42.6650804278043,38.1463593549256,45.8990562629123
Greece,GRC,2019,22,42.6589560590879,40.7793157203393,44.4014026505994
Namibia,NAM,2019,17,42.6589560590879,39.9482448712974,47.401862631971
Eswatini,SWZ,2019,13,42.4464720296877,41.2760735685177,48.9269587053735
Romania,ROU,2019,15,42.3677979372811,40.8250432210751,52.0657977017765
Colombia,COL,2019,25,42.0662495683682,41.002766034696,43.3167310234064
Angola,AGO,2019,17,41.5698378489012,40.3389414079889,45.2219030562491
Lebanon,LBN,2019,19,41.1976231068661,36.5660044504982,44.216627165698
Tajikistan,TJK,2019,13,41.1617959529181,36.2724328563939,44.5315399157704
Uruguay,URY,2019,21,41.1617959529181,39.7056819031209,44.4493360539417
Republic of Congo,COG,2019,6,40.6580556380445,37.6593066948183,43.6568045812707
Uzbekistan,UZB,2019,8,40.3828919877538,35.3788413887283,45.3957319116685
Papua New Guinea,PNG,2019,11,40.2107629805936,37.8364466759632,47.4495916598974
El Salvador,SLV,2019,17,39.9458574391207,34.7580930702252,40.7760875676714
Ghana,GHA,2019,16,39.341802993568,28.8296247583226,39.9460425222812
Ecuador,ECU,2019,18,39.2178311910441,36.0234211891756,43.4335111119833
Comoros,COM,2019,6,39.2134322781106,33.4657784947894,40.4643313455998
Georgia,GEO,2019,18,39.0689755213455,36.8206525215368,41.8842011663585
Afghanistan,AFG,2019,6,38.996768690778,34.6210290240839,39.9549662581318
Guinea-Bissau,GNB,2019,8,38.8281145810978,32.4664405568348,39.4254388531634
Honduras,HND,2019,15,38.7910173712142,31.984394461923,40.0926110408491
Tunisia,TUN,2019,19,38.5544843599366,35.1740785573966,40.8232042196563
Niger,NER,2019,8,38.3819601561823,34.4799438568872,42.2839764554774
Central African Republic,CAF,2019,6,37.5592185130233,34.8221449078405,42.6898314059025
Sierra Leone,SLE,2019,13,37.355823779066,34.9518300755654,42.6841529551862
Kazakhstan,KAZ,2019,22,37.1660413488531,35.2252067583852,38.5357034444584
Democratic Republic of Congo,COD,2019,12,37.0035002134684,33.0686278212948,40.9289450001184
Peru,PER,2019,23,36.5235133781168,34.1755214241333,40.8725168627718
Lithuania,LTU,2019,20,36.2633292485035,33.4603887700381,38.8551386039921
São Tomé and Príncipe,STP,2019,6,36.2346478752628,34.466293773806,41.3683500815494
Zimbabwe,ZWE,2019,14,35.8569739544162,35.0982791273783,42.4021981639139
Ethiopia,ETH,2019,7,35.3356717240157,30.0667430094374,41.8938365146419
Venezuela,VEN,2019,9,35.3096271880179,29.2210147175304,37.884185261252
Paraguay,PRY,2019,17,35.2296914295444,32.3809334389187,38.1687840166816
Azerbaijan,AZE,2019,19,34.5047538061661,30.7732503675489,36.9972123802825
Nicaragua,NIC,2019,15,34.0979080840222,32.0085121292943,37.8793008031204
Serbia,SRB,2019,20,33.910700251836,30.7635903167918,35.8005761545418
Bosnia and Herzegovina,BIH,2019,15,33.6819063963488,31.2199585105934,39.9310377453704
Hungary,HUN,2019,23,33.4283781807951,32.5201087568994,36.3631960155737
Algeria,DZA,2019,14,33.3747778137244,32.0370923307726,38.8558994480578
Ukraine,UKR,2019,20,33.3302691622455,31.6328820294642,40.3367662715407
Albania,ALB,2019,16,33.3229297461342,30.1004047086654,36.5454547836029
Suriname,SUR,2019,8,32.9710064496724,30.6809029321126,39.9056925743387
Madagascar,MDG,2019,14,32.7814911098106,26.9642535574563,37.8907115847043
Moldova,MDA,2019,14,32.7018798144436,29.5098025881978,36.2410885550157
Bangladesh,BGD,2019,18,32.6617905588561,30.0577211147285,36.112774521507
Sudan,SDN,2019,8,32.5842439270559,30.8362878341484,37.7527463407536
South Sudan,SSD,2019,6,32.5546092052834,28.6646727505694,36.0653174426535
Kyrgyzstan,KGZ,2019,14,32.4420117183603,29.6287765023684,37.1146227098992
Gambia,GMB,2019,11,32.2162547181335,30.8342612863714,39.0703535822703
Togo,TGO,2019,8,31.991782138332,29.676836387826,36.445142805823
Pakistan,PAK,2019,21,31.69301346482,29.4367924431797,34.9975107685868
Myanmar,MMR,2019,11,31.3949936894912,27.0990176960162,35.6909696829663
Senegal,SEN,2019,16,31.0887848188087,29.5124915541064,36.5280003582467
Cambodia,KHM,2019,18,30.8267871089224,27.0494439531039,36.467746525283
Benin,BEN,2019,13,30.4368685069204,25.8357733995062,33.5550791377972
Rwanda,RWA,2019,17,30.4368685069204,26.4200110951312,32.6752717496599
Kenya,KEN,2019,18,29.7829262917311,22.9797439746724,31.7257223054221
Dominican Republic,DOM,2019,20,29.7639767989234,27.7235429463148,31.9683845621512
Iraq,IRQ,2019,7,29.2700192901846,25.7580738205545,32.1290773829552
Malawi,MWI,2019,13,29.1034636508361,26.7800325028151,33.8548655503206
Cameroon,CMR,2019,15,29.0038218023078,24.5715722985951,30.2452362994529
Mali,MLI,2019,15,28.8427919984587,23.6033331062815,31.4639645847783
Egypt,EGY,2019,20,28.7610309375547,25.3258157216299,32.1962461534795
Libya,LBY,2019,6,28.7502749616266,24.4424172262438,31.5342962962497
Guinea,GIN,2019,14,28.2101560098394,24.3678537980481,34.1004565657585
Burundi,BDI,2019,10,27.8069075356988,23.2808960311627,30.6783697551981
Argentina,ARG,2019,24,27.2706174165762,25.8154972734555,29.0239191724191
Nigeria,NGA,2019,23,26.8778212266275,25.7418571675214,29.4843877566975
Mauritania,MRT,2019,11,26.8136590282738,22.0077582869034,29.6194911400305
Mongolia,MNG,2019,16,25.1452194972833,22.8668512527673,32.0792415202002
Tanzania,TZA,2019,16,24.1666791989837,18.3195187667854,28.8897359704159
Côte d'Ivoire,CIV,2019,16,24.0746598988313,19.9389190716972,28.2004705883153
Mozambique,MOZ,2019,16,23.4768242140635,20.7124404986702,29.0544854720067
Liberia,LBR,2019,13,23.2399316627723,20.8513327481361,29.0719526676482
Burkina Faso,BFA,2019,14,23.0952957999593,19.5914958930196,26.4843820929204
Chad,TCD,2019,11,22.9711190478475,21.5867078399716,29.6988757053948
Uganda,UGA,2019,16,22.8204465203847,16.6271923047163,28.3476546263257
Barbados,BRB,2019,10,21.9615001354129,18.0320194944874,27.1639199888792
Zambia,ZMB,2019,17,21.6798954210181,19.6119812015754,25.2726900259103
Lesotho,LSO,2019,14,21.6359714357883,15.3514168595309,25.3296168105803
Timor-Leste,TLS,2019,4,19.4660028100209,16.0444309533771,27.7935831024377
Japan,JPN,2018,22,89.8119429436457,83.622220479079,91.4703281466321
Hong Kong,HKG,2018,21,84.0580174164364,78.4252068035523,89.3256296672134
Switzerland,CHE,2018,20,81.2193331106901,74.0995717209348,82.6087770676604
Australia,AUS,2018,20,77.4854208372419,71.6312895186781,87.1407844672611
Germany,DEU,2018,21,77.3665123209083,72.9546058569557,80.4659188030686
Canada,CAN,2018,18,77.0007073128775,71.0487961149724,82.3932189568407
United States of America,USA,2018,20,76.0923444675304,72.8224699632756,84.5356141172995
New Zealand,NZL,2018,20,75.540328382367,73.169265955457,85.5777539295836
Singapore,SGP,2018,21,75.3522087022564,73.2631820749859,82.9312330558525
Luxembourg,LUX,2018,20,75.1605330181952,74.0856484028905,84.4352166628708
United Kingdom,GBR,2018,19,74.0866738663043,73.28628562985,81.1027729235826
Sweden,SWE,2018,21,73.5827591872894,69.7984416782231,77.3670766963557
Thailand,THA,2018,25,71.5439470263127,69.9125933723388,73.4141539763544
China,CHN,2018,22,71.1974775027258,69.3108122086695,77.7300593923512
South Korea,KOR,2018,23,70.4402492817221,68.2915524645018,72.9723187732587
Malaysia,MYS,2018,24,70.3634884996027,66.2677074133659,72.1071408918144
Belgium,BEL,2018,20,69.994646857054,63.9149952233304,71.5332454110152
Norway,NOR,2018,23,69.1787092922646,64.7379618456965,70.0586696368675
Netherlands,NLD,2018,21,68.9658183771379,66.4824719792207,74.5210821057585
United Arab Emirates,ARE,2018,19,68.1260871958305,65.5558190741928,73.5139173334363
France,FRA,2018,20,67.7630134755396,66.0315774739611,73.3378622713968
Finland,FIN,2018,20,67.1005861920301,61.0438294739444,69.516581422766
Israel,ISR,2018,23,66.4306471708651,64.2221887483033,71.5447159488718
Poland,POL,2018,21,66.3798576251888,66.139308766854,77.0480079509463
Ireland,IRL,2018,21,65.6446983692195,59.1289093059619,69.4959990999208
Spain,ESP,2018,22,65.0434953932009,61.4758876489252,66.7998668855708
Kuwait,KWT,2018,19,64.4972762113365,61.96175272783,69.9350388584019
Austria,AUT,2018,22,64.0812567807468,61.7278258485107,66.1578842670127
Chile,CHL,2018,24,62.8468834885249,58.6514812684949,64.1795347667712
Malta,MLT,2018,20,62.0366128498579,61.2113540104036,66.4201784207352
Seychelles,SYC,2018,14,60.0863466979815,51.2156108180219,63.7297478298701
Denmark,DNK,2018,21,59.8763948236774,56.1001976614942,62.5971152282188
Qatar,QAT,2018,22,59.4990172608747,58.3767137719395,65.0779089677151
Taiwan,TWN,2018,9,57.2839296860356,54.6403619966111,69.2709518149884
Mauritius,MUS,2018,24,55.6585359459115,54.5498053313315,57.8161530201195
Slovakia,SVK,2018,20,55.6474220530531,52.8722368122463,62.9760634782218
Estonia,EST,2018,19,55.1461481750499,51.8926600688547,59.1066427470599
Russia,RUS,2018,20,54.911680400478,48.5750494029494,57.7261494940207
Turkey,TUR,2018,22,54.2437937243505,50.2530075890228,56.1526821842347
Czech Republic,CZE,2018,21,54.2074411601424,52.9411822526654,62.3765765843967
Portugal,PRT,2018,21,53.791908593401,51.7523463306428,57.6326029260849
Panama,PAN,2018,21,53.7097434747147,52.1184522751228,55.874348745352
Bulgaria,BGR,2018,18,53.4938603123038,48.52955148095,56.1652819878126
Iceland,ISL,2018,21,53.2802247940384,52.7149153658035,59.9126553623623
Brazil,BRA,2018,24,52.9423208425366,51.3298769241712,54.9107572326757
Laos,LAO,2018,13,52.6189355263271,46.1279084006825,59.1099626519718
Mexico,MEX,2018,24,52.4207494661718,49.9631812797328,54.681984223097
Saudi Arabia,SAU,2018,21,52.3431489024095,50.9935016838551,56.800870350171
Cyprus,CYP,2018,17,52.2700941749149,45.3758307285971,55.8081886151103
Guyana,GUY,2018,8,52.028255487934,45.6217350027981,52.9721926080383
North Macedonia,MKD,2018,16,51.8716287325249,47.5931924431687,54.4727954604673
Italy,ITA,2018,20,51.4655024803639,48.9139011100431,57.0632423104961
Bahamas,BHS,2018,7,51.1814202735973,45.1991841892693,57.340301226815
Puerto Rico,PRI,2018,8,50.6931663418314,45.3041822323491,58.2721496607254
Latvia,LVA,2018,20,50.3839632266648,49.5699731431854,56.7441036561523
Oman,OMN,2018,20,50.1355607381426,47.5666808690746,53.891522255585
Bhutan,BTN,2018,11,50.0385279761577,44.9620660742838,54.1658845352287
India,IND,2018,24,49.7709274961735,48.0968633068092,51.2867354954859
Brunei,BRN,2018,13,49.554512577075,44.7946777449687,54.6168087103143
Indonesia,IDN,2018,25,49.4756913436297,48.4128368581591,50.9907433173592
Guatemala,GTM,2018,18,49.257788084472,46.72288476594,52.1999584200362
Armenia,ARM,2018,16,48.658585222152,42.5391172694422,49.343754144139
Jordan,JOR,2018,19,46.8806335837087,43.0966181051607,50.6646490622567
Gabon,GAB,2018,7,46.8364551277035,41.9386668182579,49.5898732780971
South Africa,ZAF,2018,24,46.7789242895168,42.5586650290898,48.3149331286642
Philippines,PHL,2018,24,46.663240048842,45.4569382951337,51.1786783531809
Belize,BLZ,2018,8,45.6261480860978,44.5862260697017,51.31801218044
Iran,IRN,2018,9,45.6252264468709,43.1258247322656,51.487415647677
Fiji,FJI,2018,9,45.5124922987213,42.0077735479771,50.6920075511826
Slovenia,SVN,2018,18,45.4551237459806,43.4409691814514,51.3245047475828
Costa Rica,CRI,2018,22,45.2822125381387,43.5771410374019,49.5055799386655
Croatia,HRV,2018,20,45.0108764294442,42.7685648073874,50.8706234393503
Cabo Verde,CPV,2018,13,44.8575818411651,43.1722529494529,49.8922931303379
Eswatini,SWZ,2018,13,44.7198794167981,40.9333605655444,48.6796801446464
Yemen,YEM,2018,6,44.5741181040132,40.3917188677307,47.191013937285
Papua New Guinea,PNG,2018,11,44.2418698436736,37.4412833356605,47.4623419796224
Botswana,BWA,2018,17,43.5851709063034,41.7653942982578,47.748922640704
Bolivia,BOL,2018,15,43.4516780213279,39.5258269459275,47.1291504430353
El Salvador,SLV,2018,16,42.9381068164677,38.8795042980732,46.9967093348622
Colombia,COL,2018,24,42.8772028789354,40.7655040984874,43.9961015985112
Georgia,GEO,2018,17,42.8737522966623,36.2111007661319,46.5379257337439
Vietnam,VNM,2018,22,42.6935745158848,40.8994840764817,45.9011530250399
Belarus,BLR,2018,10,42.2100752677051,38.8810125910698,46.8144199286983
Trinidad and Tobago,TTO,2018,19,42.1792459920875,39.215263171293,45.1834511029136
Angola,AGO,2018,11,41.6897110508106,38.961179193453,48.1606783083306
Namibia,NAM,2018,15,41.6408098479465,39.054135365875,53.3163375670967
Haiti,HTI,2018,12,41.4767191561404,37.496707153544,44.7087822272133
Bahrain,BHR,2018,14,41.2554479547799,36.8983023019644,51.6319835596741
Nepal,NPL,2018,11,40.987801454484,36.9131927432617,47.0854901307011
Morocco,MAR,2018,20,40.6607687800096,40.0089630364942,44.715489952011
Greece,GRC,2018,21,40.6219361137426,38.6276472775587,44.9878062455359
Lebanon,LBN,2018,18,40.5484536677322,39.0153269641024,47.5687077588175
Sri Lanka,LKA,2018,18,40.5333353894698,36.538092119005,47.9281975719474
Uruguay,URY,2018,19,40.1782142399974,35.9733546831161,43.1393424168863
Tajikistan,TJK,2018,12,40.0621930804716,36.7093282977158,45.0543512491543
Romania,ROU,2018,15,39.9939227162669,36.17611534779,48.1277259338141
Montenegro,MNE,2018,11,39.9318071597464,35.6219460482,44.2416682712929
Jamaica,JAM,2018,20,39.9024798180084,38.2753621270756,44.217032422245
Paraguay,PRY,2018,16,39.0498061483528,31.3957670931348,42.0600482649024
Ukraine,UKR,2018,19,39.0498061483528,31.0729538625001,42.6265608243608
Uzbekistan,UZB,2018,8,38.743918715971,34.8844819427805,44.826475656162
Central African Republic,CAF,2018,6,38.6903966572007,34.8556553662306,42.2204898983128
Sierra Leone,SLE,2018,12,38.6872145111295,33.4653841412694,40.1885934545356
São Tomé and Príncipe,STP,2018,6,38.4553342133642,34.6484067792343,41.8661771170332
Republic of Congo,COG,2018,6,38.3152726741096,33.4923154480085,39.3411085110396
Zimbabwe,ZWE,2018,13,38.2447661460612,32.7673719923734,41.0563776749588
Kazakhstan,KAZ,2018,22,37.4751302336746,34.4643631339958,39.1860451609226
Peru,PER,2018,23,36.9831599983457,36.6329171601161,42.97128515052
Lithuania,LTU,2018,20,36.6663785654915,33.0544440346037,38.0389588534062
Democratic Republic of Congo,COD,2018,11,36.4577934808975,34.1539524849266,42.4015757871228
Guinea-Bissau,GNB,2018,8,36.3274665797614,33.1241794330743,39.5238055337531
Comoros,COM,2018,6,36.0285902365975,32.8285738298407,40.5448409961039
Sudan,SDN,2018,8,35.6695529778682,30.889026416759,37.3831312108259
Albania,ALB,2018,16,35.5162383828497,30.903727980933,38.1199370110533
Nicaragua,NIC,2018,13,35.4608286181344,30.0108322626429,38.8913931218244
Honduras,HND,2018,15,35.3093369573072,30.9212087187847,38.5164990437135
Niger,NER,2018,8,35.1956745548108,29.7325233416326,36.4892961118295
Tunisia,TUN,2018,17,35.0734156123151,33.9305037757141,40.4846339228103
Azerbaijan,AZE,2018,19,34.7824556953685,31.9937072683327,37.2854625215682
Bosnia and Herzegovina,BIH,2018,15,34.7425063210108,31.2255653589039,39.8625819613166
Afghanistan,AFG,2018,5,34.6815552285152,34.3647773434246,41.0818320984646
Ecuador,ECU,2018,18,34.6797816493711,33.719046200861,41.0757129502372
Ethiopia,ETH,2018,7,34.0272713262479,30.1169063112979,41.450273326677
Kyrgyzstan,KGZ,2018,12,33.8942745079905,29.1858891732522,36.9325035906222
Ghana,GHA,2018,16,33.6582162975757,26.6657967459682,37.1073598807185
Bangladesh,BGD,2018,18,33.6207235010361,30.082126607262,36.1562144156824
Madagascar,MDG,2018,14,33.5559878140858,26.3483602190591,37.4849648799445
Hungary,HUN,2018,23,33.4129251380011,32.7277767693745,37.5574667624492
Cambodia,KHM,2018,14,33.1887079048818,24.9993619166725,37.1889420626678
Suriname,SUR,2018,7,33.0963222121197,30.0939124322893,36.649235988632
Togo,TGO,2018,8,33.07841034548,29.6553773672518,37.530237282541
Gambia,GMB,2018,11,32.6740911181853,28.703082671269,35.9495214117631
Mali,MLI,2018,15,32.5767519906466,27.8699536513187,37.2835503299745
South Sudan,SSD,2018,6,32.0689982678864,30.0244970121533,36.6283128938748
Senegal,SEN,2018,14,31.1799041035267,28.7703446263633,37.7666421688348
Venezuela,VEN,2018,8,31.1188615409074,28.7077981367922,37.4304701750666
Serbia,SRB,2018,19,30.9885588602914,27.3404400872539,33.6318787506576
Argentina,ARG,2018,24,30.2755703504588,29.105621526399,31.7421000515799
Rwanda,RWA,2018,15,29.8042329404445,26.4213160620856,33.986280078532
Egypt,EGY,2018,20,29.7163402845097,27.7815265753964,35.282456774471
Kenya,KEN,2018,17,29.4893311077185,24.5301354521586,35.2461868343636
Algeria,DZA,2018,14,28.998805468866,28.8641900000126,36.3973581313159
Cameroon,CMR,2018,14,28.3926669673174,23.9185958693732,31.1884624812038
Iraq,IRQ,2018,6,28.3486279743792,26.4981640387613,32.6672684681216
Burkina Faso,BFA,2018,9,28.2008470782169,20.6738873578632,29.9572051084873
Pakistan,PAK,2018,20,28.1223202190754,27.7727682078935,33.7380699455276
Moldova,MDA,2018,14,28.0967062600889,26.296688503458,33.3484183225446
Dominican Republic,DOM,2018,20,26.7503336599992,26.4567807140423,30.8743902168775
Guinea,GIN,2018,14,26.7503336599992,24.7080936022705,34.241233012134
Nigeria,NGA,2018,23,26.7050526102785,26.0546273849706,30.769229899797
Myanmar,MMR,2018,10,26.5326499405147,23.1502772386519,32.0212291563526
Malawi,MWI,2018,12,26.5183617335858,25.0790463069524,33.0433057481673
Benin,BEN,2018,12,26.2700583382583,23.0046574859329,31.4456989147167
Burundi,BDI,2018,10,26.1918559360557,23.0654313946759,30.5803489646976
Côte d'Ivoire,CIV,2018,16,25.9373558600702,21.8476100774739,30.3281166864322
Barbados,BRB,2018,9,25.5528162481939,18.2605816459217,28.797140240656
Mongolia,MNG,2018,16,25.533369626263,20.7390789095554,28.9733765273059
Libya,LBY,2018,6,25.4138269130388,22.966623934288,29.544992770252
Tanzania,TZA,2018,16,25.0086649564213,18.2113290177806,30.3193195639431
Liberia,LBR,2018,13,24.4549247437427,20.6720230217618,27.944365559002
Mauritania,MRT,2018,11,24.2388954321677,20.1534396783978,28.9831841640083
Uganda,UGA,2018,16,24.0395491803301,16.0517010700471,27.450049780653
Lesotho,LSO,2018,13,23.5695458326045,16.6361466646227,26.8057076078595
Mozambique,MOZ,2018,16,22.5882628551019,21.5185306629956,29.1423328839411
Chad,TCD,2018,11,22.5516268249915,20.5831936509315,28.822072510009
Zambia,ZMB,2018,16,19.6455328679767,18.0631167766725,25.4124321483473
Timor-Leste,TLS,2018,4,18.2456494700271,15.4452064741059,26.8556732616645
Japan,JPN,2017,22,89.3858986594662,84.0253635203707,92.4168968296892
Hong Kong,HKG,2017,20,88.7666471128964,84.2189876972327,95.539261198009
Switzerland,CHE,2017,23,81.6864673863199,79.1588213443114,83.8637704319258
Germany,DEU,2017,21,81.6747732844749,76.7873366895704,84.1780458172204
Australia,AUS,2017,20,80.2142852663903,73.5365564363951,88.056637046092
New Zealand,NZL,2017,20,79.5003128829845,74.6986761946271,86.5822963995177
Canada,CAN,2017,18,79.1435025143196,71.1680150450502,82.7435985165187
Luxembourg,LUX,2017,20,75.688419091741,74.3408799977297,86.0944167696179
China,CHN,2017,23,75.6627455361425,71.8675127130982,80.0073739098706
United Kingdom,GBR,2017,19,75.1852696381411,72.9256476718855,80.9797875669562
United States of America,USA,2017,20,75.0866522614171,72.6960277200253,84.8863289642487
Singapore,SGP,2017,21,73.6276167318994,72.7496680200147,82.1904408184135
South Korea,KOR,2017,23,73.4121698283185,70.4979473782114,76.5893519744339
France,FRA,2017,20,72.387103237849,66.8172880644585,75.8237542132083
Kuwait,KWT,2017,19,70.4943215850727,64.2770912733668,73.3094292633146
Belgium,BEL,2017,20,69.9828092487927,67.6591654303237,75.9471647360825
Thailand,THA,2017,25,69.1183509980327,67.5728097962289,70.846088460159
Poland,POL,2017,21,69.1021390995617,66.8554187599054,77.1990854934297
Malaysia,MYS,2017,24,69.0072651531441,65.7652698136685,70.2886671447319
Norway,NOR,2017,23,68.8757381443433,65.7468642679715,71.4079138668576
Sweden,SWE,2017,21,66.9933848743694,64.361010000442,71.8337129828132
Taiwan,TWN,2017,9,66.774430249473,57.0568035317998,70.9675464186274
Israel,ISR,2017,23,66.1810759570295,64.1579100052445,71.0729683927299
Austria,AUT,2017,22,65.5415061643684,62.9105210005664,67.9703013400997
Malta,MLT,2017,20,65.0831391259289,62.7845698119314,69.2275170685793
United Arab Emirates,ARE,2017,19,65.0831391259289,63.8775331641202,70.7792435578922
Netherlands,NLD,2017,20,65.0743252187859,63.5115602634176,72.2112614245763
Spain,ESP,2017,22,63.9802015950384,61.1273081537581,65.5800763462412
Qatar,QAT,2017,22,63.3889161137453,59.0988559230264,65.513997570773
Finland,FIN,2017,20,63.0100913047077,61.7455543559043,69.4341431081852
Chile,CHL,2017,24,61.777948216032,57.6587881783926,63.2220849439184
Denmark,DNK,2017,21,59.2181949317745,55.2655266449452,62.4754519163632
Ireland,IRL,2017,21,58.7120388121673,57.7633888205479,67.9944485755927
Mexico,MEX,2017,24,58.1890138912361,54.7049078231465,60.5860097338785
Slovakia,SVK,2017,20,58.1743103689319,51.6909621198083,61.6435236688215
Czech Republic,CZE,2017,21,56.7685397978259,53.7124383049954,62.8870373791085
Panama,PAN,2017,21,56.4899838403792,53.5554682356581,58.2225700125211
Namibia,NAM,2017,15,56.444735037671,49.5623308341771,63.3271392411649
Portugal,PRT,2017,21,56.3740473385601,52.7791770614706,58.6018516523309
South Africa,ZAF,2017,25,55.4385719901547,53.300637780951,57.6904878686476
Iceland,ISL,2017,21,55.4225198109739,53.5067831083202,60.5163107246091
Seychelles,SYC,2017,10,55.4117022553502,48.1148425535212,65.8246416530466
Slovenia,SVN,2017,18,55.0748669199281,50.2629916361154,59.8867422037408
Estonia,EST,2017,19,55.0348676287683,52.9693614604326,60.7492477623757
Saudi Arabia,SAU,2017,21,54.2344809105063,51.7450664311537,58.5841017702925
Turkey,TUR,2017,22,54.1441831035174,50.8053001660515,57.28748927254
Mauritius,MUS,2017,21,53.7910713783764,50.3116051241467,56.2763670349146
Bahrain,BHR,2017,15,52.8240765232861,46.3811123711844,58.6643997326257
Latvia,LVA,2017,20,52.8240765232861,51.2249452056433,61.4766585012298
Russia,RUS,2017,20,52.8240765232861,47.144225137197,58.4494338508653
Bulgaria,BGR,2017,18,52.2727237346382,49.4315949013442,57.3411957107456
Italy,ITA,2017,20,52.011008326836,48.9271801661015,57.3133652623779
Brazil,BRA,2017,24,51.5497557846014,51.2422490837475,54.552344034606
Indonesia,IDN,2017,25,51.0940281040123,49.9510080780612,52.6107470568679
India,IND,2017,24,50.4141870315006,48.5806335819834,51.6039320902001
Cyprus,CYP,2017,17,49.8853605159658,44.6374016741397,54.8714984432595
Guatemala,GTM,2017,15,49.8604552673691,45.5196661365996,52.7316469350945
Oman,OMN,2017,20,49.2538523989506,47.109108941415,52.5937383907164
Philippines,PHL,2017,24,49.177118103282,46.4371431038039,52.605690263152
Lebanon,LBN,2017,18,48.8699812883621,41.5859105322853,49.7387508542038
Jordan,JOR,2017,19,48.186801102731,46.8257219238152,55.833460786563
Bhutan,BTN,2017,11,48.0786480686453,43.7153600276867,53.3360718176839
North Macedonia,MKD,2017,17,48.0786480686453,46.9019509854921,54.0166191464217
Guyana,GUY,2017,9,47.6562105926074,44.161444195135,51.7555863540821
Croatia,HRV,2017,20,46.911753319362,43.412365368517,50.6566050826776
Bahamas,BHS,2017,8,46.2511482233844,44.124227172774,52.6191717360889
Uruguay,URY,2017,19,45.925356711317,38.4580403712637,46.8932541801799
Cabo Verde,CPV,2017,13,45.8587815857685,42.2399311221103,50.0503055621128
Brunei,BRN,2017,14,45.5133638726746,45.2924853962456,53.7837535119355
Iran,IRN,2017,12,44.9949369453924,43.1001247496592,50.5511312562023
Tajikistan,TJK,2017,11,44.9041727396008,36.7879243836526,45.6296503775131
Costa Rica,CRI,2017,19,44.8647206628915,42.3020257373577,49.7438912590738
Yemen,YEM,2017,6,44.663181688851,40.1063801590234,46.2443228822768
Bolivia,BOL,2017,15,44.4223823448118,39.5149286243004,47.7251772980975
Colombia,COL,2017,24,44.325614795375,42.4797261016564,45.6210142055036
Gabon,GAB,2017,11,44.2554850719962,41.99554963456,47.4943076890031
Eswatini,SWZ,2017,11,44.23169111551,37.804296273819,48.0782481682056
Fiji,FJI,2017,9,43.6967705649989,38.7370406370761,46.3570523754932
Uzbekistan,UZB,2017,7,43.3812855366649,33.954085241833,44.0902379397528
Botswana,BWA,2017,17,42.9769311714508,40.928968839154,46.8204884981961
Belize,BLZ,2017,7,42.7782189995866,42.4091986313515,50.3779938571704
Montenegro,MNE,2017,12,42.4312188445113,38.718084283474,45.9633824967199
Nepal,NPL,2017,12,42.1798961881878,37.1428844254947,47.5012604593397
Armenia,ARM,2017,16,41.8418130753093,39.4928403404641,46.7893491487811
Haiti,HTI,2017,11,41.6457876905654,37.9269839498668,45.118481077635
Laos,LAO,2017,13,41.6196546226739,36.7739509510632,49.8684924477687
Papua New Guinea,PNG,2017,10,41.6192669813153,35.5374290744912,45.3682376621539
Peru,PER,2017,23,41.5076150521096,38.8576445973361,45.6428978303042
Vietnam,VNM,2017,22,41.274167323525,39.3746845127498,44.145340423552
Belarus,BLR,2017,8,41.2372480481001,36.0345949824662,46.4399011137341
Sri Lanka,LKA,2017,18,40.5802644681278,35.9860336788279,46.164907739664
Central African Republic,CAF,2017,6,39.2528810219716,34.535452947998,41.6668438024049
Morocco,MAR,2017,20,39.1212593140663,37.275295854177,42.3200401252051
Romania,ROU,2017,15,39.1102198783137,36.5464652461796,48.2588756462673
Trinidad and Tobago,TTO,2017,20,39.1102198783137,38.1606960105756,44.5202584431768
El Salvador,SLV,2017,13,38.7929710117594,33.921711363584,43.7368544475932
Madagascar,MDG,2017,14,38.7929710117594,33.1377761367101,44.4481658868086
Kazakhstan,KAZ,2017,21,38.722403399235,37.7541614915654,44.1142404274531
Jamaica,JAM,2017,19,38.1595619040215,34.9522557064105,42.8959540947383
Ukraine,UKR,2017,16,37.9559942963643,33.7142735351624,43.1428611189464
Greece,GRC,2017,21,37.9310895417894,36.308868259234,42.8300540477064
Tunisia,TUN,2017,16,37.1456392314617,33.8990511469566,40.2426762469593
Lithuania,LTU,2017,17,36.8017432666827,33.667687281961,40.8275955686029
Guinea-Bissau,GNB,2017,8,36.8010401102717,32.8072667939813,39.6430429050304
Sierra Leone,SLE,2017,12,36.6248696212364,31.6430237130466,38.466796964914
Sudan,SDN,2017,7,36.5106389269099,30.9143280731288,37.6789666406118
Bosnia and Herzegovina,BIH,2017,15,36.4007508746296,28.9678721471847,38.0507719020122
Angola,AGO,2017,11,35.7754420135485,30.4621695861927,41.0887144409043
Democratic Republic of Congo,COD,2017,11,35.5834287999938,32.9791531037633,40.6999186805229
Georgia,GEO,2017,17,35.4247899763979,34.1249143543135,46.0026764173608
Azerbaijan,AZE,2017,18,35.1720298733411,32.4479072096225,39.1504583187321
Niger,NER,2017,8,34.9871136188351,29.5418536601521,36.4520916957935
São Tomé and Príncipe,STP,2017,6,34.4927553156794,30.5804425872388,38.40506804412
Ethiopia,ETH,2017,7,34.2103909831722,29.5389807646218,40.4854719618403
Paraguay,PRY,2017,15,33.4227370382909,30.334110032464,41.2525893534441
Suriname,SUR,2017,7,33.3187344715119,29.0284210148302,35.3652781110119
Republic of Congo,COG,2017,6,33.1347451945049,30.3252300025334,35.9442603864763
Zimbabwe,ZWE,2017,13,33.1347451945049,31.284681929737,39.6488352207966
South Sudan,SSD,2017,6,32.7764478133257,29.7281554227624,37.2768806940787
Afghanistan,AFG,2017,5,32.5239484973827,28.8196417396146,36.2282552551507
Nigeria,NGA,2017,23,32.5239484973827,29.5998548093021,35.7074756017299
Comoros,COM,2017,6,32.4619246002831,28.6742336586118,36.2496155419545
Ecuador,ECU,2017,15,32.3868151377138,26.0116701275641,35.3900763345499
Ghana,GHA,2017,16,31.9327239286283,26.0034723814392,35.0896489484074
Kyrgyzstan,KGZ,2017,12,31.8446928954223,26.5173800190209,34.9411110157167
Bangladesh,BGD,2017,19,31.8380847953823,26.8158045855574,33.4400042864947
Nicaragua,NIC,2017,12,31.610026780536,27.0795201576046,35.1443534671242
Hungary,HUN,2017,23,31.522467295369,30.6520758124201,38.9937536940342
Togo,TGO,2017,9,31.3514393476746,29.3135773419697,36.1298580177343
Senegal,SEN,2017,15,30.5791616352816,27.6265837795487,35.6600420472319
Egypt,EGY,2017,19,30.4762817366362,25.8634637696453,33.115912351001
Gambia,GMB,2017,7,30.4762817366362,27.391595259919,35.738805638505
Iraq,IRQ,2017,7,30.3646751916391,26.4698681624291,32.4887884662818
Argentina,ARG,2017,24,29.7665791071781,28.6340009467039,31.1849396835743
Moldova,MDA,2017,14,29.755801965478,23.8988704082391,32.6440135839413
Kenya,KEN,2017,17,29.7010009519933,23.4011011136917,34.561946048222
Côte d'Ivoire,CIV,2017,16,29.4168553454821,22.5550353314681,29.8302071535155
Cameroon,CMR,2017,14,29.315379606672,22.9251941999212,30.6624423928841
Honduras,HND,2017,14,29.2056191965215,27.6370492350609,36.4746959589695
Albania,ALB,2017,16,29.0766730476035,27.0093549278643,34.6967377217693
Venezuela,VEN,2017,10,28.9663166371185,27.0019724881738,33.514117426339
Cambodia,KHM,2017,14,28.931165530146,22.4300895434073,34.1155415896377
Burundi,BDI,2017,10,28.8986052155183,24.8750302747271,31.3155384214763
Benin,BEN,2017,12,27.8666071497546,24.5237303023148,32.8622315378882
Dominican Republic,DOM,2017,19,27.8550324130583,24.4843586924139,30.2949733479718
Mali,MLI,2017,14,27.5464381901676,21.9800125760413,31.0794214472021
Rwanda,RWA,2017,15,27.1764966249596,24.8281044412241,33.2461531898624
Pakistan,PAK,2017,20,26.5546984954874,24.6401243566358,31.4879153387049
Algeria,DZA,2017,14,26.5007551621503,25.8163939746021,34.8028565370517
Guinea,GIN,2017,8,25.9706756662198,22.2931598286666,36.0063034918619
Uganda,UGA,2017,16,25.1303664125476,15.1484866958432,26.8969993813124
Myanmar,MMR,2017,10,25.0985076803791,20.9202890041523,30.4822977496824
Malawi,MWI,2017,14,24.9190097680166,23.9441870823051,31.4369728113578
Serbia,SRB,2017,19,24.7833468948796,23.3420045700368,29.6906340598114
Libya,LBY,2017,6,24.6439093794118,21.3200364492939,28.3537773688547
Burkina Faso,BFA,2017,9,24.5499079136355,17.3716697880444,25.7865413399811
Lesotho,LSO,2017,12,23.7059365705166,17.3089855127292,27.1195801145021
Liberia,LBR,2017,12,23.6874052517495,21.4115859258418,30.8347933466869
Chad,TCD,2017,11,23.4754508421017,20.6741330958196,28.6116878043225
Mozambique,MOZ,2017,16,22.4913370271872,21.0613021671521,29.6927703307872
Mauritania,MRT,2017,12,22.0199547636726,19.3562950509378,28.1053250486053
Barbados,BRB,2017,13,21.8152992700279,20.9454395752096,27.8973139797392
Tanzania,TZA,2017,16,20.6367593218626,17.0466086514706,26.1333595639805
Mongolia,MNG,2017,16,20.5909207204676,17.6785186209328,27.0033105418252
Zambia,ZMB,2017,16,20.0649621593594,18.7884718990044,26.2918842147752
Timor-Leste,TLS,2017,4,17.0252961300338,14.8459819948345,25.9177634208913
Japan,JPN,2016,21,88.3875494627087,83.2439386768769,91.4476049313573
Hong Kong,HKG,2016,21,84.5671437899511,80.3666184565226,90.7591038362995
Switzerland,CHE,2016,22,79.6621063213842,76.710014060369,81.6361744332599
Canada,CAN,2016,17,78.0558019540122,70.9073644901872,82.8534788603775
United Kingdom,GBR,2016,18,77.9597384581003,74.0109739050026,83.0965961449006
Luxembourg,LUX,2016,18,76.0553362006878,75.9196463905298,91.004986913357
New Zealand,NZL,2016,19,76.0553362006878,74.4106837526705,86.8266935372718
Australia,AUS,2016,19,74.4869467174752,72.6375759371078,88.4175192718066
Belgium,BEL,2016,19,73.7896929432817,67.3352773129499,75.6973580518122
Singapore,SGP,2016,20,73.3581841479522,71.1485988456132,80.9239548957526
United States of America,USA,2016,17,72.789410659057,72.3901670632431,84.0419468101809
Malaysia,MYS,2016,23,72.0384205292103,68.025227211097,73.4748428736108
Germany,DEU,2016,20,71.965480402475,71.5674496101166,78.3446391681735
South Korea,KOR,2016,22,71.701568370982,68.4411148272721,74.8364455399686
Norway,NOR,2016,22,71.5192541276496,66.9513307087678,72.4734155725466
Thailand,THA,2016,24,71.4120995976261,69.3896206523075,73.969227853899
Sweden,SWE,2016,20,69.1766973867652,64.1803436409587,71.1373453185059
Netherlands,NLD,2016,19,67.7910174484733,63.0091902918078,72.5985701752119
France,FRA,2016,20,67.6866938935795,64.6417925586715,72.2484401362629
China,CHN,2016,22,66.0214141030742,63.9348273230875,71.9911242392678
Malta,MLT,2016,16,66.0214141030742,62.0791314782005,71.6767525531956
Austria,AUT,2016,21,65.706274897299,62.6365731590238,68.3798803417711
Kuwait,KWT,2016,18,64.9162789301064,61.7901475503422,71.6183554113576
Israel,ISR,2016,22,64.6133969667916,61.3164992295769,68.1490033388535
Chile,CHL,2016,23,64.1375013393725,60.4039846028616,66.0296537828031
United Arab Emirates,ARE,2016,13,64.1375013393725,55.5959528252253,72.6790498535198
Estonia,EST,2016,18,63.9453638866386,54.4541426681798,65.5024458899723
Ireland,IRL,2016,20,63.6987703055164,58.1072678252402,67.9667945142609
Poland,POL,2016,16,63.4913287829869,60.7682211080054,73.4083481791718
Qatar,QAT,2016,20,63.4913287829869,58.6865834962907,65.922109807176
Finland,FIN,2016,19,61.6376854833412,59.6678431121447,67.874044149937
Denmark,DNK,2016,19,61.5255886890677,56.3778005715668,65.0380116504305
Spain,ESP,2016,21,60.6987858489079,57.5391710502915,62.0111815803272
Taiwan,TWN,2016,8,59.470126816056,53.7779104183688,67.8755508217314
Portugal,PRT,2016,20,59.0461826270256,55.7361511376864,62.233474642312
Mexico,MEX,2016,23,58.0074359490073,54.3841567918597,60.547271673268
South Africa,ZAF,2016,24,58.0074359490073,55.246037554263,60.2236357654239
Iceland,ISL,2016,20,56.9412737607713,51.361160185378,58.5049489001278
Saudi Arabia,SAU,2016,20,56.2276689513351,52.4670181557694,59.7858978553904
Czech Republic,CZE,2016,20,55.7981733399833,54.0937548546925,63.9152795703013
Slovakia,SVK,2016,19,55.6892816226398,49.4585715573383,57.5618011379882
Panama,PAN,2016,20,55.6025976310142,52.6027758024397,56.7772484504439
Italy,ITA,2016,19,53.9672073534022,48.7804079696565,57.1888758389971
Brazil,BRA,2016,23,53.8427175623324,51.0727670092018,55.1051964688385
Cyprus,CYP,2016,17,53.8427175623324,45.4096211688062,55.9872259271538
Mauritius,MUS,2016,17,53.8427175623324,53.3538700051243,62.9838511368466
Turkey,TUR,2016,20,53.8427175623324,50.1024759362869,56.2773353096001
Bahrain,BHR,2016,17,53.7021918404013,48.5121029198153,56.1733436520325
Russia,RUS,2016,15,53.7021918404013,45.6042821293439,61.8001015514586
Latvia,LVA,2016,17,50.9121883568232,46.8162958250978,58.525168267393
Bulgaria,BGR,2016,17,50.6785345061339,48.0548828645743,56.5865641792382
Croatia,HRV,2016,19,49.3598317331228,44.3329050501863,53.4219822235705
Indonesia,IDN,2016,24,48.8803687171673,47.3611706424169,50.6734138889506
Seychelles,SYC,2016,10,48.8803687171673,45.7340857253195,64.0408033840391
Guyana,GUY,2016,12,48.7534644426261,46.6178631380081,52.595995772766
India,IND,2016,23,48.7534644426261,47.1806889427685,50.5700055841679
Bahamas,BHS,2016,8,48.4315075348879,43.7694332151501,51.7747492901173
Philippines,PHL,2016,23,47.8485792863822,45.5419804215934,50.7753500967352
Oman,OMN,2016,19,47.808859195258,45.144801200893,51.1189747260782
Iran,IRN,2016,11,47.184750837304,41.8277260831267,50.4139744426561
Jordan,JOR,2016,17,46.8889342776563,45.3233792445625,55.5574925657512
North Macedonia,MKD,2016,15,46.5835939304967,41.8601429897133,49.0874917820749
Guatemala,GTM,2016,13,46.4460753983172,43.0204929927947,50.5820937414262
Cabo Verde,CPV,2016,12,45.8858806952931,41.5939518806813,50.1736023782839
Brunei,BRN,2016,8,45.108762542298,39.349880004119,54.0575103721249
Colombia,COL,2016,22,44.7314495575739,42.2654406582745,46.8882373949945
Gabon,GAB,2016,8,44.7314495575739,42.0003841070091,46.7408918905269
Montenegro,MNE,2016,10,44.1835913639633,37.7478555709365,46.8829823765395
Slovenia,SVN,2016,17,43.815923638482,42.6800838228171,54.3947053005671
Costa Rica,CRI,2016,19,43.6949685705026,42.0292757031805,49.1812429204865
Bolivia,BOL,2016,14,43.3258912096907,38.277905968648,46.9870772152152
Laos,LAO,2016,9,42.7848040267406,32.7631143115499,44.9943055715282
Belize,BLZ,2016,8,42.5443749347122,41.5046081301872,51.3158820489852
Eswatini,SWZ,2016,11,42.5443749347122,38.1879664116514,47.083350277185
Lebanon,LBN,2016,18,42.5443749347122,40.60491518858,45.2884068384655
Peru,PER,2016,22,42.5443749347122,38.8014413186051,46.6983899019901
Bhutan,BTN,2016,11,41.9353830704289,40.8563124053507,49.8613400410239
Fiji,FJI,2016,9,41.5085971330274,37.2986694769735,44.8490365256443
Botswana,BWA,2016,16,41.2940035639472,40.0207517013716,46.0914402091983
Kazakhstan,KAZ,2016,17,41.2940035639472,36.6104858693074,48.0551184380403
Sri Lanka,LKA,2016,16,41.044750526916,35.5952786104651,48.3085719684701
Haiti,HTI,2016,12,40.4246607376841,38.4385309800676,45.5610663321606
Namibia,NAM,2016,15,40.4246607376841,37.5973270293062,50.8139073731445
Nepal,NPL,2016,10,40.4246607376841,34.893363865637,43.622182805701
Vietnam,VNM,2016,18,40.4246607376841,38.6477452697323,46.948564747113
Morocco,MAR,2016,20,40.08761967038,37.0215187201197,41.5490406141972
Angola,AGO,2016,10,39.8773360144069,36.9677235356703,46.6129219654739
Greece,GRC,2016,20,39.8773360144069,35.6950511214253,43.0149353694662
Jamaica,JAM,2016,18,39.8773360144069,32.4215291214013,43.5315164029848
São Tomé and Príncipe,STP,2016,6,39.8773360144069,34.7194756573962,42.6244202470949
Uzbekistan,UZB,2016,6,39.8773360144069,33.5357318204354,43.2701915797839
Madagascar,MDG,2016,12,38.6224612730258,34.0630595869604,44.9187350327762
Romania,ROU,2016,13,38.6224612730258,31.1833920763699,44.0283202063337
Armenia,ARM,2016,16,38.071179478358,35.4881605359676,43.165533859718
Ecuador,ECU,2016,14,38.071179478358,32.8978040619353,43.2445548947807
Guinea-Bissau,GNB,2016,8,37.9456745959403,32.9729291020951,39.4568843305277
Trinidad and Tobago,TTO,2016,17,37.6435323023784,33.5416063753885,40.9280356593115
Azerbaijan,AZE,2016,11,37.0878442698514,29.4582953131173,47.9164016375798
Belarus,BLR,2016,8,37.0878442698514,30.1496505618277,40.4925522792596
Tajikistan,TJK,2016,10,37.0878442698514,35.2513372895543,45.4776593491799
Central African Republic,CAF,2016,5,36.9021257515552,34.7945478669903,42.4882693433237
Djibouti,DJI,2016,5,36.9021257515552,35.7559683844118,42.6246913212823
Lithuania,LTU,2016,16,36.8486486822009,33.2458847608118,40.6392757949865
Sierra Leone,SLE,2016,11,36.8486486822009,30.6542946644192,37.9211326053788
Ukraine,UKR,2016,14,36.8486486822009,31.9860616224732,43.2182095773604
El Salvador,SLV,2016,11,36.7260507720651,34.2802496488577,43.7242379963184
Democratic Republic of Congo,COD,2016,5,36.5775112872032,30.5341685037559,44.9329245987835
Palestinian Territories,PSE,2016,4,36.5775112872032,33.0903495815845,39.6312916200261
Uruguay,URY,2016,18,36.5775112872032,35.7734264094024,44.0182144196823
Georgia,GEO,2016,13,36.535923553866,29.3040270550064,40.1487123132834
Afghanistan,AFG,2016,5,36.0116778915411,34.3193577678156,39.9260849352253
South Sudan,SSD,2016,6,36.0116778915411,29.1522730309336,36.9071789777035
Paraguay,PRY,2016,14,35.5855744461666,29.5788683040144,40.5569952442562
Republic of Congo,COG,2016,7,35.1202536178734,33.6884447514914,38.5031445469722
Papua New Guinea,PNG,2016,9,34.8575173948963,29.5753489660167,40.1396858237759
Tunisia,TUN,2016,15,34.8575173948963,31.5605349184108,39.1922095048551
Zimbabwe,ZWE,2016,11,34.8575173948963,30.5374281260071,39.1776066637856
Comoros,COM,2016,6,34.6072150431937,32.9830862567487,40.6330097741205
Timor-Leste,TLS,2016,4,34.6072150431937,32.3195488221857,37.7024661745178
Honduras,HND,2016,15,34.067817266371,25.7350709590249,35.5368214133374
Nigeria,NGA,2016,18,34.067817266371,29.4046648614405,38.7128140743545
Niger,NER,2016,9,32.6445848693015,29.0878752378091,36.4945792761731
Bosnia and Herzegovina,BIH,2016,14,32.6166592298818,26.2407094488363,35.1296379324987
Sudan,SDN,2016,7,32.6166592298818,30.9399120651364,37.5565780513065
Togo,TGO,2016,9,32.6166592298818,28.8596498466224,35.7575735639665
Venezuela,VEN,2016,11,32.0469902169381,29.1886202001832,35.3374670936327
Senegal,SEN,2016,13,31.666218373715,27.3306592776144,35.6370540103147
Bangladesh,BGD,2016,16,31.1817471301342,28.9634826994901,38.6795580577636
Ghana,GHA,2016,15,30.8705725273959,26.185996703681,34.9307172263747
Moldova,MDA,2016,13,30.8705725273959,24.1128992967562,32.8176490498525
Nicaragua,NIC,2016,13,30.5822050223997,26.64047503257,34.4891698674221
Suriname,SUR,2016,7,30.5822050223997,28.468964558558,35.1074009228049
Hungary,HUN,2016,19,30.2346193123001,27.6506460960751,35.6889362939405
Zambia,ZMB,2016,15,30.2346193123001,25.9622560390436,34.5069825855567
Egypt,EGY,2016,17,29.6381148983849,25.6292520770363,35.0730079953939
Argentina,ARG,2016,23,29.3448491178237,27.383557791627,31.0887422497592
Dominican Republic,DOM,2016,18,29.3448491178237,25.2339875421675,31.5313540184846
Kenya,KEN,2016,16,28.7038001178243,22.3391588299921,34.5352320305009
Gambia,GMB,2016,6,28.6888647553254,25.8726489186205,34.8772294753274
Algeria,DZA,2016,14,28.4382216456425,24.415260136344,32.5441563752416
Iraq,IRQ,2016,8,28.4382216456425,25.4206913995936,31.4394592675448
Malawi,MWI,2016,12,28.4382216456425,24.7343331032351,32.9559787103768
Liberia,LBR,2016,11,28.1083224674249,21.7254261485193,30.5463549953344
Cameroon,CMR,2016,13,28.0314322768185,21.5003052457259,29.9490385712735
Benin,BEN,2016,11,27.8954359474151,25.4712789341951,34.8820631004667
Côte d'Ivoire,CIV,2016,15,27.7391624539549,23.7152744949838,31.8105167755557
Ethiopia,ETH,2016,6,27.7391624539549,22.8683314476873,32.6099934602226
Guinea,GIN,2016,7,27.7391624539549,21.808811805193,35.3053974127422
Mali,MLI,2016,13,27.7391624539549,19.8454820834253,29.0895479778383
Serbia,SRB,2016,18,27.7391624539549,23.8119886865213,31.6663362213886
Cambodia,KHM,2016,13,27.5881046186758,20.0719947203617,32.4104425916171
Rwanda,RWA,2016,13,27.5881046186758,24.8080003651794,34.4589462327068
Mozambique,MOZ,2016,15,27.4476227824297,21.4735178225375,30.9269050640209
Burundi,BDI,2016,5,27.2731423968081,22.1557416533426,35.0144123810679
Kyrgyzstan,KGZ,2016,12,27.2731423968081,25.2933829891318,33.5997384020147
Pakistan,PAK,2016,19,25.8505463610931,23.9431333556857,30.4183789138446
Mauritania,MRT,2016,11,24.1370192182614,18.5872124510245,27.6013087876848
Lesotho,LSO,2016,11,23.7284954599844,18.687744860047,29.3195656690688
Chad,TCD,2016,10,23.1893983139521,19.1255192482532,27.4020267035986
Tanzania,TZA,2016,13,23.1893983139521,14.4393263160766,26.7782580215262
Albania,ALB,2016,15,22.5666080750717,22.5002168985315,30.0064979302835
Uganda,UGA,2016,15,21.5844340272905,14.8101535425523,25.9994423334228
Barbados,BRB,2016,8,20.8130665187377,18.6766296610021,29.6942878844245
Burkina Faso,BFA,2016,8,20.8130665187377,17.2773537575003,25.6832633046119
Libya,LBY,2016,6,20.8130665187377,17.5760444411389,24.0500885963365
Mongolia,MNG,2016,16,20.7388805150342,16.5043709580208,25.475423787949
Myanmar,MMR,2016,14,16.2786437210972,14.6755641386881,21.0595842661165
Hong Kong,HKG,2015,20,85.4375600816153,80.6788690120925,86.4185665153593
Switzerland,CHE,2015,22,81.7829411577289,79.6478801736077,83.305344224649
Japan,JPN,2015,20,81.6562829961694,78.9692876290479,84.1649026296376
United States of America,USA,2015,17,80.6882579524869,77.8407592031016,87.0058148640775
Canada,CAN,2015,17,80.3861734751669,76.2396639481843,87.0974836341756
New Zealand,NZL,2015,18,80.226497262979,68.537236969552,83.7898870977811
United Kingdom,GBR,2015,19,79.5787603181715,76.4564728132771,82.8780483217976
Luxembourg,LUX,2015,20,79.3483806407238,75.9091590732579,81.1498339126254
Australia,AUS,2015,18,78.3711213577158,71.763467027772,87.4117440197613
France,FRA,2015,21,76.0764524645845,73.3537616482781,77.2487075511045
Germany,DEU,2015,19,74.2164725000439,71.5207209202323,76.8928142659276
China,CHN,2015,21,72.7525454934415,66.129971203151,73.4528114474287
Singapore,SGP,2015,20,72.4713807237781,69.6234371305102,75.9438245694968
Sweden,SWE,2015,19,71.3147807780051,68.3464018141509,74.0807652206739
Norway,NOR,2015,22,70.9248193463727,68.7961717574586,72.0795026234533
Netherlands,NLD,2015,21,68.216099358059,66.6108137144661,70.9253225969309
Belgium,BEL,2015,20,67.4762181207324,64.6260299765182,68.5195462002422
Finland,FIN,2015,20,65.8387059467014,62.9761870956052,67.6167740474603
Spain,ESP,2015,21,65.7351573036139,63.8245685136116,67.4424442128853
Malaysia,MYS,2015,25,65.2410373979728,63.6864618917142,66.4734345693504
Malta,MLT,2015,19,64.8670483113732,62.3221323068846,66.906584128008
Thailand,THA,2015,24,64.712790456607,62.474771552206,66.7684764607581
South Korea,KOR,2015,22,62.602969911012,61.3206933413411,64.5881280014839
Israel,ISR,2015,21,61.956091206488,56.4996147782153,63.1583175676461
United Arab Emirates,ARE,2015,17,61.7973184354316,59.3319145304079,66.9844081456177
Taiwan,TWN,2015,10,61.6205431188119,54.286917509546,67.3886976726558
Denmark,DNK,2015,20,61.5798049812403,57.545661642425,61.8196103769984
Austria,AUT,2015,21,61.1189098033034,58.8210911868,62.6261060956023
Brazil,BRA,2015,23,61.0232634466151,59.1604792627314,62.045181556814
Poland,POL,2015,20,60.4436531801229,47.8862244536706,60.8207145650785
Italy,ITA,2015,21,60.2030863621609,57.9237258801899,61.5150981991458
Qatar,QAT,2015,21,59.9269761168356,56.638116122723,62.4389899065639
Ireland,IRL,2015,19,59.6751083958821,55.9571967618455,63.0563877075485
Chile,CHL,2015,23,59.6276147310934,58.1039595239905,60.900158276267
South Africa,ZAF,2015,25,58.4751853072591,56.875915622723,59.4560177922457
Portugal,PRT,2015,20,56.8015413447522,53.9926590215398,58.1112147794601
Iceland,ISL,2015,19,56.7059013061206,53.3497118224846,58.4400803684533
Panama,PAN,2015,20,56.134797171727,53.0476064172888,57.1891338440312
Bahrain,BHR,2015,24,55.0331093405537,53.6904588814124,56.206924003713
Kuwait,KWT,2015,18,55.0331093405537,54.8012755239638,60.7120521290375
Saudi Arabia,SAU,2015,20,53.8661256500593,51.7852110748997,55.7505752276311
Cyprus,CYP,2015,18,53.2828516553401,47.724072393206,53.8340358302351
Turkey,TUR,2015,22,53.2020045630929,42.9197035906911,56.8700173862125
Mauritius,MUS,2015,23,52.9641104391829,51.0354113040769,55.1111893598254
Puerto Rico,PRI,2015,10,52.9623391622345,49.3600369145071,63.5457708622589
Estonia,EST,2015,18,52.8002728424232,48.0832091819628,61.8418245291768
Russia,RUS,2015,20,50.3084657211415,46.624008994559,58.6978891229079
Slovakia,SVK,2015,20,49.7276145039471,46.3390767472858,57.9864228899189
Indonesia,IDN,2015,25,49.4232622973497,48.1492630174292,50.3605103175391
Czech Republic,CZE,2015,20,49.0636942533506,46.8642023220651,55.4576991548814
Jordan,JOR,2015,22,48.3627951725848,45.8402452026928,50.5609803480246
India,IND,2015,24,48.2447769168625,47.2539210101956,49.8530266386221
Seychelles,SYC,2015,15,47.9451086771281,43.2712440755146,50.5171626348911
Croatia,HRV,2015,20,47.4107883543861,45.1630026037718,55.15663244886
Oman,OMN,2015,21,47.2102123897585,46.1784739695896,49.2912020850086
Iran,IRN,2015,14,47.0325843917814,42.8321534011097,51.2330153824531
Guyana,GUY,2015,13,46.9851538762765,38.9259977033518,49.4583536779557
Bahamas,BHS,2015,11,46.9143725872065,43.3848345460251,57.9388106733648
Mexico,MEX,2015,23,46.7759327321145,45.3596879673762,47.6796309260923
Belize,BLZ,2015,9,46.6199593949142,43.9395142457518,56.9990408445789
Bulgaria,BGR,2015,20,46.6023953062169,43.5921052786178,55.9353203214239
Cabo Verde,CPV,2015,13,46.439748123375,45.2693434759471,52.8823683967613
Bolivia,BOL,2015,19,46.0124371019337,44.0067920243135,49.1844220109357
North Macedonia,MKD,2015,16,45.933202607435,41.1829186168784,51.2821977002385
Laos,LAO,2015,11,45.8042392954254,42.7823591202292,49.1960995202681
Latvia,LVA,2015,17,45.8042392954254,42.2921562993655,56.7515652745282
Philippines,PHL,2015,25,45.555869625987,44.3049018747503,46.3470552443188
Brunei,BRN,2015,11,45.1566312247741,42.3568435871592,49.9647179257696
Guatemala,GTM,2015,19,44.9132334601822,41.1123508217064,46.9209269784637
Montenegro,MNE,2015,15,44.5812819085599,42.7060923700692,53.7067452261122
Gabon,GAB,2015,13,43.8323585752359,40.6355125809235,44.409697733112
Slovenia,SVN,2015,19,43.6052408896144,39.4338760759094,50.2525635786998
São Tomé and Príncipe,STP,2015,6,43.5290711519288,38.8315848749092,46.3519003799535
Peru,PER,2015,21,43.5266289809223,42.1733850412069,46.0190931880763
Costa Rica,CRI,2015,22,42.5012150055517,41.3429770113516,45.0136912647921
Eswatini,SWZ,2015,15,42.4831566296772,37.300644278416,46.5117256492494
Sri Lanka,LKA,2015,20,42.351767225449,40.1582963626252,46.4787513601697
Lebanon,LBN,2015,20,41.89180809423,40.1037682966089,48.2185506495655
Morocco,MAR,2015,23,41.89180809423,40.1343580814722,42.9151896208346
Kazakhstan,KAZ,2015,20,41.8059146687303,38.7203561513933,43.918043676516
Bhutan,BTN,2015,14,41.4234310256832,37.2767254692084,47.2907918039975
Colombia,COL,2015,24,41.1769044342472,39.9057593346636,41.922754907596
Botswana,BWA,2015,20,41.0846306614066,40.0506744033443,43.9317812902716
Vietnam,VNM,2015,22,40.9894193738508,38.6941750100653,41.9048684101161
Fiji,FJI,2015,12,40.7270660317932,37.409378276721,48.9137566809958
Namibia,NAM,2015,18,40.6338794867091,37.8863060487109,47.31990230719
Uzbekistan,UZB,2015,9,40.5987971086614,37.5688358835865,40.8185677910941
Haiti,HTI,2015,15,40.5982565907899,37.563988828899,44.8052022764665
Angola,AGO,2015,17,40.0000738620668,36.305872146623,43.9157923004963
Greece,GRC,2015,21,39.9435795132582,37.6671834243331,40.6297215461006
Jamaica,JAM,2015,24,39.722911628723,37.6639737247097,44.6722517246109
Romania,ROU,2015,17,39.6140344080485,37.1211735737827,47.3748500206673
Madagascar,MDG,2015,16,39.3664157878709,28.4895756948774,45.5852176499201
Nepal,NPL,2015,15,39.0934505876682,29.9867282657168,46.2746284946883
Belarus,BLR,2015,12,39.0863671451876,34.3749072026382,43.2964969568165
Armenia,ARM,2015,20,38.5028297911991,37.02795199172,42.0913146464594
Ecuador,ECU,2015,20,38.5028297911991,35.3799230696609,40.355288846741
Djibouti,DJI,2015,9,38.4731377690186,32.2943853890618,43.6455794903449
Tajikistan,TJK,2015,12,38.2830042270594,33.3971976386197,46.9014060517596
Guinea-Bissau,GNB,2015,8,37.9916160082572,33.2460942717515,43.1437154941513
Azerbaijan,AZE,2015,18,37.9695302930856,34.933962772515,39.5128064524533
Ukraine,UKR,2015,17,37.8580661087177,32.9203773174133,41.5250042904092
Central African Republic,CAF,2015,9,37.6299922137479,29.5584883003609,41.4903763381092
Sierra Leone,SLE,2015,12,37.6271835008819,35.6738278492841,41.3130027878369
Lithuania,LTU,2015,19,37.6204492761879,33.6839055475051,48.1080019185596
Trinidad and Tobago,TTO,2015,21,37.3128726356354,36.0825792142606,39.8540357582785
El Salvador,SLV,2015,21,37.303076413897,34.5663541073073,39.0712483800639
Democratic Republic of Congo,COD,2015,9,37.1006701589193,30.167938425094,40.5883115998921
Uruguay,URY,2015,22,36.8996641748725,34.6986277976037,38.4891523291617
Tunisia,TUN,2015,20,36.8720020261904,35.3412561330855,39.5330727155888
Palestinian Territories,PSE,2015,7,36.6636766432166,33.6806421795117,42.7719744801557
Georgia,GEO,2015,18,36.1609444504407,34.31447249964,46.9838843952906
South Sudan,SSD,2015,10,36.1515482146976,29.0927952185419,40.4332652984143
Republic of Congo,COG,2015,9,36.1394552182232,33.0479581861649,38.8289826336947
Paraguay,PRY,2015,22,36.067440536041,34.8754145058277,41.0580160464034
Afghanistan,AFG,2015,9,36.0354746890338,28.5471443405821,39.4588112605397
Zimbabwe,ZWE,2015,13,35.3313421159676,32.4922893893051,41.0031396213144
Papua New Guinea,PNG,2015,11,35.1835710081503,28.2907208662658,40.2393168018199
Comoros,COM,2015,11,35.0521649697952,30.334526450221,43.1680651591531
Timor-Leste,TLS,2015,10,35.0066522783703,29.1186738976535,37.4733363173
Nigeria,NGA,2015,22,34.9395163503343,33.5082252697487,37.4962745476512
Honduras,HND,2015,18,34.4802305112727,31.5502634560012,40.3064103889253
Nicaragua,NIC,2015,18,34.2817274226545,30.0327393124906,36.6475057011329
Sudan,SDN,2015,10,34.215816183926,28.1197298214745,37.3635916818087
Togo,TGO,2015,12,33.0371692453073,31.0442566445604,38.4301720286785
Niger,NER,2015,11,32.6741283617517,28.9313144863405,36.8222814420993
Moldova,MDA,2015,16,32.6737944789686,28.8446138245229,38.3892860327709
Yemen,YEM,2015,13,32.5367914655704,28.0110877330231,36.0238908930463
Bosnia and Herzegovina,BIH,2015,18,31.8677501205849,30.0890542968714,41.4178295200237
Ghana,GHA,2015,19,31.6912235343555,29.2702610858674,32.9776762524558
Bangladesh,BGD,2015,23,31.4890267931497,30.3101533196128,32.4097809760305
Suriname,SUR,2015,14,30.9609974207535,28.312036957211,35.0806197619256
Gambia,GMB,2015,14,30.8174866223731,27.4385534662902,36.2806511153158
Hungary,HUN,2015,23,30.7216168694044,29.2893573537258,36.7685638016996
Zambia,ZMB,2015,19,30.5667952246114,27.553256915775,32.0340134394429
Cameroon,CMR,2015,15,30.5259630377766,23.8172543631667,37.0588336104018
Egypt,EGY,2015,22,30.1499783919441,29.2339315485901,32.1958871425486
Kenya,KEN,2015,18,30.0028622537572,27.0257955745707,33.3875745493829
Senegal,SEN,2015,16,29.9251098592494,26.8916977026255,35.220009007003
Dominican Republic,DOM,2015,19,29.8479447638474,28.4626527354315,33.9384508004638
Venezuela,VEN,2015,16,29.6718904306608,26.0686324515371,33.6817912496117
Malawi,MWI,2015,17,29.1113575605547,23.1218268589197,31.3459288713078
Iraq,IRQ,2015,15,29.0896971617838,22.9546967117886,33.0390812271115
Rwanda,RWA,2015,18,29.0532285086232,26.9015554911849,33.2442689586222
Kyrgyzstan,KGZ,2015,13,28.9626129728508,25.7762726432611,33.1072131719657
Côte d'Ivoire,CIV,2015,17,28.2998020935457,26.0217301947798,32.7708320085513
Ethiopia,ETH,2015,13,28.2969180387103,24.7943543098549,31.7994817675657
Guinea,GIN,2015,16,28.287154626673,24.8881171905183,31.1233908024677
Serbia,SRB,2015,19,28.1960056647816,25.807287071615,32.8859892246381
Cambodia,KHM,2015,17,28.0698611606615,25.362399288575,34.426432419791
Argentina,ARG,2015,23,28.035779557632,26.4396805871151,28.9002680849602
Liberia,LBR,2015,14,27.4411725285928,25.1784659198086,31.133718938054
Albania,ALB,2015,19,26.7756422134728,25.3229632922375,33.0364422872627
Algeria,DZA,2015,13,26.7157030978729,23.5624126605143,33.08395733954
Burundi,BDI,2015,11,26.5241445027429,23.8784118515579,35.1812813606365
Barbados,BRB,2015,12,26.2817584932523,23.5250847079122,31.680381309059
Benin,BEN,2015,15,26.023617577068,23.5784391089005,30.9177918510065
Pakistan,PAK,2015,24,25.9622453585838,24.8098657521244,26.9156455642546
Mozambique,MOZ,2015,17,25.6428095046553,24.6313412078317,31.5978165536176
Lesotho,LSO,2015,17,25.503105957021,21.6159937773101,31.0151173265144
Tanzania,TZA,2015,18,25.4377519258193,21.0168091041474,29.8157501117384
Mauritania,MRT,2015,14,25.1881678758886,23.103567596803,35.5814561000304
Mali,MLI,2015,14,24.7595885630674,22.1836993698102,30.5546414157959
Chad,TCD,2015,13,23.9717576083445,20.6858262951608,33.8458131096442
Burkina Faso,BFA,2015,15,23.9316702431767,18.5632066539725,25.6448863083844
Mongolia,MNG,2015,20,23.8036754849117,23.2883600795855,28.8993143390926
Uganda,UGA,2015,18,23.209100031407,21.2705548422367,26.9427481524541
Libya,LBY,2015,14,22.6996722104195,20.7007842116509,31.7189065029991
Myanmar,MMR,2015,16,17.8437627814353,15.2945757934522,20.3929497694183
United States of America,USA,2014,17,84.783645727278,77.0593844699015,87.2395517184663
Canada,CAN,2014,17,81.3284112920472,73.8834171171607,84.3056711692557
Luxembourg,LUX,2014,20,79.5274906839839,75.4712153929808,80.9699822987991
Hong Kong,HKG,2014,20,78.6504012900051,74.5506527918932,81.1536743387624
Switzerland,CHE,2014,22,78.076033656417,75.1458811556001,78.6044033181271
Japan,JPN,2014,19,78.0036672552555,73.7368749374064,79.7187640451982
United Kingdom,GBR,2014,19,77.3218538120583,74.3191283437171,81.0712520510481
Australia,AUS,2014,18,77.0614727224476,72.311715257897,88.0883721744541
Singapore,SGP,2014,20,73.7002405928718,68.7363331448726,76.7763657820033
Germany,DEU,2014,19,73.0300453581441,67.690520350331,73.9575901879781
Netherlands,NLD,2014,21,72.7003042921993,66.3573174137561,72.7075597940242
New Zealand,NZL,2014,17,71.9249205929685,64.839050091246,79.5598723428303
France,FRA,2014,21,71.2293845142851,68.7316218201165,72.3521652932437
Norway,NOR,2014,22,70.9541423897822,69.000795476174,72.2947612701584
Sweden,SWE,2014,19,69.5483118540007,65.9008788704232,71.3151486759902
China,CHN,2014,21,67.036124844925,62.5326703023877,70.3031394595535
Malta,MLT,2014,19,65.8369593529783,61.9946684311734,66.1121727087255
Belgium,BEL,2014,19,65.7027603127075,59.8987550103517,67.4755080403012
Thailand,THA,2014,24,64.1587810948545,61.4303193951882,65.4249837511321
Malaysia,MYS,2014,25,63.8098933757949,62.3519323033369,65.0804979237182
United Arab Emirates,ARE,2014,17,63.3718990617535,57.2529442302367,64.8210205979899
Finland,FIN,2014,20,62.6190085884687,60.8947528949891,64.5718572537477
Israel,ISR,2014,21,62.5586407659514,59.7156316205504,64.7016275254828
Spain,ESP,2014,21,62.3847917826082,60.3503313237756,64.0274884334749
Ireland,IRL,2014,19,61.7911227498138,56.668310843326,64.3440865418623
South Korea,KOR,2014,22,60.8093816348475,58.8929719865539,62.3100106428365
Brazil,BRA,2014,23,60.2653697451708,58.4498770751749,61.2895755672371
Austria,AUT,2014,21,60.1770411729069,57.7693064359885,61.1102233594406
Denmark,DNK,2014,20,59.5926832720599,57.5681148310728,62.3161386555587
Qatar,QAT,2014,21,58.716373613824,56.185911643783,61.0474673900675
South Africa,ZAF,2014,25,57.9590271793956,56.3395144479754,58.9532995028995
Portugal,PRT,2014,20,56.9537027932666,53.4459830216143,57.921230663182
Italy,ITA,2014,21,56.1889390186216,54.2697694926291,57.5211254347382
Taiwan,TWN,2014,10,55.637156131653,52.4034567685439,65.729511753646
Iceland,ISL,2014,19,55.6229334100052,52.9125740644674,57.9657935282691
Puerto Rico,PRI,2014,10,55.1202695359835,47.9753373446741,63.2810758224547
Estonia,EST,2014,18,54.947264727274,48.2106657082462,63.0556434317643
Chile,CHL,2014,23,54.6661532921703,52.9350534052603,55.6100054758874
Panama,PAN,2014,20,54.4198821043674,52.5245614396466,56.2001282063177
Bahrain,BHR,2014,24,54.2686278370471,53.1385031814737,55.6538255581528
Kuwait,KWT,2014,16,52.9773746483274,50.2162226269114,55.7385266697434
North Macedonia,MKD,2014,16,52.3002882437358,48.1926738799013,56.4079026075703
Cyprus,CYP,2014,18,52.2654650616535,49.4181277224431,56.5065922249985
Saudi Arabia,SAU,2014,20,52.0019570701967,49.2923054879626,53.9972533887617
Mauritius,MUS,2014,22,51.7181347722741,50.5497700093258,55.0028777238123
Poland,POL,2014,20,50.9753656999902,46.8388481547169,59.7206634607629
Brunei,BRN,2014,10,50.7089466585329,42.447875658795,51.7205687787823
Bahamas,BHS,2014,11,50.3895189220407,44.4577375416423,58.7830205951401
Montenegro,MNE,2014,15,49.9775921917933,44.6006573715347,57.0845400309865
Slovakia,SVK,2014,20,49.0376377214313,46.0256549138459,55.2605426392796
Cabo Verde,CPV,2014,13,48.8832524646901,44.7301976360091,52.5264174065353
Croatia,HRV,2014,20,48.8626391493831,46.2518708540458,56.8911617257604
Russia,RUS,2014,20,48.8460157689383,43.9699626601662,57.6553560702921
Bulgaria,BGR,2014,20,48.4527906021366,43.514259694307,56.4825953020519
Oman,OMN,2014,21,48.4096793192714,47.0254390563075,51.1648501061229
Czech Republic,CZE,2014,20,48.2393117238305,46.0753324039048,55.3006307446744
India,IND,2014,24,48.1516866001199,46.8048943553934,49.4495994291047
Latvia,LVA,2014,17,47.819077723505,41.8493175165972,54.1217970654408
Belize,BLZ,2014,9,47.6038176808402,44.6457140062067,56.6038783912128
Indonesia,IDN,2014,25,47.4529365632134,46.1986353592894,48.3579788319511
Mexico,MEX,2014,23,45.7360907780608,44.0888433000003,46.430965826284
Bolivia,BOL,2014,18,45.5301837974465,40.9594022925891,48.3140170323887
Turkey,TUR,2014,22,45.3513951773887,41.9529785546898,55.5303283939578
Jordan,JOR,2014,22,45.2377323347436,42.1797700335102,45.9542345229596
Seychelles,SYC,2014,15,45.0254991782988,42.9437979632023,50.7929558656011
Laos,LAO,2014,9,44.9416661858031,36.3808446732367,47.8475251403117
São Tomé and Príncipe,STP,2014,6,44.8886552757264,39.1617306761666,46.7640720361683
Iran,IRN,2014,14,44.8819299311395,39.5036614911651,49.4018811768333
Fiji,FJI,2014,12,44.7777347639767,38.1278689310886,49.4539670365955
Slovenia,SVN,2014,17,44.5969612903129,41.6167020613504,53.5031242941331
Guatemala,GTM,2014,19,44.025457538208,41.7802252253751,47.3137778977486
Guyana,GUY,2014,13,43.4440905281427,34.3432203543372,46.0626145288557
Philippines,PHL,2014,25,42.9917568777246,41.8105179220385,43.765743800353
Costa Rica,CRI,2014,21,42.9202329325766,40.0306239929645,47.0489764356814
Romania,ROU,2014,17,42.3303700922431,35.8754496019298,49.0793663703048
Sri Lanka,LKA,2014,18,41.9996526480068,39.7541484291962,46.6787722516737
Lebanon,LBN,2014,20,41.9284654482168,40.5421173284538,48.6197118028592
Tunisia,TUN,2014,20,41.8615429511499,39.7072506684899,44.0158352338099
Morocco,MAR,2014,21,41.8011680639872,41.0709647854471,44.6949264415993
Kazakhstan,KAZ,2014,20,41.5188483452131,38.8336380388453,44.2040586515809
Gabon,GAB,2014,12,41.2571794640402,40.8064044974689,47.1440862017861
Botswana,BWA,2014,20,41.1829425869424,39.2161520722502,43.2938910358542
Haiti,HTI,2014,13,41.0616152307369,36.9893941184306,44.323039752784
Eswatini,SWZ,2014,15,41.0134768917042,36.8989232372537,45.8065340211216
Peru,PER,2014,21,41.0013895964172,39.1872048018205,43.7707058780258
Namibia,NAM,2014,18,40.988453323451,38.1906519379566,47.0812856257985
Lithuania,LTU,2014,19,40.7048249655887,33.0586052131242,46.5893630954216
Tajikistan,TJK,2014,12,40.5826065421859,30.8308405000722,44.6567184901452
Guinea-Bissau,GNB,2014,8,40.557290903031,32.6895697754215,43.1607195233074
Colombia,COL,2014,24,40.2063353511625,38.9423195904365,41.0333749403776
Angola,AGO,2014,15,40.0690427148601,34.5889711335555,44.3745033953376
Bhutan,BTN,2014,14,39.663922535913,36.4854525881192,45.2202418116935
Zimbabwe,ZWE,2014,13,39.4036521499359,34.5021308926652,41.6711498062921
Belarus,BLR,2014,11,39.3217552735823,34.8583876855846,44.044122245504
Jamaica,JAM,2014,23,39.1191467969074,37.3919089328431,44.656089242502
Trinidad and Tobago,TTO,2014,19,38.5088611085159,37.2947553519631,42.5823828573509
Armenia,ARM,2014,18,38.4172352713668,33.2438137703854,39.6982529330498
Greece,GRC,2014,21,38.3418633344313,36.6844247980733,39.7888605572966
Vietnam,VNM,2014,22,38.2557261484022,36.5448646717005,39.5832201790362
Ecuador,ECU,2014,18,38.1353688451438,35.1067873106616,41.4075671201165
Honduras,HND,2014,18,37.6803874050243,31.2289313966063,40.2152660576017
Paraguay,PRY,2014,21,37.4939697998299,34.6788420851506,41.6739948969721
Sierra Leone,SLE,2014,12,37.2322059012448,35.6109335406817,41.0867734660265
Djibouti,DJI,2014,9,36.4738571165784,32.2149859465459,42.9373234412665
Georgia,GEO,2014,18,36.3871458780407,33.6241316011474,45.4388569120338
Ukraine,UKR,2014,17,35.9986550326794,33.3929492092161,44.6023868012395
Republic of Congo,COG,2014,8,35.9818354586442,32.7294270686822,39.6809376845993
Uzbekistan,UZB,2014,8,35.9370834951958,30.345486640429,38.2210298605851
Azerbaijan,AZE,2014,17,35.6146340409205,34.0821873561197,38.8154704070495
El Salvador,SLV,2014,20,35.6146340409205,31.3896470178445,38.2417132479226
Palestinian Territories,PSE,2014,7,35.2265536433917,33.6644984034341,42.6732465505516
Afghanistan,AFG,2014,9,35.2112858503493,28.3704140462294,40.0816081761923
Bosnia and Herzegovina,BIH,2014,18,34.9196244450313,30.4338035302106,41.5699152143722
Madagascar,MDG,2014,16,34.4920621922553,28.6256509965856,44.7964048820363
Ethiopia,ETH,2014,12,34.4877715523968,28.0156842759398,35.5899572795501
Nigeria,NGA,2014,22,34.2994900825213,32.4046739867895,36.4879009056716
Hungary,HUN,2014,23,34.1684780421359,30.8672254672942,38.2417859720733
Niger,NER,2014,10,33.922692005131,28.9937987389589,37.7933032413481
South Sudan,SSD,2014,10,33.7212087243747,29.7316071054521,39.7499390450934
Nicaragua,NIC,2014,18,33.4711068715626,31.0681564718037,37.1631414792306
Comoros,COM,2014,11,33.3901201075389,30.1103207249878,43.1836692637932
Egypt,EGY,2014,22,32.8597696562205,31.4740076107419,34.7069631887428
Nepal,NPL,2014,15,32.6906575831443,30.0318255214927,44.656081500946
Suriname,SUR,2014,14,32.6769631087783,27.8580111679677,34.8022255501359
Ghana,GHA,2014,19,32.638386487105,29.7772523118801,33.6394729769962
Uruguay,URY,2014,22,32.5239337139762,30.9533813242658,34.6788541199494
Papua New Guinea,PNG,2014,11,32.4714951648261,29.759998695385,39.8664295663413
Venezuela,VEN,2014,16,32.4139028845502,26.0890455721973,34.9770453562525
Gambia,GMB,2014,14,32.0780115471412,28.3581875336934,40.4912612829757
Timor-Leste,TLS,2014,10,31.9594619217566,28.7237974019473,37.5811175598993
Dominican Republic,DOM,2014,19,31.9074116380668,29.4909093067041,36.5164337240854
Mongolia,MNG,2014,20,31.7601398245934,28.747331860099,34.7729477890879
Central African Republic,CAF,2014,9,31.6313137507896,30.1192073532975,41.4618826151875
Yemen,YEM,2014,13,31.5287443612634,28.0656257894129,35.8540613945472
Togo,TGO,2014,10,31.3582995235728,31.2069785619947,40.3372753057372
Bangladesh,BGD,2014,21,31.3135590864988,30.7695506788945,33.9479862377852
Iraq,IRQ,2014,12,30.8686201218844,23.6062778651018,36.4636866431022
Cameroon,CMR,2014,15,30.8192230123651,23.2900100755905,37.3482067299629
Mauritania,MRT,2014,14,30.813230770663,23.1817221398176,36.5422733705036
Zambia,ZMB,2014,19,30.5519815370726,28.6448215646067,33.033126931979
Cambodia,KHM,2014,17,30.3897318981334,24.5722437336146,34.0013980930805
Democratic Republic of Congo,COD,2014,9,30.3757888702634,25.5678607469483,35.1837169935786
Serbia,SRB,2014,19,30.3757888702634,26.4193942202402,34.1517556489214
Sudan,SDN,2014,10,29.9620881786456,28.3179039436606,36.6433752004368
Kenya,KEN,2014,18,29.9515529099616,26.5209359154879,32.9595100975784
Moldova,MDA,2014,16,29.828314318013,28.2717075894816,37.6898781316366
Malawi,MWI,2014,17,29.6610760931347,23.8241795687112,32.997880847981
Algeria,DZA,2014,13,29.6178524342427,23.1883684421932,32.7214262601454
Benin,BEN,2014,14,29.0982516705491,24.043106945838,32.2272004072588
Liberia,LBR,2014,13,28.1120803537334,26.714407595669,33.1218589899606
Rwanda,RWA,2014,18,27.8914702881273,27.824396739651,33.7979732232905
Guinea,GIN,2014,15,27.7223891765106,25.2461346446431,35.1010590081422
Senegal,SEN,2014,15,27.5958503152991,25.2161184816032,33.9151875729848
Pakistan,PAK,2014,24,27.3955355263879,26.3900912368195,28.8814746591463
Mozambique,MOZ,2014,17,27.0845473619608,23.4181334952905,30.503767633673
Albania,ALB,2014,19,26.8799576808409,25.5046097746288,32.7209856446197
Kyrgyzstan,KGZ,2014,13,26.8048252398049,24.1592421350434,32.4222993636118
Côte d'Ivoire,CIV,2014,15,26.7725524755305,22.5540426480368,32.57733101958
Lesotho,LSO,2014,16,25.6186780924536,22.8618278008857,34.2961953481691
Mali,MLI,2014,14,25.5878684657441,21.6252699485759,29.8308045549427
Libya,LBY,2014,14,25.2866746694512,19.3520726142063,29.9608494167736
Argentina,ARG,2014,23,25.0970457951787,23.5795984912119,26.1654685127704
Uganda,UGA,2014,18,24.8845845436037,22.5634384531302,28.3243046813076
Burundi,BDI,2014,11,24.5841998499827,23.2508255695181,34.5932001447075
Chad,TCD,2014,13,24.0099519506266,20.6745886150742,35.1511539989213
Tanzania,TZA,2014,18,23.9762824666993,21.4436344760333,29.0406049676771
Barbados,BRB,2014,12,23.8535902830462,19.6156306912661,28.0915498748263
Burkina Faso,BFA,2014,15,23.3759864846469,20.4963123394325,29.1201742540343
Myanmar,MMR,2014,15,19.1208511984127,16.8079880324338,23.6753156709166
United States of America,USA,2013,17,84.9860277537992,78.7576064501898,87.4270440907601
Luxembourg,LUX,2013,20,84.4148737806117,78.7714215787202,85.0946269032651
Switzerland,CHE,2013,22,81.1861657153452,79.664789031161,83.1133526152771
Hong Kong,HKG,2013,20,81.1053097953094,77.0653965322905,85.7115753654713
Australia,AUS,2013,18,80.4578889146376,74.6205412732733,89.5807948431132
Canada,CAN,2013,17,80.2947613266012,75.6546988925799,86.5104244482618
United Kingdom,GBR,2013,19,78.7407875752019,76.5520488870216,81.7513992828562
Singapore,SGP,2013,20,78.3794124925852,73.7525068182993,81.2442171298791
Japan,JPN,2013,19,76.3598032259417,72.1949761392837,78.8389692722725
France,FRA,2013,21,75.7500105016149,73.9680825041287,77.531938499101
Norway,NOR,2013,21,74.7546879597616,72.2013655025197,75.9374713447984
New Zealand,NZL,2013,16,74.4807223126231,65.9291098211672,81.7472484429313
Sweden,SWE,2013,19,71.9112367853881,70.1868169560577,75.3825889272086
Germany,DEU,2013,19,71.4245778401603,69.4037228461351,74.1912488669047
Netherlands,NLD,2013,21,71.1054988353674,69.9519641515637,75.0113295717958
Belgium,BEL,2013,19,66.7748731389233,62.016356067579,69.3532066735979
Malta,MLT,2013,19,66.6258461263964,63.3983939831269,67.9220880003207
Finland,FIN,2013,20,66.5517854082271,63.9176698448746,67.698774496389
Malaysia,MYS,2013,25,66.458201580386,65.0265894473948,67.8344564637525
Denmark,DNK,2013,20,66.1732131414619,63.2669999291956,68.2497634666928
Israel,ISR,2013,20,66.0538445702376,63.2668519564789,68.9811985740563
Spain,ESP,2013,21,65.2852131451707,63.3868780759649,66.984544352249
Ireland,IRL,2013,19,65.1752217651274,56.9701397482062,68.2717422847977
China,CHN,2013,21,64.3774353866055,59.5544442301205,66.8902248221644
Cyprus,CYP,2013,18,64.2183713291566,58.3605683727903,65.7196802219159
Brazil,BRA,2013,23,63.8967521413566,61.9030795504452,64.77309336798
South Korea,KOR,2013,22,63.6722546658996,62.0242204163358,65.4998273243188
Thailand,THA,2013,24,63.4057418726124,62.3762424188535,66.2792315260836
Estonia,EST,2013,18,63.211342005582,49.963171838885,65.5042731553824
Austria,AUT,2013,21,61.7222814028093,60.6407793361912,64.4575400456978
United Arab Emirates,ARE,2013,17,61.2961613824422,57.806060211758,65.3668137229912
Qatar,QAT,2013,20,60.8371799154807,57.5255341752517,65.8159357256538
South Africa,ZAF,2013,25,60.7197219396337,59.1078437318723,61.5698793491416
Iceland,ISL,2013,19,60.3182963552067,55.3590912373852,61.0389141065987
Portugal,PRT,2013,20,59.8636220760829,56.4077819261383,60.7204669028023
Puerto Rico,PRI,2013,10,59.4585853268781,47.2969241171955,62.0138981758304
Czech Republic,CZE,2013,20,58.9757155082189,53.2662619016648,64.6851691147729
Italy,ITA,2013,21,58.8438588359779,55.4947491660288,58.9353383982124
Bahrain,BHR,2013,22,57.3792542897129,54.9639888255523,58.5279650229858
Panama,PAN,2013,20,57.093797081875,52.8507358562897,57.3840642289569
Chile,CHL,2013,23,55.2515893585457,53.5051766269607,56.2151430170052
Taiwan,TWN,2013,9,54.5512700177317,51.8364348982093,67.0294423737118
Saudi Arabia,SAU,2013,20,53.2507687606056,49.292293522931,55.8487831162696
Latvia,LVA,2013,17,53.129920864763,43.8583513009153,57.4536482243055
Croatia,HRV,2013,20,52.9725086995644,47.1420857449924,57.3979756332179
Mauritius,MUS,2013,22,52.9267491839715,51.251434008378,55.8220133417457
Cabo Verde,CPV,2013,12,51.2476744453634,44.320040748565,56.3418545070755
Kuwait,KWT,2013,16,51.1296269974391,46.2744244312881,52.252816611608
India,IND,2013,24,51.0032223514264,49.4091966748987,51.8228654449001
Belize,BLZ,2013,9,50.5353492147782,43.9606390192619,56.3671909406179
Oman,OMN,2013,21,50.312937170689,48.9228438315739,52.3616956545932
Slovakia,SVK,2013,18,50.1540781193352,44.2388889062489,56.1137980170569
Montenegro,MNE,2013,15,50.0949487236753,46.4460961869703,59.8634675435133
Poland,POL,2013,20,49.9018042572188,48.0449415454757,60.5754273951399
Russia,RUS,2013,20,49.1005876949631,43.560755654267,56.7651021466982
Indonesia,IDN,2013,24,49.0280740926092,47.8250689249097,50.3249390017225
Bulgaria,BGR,2013,18,48.7366490852935,44.9044997387146,58.9336695976937
Slovenia,SVN,2013,17,48.2108111862673,44.5716924284089,57.1626334551278
Iran,IRN,2013,14,47.9569529206447,41.1365351788829,49.6162456863945
Bahamas,BHS,2013,11,46.9935706424995,43.4179072616801,56.8358293705446
North Macedonia,MKD,2013,15,46.8612906637088,38.2772147931234,49.661929485747
Brunei,BRN,2013,10,46.1499410641461,42.0912623070208,51.6563767672832
Turkey,TUR,2013,22,46.1088775471016,40.3301604195755,52.2327958646278
Jordan,JOR,2013,22,45.9806045055464,44.4053776067234,47.8772173535753
Sri Lanka,LKA,2013,18,45.9441733599584,44.2676057228755,51.6963020320753
Lebanon,LBN,2013,18,45.7462653682709,44.4625960331254,52.8707400442456
Mexico,MEX,2013,23,45.0985850588119,43.7916025287877,46.0812146782611
Guatemala,GTM,2013,19,45.0593485653262,42.4677242155783,48.4454400125214
São Tomé and Príncipe,STP,2013,6,45.0593485653262,39.3178579843072,47.0698242718479
Laos,LAO,2013,5,44.9711355684845,39.0998284889931,52.0100768510792
Fiji,FJI,2013,11,44.3982142668757,38.4695781625477,52.5422725841211
Seychelles,SYC,2013,15,44.1565132006,40.4762373546139,47.7816358447113
Botswana,BWA,2013,20,43.5850255533567,41.4880773366183,45.9538715234824
Bolivia,BOL,2013,18,43.314841695873,39.8836618409578,48.000207959502
Jamaica,JAM,2013,23,42.8653733375354,41.0760916354755,48.4455186317398
Tunisia,TUN,2013,20,42.7758918135937,39.9471823618489,45.2789614449446
Peru,PER,2013,21,42.7049999459197,40.0689443906414,45.4549471082028
Guinea-Bissau,GNB,2013,8,42.5403381460865,32.7669790324421,42.7392750489428
Philippines,PHL,2013,25,42.4018911100356,41.2447829043348,43.2887653840083
Colombia,COL,2013,24,42.3159738022042,41.1275560653238,43.2396381630115
Namibia,NAM,2013,18,42.1039308573231,38.3446923224172,46.9650884440791
Morocco,MAR,2013,21,41.8558649651059,41.784580729739,45.5060071030459
Trinidad and Tobago,TTO,2013,19,41.7552844403664,40.2203896822159,45.3112072345817
Belarus,BLR,2013,11,41.6091727036233,35.0444964083703,44.4895825673334
Costa Rica,CRI,2013,21,41.5580531597125,40.2182809973613,46.0301058190329
Greece,GRC,2013,21,41.50946229426,39.5820309054874,42.6839147622241
Syria,SYR,2013,4,41.145412430081,30.4695373502856,47.4298713209721
Gabon,GAB,2013,11,40.9185802773966,39.8401346061586,46.4151973013926
Romania,ROU,2013,17,40.9185802773966,37.0632544202284,49.7090206962004
Tajikistan,TJK,2013,12,40.3078078996285,30.8048866601925,44.2768889165533
Lithuania,LTU,2013,17,40.2086762428344,35.6025940750593,50.7919171048331
Angola,AGO,2013,15,39.7025440382103,37.4631429715401,44.9149911054733
Paraguay,PRY,2013,21,39.270524829153,35.1693881603124,41.3117686199937
Bhutan,BTN,2013,10,39.1606407401109,36.5029527301491,49.1714813721373
Guyana,GUY,2013,12,39.1118069574403,32.6003480016516,47.652622172122
Sierra Leone,SLE,2013,12,38.9837293408786,35.1946652177611,40.727362734132
Ukraine,UKR,2013,17,38.9837293408786,35.0384487161046,47.7188342571042
Vietnam,VNM,2013,22,38.7097470742147,36.9151485076917,40.1460600629306
Palestinian Territories,PSE,2013,7,38.2313298123902,34.1967989022677,44.0413220637853
Madagascar,MDG,2013,16,38.1303207075362,27.7381354863846,42.6043873741788
Armenia,ARM,2013,18,37.8467819544817,33.8094693628031,42.0087849448195
Azerbaijan,AZE,2013,17,37.7928832412018,35.6267889258415,40.4181882359687
Kazakhstan,KAZ,2013,20,37.5583935676226,35.4348006684353,40.3551753229535
Eswatini,SWZ,2013,15,37.5476662676841,33.4090897523922,43.3209658044208
Papua New Guinea,PNG,2013,11,37.5476662676841,29.5806710355815,40.5667637777741
Zimbabwe,ZWE,2013,13,37.4738852339475,35.4930009678293,43.7874724225824
Haiti,HTI,2013,13,37.380756446192,35.7462024112756,42.7109505555816
Egypt,EGY,2013,22,37.3680242358802,35.7629400937219,38.9846548311341
Nigeria,NGA,2013,22,37.2829186415136,35.2402557850864,39.211730997012
Djibouti,DJI,2013,9,37.0242873744526,32.7153724109002,44.5796299978924
Uzbekistan,UZB,2013,4,36.8476532985817,31.9231106273792,38.2321297300819
El Salvador,SLV,2013,18,36.7221117703196,32.4279124827409,41.4740158101505
Nepal,NPL,2013,15,35.8343938396504,31.7329875689024,47.4984599906981
Georgia,GEO,2013,18,35.6814438933011,33.9433039645468,46.0404750256566
Republic of Congo,COG,2013,8,35.5639054654637,32.491155134595,39.9271204738953
Togo,TGO,2013,10,35.4696026831907,33.5687928689623,43.8339449921309
Hungary,HUN,2013,23,35.4666533492323,33.0700549721491,39.8683370035268
Sudan,SDN,2013,10,35.3238288394922,28.3782242220253,36.7483764275112
Bosnia and Herzegovina,BIH,2013,18,34.8835681289064,31.1384393867534,43.1400906980277
Comoros,COM,2013,11,34.8206123676107,29.5836526285224,43.8788019907704
Central African Republic,CAF,2013,9,34.7658548697835,30.1186668435689,40.7491100143941
Bangladesh,BGD,2013,21,34.6564044005725,32.8769462866386,36.3067735015256
Honduras,HND,2013,18,34.6564044005725,32.1682389966074,41.261948723025
Ecuador,ECU,2013,18,33.7589948750649,32.2585553544835,37.9890631004392
Dominican Republic,DOM,2013,19,33.4458698151388,29.4627194048464,35.8210749510777
Venezuela,VEN,2013,16,33.4458698151388,29.1536769024942,38.0237603493743
Democratic Republic of Congo,COD,2013,9,33.2398559768619,31.4850240356625,42.9106474892226
Afghanistan,AFG,2013,9,32.8770192905548,29.1001782064098,40.5021832828211
Liberia,LBR,2013,13,32.8770192905548,30.4266593562588,36.6749741915829
Kenya,KEN,2013,18,32.6185059625031,30.1147312513351,36.177688765987
Uruguay,URY,2013,22,32.5982882149458,31.0139523791239,34.2067050375635
Mongolia,MNG,2013,20,32.3205826264754,27.6833595503835,34.6602363487541
Niger,NER,2013,9,32.3205826264754,28.7936646506157,37.9476131050016
Gambia,GMB,2013,14,32.0632747656183,28.706771474929,39.9258096748715
South Sudan,SSD,2013,10,31.9948528428635,29.7216460066125,38.4114177380001
Zambia,ZMB,2013,19,31.8984283242975,30.0204815433028,34.4012685917889
Rwanda,RWA,2013,17,31.7539537036078,30.2291296790874,38.790620984242
Suriname,SUR,2013,14,31.7539537036078,28.3336159523677,34.8385877188602
Ghana,GHA,2013,18,31.3609349906792,26.8739545360848,33.1210764528433
Ethiopia,ETH,2013,12,31.32079487206,26.9085816734183,35.1682091270015
Tanzania,TZA,2013,18,31.1145167424091,27.2329543626122,34.9960791222061
Serbia,SRB,2013,15,30.9394481390015,28.4723962202484,40.6196233433191
Timor-Leste,TLS,2013,10,30.8492588279143,28.240317871874,37.4695616751839
Nicaragua,NIC,2013,18,30.6367010265714,28.6863179919631,34.2702599609137
Malawi,MWI,2013,17,30.5551830751526,24.1908987032191,33.1575042842586
Moldova,MDA,2013,16,30.2916925228019,28.127407668834,37.567023294773
Pakistan,PAK,2013,24,30.0849650871062,29.0870377835922,31.6593517935442
Cambodia,KHM,2013,17,29.6879819415727,23.93561253236,34.0230935466679
Iraq,IRQ,2013,12,29.6766403401698,25.1709774350612,39.3881388532748
Mauritania,MRT,2013,14,29.1135053521488,25.1877534352084,38.1120158852706
Uganda,UGA,2013,16,29.1135053521488,21.8655469190103,31.4826218508313
Benin,BEN,2013,13,28.530323247549,25.1987874580641,35.440763774616
Yemen,YEM,2013,13,28.3378038975905,27.7427440386219,36.0294790190812
Algeria,DZA,2013,12,28.312684443236,23.1320828167524,32.7104974244406
Cameroon,CMR,2013,14,28.3100905292412,23.6769888290526,38.3225507975897
Mozambique,MOZ,2013,16,28.0690618338926,21.947339607558,30.5286162237058
Albania,ALB,2013,19,28.0020690977671,25.6749963643496,35.832731705976
Senegal,SEN,2013,15,27.9684298949926,25.24737877334,33.5138754917507
Burundi,BDI,2013,11,27.6395044319417,23.6579432680939,35.1531916845839
Barbados,BRB,2013,12,26.5118500932586,25.8816052376116,36.7873772709297
Myanmar,MMR,2013,11,26.5118500932586,22.1524978172594,34.3325222686802
Kyrgyzstan,KGZ,2013,13,26.303224396394,23.1457794183515,32.0106609967024
Guinea,GIN,2013,15,25.6359570089322,24.8928875416366,34.450134992749
Mali,MLI,2013,14,25.5735787099903,21.3258241007848,29.8274806287759
Argentina,ARG,2013,23,25.1853988343367,24.5435649950477,26.720266214889
Lesotho,LSO,2013,16,25.0527563875621,20.2623370908936,29.9821357827524
Libya,LBY,2013,14,24.910294079501,21.1948888144132,29.1905914551236
Burkina Faso,BFA,2013,14,24.6955109109498,22.2023298170509,30.9305632764331
Chad,TCD,2013,13,24.5817911277843,21.5064324496869,34.5144949031887
Côte d'Ivoire,CIV,2013,15,23.1029732664723,22.1610317148062,32.1207534235182
Luxembourg,LUX,2012,19,84.8490825280349,81.1485494211638,88.4261355650716
Hong Kong,HKG,2012,19,80.7328046797943,76.2145788537941,84.9606300118379
Switzerland,CHE,2012,21,80.4671228645357,78.5631265232021,83.1014940055194
Australia,AUS,2012,17,79.9634537022489,74.7706249334013,90.2755556056973
Canada,CAN,2012,17,79.5206960539361,74.1253334452185,85.1290809157285
United States of America,USA,2012,16,78.9563704187432,75.4352442844616,84.2849127745603
Singapore,SGP,2012,19,78.3873703502621,72.9343656250265,79.8752406229177
United Kingdom,GBR,2012,18,77.496263671225,74.2495582095166,80.7005261887684
Japan,JPN,2012,19,76.7069448988507,71.2936184159424,77.6791643627762
New Zealand,NZL,2012,16,76.5071768660321,65.6393451085647,82.2914895541129
Denmark,DNK,2012,19,74.4339819533398,71.6667298962825,77.201234010397
Sweden,SWE,2012,18,74.4264615409858,71.898962729453,77.27118954158
Norway,NOR,2012,20,73.5640798236494,72.9343757703642,76.6576246274454
France,FRA,2012,20,73.4877015840092,71.5843444773943,76.1575708180568
Germany,DEU,2012,18,71.8803511794995,67.0670258705592,73.8621853123536
Netherlands,NLD,2012,20,71.3675633884205,70.0304566569002,74.6864176405686
Cyprus,CYP,2012,19,70.7171010823387,64.2697338105908,71.579587698504
Ireland,IRL,2012,18,67.4951026151465,60.7184454901272,69.6252059589113
Malaysia,MYS,2012,24,66.7630737140051,64.6678709440101,68.7584421416182
Spain,ESP,2012,20,66.568756911706,63.5251924180924,67.929269065532
Malta,MLT,2012,18,66.5126603160372,64.7358818361679,70.1002618376397
Israel,ISR,2012,19,66.4609645108933,63.9367598242438,69.9697232788208
Finland,FIN,2012,19,65.9301356969206,64.3900254986851,69.503815703381
South Korea,KOR,2012,21,64.6022664057331,62.5810668088085,66.8577903993365
Belgium,BEL,2012,18,64.1758730719938,61.3251992831621,69.0597463937865
South Africa,ZAF,2012,24,64.0333015261892,61.980176124038,65.1884936720412
Portugal,PRT,2012,19,63.748001913109,61.0501181265006,66.4458856997175
Austria,AUT,2012,20,63.495376669734,60.8326550811677,65.0825443872941
Thailand,THA,2012,23,63.0123845656905,61.7662976857267,66.1180364030475
China,CHN,2012,19,61.9326986748064,59.0309319241182,66.9163361084196
Slovenia,SVN,2012,16,61.846543591225,52.0451799525315,67.9354164072174
Brazil,BRA,2012,22,61.4591213610495,59.9018891462703,64.1344304236644
Iceland,ISL,2012,18,60.3316488110673,58.5394357964526,64.3594692607773
Qatar,QAT,2012,19,60.2916481881027,57.4221758605161,63.4055620183023
Latvia,LVA,2012,16,59.6595488531437,47.6993652407406,63.4151991914209
Taiwan,TWN,2012,9,59.1134147534898,53.8802112937904,67.9378877163529
United Arab Emirates,ARE,2012,16,58.8070416559007,55.985285716231,63.6631608794611
Bahamas,BHS,2012,10,57.8981873826678,44.1241725796848,57.9503692090153
Estonia,EST,2012,17,57.6194991196468,56.1336393176974,72.232416295876
Bahrain,BHR,2012,21,56.1089291221242,55.4553091391416,59.8443044425361
Mauritius,MUS,2012,21,55.3812117647844,51.7282251019033,56.5766370750992
Poland,POL,2012,19,55.3530656845479,48.7960902326403,61.6056179922165
Chile,CHL,2012,22,55.0894814777884,53.2556028535279,56.4780889158809
Italy,ITA,2012,20,55.0713023622191,52.9865197791699,57.5484887862288
Oman,OMN,2012,20,54.6326503180297,50.9536387273944,54.7532509534648
Saudi Arabia,SAU,2012,19,54.5727431641787,51.6572460020792,57.11892675868
Kuwait,KWT,2012,15,53.9462048763732,51.389989862406,57.5616806190592
Russia,RUS,2012,19,53.3115784692285,43.6192354164595,58.4469872819306
Bulgaria,BGR,2012,18,53.2793105959966,45.9134909275363,59.3354723893958
Lebanon,LBN,2012,18,53.0986230159246,45.2456247389701,54.9013514323304
Montenegro,MNE,2012,15,52.1790689622696,48.4372796445509,62.8649225332772
Panama,PAN,2012,18,51.5137006484349,49.2243057922265,54.3361080318089
Namibia,NAM,2012,17,51.3360861814807,46.5669754345848,56.1051969283766
India,IND,2012,23,51.323533223827,49.0395182984562,53.026847124798
Sri Lanka,LKA,2012,17,51.3146051661307,44.8538851001052,51.8714462180359
Czech Republic,CZE,2012,19,50.8948596744128,47.5851028093796,59.8768515860709
Croatia,HRV,2012,19,50.8846889168185,45.1901624761126,59.7203691184297
Iran,IRN,2012,14,50.2502893959723,42.4062261006426,53.1895238878411
Indonesia,IDN,2012,23,48.8011124498201,47.6057022905694,50.6234991803114
Puerto Rico,PRI,2012,10,47.8638068167628,40.5259545162048,55.2016591173207
Fiji,FJI,2012,10,47.4065867983576,39.3836860079751,52.9163999081606
São Tomé and Príncipe,STP,2012,5,46.4320908947011,39.9316889237091,47.9013935286462
Jordan,JOR,2012,21,46.3905486704913,45.1692563608327,49.916953947162
Slovakia,SVK,2012,17,46.2869847770993,45.4798652318597,57.7287635023566
Lithuania,LTU,2012,16,46.1080985461831,36.3903468511289,52.587321196539
Greece,GRC,2012,20,45.9489925420208,44.8715016642468,49.2925203337829
Peru,PER,2012,20,45.8595728654718,43.1295988356174,47.9496248832086
Cabo Verde,CPV,2012,11,45.6706062392317,39.0985402553236,52.2426722231398
Guatemala,GTM,2012,16,45.6257636032071,42.1515779334478,49.0999492729665
Morocco,MAR,2012,20,45.463954276706,41.9597271199577,46.2401475650674
Botswana,BWA,2012,19,45.3708325690043,42.7629889319618,47.3883553482079
Laos,LAO,2012,6,45.1108310729827,39.0426567982063,50.1459982645578
Trinidad and Tobago,TTO,2012,18,44.9005090399818,43.2078916890216,48.7226538033021
Mexico,MEX,2012,22,44.8990645006835,43.3061773561352,46.1142600873549
North Macedonia,MKD,2012,13,44.8361293834849,39.4124988077522,54.691937345443
Belize,BLZ,2012,13,43.8328941861229,41.4694637355586,46.7694158263464
Colombia,COL,2012,23,43.8328941861229,42.4024812337287,45.0515593149571
Jamaica,JAM,2012,23,43.4684987036228,42.1324367327406,45.1522718085216
Costa Rica,CRI,2012,20,42.8532238471979,42.1277486421205,48.9873826289198
Tunisia,TUN,2012,20,42.8532238471979,40.8732053860555,45.5581475532042
Brunei,BRN,2012,10,42.8055153465892,41.2208795457818,49.5320041545594
Seychelles,SYC,2012,9,42.2188143022692,34.55242708271,46.8601271193737
Romania,ROU,2012,16,42.1030221461239,38.0109200824696,50.0358153028418
Vietnam,VNM,2012,21,41.909075024857,41.0649944431383,45.581108416094
Togo,TGO,2012,9,41.7406341223851,33.2125745241975,43.2416232053173
Bhutan,BTN,2012,9,41.6082287156563,37.0113942272401,49.8487393633711
Gabon,GAB,2012,6,41.5888298070547,35.0324458805144,43.6226182094555
Belarus,BLR,2012,10,41.4490614042305,34.9049932320348,45.082267956963
Philippines,PHL,2012,24,40.8178022106684,39.7225495742347,42.8104290698971
Bolivia,BOL,2012,17,40.4598271806097,37.8515635174371,45.4746944705537
Ukraine,UKR,2012,17,40.1488044193338,36.5030566131787,50.4313271724579
Angola,AGO,2012,14,39.2014128483779,36.1314182381093,47.0863102218393
Azerbaijan,AZE,2012,16,38.968955349836,36.1867178826094,41.1339269612978
Egypt,EGY,2012,21,38.7614636857059,36.3046979832292,40.5252986536835
Sierra Leone,SLE,2012,7,38.6078240792857,34.217696715924,43.2728045834534
Kazakhstan,KAZ,2012,19,38.5489825818247,35.857433509532,41.5737743459633
Haiti,HTI,2012,12,38.4774966235864,35.5618729963509,44.6763899995521
Paraguay,PRY,2012,18,38.0193407958452,34.9167924288026,41.5882989837231
Democratic Republic of Congo,COD,2012,8,37.9980426905593,33.7572264091721,44.3239774568568
Nigeria,NGA,2012,20,37.8377814370516,34.0303284683432,40.8042838648993
Nepal,NPL,2012,15,37.789683312294,32.0615062654663,42.2932747399986
Eswatini,SWZ,2012,13,37.7673396699307,32.87723354301,45.4206702787795
Zimbabwe,ZWE,2012,14,37.6170281155197,36.7276971534776,43.2800102895087
Papua New Guinea,PNG,2012,10,37.5640692904175,30.3879679771206,41.9232989586504
Guyana,GUY,2012,12,37.2812428486413,30.8693844822509,39.6498323108348
Syria,SYR,2012,10,37.0089005246358,33.6882329028793,44.9096905624461
Turkey,TUR,2012,21,36.9362026201737,35.9356882486164,49.289356539229
Djibouti,DJI,2012,8,36.8454703576308,33.1211087614334,43.7191986967703
Hungary,HUN,2012,22,36.8244188025759,33.6687983019337,42.0266288483363
Kenya,KEN,2012,17,36.4864577636032,32.9796616049207,39.4206002587363
Gambia,GMB,2012,13,36.4551597247146,28.6880730924855,42.3068949165226
Comoros,COM,2012,10,36.4543233813342,30.404762002239,43.6118365888313
Guinea-Bissau,GNB,2012,7,36.2934161952198,31.9751705771544,41.3795008452001
Palestinian Territories,PSE,2012,7,36.1477820952139,34.6981343597284,43.9738317487514
El Salvador,SLV,2012,17,36.1274645715262,33.543680168057,40.8250202786887
Uzbekistan,UZB,2012,4,36.048788211976,31.0366320501441,36.9501163510522
Georgia,GEO,2012,17,35.8311048031666,32.1357500216042,42.9612199251655
Honduras,HND,2012,18,35.5921806603898,32.7430205606158,40.0803116034213
Niger,NER,2012,8,35.294076734026,29.7786377731018,37.5928875587988
Uruguay,URY,2012,20,35.294076734026,31.9456844303116,38.274464239228
Armenia,ARM,2012,17,35.2445283365843,34.6197564266649,42.2393133607665
Republic of Congo,COG,2012,6,35.2033521378463,33.8820616445929,41.7374694928952
Serbia,SRB,2012,15,35.1308638300667,32.4628078437165,46.876208224822
Bosnia and Herzegovina,BIH,2012,17,34.7856309761503,31.6161430544915,43.4648449480602
Rwanda,RWA,2012,16,34.4945495703533,32.1438947115725,41.116299630354
Afghanistan,AFG,2012,9,34.1813934230486,29.7695966349883,41.398602860679
Timor-Leste,TLS,2012,10,34.0131389172581,28.3000800523942,37.5490299032339
Bangladesh,BGD,2012,19,33.797631733843,30.4391677175335,36.9532759131733
South Sudan,SSD,2012,8,33.7627882463463,29.0007893661223,39.2975701951814
Iraq,IRQ,2012,12,33.734699235114,26.6967973689965,41.7471719982475
Dominican Republic,DOM,2012,16,33.5048660792612,31.7257089855431,38.9099280470759
Central African Republic,CAF,2012,8,33.3327909452364,30.1630009390176,40.1878801368998
Liberia,LBR,2012,9,33.3054442765768,29.4859419012781,40.1965224089726
Ghana,GHA,2012,17,33.2418945396553,27.9508822994838,36.252596972087
Tajikistan,TJK,2012,12,33.0256090986236,29.1190245280401,36.7280745889414
Mongolia,MNG,2012,18,32.9239736796298,29.6283714652715,34.7608936863276
Pakistan,PAK,2012,23,32.7838540822545,31.3445179514566,34.2820028558104
Ecuador,ECU,2012,17,32.4565133811283,30.4721822939675,36.8071721001058
Suriname,SUR,2012,12,32.43336173409,32.1508802403567,41.6920911824027
Madagascar,MDG,2012,15,32.3855276207548,27.3348349341796,44.2827352298003
Sudan,SDN,2012,9,31.499484583727,27.4918577686829,35.9257227584598
Moldova,MDA,2012,15,31.4503784703042,28.3263591299501,39.1856092664387
Benin,BEN,2012,12,31.3304133100108,27.4894495072128,39.5205955328439
Venezuela,VEN,2012,15,31.0497050667816,28.4785434098575,38.2948450388348
Nicaragua,NIC,2012,17,30.8791901066588,27.1311712433325,33.6593162627208
Barbados,BRB,2012,11,30.6788248071534,27.699718965908,42.4487920118258
Albania,ALB,2012,18,30.4180894131219,26.3371354641866,38.3417398744477
Mozambique,MOZ,2012,15,30.3555931305594,22.617708919064,31.1718360603223
Mauritania,MRT,2012,13,30.2455221274813,22.9421741801725,34.9391738040363
Yemen,YEM,2012,12,29.9338624705334,26.8305928922906,35.4827647240147
Zambia,ZMB,2012,18,29.9338624705334,29.3784242374677,35.8901908674415
Uganda,UGA,2012,14,29.908816015354,27.5573222545865,39.8807963527312
Ethiopia,ETH,2012,12,29.8568645389391,26.7639558420512,34.7857583224788
Algeria,DZA,2012,11,29.5751021122929,23.8760569322974,35.4878653642718
Senegal,SEN,2012,14,28.8732323193826,25.6029210332659,33.8636763639787
Guinea,GIN,2012,10,28.4538291949043,26.8295806942753,39.9695531921622
Malawi,MWI,2012,15,28.2361291002834,25.2484278894495,34.7326832997697
Lesotho,LSO,2012,15,28.1396315182207,21.6953136076331,33.5968821112289
Côte d'Ivoire,CIV,2012,14,27.6595386305465,22.5607374128256,32.9856290058858
Argentina,ARG,2012,22,27.449607884943,26.1897500318222,29.2692918769155
Myanmar,MMR,2012,9,27.2827773861966,20.8979750616479,33.6675797107452
Burkina Faso,BFA,2012,12,26.4473813974946,24.4790589307131,34.512320210293
Cameroon,CMR,2012,14,25.7092885654765,21.9079446973773,30.9369396991244
Tanzania,TZA,2012,17,25.6070711625803,22.6621226031038,30.8844138854379
Chad,TCD,2012,12,25.4277773817661,22.6444934525415,35.8500819028709
Burundi,BDI,2012,10,25.1021849770254,23.7562866686195,34.4178395807982
Kyrgyzstan,KGZ,2012,12,24.9837297500346,24.2057207746743,32.9204225615282
Libya,LBY,2012,14,24.8967788436661,22.1187927505741,30.9388752216135
Cambodia,KHM,2012,16,24.5308979319198,20.525102524975,30.8596267160431
Mali,MLI,2012,13,22.5249672601139,21.0544178010068,29.2579822588388
Australia,AUS,2011,17,86.8026342520516,77.3477170920167,91.9415115345716
Hong Kong,HKG,2011,19,85.5218771494358,79.818666778013,88.8275516803796
Luxembourg,LUX,2011,18,84.6538866762531,81.9830613186402,89.7256943274896
Switzerland,CHE,2011,21,81.1139052955954,79.6985296129994,84.2320682660004
Canada,CAN,2011,17,80.129587456068,77.2450365172583,87.1523477825664
Japan,JPN,2011,19,79.0662230091747,74.840537602627,82.0975362365494
Singapore,SGP,2011,19,78.4690635937872,75.2551234604956,83.4755372401995
United States of America,USA,2011,16,78.11099592658,75.8378934443857,84.4293870536434
Norway,NOR,2011,20,77.6694438959542,75.6087794777953,79.8637820075467
United Kingdom,GBR,2011,18,77.5726585105833,75.1975678716008,81.3177371854885
Cyprus,CYP,2011,16,76.8418451622054,68.3752465327793,76.9999576291501
Sweden,SWE,2011,18,75.9853384954424,72.8528112849119,78.139264350622
Netherlands,NLD,2011,19,75.115698442074,70.7849115849693,76.2678158528674
Denmark,DNK,2011,19,74.7557105613951,71.160141834855,76.9427083899782
New Zealand,NZL,2011,16,73.6238516969043,66.1766171140984,82.7382080973564
France,FRA,2011,19,73.5059835170043,72.0273320366856,76.7940879176133
Germany,DEU,2011,17,73.2802816428533,70.0812518921175,77.0970399265076
Malta,MLT,2011,16,70.5870244121418,66.3375818232919,75.4150793408742
Ireland,IRL,2011,17,69.530147328794,64.4044521659669,74.9844024256981
Finland,FIN,2011,18,69.2964027839383,64.5686233921208,70.547404617598
Israel,ISR,2011,19,68.2919745827267,66.8672470262373,74.4001335531158
South Africa,ZAF,2011,24,68.0900061671766,66.0247951352888,69.4101820054863
Belgium,BEL,2011,17,67.0026708812662,62.6090241691064,71.8465178448164
South Korea,KOR,2011,21,66.801854891344,64.7578708749702,68.708162603657
Spain,ESP,2011,19,66.6747307787636,64.5431275861583,69.9030524086198
Malaysia,MYS,2011,24,66.2038498858202,65.2406799551618,68.6633744529142
Qatar,QAT,2011,19,66.1687174999774,60.8526130808548,67.006987255026
Austria,AUT,2011,19,66.1469839957059,62.8647786542335,68.0495268261674
Portugal,PRT,2011,18,65.446580466801,61.2764850595105,67.2001057674895
Taiwan,TWN,2011,9,64.4407574052539,51.8882499822144,65.554364478679
Thailand,THA,2011,23,63.8047150200672,62.1547612500451,66.5399734000181
Brazil,BRA,2011,22,63.7395664315511,61.3652369715335,65.5828131405383
Croatia,HRV,2011,19,63.2066382727432,56.3532329234684,70.0600436220179
Montenegro,MNE,2011,15,62.9846408230035,50.9513230923201,65.5938099035682
China,CHN,2011,19,61.9620981755009,58.5618605490405,66.7520523428283
United Arab Emirates,ARE,2011,16,61.8104896901574,58.0454886604666,65.9377874230567
Iceland,ISL,2011,18,61.756937566104,60.3886101133029,67.4091161461373
Slovenia,SVN,2011,15,60.7831115378888,51.9115878192757,69.1797266483315
Estonia,EST,2011,15,60.255662533826,56.6984918869919,74.2871104945564
Bahrain,BHR,2011,21,59.057686845706,57.1387069315597,61.6170719067662
Kuwait,KWT,2011,15,58.5316024179267,55.3842824399313,61.435547990068
Bulgaria,BGR,2011,18,57.8710337414034,46.2955728966367,59.7236250497976
Mauritius,MUS,2011,21,57.8652838270936,54.2212930701278,59.2736977041456
Saudi Arabia,SAU,2011,19,57.8003144815227,53.8606357395244,59.21400513988
Greece,GRC,2011,19,57.1830200410566,51.1481714864896,58.2811246606623
Poland,POL,2011,19,57.1769409067825,49.4882064473308,64.492741363789
Oman,OMN,2011,20,55.5931357842508,54.0123084208657,57.8190283257906
Chile,CHL,2011,22,55.1057818680359,53.6396637815629,56.4269983663624
Russia,RUS,2011,19,55.0224261711926,47.8666826377231,62.1781697046621
Italy,ITA,2011,19,54.8868936956396,49.7239424096149,57.0919686094616
Puerto Rico,PRI,2011,10,54.8868936956396,50.9328647969574,66.3370325386191
Panama,PAN,2011,18,54.729346434908,52.6394506151615,57.9559450808964
Bahamas,BHS,2011,10,54.5041206955592,44.6817583472813,58.3390765071971
Czech Republic,CZE,2011,19,53.5501422963714,49.4611183114754,63.536116731722
Lebanon,LBN,2011,18,52.7814047534879,48.8213008664343,58.0226009311311
Guatemala,GTM,2011,15,52.2014533701308,47.0967709400134,57.3061358002481
Latvia,LVA,2011,16,52.1430069897585,47.1364757712372,63.2579605246437
Jordan,JOR,2011,21,51.9264952403058,48.4161140577301,52.8115085163325
India,IND,2011,23,51.1537051814078,50.8230799472863,54.7906581326138
Iran,IRN,2011,12,51.1537051814078,43.4545975824756,55.4465238662777
Indonesia,IDN,2011,23,50.8887276872105,49.6208300826619,52.9160035651191
Slovakia,SVK,2011,17,50.4469820742497,45.490910731393,58.590989444639
Fiji,FJI,2011,10,49.7411826386401,41.4241360464399,55.11493234477
Cabo Verde,CPV,2011,11,49.6426690377055,46.3828811159035,59.6383197001782
Trinidad and Tobago,TTO,2011,17,49.6426690377055,46.0181807664697,53.2671573089412
Sri Lanka,LKA,2011,16,49.5606817372952,45.5237687426426,52.7799845196748
Brunei,BRN,2011,10,48.2586358009199,44.8145839666095,53.0795467869448
Jamaica,JAM,2011,21,48.2102017478599,44.8750333520907,53.366288774598
Nepal,NPL,2011,14,48.2067296609371,41.625222726169,54.9549497393003
Ukraine,UKR,2011,17,48.1486097389896,35.3742529926413,48.9287591274346
Bhutan,BTN,2011,9,47.9212247056628,37.070870627184,49.0531636063134
São Tomé and Príncipe,STP,2011,4,47.6709341238243,40.5755202651444,48.5706843011599
Namibia,NAM,2011,17,47.5798579583826,44.0610165382888,53.9929792753595
Tunisia,TUN,2011,19,47.2257535904689,43.4692180893458,50.6065453296781
Botswana,BWA,2011,19,46.7287852477992,44.5294533572923,49.7551263304049
North Macedonia,MKD,2011,13,46.6672634104488,38.7112117277701,54.2310277964558
Belize,BLZ,2011,10,46.5876150689744,42.0376569156512,51.1375732222976
Morocco,MAR,2011,19,45.7168597637819,43.2106450343722,50.23183573798
Vietnam,VNM,2011,21,45.3111248545412,44.154850748924,48.658246798245
Costa Rica,CRI,2011,18,44.8614914129572,38.8533142960283,46.221516655274
Peru,PER,2011,20,44.8202335528936,43.5386048393508,48.0772758221398
Romania,ROU,2011,16,44.4695963908591,37.6716199998728,50.0015204848082
Mexico,MEX,2011,22,44.0636001356235,43.1143483968342,46.0048533788345
Colombia,COL,2011,23,43.7762048417832,42.3730155703101,44.6309419654506
Republic of Congo,COG,2011,6,43.6534886223126,34.5793653409669,43.7487121527277
Comoros,COM,2011,10,43.4129935268693,37.3151593013187,49.5108277524198
Laos,LAO,2011,8,43.0013978749072,38.3672579815056,46.8050093336182
Angola,AGO,2011,15,42.771452874437,39.427739785514,48.3404209399497
Papua New Guinea,PNG,2011,10,42.771452874437,32.5441810781024,43.7568560677966
Armenia,ARM,2011,17,42.4345395287659,36.7853186352004,47.0540189529986
Turkey,TUR,2011,21,42.4345395287659,34.5631347221746,47.6556364384797
Zimbabwe,ZWE,2011,14,42.3068857114186,39.5432222069248,45.8740782549331
Egypt,EGY,2011,23,42.2810994651555,40.9987231064508,44.6490999990027
Seychelles,SYC,2011,10,42.1918754825644,35.1067741494856,46.0477689563041
Lithuania,LTU,2011,16,41.8098391452423,37.8544902574261,54.5788481467014
Philippines,PHL,2011,24,41.1083211124767,39.8482773428537,42.7238113887562
Democratic Republic of Congo,COD,2011,8,41.0168759028516,34.3825267381214,45.8641567324531
Haiti,HTI,2011,9,40.7789053838871,29.1569545065628,42.8349575414147
Central African Republic,CAF,2011,8,38.538110531088,30.0151205144913,41.0712035240411
Mongolia,MNG,2011,18,38.538110531088,34.1754391823008,39.8166557132576
Guinea-Bissau,GNB,2011,7,38.4369465531862,32.5926136595111,41.6124536149698
Bolivia,BOL,2011,17,38.100070853982,34.4788258777145,42.0657994204432
Kazakhstan,KAZ,2011,19,37.3976800234468,36.0362564763561,41.8219972840826
Gambia,GMB,2011,13,37.3575634372255,27.9727151966822,39.7784033742626
Bosnia and Herzegovina,BIH,2011,17,37.1896966092236,31.4669866970592,44.6047605914067
Paraguay,PRY,2011,18,37.1797792504128,34.5444738297088,42.6236703709773
Rwanda,RWA,2011,16,37.1205772874661,30.6852936032173,40.2408140231206
Azerbaijan,AZE,2011,15,37.1115772599632,35.5652770830661,42.2491172419521
Togo,TGO,2011,9,37.0795121606708,33.2695973837511,43.56039221352
Djibouti,DJI,2011,8,36.9651446603217,33.3300375729677,44.9598433049563
Eswatini,SWZ,2011,13,36.9651446603217,34.0624976223323,46.6945576774688
Dominican Republic,DOM,2011,16,36.9573423829926,32.5740187932504,39.9873231251153
Serbia,SRB,2011,16,36.9518492006143,31.5304921056767,45.5287276960066
Gabon,GAB,2011,6,36.7947731452771,34.83089588167,43.0693269532069
Sierra Leone,SLE,2011,7,36.7941293044295,33.8253862156647,43.5863898805944
Belarus,BLR,2011,10,36.7815210571639,36.7234338756815,47.4414290009684
Nigeria,NGA,2011,19,36.7815210571639,36.3846500675188,43.7860552096522
Guyana,GUY,2011,12,36.6127753612502,31.1419750175269,39.0414992829023
Hungary,HUN,2011,22,36.4815678351002,34.8638983596862,45.9908455001334
Uruguay,URY,2011,18,36.4795848917515,34.4459407144932,40.9895422100226
Palestinian Territories,PSE,2011,7,36.3823229376115,34.4659180369358,44.1241787707826
Pakistan,PAK,2011,23,35.8995495304138,35.1278129962155,38.2767472046638
Iraq,IRQ,2011,12,35.3226903646712,28.416190637488,44.6633910241015
Uzbekistan,UZB,2011,4,35.2499231253705,30.1501534729093,35.6681029720221
Myanmar,MMR,2011,9,34.9651340079938,31.0150690754745,44.066027375544
Ghana,GHA,2011,16,34.8758829806325,30.056883202996,40.069863323228
Georgia,GEO,2011,17,34.444699682592,30.4382606184212,43.4287585941565
Albania,ALB,2011,18,34.1498732563571,27.8059617634838,39.5017091820309
Honduras,HND,2011,18,33.832829117764,31.6120024710816,39.0441808452899
Bangladesh,BGD,2011,19,33.6921997778882,31.6899172295316,38.6027691092589
South Sudan,SSD,2011,5,33.6921997778882,28.5920545762731,39.2437833544448
Kenya,KEN,2011,16,33.6450551204031,32.9874232814232,43.9243124023765
Suriname,SUR,2011,12,33.6015707000094,31.1458487540766,41.4514802224912
Ecuador,ECU,2011,17,33.5897035525164,29.0560522869954,36.5598867615308
Lesotho,LSO,2011,15,33.5882642059666,22.6467041375647,35.70042103782
Niger,NER,2011,8,33.584916332905,28.9662017505407,37.5572165168033
Liberia,LBR,2011,10,33.5132622626902,30.0448944566715,38.8920023239606
Zambia,ZMB,2011,16,33.4324037475175,30.8214455842793,38.5928908145194
Guinea,GIN,2011,10,33.3679519795984,25.6718237891919,39.8083996264409
Sudan,SDN,2011,8,33.3501235928703,28.8543510696164,40.4538115617861
Nicaragua,NIC,2011,17,32.2799314296997,28.2633877016297,35.1207090100593
Uganda,UGA,2011,13,31.7520644640908,27.8064860924577,43.277977807271
Syria,SYR,2011,11,31.7432593264587,31.1926732810358,38.0490806927669
Afghanistan,AFG,2011,9,31.5830686713203,29.499715601428,40.4011043854888
Timor-Leste,TLS,2011,9,31.272500285415,28.0504905300925,39.3139832572679
Benin,BEN,2011,12,31.1793780600315,28.947161068993,41.2779298058097
Venezuela,VEN,2011,15,31.1086429880383,27.6642962761673,37.3845747952551
Moldova,MDA,2011,15,31.0648077041174,28.2200287267157,40.0837591229979
Yemen,YEM,2011,8,31.0413187624056,22.4664376890168,32.7815475689517
Tajikistan,TJK,2011,11,30.9679574534741,28.0418943703284,40.7703571609246
Barbados,BRB,2011,13,30.4823710298031,28.8688197875959,41.9229306241636
Burkina Faso,BFA,2011,12,30.4612723736126,26.0591192994298,36.8435705078658
Malawi,MWI,2011,15,30.4030246831312,25.9411956921623,34.4781953880911
Kyrgyzstan,KGZ,2011,12,30.1713557310924,24.5275873173502,33.0204779302525
El Salvador,SLV,2011,17,29.8478112330658,25.8164831160518,33.8791393500799
Mauritania,MRT,2011,12,29.5881897652117,20.7350228413062,35.1359456243608
Argentina,ARG,2011,22,29.3117441297074,27.5652395542167,30.4030509113646
Ethiopia,ETH,2011,11,29.2476041730213,26.741786903168,39.0787849193892
Chad,TCD,2011,12,29.0404245660658,21.0025437410042,34.2278062720926
Senegal,SEN,2011,13,28.2972373397815,22.9029178775278,33.9125340048034
Madagascar,MDG,2011,15,27.7457764324955,25.428851357587,41.4172483060917
Cameroon,CMR,2011,14,26.8290865302002,22.2851693766755,31.528767531568
Mozambique,MOZ,2011,15,26.4252363893814,23.173518533498,32.3977801915969
Libya,LBY,2011,14,26.1500481247611,23.0428492301353,31.2117564190872
Burundi,BDI,2011,10,25.3042173758907,23.2025807291745,36.164271300174
Mali,MLI,2011,13,25.0287915764648,19.3309009391977,28.2872092739016
Côte d'Ivoire,CIV,2011,14,24.8889628639089,22.4164149357971,34.0547982974611
Cambodia,KHM,2011,16,24.4998012576817,17.6334484240574,29.4299781348885
Algeria,DZA,2011,11,24.2227960186055,23.1783223433629,34.5386990525481
Tanzania,TZA,2011,17,23.7567672984736,23.5004842233539,31.0534322722895
Luxembourg,LUX,2010,18,92.943278507032,89.2781141832955,96.6084428307685
United States of America,USA,2010,17,87.2640286919473,84.5405838161397,90.7943221479114
Switzerland,CHE,2010,21,87.1410399265602,83.5054225891277,88.3290532377536
Hong Kong,HKG,2010,19,86.5034321435726,78.2832370615844,89.0982570972877
Canada,CAN,2010,17,85.839390936839,79.8734310201706,90.2122137284067
United Kingdom,GBR,2010,18,82.7544276338825,78.8513264208006,85.4671922401932
Singapore,SGP,2010,19,81.9122936100184,77.7245833030527,86.7727817407676
Norway,NOR,2010,20,81.5362014873518,78.7586642241328,82.8153338278016
Australia,AUS,2010,17,81.4126193152491,79.1481868600859,93.6088941169756
Netherlands,NLD,2010,19,80.3236878196946,77.666912621667,82.9784942645572
Denmark,DNK,2010,19,79.8300161279123,75.8247369412831,81.8578476630876
Japan,JPN,2010,19,79.5159890195427,74.9958824209539,82.2361911825458
Ireland,IRL,2010,17,78.4751832716697,69.8236863616227,81.0839518502798
Sweden,SWE,2010,18,78.3993808160397,75.5599634204862,81.7730242998537
Germany,DEU,2010,17,77.8614332298379,75.5745156973957,83.1797628230951
France,FRA,2010,19,76.9496408035703,74.1342239776103,78.6007817173529
South Korea,KOR,2010,21,75.4719056594951,73.9091400414681,78.2947102702373
Israel,ISR,2010,19,75.2138538131835,70.5593915574389,77.2859587686211
Spain,ESP,2010,19,74.5434922643938,71.9698176888343,76.9269031864933
Iceland,ISL,2010,17,74.5223051666265,67.2756004636264,78.7077355116835
South Africa,ZAF,2010,24,73.2384538109244,70.959757925654,74.4758706224266
Malta,MLT,2010,16,73.0113586791395,68.575836346176,78.0155033071342
Cyprus,CYP,2010,16,72.7726860564809,71.4421533417318,79.31572627081
New Zealand,NZL,2010,16,72.7723860436432,68.2329421137593,84.8672938014333
Belgium,BEL,2010,17,70.2359889123139,66.9559504869222,76.1503512718316
Austria,AUT,2010,19,70.1170679953455,66.0971906454232,70.7934360188438
Finland,FIN,2010,18,69.1691597240795,66.5779673522931,72.4771909254909
Portugal,PRT,2010,18,69.1371306538044,65.1970202264366,70.9696593823055
Malaysia,MYS,2010,24,68.7800024731734,66.8025532985915,71.1829357243973
Slovenia,SVN,2010,17,67.1939422646034,58.5297251081626,74.3153092100628
Estonia,EST,2010,15,66.2959609038499,59.4178826186119,75.8168841422033
Brazil,BRA,2010,22,65.8815648852205,64.0140514264385,67.9183954006368
United Arab Emirates,ARE,2010,16,65.0493900323131,61.1021658687802,68.1135611777122
Czech Republic,CZE,2010,19,65.044070549675,58.8716000255334,71.2165410738166
Thailand,THA,2010,23,64.5302970815057,63.6981246650312,67.7736617106096
Bahrain,BHR,2010,21,62.6905499214619,60.8822862151369,65.2451616325366
Qatar,QAT,2010,19,62.1286146466689,59.5633218554437,65.3713232563644
Oman,OMN,2010,17,62.0816313749563,59.4382910650649,66.8295906296265
China,CHN,2010,19,61.8063160616981,57.9191581187758,67.0982307362896
Mauritius,MUS,2010,21,60.5172425336589,55.7015005737094,60.6410325291743
Taiwan,TWN,2010,9,60.4893998050847,52.8884387392486,68.5824264395366
Lebanon,LBN,2010,14,60.2989391289713,51.9597169246017,66.004209913958
Montenegro,MNE,2010,15,59.6830472253054,55.0571932090339,68.4016642573615
Kuwait,KWT,2010,15,58.7999620650457,56.6300335326206,63.1402542198441
Chile,CHL,2010,22,58.5632772086203,56.8223541197663,60.103631883834
Greece,GRC,2010,19,58.3973952271922,56.3028616246878,62.3406227890097
Nepal,NPL,2010,14,58.2256595913477,45.9833702872971,58.7911942345095
Bulgaria,BGR,2010,18,57.9451960377635,46.2117020826653,59.0615993632964
Trinidad and Tobago,TTO,2010,19,57.9300518002662,55.5493280695176,61.2706982284037
Puerto Rico,PRI,2010,8,57.8783984603558,46.0158095890327,62.7814183013923
Italy,ITA,2010,19,57.55087664225,52.845382424739,59.519041005978
Saudi Arabia,SAU,2010,19,57.3632140217224,54.8290807305651,59.8892786603641
Fiji,FJI,2010,10,56.5665868035815,48.8396688812521,61.3554888708792
Croatia,HRV,2010,19,55.4590505048729,48.617081658213,64.4198802778341
India,IND,2010,23,54.9779302836012,53.8117493725868,57.8368577132358
Poland,POL,2010,19,54.8320874663399,50.1089840464777,63.959439823135
Panama,PAN,2010,17,54.6205461208141,53.8226910658797,60.7226386967945
Iran,IRN,2010,8,52.8845149445823,46.1927082038867,62.7838887846637
Jordan,JOR,2010,21,52.8154350450543,51.4987796298401,56.3837330949409
Indonesia,IDN,2010,23,52.7246293535883,50.996464140591,53.9926897582537
Latvia,LVA,2010,14,52.369018662262,45.2279561949433,62.549702361218
Cabo Verde,CPV,2010,7,51.1597708365487,38.1657144415046,56.2075306003821
Vietnam,VNM,2010,21,51.0714180231141,47.9750449669874,52.5057558072915
Peru,PER,2010,20,50.9045084648741,47.5941569188278,52.4445546451712
Russia,RUS,2010,19,50.3852740055001,40.786961855049,55.6881299624193
Mexico,MEX,2010,22,49.8927370388752,48.0673688028592,51.2836575742414
Slovakia,SVK,2010,17,49.8400252493666,46.1149238079324,58.9762071002899
Iraq,IRQ,2010,13,49.7491314049282,41.9405345474243,57.5577282624321
São Tomé and Príncipe,STP,2010,4,48.9097773529479,41.2193516065795,49.2399750736733
Costa Rica,CRI,2010,19,48.8490696867991,46.7951785503446,52.6970953511345
Guatemala,GTM,2010,16,47.8545590810146,42.5067066412274,52.3394517637956
Sri Lanka,LKA,2010,15,47.7123732301126,46.6073044721921,55.2709503544427
Botswana,BWA,2010,18,47.3966653581736,43.8115645354737,50.5403994840868
Barbados,BRB,2010,12,47.2141773221122,32.8775685142699,48.4249484934112
Brunei,BRN,2010,11,47.2141773221122,44.5309336932108,52.0091761106735
Bahamas,BHS,2010,10,47.0381729148608,44.8017271498922,59.1698906382687
Jamaica,JAM,2010,21,47.0381729148608,45.42149446134,53.0669659137531
Namibia,NAM,2010,17,46.9730125605664,43.9330565256758,53.776687875683
Seychelles,SYC,2010,10,46.8105103263021,38.3873021881614,50.2164358317549
Tunisia,TUN,2010,18,46.7968214248503,43.122766741566,51.1747724335931
Egypt,EGY,2010,21,46.7216416600167,45.1728793268399,50.1294715785374
Colombia,COL,2010,23,46.320379095316,44.7438593572151,47.2732917295792
Azerbaijan,AZE,2010,14,45.6377828791297,38.5304414009979,49.6559668820308
Laos,LAO,2010,7,44.7969012185421,39.1718080911928,49.9093883541953
Lithuania,LTU,2010,14,44.7132235185078,37.9032994280826,55.4956727969421
Zimbabwe,ZWE,2010,14,44.7132235185078,41.2599855455206,48.6285734681672
Belize,BLZ,2010,10,44.5828583249653,41.3559306219945,51.842944361984
Morocco,MAR,2010,17,43.6926536530439,40.5340109510601,49.6250247813591
Pakistan,PAK,2010,23,43.5033930558367,42.4999384038458,45.2593499381084
Romania,ROU,2010,16,43.3892456960443,40.0140100840474,52.7104480619505
Angola,AGO,2010,10,43.1355729410494,31.4600666927322,52.4659182369886
Turkey,TUR,2010,19,42.1261526522266,41.6493762950811,55.8603401572221
Ukraine,UKR,2010,16,41.9783506131161,37.3872275799537,51.8978453401376
Republic of Congo,COG,2010,6,40.7188725187813,35.8872355807059,45.1063738778328
Armenia,ARM,2010,17,40.683786921421,37.5819488268908,47.7460732840832
Belarus,BLR,2010,10,40.5850127609622,36.8338744371894,48.2239666017822
Hungary,HUN,2010,22,40.4815539526108,37.5751766921321,45.5887948645337
Philippines,PHL,2010,24,40.4815539526108,39.7141998557509,42.6459876238347
Democratic Republic of Congo,COD,2010,8,40.2181464851121,35.5634267908047,47.193054709869
Mongolia,MNG,2010,16,39.3819747074722,37.3617761099673,45.9424937615176
Palestinian Territories,PSE,2010,7,39.3343457874927,34.5815784645532,43.5146861591211
Zambia,ZMB,2010,16,39.0765746812454,33.6332466092298,41.194973750108
Kazakhstan,KAZ,2010,19,39.0644540044421,35.8350319618409,41.6904318030362
North Macedonia,MKD,2010,13,38.9416880255066,38.3901547186514,53.7853657915332
Rwanda,RWA,2010,12,38.7897700241454,28.3313991071476,44.2673131206074
Bosnia and Herzegovina,BIH,2010,17,38.6806460311301,32.4201370748771,44.73024950872
Kenya,KEN,2010,17,38.6806460311301,33.164670989477,48.7258808587678
Gabon,GAB,2010,6,38.5515490127595,34.7549637499362,43.354057772706
Ghana,GHA,2010,16,38.3056151609721,31.2519547936517,41.0601835868506
Serbia,SRB,2010,16,38.0772278240156,33.804421045918,50.3948914984584
Bhutan,BTN,2010,9,37.7612130879092,36.0240083893313,47.3597834411791
Eswatini,SWZ,2010,9,37.6740621843401,27.6138490421742,44.9710769433473
Haiti,HTI,2010,9,37.4057838509096,30.7433160998931,45.0535521542894
Myanmar,MMR,2010,10,37.2905544849922,30.752520726193,41.4352168339229
Sierra Leone,SLE,2010,7,37.2406453256402,34.8316097514652,44.006705278716
Nigeria,NGA,2010,17,37.1702203454031,33.6274133928127,40.9788304305478
Djibouti,DJI,2010,8,36.8698159386937,33.1899090520775,43.8372604328975
Suriname,SUR,2010,12,36.4757216455404,30.649843652268,41.8738020153701
Togo,TGO,2010,8,36.2292213489392,28.3054286914108,38.6417116643576
El Salvador,SLV,2010,18,36.1875966544328,31.7926001951015,38.9322206316334
Uruguay,URY,2010,18,35.6171583153644,32.6233671154478,40.0735734355372
Niger,NER,2010,8,35.4048810858375,29.9654108864497,37.7101994071002
Papua New Guinea,PNG,2010,10,35.0974641740622,31.8162049836272,43.740506123191
Comoros,COM,2010,10,34.8929796871596,29.4850392059735,42.5549297364351
Liberia,LBR,2010,9,34.847316788761,29.9606836784567,44.2826913774483
Bolivia,BOL,2010,17,34.7894929232335,31.0511689710335,39.517236658289
Dominican Republic,DOM,2010,17,34.7157014103609,33.7765646648069,38.7778981914337
Syria,SYR,2010,11,34.4848470823244,29.8474342904354,37.3515088992624
Uzbekistan,UZB,2010,4,34.4510580387648,31.8898506901061,37.0122653874236
Honduras,HND,2010,17,34.3094228525307,31.0084695710878,40.8532178558271
Bangladesh,BGD,2010,17,34.3082474597134,29.8152658947404,38.8012290246864
Guinea-Bissau,GNB,2010,6,34.0174680299502,32.4499759618934,43.1015552621334
Georgia,GEO,2010,14,33.8602706404485,26.2485366615669,41.7322984465387
Sudan,SDN,2010,8,33.3310778653567,28.5875402014833,40.3806939039182
South Sudan,SSD,2010,5,33.2609337543663,27.9949815634332,39.030158522471
Paraguay,PRY,2010,18,33.141883682189,32.2958737591146,41.02477802636
Central African Republic,CAF,2010,8,33.076889671725,29.5443412257318,41.9336904138987
Guyana,GUY,2010,12,32.984302380217,30.2613802359896,39.0018458049788
Nicaragua,NIC,2010,17,32.8431859428682,27.5244577806505,34.5691023833046
Benin,BEN,2010,12,32.8027876806988,27.2034305656286,39.6947120326763
Guinea,GIN,2010,10,32.7702215941156,26.9833927564949,40.7169087088085
Lesotho,LSO,2010,15,32.5689402064338,23.7629223392517,39.2233202682634
Burkina Faso,BFA,2010,12,32.3707973069128,27.6743685342314,40.5666135398508
Venezuela,VEN,2010,15,31.6074734142241,27.4303413659451,38.0988775027376
Tajikistan,TJK,2010,11,31.3596319547839,27.1793345286172,40.0823406942265
Gambia,GMB,2010,13,31.1626033922702,26.0311283735219,38.2352575271155
Malawi,MWI,2010,15,31.0292119710747,28.2038960172682,37.1189847066255
Albania,ALB,2010,18,30.9380825098126,27.3734919746555,39.7102520775001
Kyrgyzstan,KGZ,2010,13,30.3773175476297,24.9658950048495,39.8806622951444
Mauritania,MRT,2010,12,30.2739705577449,20.8560665459173,36.2857870928044
Uganda,UGA,2010,13,30.2396513264498,28.9060359643673,44.9163582558198
Afghanistan,AFG,2010,9,30.148187428857,24.3925771883909,35.9037976693231
Madagascar,MDG,2010,15,29.6263423462487,24.0639093919519,39.6665037148241
Argentina,ARG,2010,21,29.5498530568414,28.1089077225948,31.7503942047169
Moldova,MDA,2010,14,29.1547441938233,27.511820915508,40.1410019786143
Libya,LBY,2010,13,28.7871936956858,24.5574868193655,34.7937314927486
Ecuador,ECU,2010,16,28.5055244325731,25.7250673806792,36.0423856125385
Burundi,BDI,2010,10,28.1900878555524,24.3643808774282,38.1716767281431
Timor-Leste,TLS,2010,9,28.1348909843864,26.8722840637403,39.0335139687414
Algeria,DZA,2010,12,27.6811177134761,23.2431330969168,32.6156527050059
Yemen,YEM,2010,7,27.6702603393073,22.8495704590431,37.7597539071897
Tanzania,TZA,2010,17,27.3940433415369,23.3974302580579,31.4641294884322
Ethiopia,ETH,2010,11,27.2967431838669,25.4589411150153,39.7026062845901
Senegal,SEN,2010,12,25.2769306921932,21.655261181492,35.7488703907694
Chad,TCD,2010,12,23.9880385332012,19.3359175970325,34.6088296858274
Cambodia,KHM,2010,16,23.8787945447982,15.0260409743231,27.7953718285588
Cameroon,CMR,2010,14,23.8462675322169,23.2920766042939,32.264100075757
Côte d'Ivoire,CIV,2010,14,23.6199706075513,22.0187935803271,32.4099134471343
Mozambique,MOZ,2010,14,23.3997754141454,22.9297907087539,38.4098622484545
Mali,MLI,2010,12,19.9137099187293,18.6332641927958,29.0620646778353
United States of America,USA,2009,17,97.3341331478374,91.7156808337805,98.9019421548065
Ireland,IRL,2009,17,91.6988721438545,83.8508256832325,94.5406541268376
Australia,AUS,2009,17,91.0088487244023,80.920751893044,96.9779460115669
Luxembourg,LUX,2009,18,90.0997731809165,87.056684550608,95.5929847845935
Canada,CAN,2009,19,89.9168173511162,87.3447266779385,94.1348265312831
Hong Kong,HKG,2009,19,89.9126634774595,85.5571383691009,96.1075080644466
Norway,NOR,2009,20,89.2857077275715,85.8728320701173,90.8388678291569
United Kingdom,GBR,2009,18,88.7119614221886,85.0646711332041,92.9930558638221
Denmark,DNK,2009,19,88.2704972029663,84.8599184251088,91.8952974283974
Sweden,SWE,2009,18,86.8495949453767,82.084942091168,89.2959854755042
Singapore,SGP,2009,19,86.5405209516115,81.8940648789746,91.3091235457092
Netherlands,NLD,2009,19,85.9880592688439,83.719116519323,89.3340293644479
Switzerland,CHE,2009,21,84.6597225653997,83.0324847849983,88.1560740603492
France,FRA,2009,19,83.7631446671954,80.3829982058679,85.247619483245
South Korea,KOR,2009,21,82.7006798661283,79.9933140935916,84.3082999351182
Japan,JPN,2009,19,82.5406217208129,81.2556434461318,88.4773122688695
Spain,ESP,2009,19,81.610165747497,79.88786944342,84.8529278790587
Cyprus,CYP,2009,16,81.214891885356,80.5535579276349,87.7144431740572
Germany,DEU,2009,17,80.8252790910997,79.9151464061831,87.2672222905842
South Africa,ZAF,2009,24,79.9996615925463,77.5250749144501,81.2044589732824
Iceland,ISL,2009,17,79.2836864336352,76.5399759651169,87.8969780205146
Estonia,EST,2009,15,78.5964418019661,70.2172409242279,86.9756426797043
Belgium,BEL,2009,17,78.0866029241191,73.8453058854377,82.976095880126
Israel,ISR,2009,19,77.3645297293954,75.518376850516,82.7865387060002
Finland,FIN,2009,17,75.6279437205333,73.3992624040547,80.0607061115184
Austria,AUT,2009,19,75.1857596698539,73.2681480096775,78.5557819496019
Portugal,PRT,2009,18,75.0450111185373,72.6227349644573,78.9520550266435
New Zealand,NZL,2009,16,74.5840037835729,67.1591061006373,83.6921353460964
Brazil,BRA,2009,22,74.2714859158871,71.2194546978468,75.1906413214781
Thailand,THA,2009,23,73.2983465405282,69.5705875853986,74.0576578639951
Malaysia,MYS,2009,24,72.4504753199489,70.7794122264631,74.4981774990934
United Arab Emirates,ARE,2009,16,70.3289500953501,64.9620875280449,72.8528478303614
Qatar,QAT,2009,20,69.7799213068781,65.9862730834791,70.7591443195874
Greece,GRC,2009,19,68.6361351695684,64.3105539035752,69.7961651980347
Malta,MLT,2009,15,68.1391638719486,66.9690002618375,79.1037191867237
Kuwait,KWT,2009,15,67.8876994335634,63.9515198994914,71.5129519331642
Taiwan,TWN,2009,9,67.1521260220643,58.4188291929024,72.53953019731
Slovenia,SVN,2009,15,66.6414930086966,59.421912577178,76.7766987939086
Mauritius,MUS,2009,21,65.8526422290796,64.6480277134624,68.9838950874834
Chile,CHL,2009,22,65.7119714882131,63.6995929542408,67.0131173708509
Oman,OMN,2009,17,65.5571067957481,62.4055025240381,69.62956444686711
China,CHN,2009,19,64.9504752405785,60.5193511779635,69.2683297655554
Bahrain,BHR,2009,23,64.5065319778765,63.1261159446726,66.7101664952179
Lebanon,LBN,2009,14,62.9625881311561,57.6713555969748,71.0077140521835
Saudi Arabia,SAU,2009,18,61.4631594781933,58.4717637522369,65.2665144686399
Poland,POL,2009,19,61.2292965316281,49.6608766183488,64.0616711870217
Panama,PAN,2009,17,60.9373862744965,60.1021090643179,67.8764194355433
India,IND,2009,23,60.7796819768504,60.2122602079665,64.7975800763084
Latvia,LVA,2009,16,60.7389713325972,45.3456971386541,64.8167651799565
Jordan,JOR,2009,21,60.3748224544722,57.8677065650091,63.0284480023327
Montenegro,MNE,2009,15,60.1192501264075,56.3940935697868,71.2491067715756
Trinidad and Tobago,TTO,2009,16,59.9013766894369,56.8944617770272,65.4290519468366
Italy,ITA,2009,19,59.8756853068079,57.9260525185631,65.0617178870106
Croatia,HRV,2009,19,59.4089212272678,50.9388265602534,65.9991836346981
Iran,IRN,2009,9,58.0249296718717,46.4973743842126,65.0119452466783
Sri Lanka,LKA,2009,14,57.2729699470807,50.3391434947358,63.0083240405977
Indonesia,IDN,2009,22,57.010877245539,55.4093939770584,60.2137392471261
Nepal,NPL,2009,14,56.9498172209259,47.0120171359185,61.6075234611769
Czech Republic,CZE,2009,20,56.8022020880064,52.3924937078018,65.7522431257495
Fiji,FJI,2009,10,56.026336582123,49.5074267585825,63.4973652419826
Costa Rica,CRI,2009,19,55.8990711566823,53.6349186593465,58.9317255727467
Tunisia,TUN,2009,18,55.4393550042707,47.4200405737393,57.5304823698562
Vietnam,VNM,2009,21,55.0138857326595,53.5744177808476,58.3649287934003
Mexico,MEX,2009,22,54.8904030664232,53.0204147409978,56.4603877913113
Turkey,TUR,2009,19,54.7702504849525,47.45009611305,62.090404856855
Colombia,COL,2009,23,54.6272233456826,53.1371988204029,55.6238523519992
Guatemala,GTM,2009,15,54.3697954794273,44.9341910484522,57.1236578287343
Bahamas,BHS,2009,8,54.2087279021892,44.182987147385,59.427450162618
Egypt,EGY,2009,21,53.820205080141,52.9622229502127,57.7294661166296
Belize,BLZ,2009,10,53.5850971229776,45.4184102565218,55.984014395563
Angola,AGO,2009,9,53.3907957605981,38.8805871255657,58.8735496047706
Peru,PER,2009,20,52.9166116620411,52.8950587159326,58.2092446405395
Russia,RUS,2009,18,52.8510046776082,39.6092486960756,56.3609847091702
Puerto Rico,PRI,2009,7,52.0258820717875,48.3166496475066,65.2374694841339
Barbados,BRB,2009,10,51.9786175902969,50.336903778112,65.4186446952867
Jamaica,JAM,2009,19,51.8945802790809,43.1158481021462,53.306929294258
Nigeria,NGA,2009,16,51.7929331395849,40.7805473194934,53.5453880584495
Lithuania,LTU,2009,14,51.6436160947219,39.8295220012376,60.0712002189162
Morocco,MAR,2009,17,51.0298610116881,43.8843938824836,54.8534428438155
Namibia,NAM,2009,17,50.0635803381155,46.3717001074295,57.681691490757
Mongolia,MNG,2009,15,49.7821209931231,42.6662140248198,56.5865737992068
Serbia,SRB,2009,16,49.2243531502491,36.4595832377043,53.6329928239012
Kazakhstan,KAZ,2009,18,48.8510350413416,44.3427604617874,51.376445552279
Azerbaijan,AZE,2009,15,48.7625401295375,39.0336535026579,49.759728404236
Zimbabwe,ZWE,2009,12,48.7156924056031,44.4033921883235,53.8791504419904
Pakistan,PAK,2009,24,48.5986286693799,46.8000590694812,50.224982792353
Slovakia,SVK,2009,19,48.3292925032611,44.6215092916799,55.7193148266724
Bulgaria,BGR,2009,20,48.2090094362445,46.228802925901,59.7829495284901
Botswana,BWA,2009,17,48.1007897195068,44.9775080881284,58.8583482931797
Uzbekistan,UZB,2009,4,47.84655560661,41.5427266777586,49.9220569558729
Seychelles,SYC,2009,9,47.4899482129426,42.3318614326212,55.910360220955
Philippines,PHL,2009,24,47.1014864801241,46.016003496305,49.1339985706287
Iraq,IRQ,2009,12,46.4096036523831,33.1180266045456,53.0051137806918
Armenia,ARM,2009,16,45.9885471982599,39.6873759973394,50.0151538225782
Sierra Leone,SLE,2009,7,45.8797460366886,40.5657973807317,51.1936946926454
Brunei,BRN,2009,10,45.7836008238204,43.2982139748192,52.2764159388276
Cabo Verde,CPV,2009,7,45.7379508161683,37.8328282115763,56.5119016801306
Hungary,HUN,2009,20,45.6404194216627,45.4948024191079,56.7521389596136
Ukraine,UKR,2009,16,45.5394975236419,43.1793766788104,58.8553461684102
Ghana,GHA,2009,16,45.5074993903965,36.5556931010686,48.4812402208991
Burkina Faso,BFA,2009,13,44.8834549518369,38.1552694217514,51.6116404819223
Zambia,ZMB,2009,14,44.6073409130731,41.1952523645331,53.6634975964816
Romania,ROU,2009,16,44.4200190839516,40.9636129366333,55.4246582364949
Haiti,HTI,2009,8,44.2046195095532,31.7466674312461,52.4566707925614
Belarus,BLR,2009,10,43.6616576733814,37.0400871903275,48.8361349714728
Kenya,KEN,2009,15,43.2344806496384,40.2813775220647,56.9877381248534
North Macedonia,MKD,2009,13,43.0350609753389,39.9508019523006,55.9093597212012
Bolivia,BOL,2009,17,42.9176917880801,33.4349599548688,44.038707192161
Suriname,SUR,2009,12,42.8646950678121,30.821489058005,43.2804644119127
Djibouti,DJI,2009,8,42.5194864661497,33.1396748854025,43.7520068742785
Paraguay,PRY,2009,17,41.9699742964171,38.1653347776157,48.6626314574119
Uganda,UGA,2009,14,41.6700583618606,40.1391340809306,52.1975269442214
Dominican Republic,DOM,2009,16,41.375475875821,38.5118858052241,48.0657578621192
Guyana,GUY,2009,12,41.0445709318435,36.1157745295699,46.6603673963275
Palestinian Territories,PSE,2009,7,40.8811171506277,35.0834375127887,44.8632985060926
Equatorial Guinea,GNQ,2009,4,40.8493867047378,37.5423030897118,43.7160651703493
El Salvador,SLV,2009,15,40.7913100511214,36.0455438494473,51.6218789896671
Liberia,LBR,2009,10,40.7588143739288,34.66899811689,47.0420249226969
Bangladesh,BGD,2009,16,39.807671956628,36.2550575758331,52.1937041187738
Democratic Republic of Congo,COD,2009,7,39.4312779140319,35.9178972396289,47.9169108502213
Republic of Congo,COG,2009,7,38.9617803612945,37.9208469428852,46.9381313833782
Uruguay,URY,2009,17,38.8622336775337,35.726705758263,46.3070339101668
Papua New Guinea,PNG,2009,8,38.7418627961381,34.9743183469328,49.5802866303028
Rwanda,RWA,2009,12,38.3480677024749,34.8586940533882,53.9888329235626
Algeria,DZA,2009,12,38.2672747119213,29.9395283218322,39.9941211032374
Argentina,ARG,2009,20,37.874531541377,35.2013364876526,39.6659677386667
Laos,LAO,2009,6,37.5884770578037,31.1637067921445,44.013247323463
Comoros,COM,2009,10,37.5033097271012,30.6263020903202,44.5019711299433
Bosnia and Herzegovina,BIH,2009,17,37.4952145359976,34.4352035454845,47.8766428089075
Ecuador,ECU,2009,16,37.2249368802903,28.2302393904898,40.555927971836
Bhutan,BTN,2009,9,36.9134396217984,35.9383276482385,49.039762013713
Gabon,GAB,2009,6,36.4234361704675,34.6724717151003,43.4735410832636
Honduras,HND,2009,17,36.2215289272357,32.0095386120988,44.8911427960847
Malawi,MWI,2009,14,36.1975641122511,27.6704852320245,45.0414939146587
Guinea-Bissau,GNB,2009,6,35.5911288368655,32.6884570875923,41.4717002253284
Benin,BEN,2009,12,35.4183949285266,27.5824648122175,39.8044582359068
Kyrgyzstan,KGZ,2009,11,35.1429145941267,28.6056726786452,43.261881875227
Eswatini,SWZ,2009,9,35.023540159395,28.1022847977738,47.0841973562318
Georgia,GEO,2009,14,34.7988312534491,29.0446452044638,44.8398099299573
Myanmar,MMR,2009,10,34.6844230825445,29.6411877939012,41.3903068305354
Afghanistan,AFG,2009,9,34.0514060575959,30.3153715967921,43.0998974174806
Togo,TGO,2009,8,33.7018211707102,29.065072523763,40.0066938628927
Gambia,GMB,2009,13,32.4047813815292,26.8583556129057,40.363053065686
Tajikistan,TJK,2009,11,32.3992422101808,27.9939839789366,41.4358070393349
Lesotho,LSO,2009,15,32.2865260799116,25.7342669847867,40.8811831329431
Libya,LBY,2009,13,32.263123620754,29.9770832066057,43.0099549463466
South Sudan,SSD,2009,4,32.1468147692781,31.4049582405189,44.3878894937514
Yemen,YEM,2009,7,31.9247160309571,23.3572449514127,36.6257944986448
Venezuela,VEN,2009,13,31.6957799456,29.3288773460207,43.7601947496789
Moldova,MDA,2009,14,31.6696224856661,27.0756705963563,41.0188952165794
Ethiopia,ETH,2009,13,31.6097368586992,25.3049428675605,36.1127952891534
Albania,ALB,2009,16,31.5168595516955,27.4683745593566,40.3251009910849
Syria,SYR,2009,10,31.4384778023613,28.180490926126,40.1286878607728
Nicaragua,NIC,2009,16,31.2348000092417,27.4276826202074,39.6519626450256
Sudan,SDN,2009,8,31.0851354723257,27.8330092738134,39.8335485336034
Central African Republic,CAF,2009,8,30.5947049692036,29.5153462302695,40.0023926546464
Mozambique,MOZ,2009,14,29.7940435860781,22.4619792490103,38.0702292784461
Niger,NER,2009,8,29.6342875637508,29.5036286860781,37.5528106405043
Timor-Leste,TLS,2009,9,29.2632875335232,26.8984505770948,39.3126214830445
Madagascar,MDG,2009,15,29.0098492086671,23.9385654840287,39.2305768347279
Cameroon,CMR,2009,14,28.9983553858712,23.0395457206569,34.9571650510855
Senegal,SEN,2009,12,28.1596050606619,22.1844126239405,35.6426896820355
Guinea,GIN,2009,10,28.0145800897397,27.073144227361,41.1389957494742
Mauritania,MRT,2009,12,27.9532958940511,21.9999377161276,36.7323800974123
Burundi,BDI,2009,10,27.0348589867866,26.2522951073016,38.9642940437859
Tanzania,TZA,2009,16,26.9914764852786,22.7596372965941,35.8021121225339
Cambodia,KHM,2009,16,25.7066300680688,18.2045878704965,33.8158346345486
Chad,TCD,2009,12,24.7992919095975,19.3012183606125,33.3426466805172
Mali,MLI,2009,12,21.2393351888101,18.9679116374623,30.1496648217392
Côte d'Ivoire,CIV,2009,13,19.6375359135148,13.6096538743557,25.6654179526739
