country,iso,year,n_obs,gci_composite,gci_composite_lower,gci_composite_upper,ci_width,property_rights_n_obs_vars,property_rights_scaled,property_rights_index_lower_scaled,property_rights_index_upper_scaled,market_supporting_policy_n_obs_vars,market_supporting_policy_scaled,market_supporting_policy_index_lower_scaled,market_supporting_policy_index_upper_scaled,labor_openness_n_obs_vars,labor_openness_scaled,labor_openness_index_lower_scaled,labor_openness_index_upper_scaled,market_competition_n_obs_vars,market_competition_scaled,market_competition_index_lower_scaled,market_competition_index_upper_scaled,cms_n_obs_vars,cms_scaled,cms_index_lower_scaled,cms_index_upper_scaled,banking_n_obs_vars,banking_scaled,banking_index_lower_scaled,banking_index_upper_scaled,new_business_n_obs_vars,new_business_scaled,new_business_index_lower_scaled,new_business_index_upper_scaled,free_flow_n_obs_vars,free_flow_scaled,free_flow_index_lower_scaled,free_flow_index_upper_scaled
Afghanistan,AFG,2009,7,44.4401,40.0766,48.4952,8.4186,26,13.2163,12.3774,16.0199,5,48.5219,45.9646,54.8028,,,,,8,51.0157,46.7406,53.6004,9,34.0514,30.3154,43.0999,6,40.133,31.4412,45.0787,18,32.5718,32.1373,33.0064,8,43.3732,37.3286,49.1749
Afghanistan,AFG,2010,7,38.9865,32.4,44.8523,12.4523,26,15.6156,12.1367,15.9111,4,43.491,39.1177,47.8644,,,,,10,46.5927,46.3104,53.6471,9,30.1482,24.3926,35.9038,6,42.1968,30.8854,44.4353,18,32.2267,31.7766,32.6768,7,29.1893,20.739,44.3536
Afghanistan,AFG,2011,7,40.7637,35.0058,45.9747,10.9689,26,16.2487,12.6357,16.2862,5,46.7031,42.4599,50.9463,,,,,10,48.2905,47.4183,54.3983,9,31.5831,29.4997,40.4011,8,42.4162,37.6912,50.2834,18,30.585,27.8972,33.0722,7,32.1533,11.1329,41.3106
Afghanistan,AFG,2012,7,44.1899,38.5059,49.3598,10.8539,26,16.2603,12.9775,16.9085,5,49.9151,45.8021,54.0282,,,,,10,51.1516,47.4656,54.2235,9,34.1814,29.7696,41.3986,8,45.6155,37.1305,50.0846,18,34.7873,34.4524,35.1222,7,33.7954,12.68,43.391
Afghanistan,AFG,2013,7,44.5942,40.8048,48.1493,7.3445,26,16.6688,14.2746,17.6804,6,56.3393,51.1045,58.8102,,,,,10,52.3391,47.9258,54.8253,9,32.877,29.1002,40.5022,8,39.5763,36.6418,50.3005,18,28.0115,25.5583,30.5711,8,35.2275,29.2065,43.6932
Afghanistan,AFG,2014,7,48.2697,44.2486,52.038,7.7894,26,17.2458,14.8751,18.5562,6,56.3393,51.1045,58.8102,,,,,10,55.4662,51.7318,59.2006,9,35.2113,28.3704,40.0816,8,46.5274,36.7377,49.7632,18,30.6591,28.3394,33.0101,8,40.4934,30.1691,45.4052
Afghanistan,AFG,2015,7,45.6772,41.3322,49.7204,8.3882,26,17.6626,15.4623,19.1733,5,54.0894,50.9832,59.1346,,,,,10,52.2268,48.2936,54.7987,9,36.0355,28.5471,39.4588,8,44.4391,36.5908,50.008,18,26.6409,24.2963,29.2124,8,39.842,27.4495,42.7816
Afghanistan,AFG,2016,6,44.7248,40.1332,48.9771,8.8439,26,18.4374,16.231,19.8141,,,,,,,,,10,56.0508,48.3171,56.4057,5,36.0117,34.3194,39.9261,8,47.5997,35.9233,49.5309,18,26.1439,23.8176,28.662,8,27.2848,25.0802,41.4825
Afghanistan,AFG,2017,6,43.0274,37.4563,48.0975,10.6412,26,19.6288,17.8315,21.4468,,,,,,,,,10,55.1226,51.3526,58.8925,5,32.5239,28.8196,36.2283,8,34.7224,33.4303,57.012,18,29.3828,27.0408,31.9823,7,28.7911,22.9153,37.7737
Afghanistan,AFG,2018,6,47.7795,43.0678,52.1459,9.0781,26,20.3855,18.5903,22.0146,,,,,,,,,10,57.3513,53.0659,60.6793,5,34.6816,34.3648,41.0818,8,52.2564,37.5313,56.0648,18,27.5015,25.2067,30.0372,7,30.7057,22.6447,36.6963
Afghanistan,AFG,2019,6,47.5159,42.3049,52.3065,10.0016,26,21.3164,18.4986,22.0589,,,,,,,,,10,58.0067,53.0983,60.2283,6,38.9968,34.621,39.955,8,47.8449,36.832,57.1501,18,25.1343,22.6774,27.8347,8,34.9311,30.3421,40.5184
Afghanistan,AFG,2020,5,50.4782,45.2956,55.2572,9.9616,26,21.5551,19.9009,23.4038,,,,,,,,,8,59.0812,52.076,60.4927,6,38.9968,34.621,39.955,8,56.0002,36.1002,58.2135,,,,,8,36.2055,30.5899,40.7487
Afghanistan,AFG,2021,,,,,,28,22.0158,19.9504,22.6802,,,,,,,,,8,55.4398,50.8055,59.99,,,,,8,49.9625,37.3949,57.3111,,,,,6,36.0726,20.5757,36.685
Afghanistan,AFG,2022,,,,,,27,18.7906,16.2258,22.4454,,,,,,,,,7,54.9561,48.8033,60.285,,,,,8,55.0391,38.4514,57.8159,,,,,6,28.6057,16.913,34.7941
Afghanistan,AFG,2023,,,,,,28,20.9129,15.6655,21.2818,,,,,,,,,7,59.9499,48.0684,60.2556,,,,,4,54.5358,50.57,60.0379,,,,,5,30.7692,26.1747,39.9507
Afghanistan,AFG,2024,,,,,,28,17.6973,16.3468,22.0946,,,,,,,,,7,58.0138,47.1758,59.2783,,,,,4,48.169,46.8702,56.4257,,,,,,,,
Afghanistan,AFG,2025,,,,,,28,20.3265,16.3032,21.9938,,,,,,,,,7,40.5531,39.6483,58.021,,,,,4,52.0903,47.442,56.9903,,,,,,,,
Albania,ALB,2009,8,62.0405,60.4848,63.562,3.0772,28,49.3261,48.8836,50.9029,17,65.1581,56.5217,65.5587,12,71.5548,70.549,72.3299,31,59.2788,58.5199,60.3775,16,31.5169,27.4684,40.3251,13,42.2342,35.97,45.0698,44,31.7776,30.4657,33.1953,10,61.896,60.8412,62.9723
Albania,ALB,2010,8,61.4626,60.0936,62.8049,2.7113,28,50.6919,49.4348,51.5996,19,63.8387,59.0524,64.0496,12,68.3332,67.3936,69.0944,30,59.0064,57.9831,60.2313,18,30.9381,27.3735,39.7103,13,41.6156,36.724,45.033,43,31.9698,30.4037,33.5857,10,62.8909,61.6422,64.1796
Albania,ALB,2011,8,63.0405,61.8894,64.1731,2.2837,28,51.5681,50.3635,52.5305,18,61.2421,60.4807,66.4313,12,68.8878,68.0157,69.6524,30,63.093,62.4639,64.2942,18,34.1499,27.806,39.5017,18,38.2114,37.1725,39.2591,43,37.8225,37.6242,38.0207,10,64.7172,63.5872,65.8811
Albania,ALB,2012,8,64.6653,63.5255,65.7871,2.2616,28,51.6211,50.7356,52.6592,18,64.3277,60.4913,65.794,12,75.3954,74.4474,76.1649,30,63.4938,62.4971,64.2242,18,30.4181,26.3371,38.3417,18,40.1156,39.2721,41.1025,43,40.536,40.4598,40.6121,10,65.0546,63.8007,66.242
Albania,ALB,2013,8,62.8408,61.7908,63.8753,2.0845,28,52.7064,51.644,53.6701,18,63.2493,58.2689,64.0354,12,71.8617,70.8768,72.6385,30,62.4615,61.8547,63.6675,19,28.0021,25.675,35.8327,18,38.2954,37.3688,39.4425,43,37.2764,37.0535,37.4992,10,65.1983,64.3671,66.4348
Albania,ALB,2014,8,62.9904,61.9962,63.9706,1.9744,28,53.5677,52.221,54.3319,18,60.3361,57.9464,63.8365,12,70.1231,69.2387,70.8995,30,62.9291,62.3563,64.146,19,26.88,25.5046,32.721,18,41.182,40.22,42.1854,43,35.4795,35.1758,35.7832,9,69.7829,63.5535,70.0684
Albania,ALB,2015,8,62.5585,61.541,63.5614,2.0204,28,55.3715,54.2268,56.3549,18,59.7382,58.4119,64.2987,12,71.9465,71.0171,72.7589,30,63.3892,62.8765,64.9018,19,26.7756,25.323,33.0364,18,42.8328,42.0118,43.8151,43,34.0726,32.6203,35.8585,9,64.2551,62.7767,68.5051
Albania,ALB,2016,8,62.9102,61.891,63.9148,2.0238,28,56.288,55.3907,57.3847,18,61.6925,59.5318,65.3384,12,75.0246,74.0187,75.9078,30,63.4462,62.076,64.0432,15,22.5666,22.5002,30.0065,18,44.8952,44.0704,45.8784,43,32.2959,30.8189,33.8218,9,64.8393,62.2791,68.6685
Albania,ALB,2017,8,65.6489,64.6564,66.6278,1.9714,28,57.0069,56.0285,58.1628,15,64.5718,59.7868,67.8719,12,75.4564,74.5331,76.3699,30,64.5907,62.7834,65.0719,16,29.0767,27.0094,34.6967,17,47.8259,46.6503,48.9024,43,38.535,38.3688,38.7012,10,61.9526,61.0165,63.2397
Albania,ALB,2018,8,65.1494,63.9881,66.2921,2.304,28,57.9644,56.8667,58.8156,15,57.9124,57.4778,66.7858,11,66.401,62.3372,69.7158,30,64.5189,62.8554,65.332,16,35.5162,30.9037,38.1199,17,51.0119,49.968,52.0138,43,42.3303,42.3257,42.3349,10,60.3773,59.5091,61.6022
Albania,ALB,2019,8,66.5948,65.5516,67.6232,2.0716,28,58.7658,57.6766,59.8014,15,64.7333,59.3369,66.7907,11,66.8618,61.2064,69.8426,30,66.5577,65.518,68.0712,16,33.3229,30.1004,36.5455,17,51.1247,50.1494,52.1654,43,43.8947,43.8198,43.9697,10,59.7355,58.765,60.9239
Albania,ALB,2020,8,67.258,66.0976,68.4003,2.3027,28,58.5748,57.6158,59.9582,12,60.5748,54.9926,64.7771,11,65.4853,62.8437,70.5271,30,66.0034,64.5501,67.2159,16,37.3793,34.8869,42.1534,17,56.1239,55.3131,57.0388,43,46.8857,46.7956,46.9758,10,59.158,58.3362,60.3504
Albania,ALB,2021,8,68.0203,66.9116,69.1125,2.2009,28,58.6503,57.4636,59.8721,13,60.4867,55.3456,64.0175,11,68.5013,62.5854,71.7579,30,66.4994,65.5327,68.307,13,36.6884,34.8309,39.0744,17,58.5552,57.765,59.3714,43,48.204,48.0546,48.3534,9,58.4008,55.6802,61.1214
Albania,ALB,2022,8,69.1195,68.2197,70.0084,1.7887,28,58.097,56.3088,61.1154,14,60.6315,56.9863,63.3044,11,67.9647,60.4152,68.4319,28,65.6306,65.4432,69.0143,13,37.2262,35.6237,39.7442,17,60.7674,59.9967,61.67,43,48.1103,47.965,48.2555,10,64.87,64.1285,65.9992
Albania,ALB,2023,8,72.9956,71.8563,74.1181,2.2618,28,59.0485,56.3245,61.4064,14,66.3391,61.9544,68.4699,11,70.3602,63.4377,72.0055,28,71.6814,70.4946,74.0362,13,38.4677,35.5071,40.293,18,57.1626,53.1371,62.3969,42,60.8311,59.314,62.2945,9,67.0103,63.7785,67.8913
Albania,ALB,2024,8,73.891,72.9906,74.781,1.7904,29,57.9436,56.3664,59.9071,15,66.2478,63.6619,68.9802,12,70.5425,68.8669,71.8488,28,73.1964,71.6308,74.8307,13,38.4847,36.342,40.6559,18,61.89,54.2723,63.2307,42,60.7231,59.2537,62.2091,9,68.221,65.6289,69.2392
Albania,ALB,2025,8,77.3563,76.6432,78.063,1.4198,29,58.748,57.6954,61.4202,15,71.3642,66.919,72.6353,12,75.1862,72.655,75.68,28,75.6997,74.8023,77.9046,13,39.5206,37.7026,41.3139,21,61.9587,60.0775,63.0916,42,71.7221,69.8637,73.6499,9,69.91,66.9182,70.9834
Algeria,DZA,2009,8,37.6497,35.3682,39.8369,4.4687,27,31.5848,30.6765,34.0596,17,47.6647,46.5098,52.2335,12,33.7524,32.6591,35.1181,30,36.2052,34.1608,37.3375,12,38.2673,29.9395,39.9941,10,38.9455,29.2407,41.8947,48,21.1061,19.6563,22.283,10,32.4984,29.7469,34.4988
Algeria,DZA,2010,8,39.3155,37.7475,40.8392,3.0917,27,32.4399,29.946,33.53,19,49.2265,48.1989,51.1776,12,37.5548,36.614,38.688,30,40.0403,39.2064,41.8466,12,27.6811,23.2431,32.6157,15,40.3867,36.8349,43.1301,48,24.726,23.4043,25.96,10,35.9072,33.4714,37.4721
Algeria,DZA,2011,8,41.2465,39.5531,42.8896,3.3365,27,31.1951,30.3655,33.9773,19,50.4341,49.0227,52.0285,12,38.7203,37.7593,39.9407,30,43.1066,42.4414,44.7279,11,24.2228,23.1783,34.5387,15,41.2878,36.9708,43.3413,48,31.1946,30.1195,32.2099,10,36.398,34.1302,37.7894
Algeria,DZA,2012,8,40.9002,39.1659,42.5816,3.4157,27,32.9551,29.8939,33.1948,18,50.3662,48.9849,52.0511,12,35.5593,34.5185,36.7363,30,41.9616,40.9166,43.4104,11,29.5751,23.8761,35.4879,15,42.3055,40.1139,46.0399,48,26.4114,25.3163,27.394,10,35.5213,33.1136,36.9679
Algeria,DZA,2013,8,34.8126,32.7896,36.7584,3.9688,27,31.9995,30.3181,33.8146,18,48.7225,46.3692,49.6265,12,30.117,28.9384,31.3992,30,35.6321,33.8733,37.3691,12,28.3127,23.1321,32.7105,15,41.0815,40.04,45.885,48,16.3405,15.1029,17.4537,9,35.7767,31.7988,39.6457
Algeria,DZA,2014,8,41.9719,40.4296,43.4728,3.0432,27,31.8715,30.4433,34.1669,18,52.4204,51.4793,54.1974,12,36.9651,36.0081,38.0551,30,41.8555,40.0741,42.8639,13,29.6179,23.1884,32.7214,15,44.7306,44.0639,49.6196,48,20.751,19.6529,21.8785,9,40.3954,35.7362,41.7031
Algeria,DZA,2015,8,46.163,44.7251,47.5664,2.8413,27,33.8238,30.4898,34.7691,19,55.7402,53.9739,57.0372,12,46.7911,45.8843,47.7688,30,43.7162,42.2621,45.1651,13,26.7157,23.5624,33.084,15,48.0987,45.0484,51.136,42,25.5508,23.7093,27.2585,10,39.7406,38.3341,41.0564
Algeria,DZA,2016,8,48.3456,47.2053,49.4647,2.2594,27,31.7562,30.7201,34.7913,19,57.5629,55.7291,58.4747,12,47.0873,46.2059,47.9826,30,47.3527,46.4619,48.6047,14,28.4382,24.4153,32.5442,15,50.4586,47.97,52.9177,42,27.1237,25.4163,28.8169,10,40.3509,38.9442,41.8708
Algeria,DZA,2017,8,47.5552,46.0707,49.0035,2.9328,27,32.8439,31.5527,35.2967,16,53.0174,48.7764,56.8224,12,46.9726,46.0954,48.0196,30,47.9647,47.3523,49.508,14,26.5008,25.8164,34.8029,14,49.6004,48.6719,51.4587,42,30.702,29.0597,32.6689,10,39.7396,38.006,40.8558
Algeria,DZA,2018,8,49.0052,47.5847,50.3932,2.8085,27,32.5964,30.9949,34.5231,16,52.4412,49.7755,56.5595,11,49.3963,43.0745,50.9273,31,50.6139,49.3049,51.3275,14,28.9988,28.8642,36.3974,14,52.3912,50.9524,53.5958,42,33.1665,31.431,34.8672,10,35.5099,33.5218,36.714
Algeria,DZA,2019,8,50.2804,48.8609,51.6677,2.8068,27,32.3169,31.6703,35.3357,16,53.8961,50.119,58.1828,11,49.0775,45.0328,52.4956,30,52.9048,51.9531,54.3362,14,33.3748,32.0371,38.8559,14,51.554,50.5977,53.094,42,34.0211,32.128,35.7856,10,33.9735,31.9893,35.2965
Algeria,DZA,2020,8,53.6758,52.2284,55.091,2.8626,27,30.9687,30.1362,33.9542,13,58.7052,51.9332,59.1942,11,53.5442,47.3581,58.2836,30,56.4327,55.4639,57.772,14,37.3591,33.4439,40.8232,14,55.0175,53.9641,56.6367,40,34.9492,34.7057,35.1928,10,31.7884,29.7566,33.0873
Algeria,DZA,2021,8,54.107,52.0278,56.1206,4.0928,27,31.4299,29.9585,34.0726,13,55.8655,52.08,60.2174,10,62.2031,57.4036,67.0025,30,57.2665,56.3924,58.6918,11,33.6132,27.5092,35.2639,14,56.4782,55.6431,58.3807,40,34.7455,34.4928,34.9982,6,31.2736,23.2977,39.8585
Algeria,DZA,2022,8,51.5374,49.6506,53.3687,3.7181,28,32.3061,28.4843,34.3709,13,57.1788,53.9096,60.8343,10,49.4739,47.8625,59.1532,29,57.6331,56.2713,58.8795,10,32.294,27.1032,36.057,14,56.8076,55.5579,58.419,40,34.0949,32.8016,35.37,8,27.5997,19.4058,30.0121
Algeria,DZA,2023,8,51.6632,49.8005,53.4718,3.6713,29,31.3627,30.1768,34.7347,14,57.8567,55.5007,62.6925,11,43.3603,42.1052,48.5449,29,57.4551,56.5678,59.3016,11,37.8286,32.4083,39.287,14,57.1417,51.8802,62.0882,40,34.2269,32.8907,35.5165,9,27.5599,17.6998,28.0275
Algeria,DZA,2024,8,53.037,51.5303,54.5086,2.9783,29,32.814,30.8789,35.6872,16,58.764,57.1244,60.0331,11,46.9377,45.1232,51.3594,29,58.9817,58.5048,61.094,11,36.622,31.4442,39.0377,17,58.7303,54.9021,61.5282,40,40.0024,39.9862,40.0185,9,22.671,18.2844,28.0461
Algeria,DZA,2025,8,54.372,52.8017,55.9048,3.1031,29,34.1183,32.5581,37.3869,16,60.2687,59.5675,62.5588,11,46.5475,43.7748,49.7696,29,60.8239,58.8809,61.7384,11,35.4286,30.5324,37.6385,17,58.407,52.9269,61.2785,40,41.3922,41.3458,41.4386,9,25.9225,19.9119,30.297
Angola,AGO,2009,8,29.3481,23.3191,34.6942,11.3751,26,25.8164,24.9564,28.9033,13,27.3956,21.0395,33.7516,5,40.6228,31.9684,51.9448,18,24.7993,13.1649,28.6278,9,53.3908,38.8806,58.8735,10,32.2923,25.1885,39.3961,47,18.1093,16.7747,19.4089,8,27.5395,21.9695,33.1096
Angola,AGO,2010,8,33.6121,28.3066,38.4095,10.1029,26,24.8462,24.0412,27.5617,13,37.2681,30.6046,41.6022,5,40.1533,31.9884,52.6809,18,25.0175,14.7295,29.2817,10,43.1356,31.4601,52.4659,10,41.7897,31.7149,46.6485,47,16.4543,15.1352,17.6679,9,35.9322,30.3744,41.5238
Angola,AGO,2011,8,30.4977,28.2313,32.6622,4.4309,27,25.6449,24.9487,28.3697,19,36.2614,33.2079,36.6976,12,38.0086,36.9793,39.9278,26,20.5015,16.5442,25.8154,15,42.7715,39.4277,48.3404,17,40.9137,38.2318,42.8295,47,16.5255,15.1618,17.7453,10,32.7846,30.3682,34.6907
Angola,AGO,2012,8,26.8489,24.0553,29.4816,5.4263,27,26.8091,24.9051,28.4292,19,30.656,29.2589,33.5518,12,51.0112,49.8512,52.2731,26,16.2632,9.7285,20.7058,14,39.2014,36.1314,47.0863,17,38.0128,37.7951,42.4151,47,9.3395,7.9461,10.5754,10,31.8127,29.5064,33.6205
Angola,AGO,2013,8,29.9496,26.479,33.185,6.706,27,26.9955,24.7316,27.8386,19,31.583,30.4037,34.4221,12,48.2816,47.2481,49.4884,26,20.854,8.4644,21.3943,15,39.7025,37.4631,44.915,17,39.0331,37.0002,41.9163,47,10.4338,9.0198,11.7223,7,36.2275,30.1522,45.905
Angola,AGO,2014,8,25.8423,22.7198,28.7622,6.0424,27,27.7592,25.0056,28.643,19,35.0223,32.21,36.3929,12,40.9251,39.6396,42.359,26,10.7364,2.3407,15.7882,15,40.069,34.589,44.3745,17,40.8598,36.5106,41.1573,47,11.1226,9.6142,12.4507,10,32.3624,30.5968,34.6946
Angola,AGO,2015,8,18.7121,14.9029,22.1918,7.2889,26,28.9403,25.4835,29.6328,19,34.1613,31.9001,35.8251,12,33.8482,32.5132,35.3548,26,10.4889,0.2416,15.0046,17,40.0001,36.3059,43.9158,17,36.079,35.156,40.1606,47,4.4397,3.1104,5.6738,10,28.1173,26.0763,30.4669
Angola,AGO,2016,8,18.2561,14.4844,21.7022,7.2178,25,26.1538,25.5994,29.5099,13,35.1141,32.0893,35.9895,12,31.1438,29.8229,32.7142,26,8.2613,0.0,13.9369,10,39.8773,36.9677,46.6129,17,39.3872,37.5078,42.2987,47,3.4581,2.1059,4.8063,10,30.4151,28.5266,32.4786
Angola,AGO,2017,8,16.7726,12.123,20.9255,8.8025,25,26.4877,26.2005,30.0068,10,32.5136,30.857,40.8768,12,28.5123,27.2717,30.1483,27,6.599,0.0,12.0476,11,35.7754,30.4622,41.0887,16,39.1203,37.2247,44.0638,47,3.8996,2.5299,5.2227,9,37.1652,34.3028,40.9615
Angola,AGO,2018,7,19.6829,16.1838,22.9061,6.7223,25,29.2524,27.2594,31.5108,10,31.0631,26.421,35.7052,,,,,15,0.6911,0.0,9.6932,11,41.6897,38.9612,48.1607,16,38.0378,36.9352,43.2621,47,3.0821,1.7761,4.5295,9,35.5566,31.3342,37.933
Angola,AGO,2019,8,22.5222,19.7077,25.1632,5.4555,26,29.6858,28.2281,32.2917,16,32.9964,32.7661,43.0648,11,54.4549,51.6097,60.0966,25,1.1825,0.0,6.0283,17,41.5698,40.3389,45.2219,17,37.5208,36.1817,38.8384,47,2.0528,0.725,3.6135,10,31.2111,29.2123,32.5782
Angola,AGO,2020,8,29.4182,26.9852,31.7325,4.7473,26,29.1211,26.8699,31.3723,13,49.9626,39.0789,50.4594,12,53.8112,49.7357,57.923,25,0.0,0.0,3.8433,17,41.6383,39.0189,44.2576,17,38.0552,36.7304,39.372,42,8.8352,7.1258,11.0201,10,30.2214,28.2864,31.7403
Angola,AGO,2021,8,28.905,25.6736,31.9287,6.2551,26,30.59,28.9898,33.1443,13,41.9394,39.7686,50.6208,12,51.1537,50.2112,57.8135,26,1.1525,0.0,3.5674,13,42.238,39.9515,44.7994,17,40.3632,39.213,41.5135,40,11.3987,9.5405,13.3044,8,32.2955,18.6554,33.2101
Angola,AGO,2022,8,31.3375,29.5953,33.0195,3.4242,27,29.2359,27.0201,31.7288,14,45.6796,40.342,48.6077,12,56.4548,54.0851,56.7511,26,0.0,0.0,1.4317,14,44.3948,42.5902,46.9719,17,43.4225,42.27,44.4842,39,9.2456,7.3636,11.1305,10,31.2784,29.2592,33.0354
Angola,AGO,2023,8,31.4776,28.7292,34.0795,5.3503,27,30.2519,27.6185,32.3605,14,45.6696,39.7655,47.63,12,53.9851,51.6936,54.8365,28,0.0,0.0,0.8143,13,44.6051,42.626,46.8653,12,40.1426,32.8683,46.369,38,10.1197,8.2733,12.2352,9,35.2459,28.8584,37.88
Angola,AGO,2024,8,28.8049,26.7908,30.7364,3.9456,27,31.3492,28.1464,33.9198,16,42.6618,38.9386,43.8738,12,53.9074,51.398,54.3631,28,0.0,0.0,0.0,14,45.6619,43.151,47.469,20,34.608,32.2601,36.9827,38,6.2477,4.3488,8.383,9,35.9825,29.8668,38.4302
Angola,AGO,2025,8,27.2679,25.4743,28.9943,3.52,27,32.9923,29.6755,35.2962,16,42.7401,39.0012,43.7993,12,50.2707,47.9855,51.118,28,0.0,0.0,0.0,14,43.9116,41.7442,46.086,20,32.1655,29.0766,33.7824,38,3.9349,2.6358,5.9189,9,38.7548,33.9544,40.7059
Argentina,ARG,2009,8,52.689,51.6924,53.6701,1.9777,28,53.8959,52.479,54.8499,17,44.4761,44.1203,51.7378,12,39.8544,38.8073,41.0969,30,59.6182,58.9068,60.7943,20,37.8745,35.2013,39.666,18,37.5088,36.5135,38.4276,51,27.739,26.7612,28.6928,10,56.4342,55.0562,57.1628
Argentina,ARG,2010,8,51.1771,50.5077,51.8394,1.3317,28,53.6195,52.5988,54.8056,19,42.8497,40.3848,43.6129,12,38.6991,37.5965,39.8634,30,60.1114,59.2008,61.1959,21,29.5499,28.1089,31.7504,18,39.5957,38.6335,40.5377,51,28.6606,27.696,29.6009,10,56.6232,55.2995,57.3577
Argentina,ARG,2011,8,50.2113,49.5288,50.8863,1.3575,28,54.2904,53.1465,55.541,19,37.3767,35.1985,39.164,12,36.7524,35.6718,37.7552,30,60.6541,60.0488,61.824,22,29.3117,27.5652,30.4031,18,41.929,40.7921,42.9147,51,28.929,27.8709,29.8864,10,56.1582,54.8676,56.8244
Argentina,ARG,2012,8,52.0201,51.362,52.6714,1.3094,28,55.5309,53.8012,56.0346,19,42.8512,40.3379,43.787,12,38.0207,37.0078,39.0624,30,61.2031,60.556,62.4354,22,27.4496,26.1898,29.2693,18,44.5271,43.4156,45.4472,51,30.8072,29.8271,31.7702,10,54.6813,53.3046,55.6271
Argentina,ARG,2013,8,50.7966,50.0284,51.5554,1.527,28,55.6678,53.8838,56.0904,19,40.5946,38.8634,42.4335,12,40.2728,39.2413,41.3764,30,60.5156,59.9215,61.7312,23,25.1854,24.5436,26.7203,18,46.3149,45.3135,47.2791,51,28.9353,27.9991,29.8337,9,51.8199,47.7054,52.9875
Argentina,ARG,2014,8,52.574,51.9917,53.151,1.1593,28,54.2539,53.2751,55.4998,19,42.4753,40.571,43.7914,12,42.0023,40.9437,43.0077,30,62.345,61.6872,63.2182,23,25.097,23.5796,26.1655,18,48.5233,47.4275,49.5263,51,31.7211,30.7042,32.6382,10,52.1623,50.9947,53.0497
Argentina,ARG,2015,8,53.988,53.4267,54.5445,1.1178,28,54.0191,53.7632,55.7953,19,43.2566,41.3173,44.1365,12,42.5221,41.468,43.5608,30,63.2773,61.807,63.5108,23,28.0358,26.4397,28.9003,18,50.2401,49.1267,51.19,51,35.6084,34.5612,36.4692,10,49.5617,48.2913,50.6057
Argentina,ARG,2016,8,53.9177,53.2949,54.5345,1.2396,28,55.299,54.4395,56.6237,19,43.0858,41.826,44.5751,12,39.5039,38.3238,40.49,30,62.8331,62.2529,63.7691,23,29.3448,27.3836,31.0887,18,52.4,51.4586,53.5234,51,34.3491,33.3934,35.266,10,49.2874,47.9008,50.2221
Argentina,ARG,2017,8,56.1754,55.3043,57.035,1.7307,28,58.9792,58.1162,60.4638,16,45.0954,42.2355,49.3438,12,40.3171,39.3677,41.3856,30,63.9493,63.3754,64.9168,24,29.7666,28.634,31.1849,16,55.3115,53.8768,56.9459,51,36.9701,36.0704,37.9275,10,49.5014,48.3103,50.6349
Argentina,ARG,2018,8,56.9998,56.054,57.9321,1.8781,28,60.2511,58.7622,61.0319,16,44.9606,41.0864,48.021,12,40.303,37.386,43.2199,30,63.7375,62.6071,64.3805,24,30.2756,29.1056,31.7421,16,57.1361,55.2472,58.5421,51,39.1382,38.9991,39.2773,10,49.4746,48.1936,50.5308
Argentina,ARG,2019,8,57.3605,56.2276,58.4743,2.2467,28,59.9545,58.6343,60.9317,16,46.2559,41.9363,49.6863,12,34.0191,30.9663,36.985,30,63.9794,62.875,64.667,24,27.2706,25.8155,29.0239,14,63.9165,60.2838,67.5491,51,40.39,40.3072,40.4727,10,51.0175,49.8742,51.9606
Argentina,ARG,2020,8,55.7711,54.5019,57.0161,2.5142,28,59.1768,58.0414,60.3638,13,43.507,41.0174,49.2174,12,35.6138,32.8948,38.9515,28,64.3895,63.3811,67.2328,24,25.7108,24.2172,27.532,14,61.2586,57.4452,64.1068,43,40.7848,39.5186,42.1526,10,47.5621,46.2577,48.6279
Argentina,ARG,2021,8,55.1003,53.6116,56.5554,2.9438,28,58.9619,57.819,60.1562,13,41.0021,37.7581,45.7598,12,36.0532,31.6135,37.3181,28,64.4795,64.0833,68.385,15,24.5209,21.1874,26.0858,14,63.4512,61.4487,68.7766,43,40.549,39.3974,41.8799,9,45.6736,45.5597,53.1752
Argentina,ARG,2022,8,52.4897,51.199,53.7544,2.5554,30,57.3632,55.821,59.365,14,36.8267,31.9271,40.038,12,32.555,29.7905,32.8498,27,62.5201,61.8158,66.7145,16,20.8828,19.2431,22.7121,14,65.2226,63.2476,70.1083,43,32.4901,31.3436,33.9124,10,51.6441,50.8122,52.7341
Argentina,ARG,2023,8,50.5642,49.098,51.9963,2.8983,30,58.1585,56.1073,59.8175,14,31.485,30.7652,38.1398,12,31.4329,28.9347,32.1249,27,63.8,61.2746,65.0237,15,21.4128,19.0818,24.6912,17,63.5665,59.3729,67.7602,42,29.2811,27.9307,30.8203,9,50.4356,46.4754,51.425
Argentina,ARG,2024,8,51.7096,50.5314,52.8658,2.3344,30,58.0063,56.4701,60.1591,16,33.4713,30.1374,35.6142,12,33.5895,30.894,34.035,27,64.0988,62.716,67.1512,15,22.2434,19.3519,24.4778,20,62.8313,60.0639,64.3306,42,31.6206,30.2163,33.1685,9,49.8705,46.7425,52.0888
Argentina,ARG,2025,8,52.0838,50.7855,53.3557,2.5702,30,58.9253,57.4169,61.107,16,36.372,31.8101,37.6054,12,32.4853,29.9421,33.1492,27,62.3704,61.8639,65.818,15,21.0431,17.6294,24.5736,20,62.8857,58.7598,64.1469,42,32.5015,31.1142,34.1434,9,51.1103,48.494,53.4736
Armenia,ARM,2009,8,62.461,60.7708,64.1111,3.3403,26,43.1933,40.8683,43.9674,17,58.0808,57.8716,63.4624,12,68.1478,67.18,68.9207,30,63.0165,62.2185,63.8145,16,45.9885,39.6874,50.0152,9,37.9458,28.6417,42.1509,41,28.8919,26.6012,31.3564,8,67.6073,61.3538,70.6427
Armenia,ARM,2010,8,62.3028,60.6461,63.9208,3.2747,26,43.2855,41.7559,45.0738,18,60.9835,59.4825,62.404,12,65.725,64.7743,66.3775,30,63.4519,62.2909,63.9466,17,40.6838,37.5819,47.7461,9,42.5023,29.1271,44.2905,41,32.4157,30.3888,34.6047,8,62.9232,62.4798,70.8611
Armenia,ARM,2011,8,62.134,60.8359,63.4082,2.5723,26,43.9885,42.3449,45.5168,18,59.9777,57.5029,60.731,12,61.3594,60.3529,62.025,30,63.1892,62.1758,63.6319,17,42.4345,36.7853,47.054,15,42.4729,42.074,48.9116,41,31.9362,29.9544,34.121,8,65.1926,60.4089,68.872
Armenia,ARM,2012,8,62.3013,61.1283,63.4548,2.3265,26,45.2636,43.1984,46.6737,18,61.5799,60.709,63.6155,12,63.2081,62.2636,63.9364,30,62.233,60.853,62.7637,17,35.2445,34.6198,42.2393,15,48.213,44.1989,50.8435,41,33.6563,33.2706,34.0421,8,63.3492,58.4128,67.4305
Armenia,ARM,2013,8,65.108,63.958,66.2397,2.2817,26,46.9486,44.6343,47.5328,19,63.518,61.9381,64.9029,12,65.8403,64.9052,66.5339,30,64.1711,63.4125,64.9385,18,37.8468,33.8095,42.0088,15,52.3851,47.0948,54.7268,41,38.627,38.4649,38.789,7,62.3115,59.1237,68.1656
Armenia,ARM,2014,8,65.1074,63.9694,66.2276,2.2582,26,47.5076,45.7394,49.0449,19,64.2468,62.9571,65.7567,12,65.2977,64.391,65.9583,30,64.9907,63.712,65.2461,18,38.4172,33.2438,39.6983,15,51.2345,49.3088,56.3956,41,39.1881,39.0513,39.3249,8,60.6857,57.9803,67.9311
Armenia,ARM,2015,8,65.6717,64.5943,66.7332,2.1389,25,48.7082,46.0479,49.2901,18,65.2994,61.6067,66.5153,12,63.6783,62.7233,64.323,30,63.3493,62.6688,64.179,20,38.5028,37.028,42.0913,15,56.6798,50.5739,57.4146,41,39.9152,39.8111,40.0193,8,59.5877,59.3389,68.0017
Armenia,ARM,2016,8,64.8449,63.6669,66.0038,2.3369,25,47.8173,46.6601,49.6226,18,62.0858,59.9014,64.2701,12,61.1176,60.2266,61.9873,30,63.2404,62.5328,64.041,16,38.0712,35.4882,43.1655,15,57.7176,53.0735,60.3061,41,36.6844,36.4349,36.9339,8,63.1571,58.8535,68.5032
Armenia,ARM,2017,8,65.7717,64.4941,67.0268,2.5327,25,49.9064,48.5526,51.1704,14,62.6549,57.7633,67.2994,12,61.6532,60.7443,62.4743,30,63.9288,63.2436,64.7237,16,41.8418,39.4928,46.7893,13,57.8439,55.1282,62.2459,41,41.8075,41.7886,41.8265,8,57.2639,54.0792,60.7584
Armenia,ARM,2018,8,67.3668,66.0046,68.704,2.6994,25,51.2516,49.6996,52.5283,14,58.3894,57.914,68.0735,12,62.1826,59.4865,65.246,31,63.7375,62.6184,64.3849,16,48.6586,42.5391,49.3438,13,59.6329,58.1124,65.9231,41,46.6263,46.4284,46.8242,8,58.3171,52.8028,60.095
Armenia,ARM,2019,8,70.1869,68.9707,71.3836,2.4129,25,56.2958,54.3383,57.7111,14,67.0683,61.4701,70.5554,12,65.6744,62.5996,68.7493,31,65.0326,64.0514,65.609,17,45.5992,44.3276,50.7075,13,62.5764,60.5704,67.7227,41,48.0213,47.7606,48.282,8,58.7866,52.8085,60.3168
Armenia,ARM,2020,8,69.5856,68.4065,70.7462,2.3397,25,56.8974,55.4773,58.4737,12,64.3201,63.1294,70.4858,12,59.1761,56.4257,61.9265,31,65.5972,64.5987,66.203,17,48.0737,46.6763,52.8246,13,67.7863,66.1938,75.2665,41,48.4101,48.2514,48.5688,8,54.5372,52.9108,60.3608
Armenia,ARM,2021,8,71.9801,70.7058,73.2333,2.5275,25,57.1646,55.2866,58.4303,13,66.6693,64.8878,71.5798,12,62.8584,59.544,65.2573,31,65.8516,64.7069,66.3657,12,49.4777,47.4636,52.0635,13,76.9412,70.2851,79.1268,41,50.6146,50.3567,50.8725,7,52.9388,41.3181,53.4531
Armenia,ARM,2022,8,69.7662,68.6415,70.8741,2.2326,25,58.3206,55.8385,61.1346,14,62.5609,62.1889,70.1953,12,59.3512,57.6062,60.3177,29,64.5139,62.5723,65.0131,13,49.5071,47.155,50.628,13,76.5633,73.183,82.3482,41,44.4838,44.4659,44.5018,8,51.568,46.7105,53.3073
Armenia,ARM,2023,8,67.5958,66.1733,68.9912,2.8179,25,55.1287,50.681,56.7349,14,61.1234,57.9875,64.2593,12,56.0998,53.7969,56.5759,29,62.5328,60.5749,63.346,14,47.9742,45.38,48.9914,13,72.9574,68.7519,83.4871,40,41.9029,41.7688,42.037,7,52.9744,49.884,57.7169
Armenia,ARM,2024,8,69.4641,68.4271,70.4867,2.0596,25,55.3479,51.3636,56.9837,16,62.84,61.2277,64.1685,12,56.568,54.2919,57.065,29,62.7763,60.7325,63.385,14,48.6268,46.3715,49.8974,17,79.0417,74.0577,83.7628,40,43.778,43.7282,43.8277,7,54.7687,51.4234,59.8342
Armenia,ARM,2025,8,69.121,68.2021,70.0286,1.8265,25,53.4901,50.3393,55.6849,16,63.5719,61.6733,64.5817,12,53.4242,51.0613,53.9024,29,61.3563,59.6338,62.2423,14,48.9339,46.3845,49.8056,17,77.51,72.7064,82.8709,40,42.2373,42.1182,42.3564,9,59.6552,57.271,60.6333
Australia,AUS,2009,8,94.08,93.0828,95.0663,1.9835,28,96.9528,95.6418,98.4319,18,80.1056,78.3508,81.6871,12,60.8351,59.9969,61.6856,31,97.845,96.6647,98.5466,17,91.0088,80.9208,96.9779,17,92.2354,90.4106,95.5625,47,79.2142,77.4528,80.8216,9,73.9082,70.7494,74.8967
Australia,AUS,2010,8,92.8031,91.8933,93.7037,1.8104,28,96.5828,95.2897,97.9703,20,80.5149,79.8915,81.0813,12,60.6075,59.7878,61.5039,31,97.1433,96.0127,97.983,17,81.4126,79.1482,93.6089,17,92.8122,91.0105,95.4106,47,77.7008,76.021,79.2092,9,73.5702,70.8791,74.6316
Australia,AUS,2011,8,93.2075,92.2931,94.1128,1.8197,28,96.192,95.0605,97.7218,20,81.0076,80.379,81.572,12,57.2795,56.4566,58.1054,31,97.3118,96.0588,98.0171,17,86.8026,77.3477,91.9415,17,93.5321,90.2376,94.4264,47,78.7972,76.9938,80.3317,9,72.5212,69.7851,73.6439
Australia,AUS,2012,8,92.1299,91.1571,93.0922,1.9351,28,95.7701,94.5102,97.0997,20,80.5143,79.8403,81.0831,12,59.46,58.6807,60.3467,31,96.9657,95.7983,97.7793,17,79.9635,74.7706,90.2756,17,92.7842,89.6862,94.7022,47,76.7324,75.1627,78.2652,9,71.621,69.016,72.7241
Australia,AUS,2013,8,91.2103,90.2487,92.1615,1.9128,28,95.8969,94.6025,97.3164,20,79.8309,79.2126,80.3969,12,59.2272,58.4231,60.1136,31,95.6709,94.4936,96.4939,18,80.4579,74.6205,89.5808,17,93.5956,90.7408,95.1188,47,74.7624,73.3077,76.3909,9,66.157,62.8801,67.1938
Australia,AUS,2014,8,90.3218,89.3322,91.3004,1.9682,28,95.1988,93.8995,96.6332,20,79.55,78.9282,80.0205,12,58.5008,57.6782,59.415,31,95.5538,94.3113,96.3735,18,77.0615,72.3117,88.0884,17,93.361,90.6783,95.3464,47,71.6345,70.0527,73.1889,9,66.3225,64.2327,67.5408
Australia,AUS,2015,8,90.0696,89.0764,91.0517,1.9753,28,95.5298,94.1419,96.705,20,80.0254,79.4036,80.6205,12,57.8151,57.0516,58.7758,31,94.7307,93.644,95.5986,18,78.3711,71.7635,87.4117,17,92.7057,90.7475,95.0114,47,70.0732,68.5334,71.5764,9,65.4838,63.2907,66.7756
Australia,AUS,2016,8,90.1578,89.128,91.1756,2.0476,28,95.3908,94.0209,96.7802,20,81.1816,80.5307,81.7675,12,61.0046,60.1962,61.9005,31,93.6156,92.4026,94.3354,19,74.4869,72.6376,88.4175,17,93.2206,90.8619,95.9125,47,71.7589,70.0899,73.4168,9,65.4766,63.1159,66.9469
Australia,AUS,2017,8,91.463,90.5026,92.4131,1.9105,28,95.7279,94.3733,97.2017,16,81.3731,80.5023,85.0846,12,63.537,62.7316,64.4006,31,93.6101,92.4169,94.3382,20,80.2143,73.5366,88.0566,16,89.6079,87.7792,91.4904,47,75.9436,74.4208,77.447,9,68.2276,65.0839,69.0973
Australia,AUS,2018,8,90.1013,89.0357,91.1541,2.1184,28,95.0191,93.8769,96.5858,16,79.2303,79.0719,84.0289,12,63.9639,62.4247,69.0518,31,90.4715,89.3845,91.3286,20,77.4854,71.6313,87.1408,16,89.1817,87.5809,91.0845,47,74.2582,72.8222,75.809,9,66.7183,63.7095,67.7026
Australia,AUS,2019,8,90.1085,89.0526,91.1519,2.0993,28,95.3914,94.1315,96.8621,16,79.8453,77.2666,82.4239,12,66.0174,60.9946,67.0092,31,91.7827,90.7056,92.6087,20,76.8682,69.4273,84.3746,16,87.4443,85.7911,89.2779,47,73.8342,72.3526,75.3438,9,65.3106,61.6487,65.9827
Australia,AUS,2020,8,90.0712,89.0203,91.1096,2.0893,28,94.8741,93.6036,96.1125,13,81.9157,79.1931,84.346,12,70.3772,64.6765,70.447,31,91.6911,90.6565,92.4748,20,72.7675,69.9138,85.1361,16,89.8333,88.4054,91.6656,41,70.4191,68.3647,72.4163,9,64.4043,61.028,65.2477
Australia,AUS,2021,8,89.2613,88.2766,90.235,1.9584,28,94.1182,92.7478,95.3378,13,80.6767,79.5878,84.6079,12,71.5955,66.1099,72.4468,31,92.5079,91.2364,93.3484,11,68.5783,67.6682,76.417,16,89.7237,88.4043,91.3899,41,71.4841,69.6211,73.1739,8,60.7413,55.1246,66.3579
Australia,AUS,2022,8,89.1631,88.3371,89.9814,1.6443,29,94.836,91.6893,96.5419,14,83.9975,80.8086,84.502,12,68.1554,65.7126,69.4074,30,92.0866,90.7006,92.781,11,71.7494,67.0577,76.0456,16,90.5977,89.25,92.2916,41,71.0457,69.2546,73.187,9,55.4377,50.7633,57.9223
Australia,AUS,2023,8,90.1657,89.2328,91.0888,1.856,29,94.6397,91.7292,96.5945,14,82.5328,82.4707,86.2431,12,70.7422,68.0533,71.3259,28,94.5203,93.2135,95.9763,11,74.1716,67.1725,75.6647,16,89.4835,87.3532,95.7907,39,73.3823,71.0024,75.8822,8,57.6551,52.5442,60.319
Australia,AUS,2024,8,91.5575,90.7546,92.3532,1.5986,30,92.4427,90.6083,94.8979,17,83.3967,82.7642,84.0547,12,77.2139,74.4071,78.2598,28,97.5429,95.0792,98.2659,11,68.6394,66.9578,75.5459,19,87.8086,84.3054,88.9816,39,82.0281,79.6276,84.2303,8,61.2787,53.783,61.5096
Australia,AUS,2025,8,91.6161,90.7729,92.4514,1.6785,30,92.1836,90.3234,94.469,17,83.1486,82.4436,83.6979,12,80.6982,77.1958,81.139,28,94.8763,94.0335,96.6372,11,72.9804,65.1358,73.9273,19,87.8258,84.815,89.5382,39,76.1979,73.8512,78.5898,8,62.9145,54.8974,63.4855
Austria,AUT,2009,8,85.9141,85.1511,86.6704,1.5193,27,91.4499,90.4216,93.1386,16,72.4968,70.86,78.2991,12,45.2775,44.4427,46.3217,31,89.5899,88.639,90.496,19,75.1858,73.2681,78.5558,18,72.8886,71.7394,74.6247,49,73.1184,71.7308,74.6078,8,76.3731,71.3373,77.4623
Austria,AUT,2010,8,86.0317,85.4284,86.6308,1.2024,27,91.6186,90.4718,93.3716,18,79.6198,78.1662,81.0881,12,46.6025,45.5737,47.7155,31,89.4672,88.499,90.2904,19,70.1171,66.0972,70.7934,18,71.9242,70.7913,73.5101,49,72.9654,71.5886,74.5406,8,74.495,71.0295,77.6568
Austria,AUT,2011,8,85.2164,84.6033,85.825,1.2217,27,91.7287,90.5428,93.0877,18,81.3613,79.9199,82.8027,12,46.8979,45.8942,47.9251,31,89.6431,88.6775,90.4797,19,66.147,62.8648,68.0495,18,70.8308,69.7363,72.3809,49,72.1029,70.4995,73.7707,8,71.0674,68.0168,74.1181
Austria,AUT,2012,8,85.5748,84.9859,86.1597,1.1738,27,91.3302,89.8432,92.4372,18,80.5357,77.7677,80.7399,12,53.366,52.4234,54.358,31,89.6314,88.6703,90.5075,20,63.4954,60.8327,65.0825,18,70.5397,69.4928,72.1145,49,74.5869,73.065,76.1753,8,70.4663,70.1453,76.957
Austria,AUT,2013,8,85.9122,85.4512,86.3706,0.9194,27,91.1381,89.7356,92.7329,18,77.7336,77.4429,80.0859,12,59.3506,58.399,60.1496,31,89.3285,88.382,90.2757,21,61.7223,60.6408,64.4575,18,70.2607,69.2321,71.8583,49,73.8632,72.4352,75.3838,8,74.438,72.7947,76.6097
Austria,AUT,2014,8,86.0221,85.5716,86.4702,0.8986,27,90.9655,89.6159,92.3653,18,80.2711,77.8833,80.6348,12,61.8709,60.9651,62.8679,31,88.9506,88.0711,89.8015,21,60.177,57.7693,61.1102,18,69.7957,68.8168,71.3122,49,72.5212,71.0968,74.034,8,74.1092,72.7031,76.3467
Austria,AUT,2015,8,86.1172,85.6432,86.5885,0.9453,27,91.4395,90.0969,92.8756,18,80.3196,78.2598,81.2367,12,62.8593,62.005,63.812,31,88.9673,88.0498,89.8932,21,61.1189,58.8211,62.6261,18,68.6299,67.6233,70.1076,49,71.7916,70.3502,73.3211,8,74.4347,71.5362,75.4874
Austria,AUT,2016,8,87.0239,86.483,87.5614,1.0784,27,91.7621,90.0282,92.8515,18,80.7529,78.9207,81.9807,12,64.7963,63.8457,65.7625,31,89.0998,88.1768,90.0228,21,65.7063,62.6366,68.3799,18,69.9447,68.9009,71.2027,49,71.9809,70.5601,73.4363,8,73.516,71.9356,75.7492
Austria,AUT,2017,8,88.073,87.4545,88.687,1.2325,27,91.1828,90.0542,92.8392,14,81.4,77.3244,83.6186,12,69.5787,68.6564,70.512,31,89.3025,88.3678,90.0729,22,65.5415,62.9105,67.9703,16,67.6303,66.1538,68.9592,49,78.9818,77.5734,80.5175,8,73.9092,73.3645,77.4278
Austria,AUT,2018,8,87.4409,86.7617,88.1148,1.3531,27,91.0374,89.3278,92.2149,14,78.6066,77.1777,83.3447,12,70.5369,65.309,71.6088,31,88.2859,87.149,88.9543,22,64.0813,61.7278,66.1579,16,68.429,67.2104,69.6817,49,76.7787,75.4905,78.498,8,74.6839,70.7001,74.9391
Austria,AUT,2019,8,87.36,86.6817,88.0329,1.3512,27,90.0991,88.7055,91.421,14,83.5522,78.0894,84.1222,12,66.921,62.8966,69.3564,31,88.7089,87.5644,89.4235,22,63.3862,61.6458,65.4542,16,68.5321,67.4028,69.8575,49,76.5618,75.1901,78.1389,8,72.6217,69.2491,73.9502
Austria,AUT,2020,8,87.0942,86.4021,87.7808,1.3787,27,90.2936,89.1369,91.7506,11,84.2815,80.5754,86.4641,12,68.9979,65.7193,71.3775,31,88.015,86.8998,88.7156,22,61.4687,59.6081,63.4088,16,72.8146,71.7499,73.9678,43,75.2486,73.3035,77.2496,8,67.4989,67.2758,72.5831
Austria,AUT,2021,8,87.9448,87.2081,88.6753,1.4672,27,90.4227,89.4246,91.988,12,85.8264,81.6898,86.7668,12,71.7787,67.1874,73.1718,31,87.7188,86.6638,88.4808,14,61.6315,58.0886,62.7859,16,73.2258,72.1506,74.5044,43,77.1453,75.2588,79.0726,7,68.624,62.0158,69.3496
Austria,AUT,2022,8,88.1494,87.4472,88.846,1.3988,28,91.5832,88.8792,93.3262,13,85.6607,82.0423,86.4479,12,72.2422,69.9036,73.3077,30,87.5039,86.3177,88.2529,14,60.938,57.1068,62.1073,16,76.6475,75.47,77.8338,43,75.3009,73.219,77.3348,8,68.7185,62.6717,69.776
Austria,AUT,2023,8,87.045,86.189,87.8925,1.7035,28,89.9929,87.2775,92.1384,13,82.3135,80.3876,85.1516,12,70.6305,67.9226,71.3422,27,88.1014,86.2914,89.8953,14,60.7377,57.3043,61.9215,17,76.653,74.0859,83.0026,42,71.1176,69.2162,73.1838,7,68.8489,63.644,70.144
Austria,AUT,2024,8,86.459,85.7069,87.2046,1.4977,28,85.1284,83.0875,88.231,15,79.4361,78.6348,81.5658,12,72.2209,70.1457,73.2309,27,87.3688,85.9917,90.5767,14,60.7539,56.8357,61.7678,20,78.3393,76.4906,80.434,42,70.2168,68.1078,72.2747,7,69.2251,62.7591,69.8888
Austria,AUT,2025,8,84.7055,83.9211,85.4827,1.5616,28,83.0274,81.1278,86.258,15,79.5336,77.8437,80.8122,12,70.5098,67.7178,71.0795,27,84.8592,83.9467,88.2865,14,57.8302,56.4775,61.5665,20,79.6534,77.2623,81.204,42,67.6293,65.4395,69.7233,7,64.2073,62.6892,70.5326
Azerbaijan,AZE,2009,8,58.7516,57.1784,60.2887,3.1103,28,26.8414,24.7759,27.5365,16,61.1099,59.4895,66.8094,12,70.0593,69.0573,70.8864,30,60.9643,60.2868,61.7786,15,48.7625,39.0337,49.7597,10,27.2769,26.7963,38.5598,42,37.7468,37.5451,37.9485,10,53.4981,52.1801,54.7075
Azerbaijan,AZE,2010,8,58.9932,57.5502,60.4058,2.8556,28,25.9469,24.9358,27.9233,18,60.326,58.2085,63.763,12,67.9792,66.9739,68.8447,30,61.3063,60.8635,62.4086,14,45.6378,38.5304,49.656,10,35.0761,28.7473,39.3108,42,39.4237,39.2975,39.5499,10,52.2258,50.8761,53.4432
Azerbaijan,AZE,2011,8,54.4939,53.069,55.8878,2.8188,28,25.2721,23.8744,26.6489,18,56.938,56.5752,62.7898,12,61.2583,60.3244,61.996,30,61.0882,60.3891,61.8452,15,37.1116,35.5653,42.2491,10,34.2835,29.4459,41.4891,42,35.2814,34.9688,35.5941,10,50.0528,48.6654,51.2272
Azerbaijan,AZE,2012,8,56.4331,55.1519,57.6898,2.5379,27,25.7844,23.7418,26.7972,18,60.6632,58.0905,63.3747,12,62.806,61.9224,63.6527,30,62.2523,61.5753,63.0221,16,38.969,36.1867,41.1339,10,35.5975,29.8936,42.1679,42,38.1522,37.9687,38.3356,10,48.0822,46.5368,49.1855
Azerbaijan,AZE,2013,8,58.2844,57.0915,59.4563,2.3648,27,25.2619,24.0298,27.0354,18,62.2775,60.7813,65.8091,12,68.5468,67.6656,69.2816,30,63.0184,62.0997,63.618,17,37.7929,35.6268,40.4182,10,34.6485,30.3305,41.936,42,40.9509,40.8934,41.0084,10,51.0988,49.9715,52.4918
Azerbaijan,AZE,2014,8,59.6054,58.461,60.7307,2.2697,27,24.3992,23.0252,26.1855,18,64.1886,62.3681,67.851,12,71.7583,70.8163,72.5254,30,63.7321,62.5856,64.1652,17,35.6146,34.0822,38.8155,10,38.9656,32.1807,43.1869,42,41.7098,41.6864,41.7331,10,51.3244,50.2012,52.426
Azerbaijan,AZE,2015,8,60.2514,59.1107,61.3734,2.2627,27,23.7618,22.7061,25.9572,18,67.5534,64.2063,69.4215,12,68.6499,67.7383,69.474,30,63.3306,62.5162,63.8786,18,37.9695,34.934,39.5128,10,43.4987,33.1641,45.2532,42,40.041,39.9425,40.1394,10,49.8421,48.4909,50.9395
Azerbaijan,AZE,2016,8,59.3835,57.4067,61.3039,3.8972,27,23.1803,22.6798,25.8967,18,68.0246,65.3275,70.409,12,69.5781,68.7034,70.3368,30,63.5749,62.9236,64.4036,11,37.0878,29.4583,47.9164,10,37.009,34.7962,46.9511,41,41.0333,40.9795,41.0871,10,49.5991,48.3566,50.733
Azerbaijan,AZE,2017,8,61.9515,60.5306,63.3438,2.8132,27,25.9914,24.69,27.5013,14,68.402,63.9649,71.6955,12,72.6757,71.7387,73.3682,30,65.7071,64.8748,66.29,18,35.172,32.4479,39.1505,8,34.7224,26.2724,36.9623,41,53.5758,51.6352,55.3218,8,50.5279,46.3647,54.2584
Azerbaijan,AZE,2018,8,63.3329,61.591,65.0326,3.4416,27,26.9625,25.007,27.6974,14,68.1983,64.8537,72.9254,11,74.218,68.8321,83.6898,30,73.5295,72.1232,74.3341,19,34.7825,31.9937,37.2855,8,33.9921,26.4569,37.5981,41,56.3421,54.1653,58.34,8,47.5729,41.5012,50.0308
Azerbaijan,AZE,2019,8,61.1727,59.199,63.0913,3.8923,27,25.5659,24.0827,26.6718,11,71.5256,65.3458,72.9901,11,69.0639,68.5394,84.3636,30,74.5083,73.5643,75.4237,19,34.5048,30.7733,36.9972,8,29.3353,25.3874,39.2668,41,54.9152,52.629,57.0202,8,40.8786,39.6262,48.6233
Azerbaijan,AZE,2020,8,68.0039,66.3644,69.6075,3.2431,27,26.247,24.9389,27.7343,12,77.4021,69.7882,77.7578,11,85.3736,73.9762,89.9545,30,77.5124,76.2161,78.2812,20,34.0071,29.263,35.4702,8,37.9603,28.7155,39.2079,41,60.7269,58.9586,62.6957,9,47.3877,43.6328,49.4566
Azerbaijan,AZE,2021,8,67.2761,65.3812,69.1228,3.7416,27,27.2706,25.9917,28.9873,13,75.903,71.694,78.4753,10,87.3902,74.774,90.3905,30,77.9588,76.9645,78.9357,12,31.8572,26.312,34.1244,8,37.5024,28.2025,40.3939,41,59.9447,57.9259,61.814,7,44.6013,33.6856,45.6923
Azerbaijan,AZE,2022,8,66.2235,64.8393,67.5816,2.7423,27,30.0586,27.3892,32.3214,14,75.5927,74.4918,79.7072,11,71.6936,69.9924,81.7625,29,77.577,76.4843,78.8919,14,33.3881,28.9779,34.5971,8,40.7513,35.004,46.4987,41,61.724,59.7778,63.5003,10,43.7036,42.5403,45.0908
Azerbaijan,AZE,2023,6,58.2033,56.2053,60.1431,3.9378,27,29.4264,27.3493,32.8326,,,,,,,,,19,67.2253,64.8375,73.2246,13,29.2609,26.9056,33.6119,12,35.9796,29.6864,48.2688,17,35.6725,35.258,36.087,8,41.4159,37.6355,45.3062
Azerbaijan,AZE,2024,7,58.1026,55.973,60.1661,4.1931,28,29.6306,28.4623,32.5797,7,69.1182,57.3205,71.127,,,,,19,68.0034,66.2025,74.8031,13,30.2803,26.4002,34.0189,14,39.1063,37.0796,51.0379,17,29.862,29.186,30.538,8,44.7016,39.2024,46.3028
Azerbaijan,AZE,2025,7,59.218,57.1179,61.2545,4.1366,28,31.5552,30.0229,34.1121,7,63.5928,58.5531,71.6972,,,,,19,72.1468,66.6474,75.4556,13,34.0031,27.9034,34.4439,14,45.7768,37.1367,51.7235,17,23.954,23.0122,24.8958,8,46.8467,41.6183,48.4683
Bahamas,BHS,2009,7,69.5367,65.6137,73.2624,7.6487,13,74.2176,71.634,75.9491,5,68.0323,63.4426,69.4845,,,,,8,71.6011,70.3604,75.3642,8,54.2087,44.183,59.4275,7,55.3445,47.2712,63.3178,19,46.0602,45.8878,46.2327,6,44.0552,36.1181,59.5743
Bahamas,BHS,2010,6,68.031,62.7009,72.9989,10.298,13,70.4736,69.8687,75.0667,,,,,,,,,8,71.2481,68.9516,73.9942,10,47.0382,44.8017,59.1699,7,50.4147,47.1915,63.7407,19,46.2012,46.0224,46.38,6,49.1443,31.0959,59.5641
Bahamas,BHS,2011,6,68.337,64.1132,72.3307,8.2175,13,73.2202,69.8661,75.0185,,,,,,,,,8,70.4827,68.6909,73.6816,10,54.5041,44.6818,58.3391,7,50.598,47.0068,63.9835,19,52.5633,52.0982,53.0284,6,32.7726,31.1832,58.9089
Bahamas,BHS,2012,6,71.2927,67.0107,75.3444,8.3337,13,70.6714,69.2714,74.3169,,,,,,,,,8,74.6241,68.0434,74.9292,10,57.8982,44.1242,57.9504,7,62.1653,46.3871,63.9617,19,45.3706,45.2292,45.512,6,50.5862,32.5976,58.096
Bahamas,BHS,2013,6,67.0435,62.6161,71.216,8.5999,13,71.0869,68.2933,73.7815,,,,,,,,,8,68.5799,67.8381,72.7487,11,46.9936,43.4179,56.8358,7,52.1883,48.3823,63.4207,19,45.727,45.5695,45.8844,6,43.8099,37.8751,56.6959
Bahamas,BHS,2014,6,67.8915,63.4905,72.0423,8.5518,13,71.5158,68.0607,73.2492,,,,,,,,,8,68.6255,67.7226,72.2514,11,50.3895,44.4577,58.783,7,53.2247,45.7017,63.057,19,43.771,43.7016,43.8404,6,51.9321,34.8439,56.269
Bahamas,BHS,2015,6,67.0956,63.78,70.2662,6.4862,13,71.7926,67.3415,72.5284,,,,,,,,,8,68.7528,66.4054,71.8552,11,46.9144,43.3848,57.9388,7,58.9685,45.7923,61.3997,19,42.9056,42.8752,42.9361,6,42.0801,39.9383,58.1655
Bahamas,BHS,2016,6,65.864,61.5637,69.921,8.3573,13,67.6629,65.788,71.5363,,,,,,,,,8,68.4205,65.5775,71.0049,8,48.4315,43.7694,51.7747,7,51.1363,44.4557,61.4751,19,43.9646,43.8865,44.0427,6,47.9777,35.6857,56.8295
Bahamas,BHS,2017,6,66.2342,62.7227,69.5823,6.8596,13,67.4583,64.9564,70.3679,,,,,,,,,8,66.0363,65.7359,70.7275,8,46.2511,44.1242,52.6192,7,52.4332,50.3333,66.4601,19,45.2422,45.1066,45.3778,6,47.8792,37.6628,56.5997
Bahamas,BHS,2018,6,63.7054,59.3947,67.7669,8.3722,13,67.118,63.9337,69.5823,,,,,,,,,8,65.5676,63.4845,68.8764,7,51.1814,45.1992,57.3403,7,50.1973,48.5985,65.9358,19,45.8241,45.6623,45.9859,6,30.2022,28.8718,52.6799
Bahamas,BHS,2019,6,66.4467,61.6459,70.9475,9.3016,13,66.7161,63.5915,68.933,,,,,,,,,8,67.8936,63.0625,68.7037,7,51.4013,44.8539,57.2446,7,68.6881,61.1002,76.2759,19,40.7409,40.674,40.8079,6,45.2631,26.5259,46.953
Bahamas,BHS,2020,6,66.1037,61.0806,70.7985,9.7179,13,65.6974,63.6139,69.2616,,,,,,,,,8,65.5226,61.0613,68.5213,7,53.5165,45.1023,59.6991,7,61.0648,51.4042,67.2044,16,44.317,44.2915,44.3425,6,39.6012,25.7569,44.2888
Bahamas,BHS,2021,6,67.0461,62.5142,71.3112,8.797,13,65.6525,63.2798,68.9497,,,,,,,,,8,65.3453,61.7921,67.7391,4,55.5923,42.9646,57.7462,7,62.8989,52.4173,67.6779,16,54.59,54.1532,55.0268,5,36.0815,32.0128,58.7312
Bahamas,BHS,2022,5,64.1132,59.5014,68.4418,8.9404,13,69.1523,64.8038,70.7602,,,,,,,,,7,65.0938,60.8524,67.7875,5,50.3259,42.6746,57.022,8,52.7108,46.0134,59.4082,15,44.9207,44.9191,44.9224,,,,
Bahamas,BHS,2023,5,65.7514,62.0954,69.2299,7.1345,13,68.7231,64.3043,70.0605,,,,,,,,,7,64.1265,59.8374,67.6319,5,44.4253,40.7974,56.0822,8,63.3396,59.1062,72.9319,15,49.3715,49.1695,49.5734,,,,
Bahamas,BHS,2024,5,65.5677,59.917,70.8041,10.8871,13,68.1829,64.1917,69.6611,,,,,,,,,7,65.1654,57.2766,67.3324,5,46.3497,41.2216,56.0748,8,68.049,57.9256,71.5486,15,44.9889,44.9841,44.9936,,,,
Bahamas,BHS,2025,5,64.0867,58.6705,69.1163,10.4458,13,66.8033,63.3907,70.3751,,,,,,,,,7,54.7922,54.1896,66.8084,5,50.3591,41.583,55.1621,8,68.7149,58.201,71.3046,15,46.5822,46.5058,46.6587,,,,
Bahrain,BHR,2009,8,72.4654,71.4139,73.5025,2.0886,26,41.0891,38.6157,42.4756,17,80.0849,79.0303,84.1891,12,50.0567,49.2774,50.935,28,70.3211,69.405,71.0967,23,64.5065,63.1261,66.7102,7,57.6883,50.8915,64.4526,42,42.4961,42.4841,42.5082,10,69.2023,67.9228,70.1792
Bahrain,BHR,2010,8,73.0353,72.1149,73.9447,1.8298,26,42.5436,38.8249,43.1323,20,80.4104,79.8792,80.9805,12,52.6328,51.7785,53.5184,28,70.2376,69.4968,71.2923,21,62.6905,60.8823,65.2452,9,55.3345,47.8952,59.9021,42,46.2382,46.0578,46.4187,10,70.4176,69.1527,71.4138
Bahrain,BHR,2011,8,73.1435,72.2147,74.0611,1.8464,26,41.6308,38.3656,41.8929,20,81.0099,80.4703,81.5863,12,53.5647,52.711,54.3563,28,70.7247,69.9544,71.7674,21,59.0577,57.1387,61.6171,9,56.1195,48.5852,61.1456,42,49.3355,49.0157,49.6553,10,70.0428,68.7268,70.9966
Bahrain,BHR,2012,8,74.3097,73.4107,75.1984,1.7877,26,37.4104,35.639,39.5064,20,82.5425,82.0225,83.1366,12,60.5135,59.6394,61.3191,28,71.2461,70.5193,72.3836,21,56.1089,55.4553,59.8443,9,55.2708,50.4932,61.7175,42,57.4687,55.4497,59.4447,10,69.7644,68.4571,70.8676
Bahrain,BHR,2013,8,74.7691,73.8876,75.6408,1.7532,26,36.6201,35.2971,38.95,20,82.4477,81.8981,83.0506,12,61.7628,60.8865,62.5874,28,70.4442,69.116,70.8934,22,57.3793,54.964,58.528,9,58.6168,51.2911,62.7556,42,54.2059,52.3391,56.3296,10,72.0657,70.9034,73.2288
Bahrain,BHR,2014,8,73.6924,72.8495,74.5262,1.6767,26,35.9263,34.9347,38.6844,20,82.1901,81.6216,82.7584,12,63.0602,62.1797,63.9003,28,68.7896,68.4113,70.2087,24,54.2686,53.1385,55.6538,9,57.4753,52.0553,63.8414,42,50.2927,49.9298,50.6556,10,73.423,72.0951,74.481
Bahrain,BHR,2015,8,75.0378,74.2115,75.8555,1.644,26,36.0223,34.762,38.4909,20,82.5337,81.9803,83.1309,12,66.7173,65.7874,67.5442,29,69.1301,68.5585,70.1768,24,55.0331,53.6905,56.2069,9,63.1173,51.9012,63.4504,42,50.874,50.485,51.2631,10,72.6762,71.5595,73.6637
Bahrain,BHR,2016,8,75.8884,74.9273,76.8378,1.9105,26,37.4052,35.7422,39.453,20,83.5869,83.0342,84.2043,12,71.4089,70.4698,72.2492,29,69.8609,69.2347,70.7851,17,53.7022,48.5121,56.1733,9,61.8345,55.3343,66.2017,41,53.0869,51.2066,55.0078,10,72.5462,71.276,73.5211
Bahrain,BHR,2017,8,75.6493,74.3113,76.9648,2.6535,26,37.3128,35.5613,39.4648,14,82.3101,77.8502,83.3825,12,72.9461,71.9037,73.8144,29,69.9758,69.4082,71.2808,15,52.8241,46.3811,58.6644,6,60.089,52.7261,66.4843,40,57.1858,54.8784,59.3692,10,69.6828,68.7642,71.0347
Bahrain,BHR,2018,7,73.2984,71.7872,74.7805,2.9933,26,35.9705,34.6479,38.1939,11,83.4545,78.1704,83.7243,,,,,18,70.2881,66.8721,73.5422,14,41.2554,36.8983,51.632,6,53.8357,48.0952,59.5762,40,58.274,56.076,60.5222,10,67.7792,66.8047,69.2364
Bahrain,BHR,2019,7,74.0697,72.3625,75.7401,3.3776,26,35.8981,34.5187,37.4506,11,78.667,78.5298,84.068,,,,,18,70.5059,67.9242,74.6124,14,50.4306,36.8404,55.2156,6,60.6301,53.8611,66.3863,40,54.3557,52.191,56.5597,10,65.5406,64.4756,66.6241
Bahrain,BHR,2020,8,75.0693,73.2503,76.8467,3.5964,26,37.1915,35.0167,38.3177,13,81.8569,77.6495,83.8014,11,75.701,70.1753,84.123,27,71.1637,70.6165,73.1331,14,50.8855,37.6737,55.9102,6,59.4181,55.2252,67.4883,40,58.0338,56.0498,59.8608,10,64.2307,63.2542,65.5385
Bahrain,BHR,2021,8,76.5768,75.2363,77.895,2.6587,26,36.7786,35.2687,38.5567,14,83.6704,81.9353,85.0433,11,77.229,70.2119,84.7648,27,72.3469,71.2244,73.9172,12,52.3257,48.655,54.5971,6,59.4319,55.7023,68.5814,40,64.7414,62.9687,66.5127,9,63.6131,60.5555,65.5106
Bahrain,BHR,2022,8,76.6304,75.3256,77.9139,2.5883,26,43.0455,38.5437,44.4508,15,84.3183,82.6748,85.7069,11,74.3855,70.0718,82.3021,26,73.6599,70.8353,74.1445,13,48.8239,47.5104,53.8279,6,61.9983,56.5271,69.0031,39,59.8594,58.0161,61.6388,9,65.3509,61.1539,66.4104
Bahrain,BHR,2023,8,75.4271,74.0205,76.8089,2.7884,26,40.7337,39.1218,45.0293,15,83.7521,82.8844,85.8871,11,67.9706,66.6129,79.1589,26,73.0465,71.2315,74.8857,14,50.6433,48.549,53.3827,9,61.7377,56.3414,71.4411,38,61.0668,59.2186,62.8925,8,62.1856,60.5574,66.9206
Bahrain,BHR,2024,8,77.8802,76.7369,79.0073,2.2704,27,40.5009,38.7619,43.2489,17,85.725,85.121,86.3468,11,78.8967,70.4402,82.9649,26,74.5233,72.8928,76.2465,14,50.0045,48.6489,53.9508,12,62.6744,56.0925,64.9837,38,62.3038,60.1545,64.2682,8,66.2277,61.5741,68.2006
Bahrain,BHR,2025,8,77.8989,76.7592,79.0225,2.2633,27,42.8033,40.3882,44.8119,17,86.4847,85.9638,87.1779,11,72.4483,68.2718,80.9378,26,75.5451,72.0608,75.709,14,47.368,46.8197,52.2833,12,62.7876,55.4877,65.3706,38,65.6737,63.6959,67.5073,8,67.8526,63.4044,68.815
Bangladesh,BGD,2009,8,40.6428,38.1493,43.0279,4.8786,28,29.3428,27.1862,30.4177,18,50.785,49.194,54.4926,12,41.8515,40.793,42.94,27,39.731,39.0357,44.6617,16,39.8077,36.2551,52.1937,11,37.4613,34.4693,44.5434,51,20.8389,19.9704,21.6502,10,32.6572,29.5249,34.1528
Bangladesh,BGD,2010,8,41.2216,39.4394,42.9483,3.5089,28,28.3491,25.927,29.3043,20,49.6164,48.8634,50.1935,12,39.5611,38.5308,40.6113,27,41.3138,40.7803,46.1622,17,34.3082,29.8153,38.8012,11,47.9799,43.2554,52.7044,51,20.6904,19.8304,21.5194,10,33.3554,30.4119,35.1307
Bangladesh,BGD,2011,8,42.769,41.3201,44.1815,2.8614,28,27.1875,24.9974,28.2389,20,52.1919,51.5188,52.7306,12,38.276,37.1476,39.3121,27,42.8606,42.1826,45.7306,19,33.6922,31.6899,38.6028,11,48.5427,44.016,53.0693,51,24.3179,23.527,25.1442,10,34.5106,31.652,36.0032
Bangladesh,BGD,2012,8,45.4081,44.2623,46.5318,2.2695,28,25.5577,24.6596,27.9292,20,53.6069,52.9082,54.1209,12,38.7517,37.8322,39.6705,27,45.9773,45.1108,48.2987,19,33.7976,30.4392,36.9533,15,50.5139,47.4928,53.5889,51,28.0405,27.2811,28.8707,10,37.2782,34.6669,38.7608
Bangladesh,BGD,2013,8,45.1621,43.867,46.4288,2.5618,28,25.4352,24.0168,27.4745,20,54.3745,53.6633,54.8979,12,38.706,37.7581,39.595,27,45.746,45.1465,47.9617,21,34.6564,32.8769,36.3068,16,47.656,46.2448,51.9161,45,24.8477,23.2281,26.4965,8,40.2938,39.3939,47.9971
Bangladesh,BGD,2014,8,46.3335,45.2619,47.3858,2.1239,28,25.2944,23.2783,26.4396,20,54.8971,54.2053,55.4907,12,36.5817,35.7184,37.6238,27,44.699,44.2475,46.9499,21,31.3136,30.7696,33.948,16,52.0015,48.4385,54.8352,45,25.4599,23.8838,27.0758,9,47.0797,42.9017,48.2862
Bangladesh,BGD,2015,8,46.162,45.5242,46.7929,1.2687,28,23.5662,23.086,26.4568,20,54.447,53.7337,55.0287,12,36.0462,34.9893,37.096,28,45.544,44.9187,47.445,23,31.489,30.3102,32.4098,18,52.8061,51.9965,53.589,45,26.776,25.2977,28.1745,10,45.4551,44.3696,46.6882
Bangladesh,BGD,2016,8,44.9068,43.6786,46.1094,2.4308,28,24.6121,22.6331,26.3429,20,54.3752,53.6504,54.9487,12,31.4986,30.5438,32.5737,29,45.9003,45.3255,47.3049,16,31.1817,28.9635,38.6796,18,53.7195,53.0683,54.5331,45,23.0487,21.5663,24.4813,10,45.1563,43.9776,46.2672
Bangladesh,BGD,2017,8,45.3118,43.948,46.6442,2.6962,28,24.975,22.4019,26.0154,16,51.3162,47.3794,55.1102,12,32.4473,31.5001,33.7053,29,46.6796,46.0942,48.1105,19,31.8381,26.8158,33.44,17,56.4072,55.4694,57.6984,44,27.5625,25.8561,29.2247,9,41.3436,40.239,43.6613
Bangladesh,BGD,2018,8,46.4616,45.0288,47.8603,2.8315,28,22.9817,21.4534,25.2082,16,48.6871,48.0155,55.7357,12,35.6143,32.5965,37.9796,29,47.5968,45.9494,48.321,18,33.6207,30.0821,36.1562,17,58.0565,57.2345,59.2557,44,31.3534,29.5313,33.2194,9,40.7422,37.3818,41.737
Bangladesh,BGD,2019,8,46.2524,44.8257,47.6453,2.8196,28,21.7289,20.8455,24.4738,16,50.1439,48.9108,56.2981,11,37.1843,33.4109,40.2049,29,50.3629,49.0794,51.176,18,32.6618,30.0577,36.1128,17,56.7948,55.9722,57.9932,44,31.581,29.9334,33.1925,9,36.6887,33.5001,37.9637
Bangladesh,BGD,2020,8,45.2844,43.7575,46.7722,3.0147,28,20.2509,19.3893,22.7766,13,52.5757,48.7082,55.9208,11,36.4215,31.1639,39.0033,27,48.1594,47.0274,49.7289,18,30.6468,27.7443,33.5493,17,60.6,59.6624,61.77,44,30.3135,28.9263,31.5334,9,33.0723,28.9323,34.4342
Bangladesh,BGD,2021,8,44.401,42.3172,46.4117,4.0945,28,20.5017,19.6109,22.8571,14,57.8461,52.4893,58.6705,11,30.2539,29.4575,37.1401,27,47.9083,46.3587,49.1214,14,28.3821,26.1366,29.744,17,60.9156,60.037,62.0259,43,29.3977,27.8626,31.0239,7,31.2736,24.2761,39.3333
Bangladesh,BGD,2022,8,43.7888,42.3573,45.1852,2.8279,29,19.9921,18.3996,23.0221,15,52.9452,52.2979,58.0496,11,35.2498,32.6001,38.6948,26,49.5101,46.8631,50.1677,14,28.0617,26.3974,29.0892,17,62.2463,61.5018,63.4176,43,30.367,28.8565,31.9028,9,26.5057,19.4778,27.2164
Bangladesh,BGD,2023,8,42.7828,41.0388,44.4745,3.4357,29,19.7426,17.91,22.3644,15,53.7597,51.8663,58.0811,11,32.3994,30.9183,36.154,26,49.2465,47.1367,50.7813,14,27.238,24.3274,27.8865,18,61.7377,56.6462,66.4969,42,32.4773,30.8963,34.3432,9,23.3487,20.1729,26.8817
Bangladesh,BGD,2024,8,42.724,41.4616,43.9587,2.4971,29,18.6636,17.208,22.0221,17,53.6515,53.309,54.8238,11,34.4819,32.1132,37.2623,26,48.4059,46.8642,50.0762,14,26.16,24.0602,27.7337,21,60.2393,58.1845,61.765,42,30.8122,29.0363,32.7257,9,27.0701,21.3476,27.666
Bangladesh,BGD,2025,8,42.2434,40.9336,43.5233,2.5897,29,19.0239,17.9962,22.7348,17,55.1539,52.492,55.6281,11,32.1885,29.9088,35.6087,26,48.8691,45.8855,49.6079,14,24.5793,22.8934,27.1715,21,58.084,55.585,59.6982,42,29.5556,28.1025,31.3217,9,29.1962,25.7841,30.9442
Barbados,BRB,2009,8,78.7563,76.8681,80.6011,3.733,23,83.8727,81.4524,86.5052,14,85.1144,79.7994,86.5424,12,66.2152,65.2667,67.007,25,79.3022,75.4784,82.4076,10,51.9786,50.3369,65.4186,10,62.6811,60.884,68.866,48,51.7542,50.0066,53.7383,4,55.6509,41.9573,61.5217
Barbados,BRB,2010,7,78.8421,76.7042,80.9247,4.2205,23,82.8268,80.8418,85.7852,16,82.6964,81.0314,86.4316,12,67.11,66.159,67.9069,25,76.7886,74.6906,81.4306,12,47.2142,32.8776,48.4249,11,64.16,60.5221,69.2305,48,49.868,48.3479,51.5806,,,,
Barbados,BRB,2011,7,77.2262,74.9399,79.4485,4.5086,23,85.2214,80.2798,85.2353,16,85.4917,82.7442,88.2392,12,63.8774,62.9596,64.7166,25,79.1665,74.6579,81.0536,13,30.4824,28.8688,41.9229,11,64.4762,61.4076,70.2777,48,48.7147,48.4228,49.0066,,,,
Barbados,BRB,2012,7,77.5711,75.6351,79.4612,3.8261,23,83.2311,80.442,85.1362,17,80.9594,78.8788,83.9108,12,67.086,66.1937,67.9772,25,77.2808,75.3753,82.195,11,30.6788,27.6997,42.4488,10,67.0862,62.7407,70.825,48,54.3409,52.8904,56.2233,,,,
Barbados,BRB,2013,7,76.6641,74.4592,78.8091,4.3499,25,81.8436,79.8151,83.3215,17,79.0556,76.347,81.593,12,70.4052,69.4455,71.2153,26,77.0257,75.2931,81.116,12,26.5119,25.8816,36.7874,10,66.4242,62.5607,70.5135,47,54.0065,52.1827,56.2253,,,,
Barbados,BRB,2014,7,75.41,71.2838,79.329,8.0452,25,80.6889,78.9822,83.0173,17,77.8202,75.872,80.9294,12,69.4277,68.4546,70.2178,26,75.3295,73.9853,79.9919,12,23.8536,19.6156,28.0915,10,71.785,63.8648,72.0131,47,54.537,52.4924,56.8669,,,,
Barbados,BRB,2015,7,74.729,71.3912,77.9292,6.538,25,80.5051,78.6371,82.3235,16,77.3975,74.125,79.7658,12,65.8353,64.8221,66.7405,26,73.7617,72.804,77.6764,12,26.2818,23.5251,31.6804,10,69.7346,64.1244,71.0703,47,52.7464,50.7003,55.0281,,,,
Barbados,BRB,2016,7,72.4131,69.2782,75.424,6.1458,25,78.2619,78.1759,82.0719,16,76.0073,73.3988,78.9219,12,64.4476,63.4365,65.3538,28,73.9186,72.8466,75.7916,8,20.8131,18.6766,29.6943,10,66.0833,63.2806,71.0129,47,51.6954,49.8088,53.8988,,,,
Barbados,BRB,2017,7,69.5003,66.2616,72.6035,6.3419,25,78.6105,76.9355,80.9144,12,67.105,66.7709,73.9856,12,57.364,56.5907,58.2559,28,72.3601,70.7735,74.175,13,21.8153,20.9454,27.8973,15,67.5333,64.8141,68.4061,41,45.7096,45.5529,45.8662,,,,
Barbados,BRB,2018,6,70.3112,66.9184,73.5566,6.6382,25,77.8293,76.71,80.5892,9,69.6929,65.975,72.9181,,,,,18,70.9488,70.1995,78.6672,9,25.5528,18.2606,28.7971,15,69.1108,66.1254,69.8525,41,46.0486,45.8767,46.2205,,,,
Barbados,BRB,2019,6,69.443,66.5584,72.2196,5.6612,25,78.1165,76.4646,80.5084,9,68.6709,64.8773,72.5408,,,,,17,73.5387,69.498,78.1384,10,21.9615,18.032,27.1639,15,66.0465,63.8055,67.216,41,40.9602,40.9031,41.0172,,,,
Barbados,BRB,2020,7,69.9176,65.9516,73.6829,7.7313,25,78.4676,75.5823,79.5013,11,68.7936,66.9778,74.4284,11,55.8114,46.3569,62.0259,27,74.0879,71.9574,75.0656,10,25.689,19.7902,28.2849,15,67.5969,66.0581,69.5499,42,42.3039,42.1878,42.4199,,,,
Barbados,BRB,2021,7,69.2931,65.6857,72.7329,7.0472,25,75.756,75.0381,78.949,11,72.2414,66.2981,74.5093,11,59.8371,52.2673,67.407,27,73.3717,70.9791,74.2179,11,18.9646,14.1599,20.7307,15,69.2262,67.7781,71.4505,42,43.0847,43.0037,43.1656,,,,
Barbados,BRB,2022,7,67.7952,63.8406,71.5466,7.706,25,77.2602,74.9144,80.1849,13,67.8617,64.6022,71.6332,11,49.9677,46.9604,59.8841,26,71.5835,70.3714,74.1727,10,19.2911,15.6059,22.0864,15,71.1968,69.4352,72.5144,42,43.8513,43.8049,43.8978,,,,
Barbados,BRB,2023,7,66.5693,63.0402,69.9339,6.8937,25,77.8932,74.6924,81.054,13,63.5347,61.7039,68.5286,11,43.7807,40.5488,53.0953,26,72.1588,69.837,73.5257,10,19.5999,14.7485,20.5409,16,72.3169,68.0482,77.1553,41,39.4668,39.2231,39.7106,,,,
Barbados,BRB,2024,7,66.8301,63.2759,70.2179,6.942,25,80.8554,75.242,81.1078,14,65.9322,61.831,67.618,11,46.561,39.654,49.0833,26,71.0493,69.6074,73.0757,10,18.9299,15.3841,21.6882,16,70.2385,65.495,74.6826,41,40.1599,39.9474,40.3725,,,,
Barbados,BRB,2025,7,67.4516,63.5492,71.1553,7.6061,25,81.1086,75.7097,81.8158,14,63.0164,60.463,66.5374,11,52.8554,47.2667,58.444,26,71.5533,69.3771,73.0509,10,20.6951,15.543,22.091,16,70.5246,65.8557,74.9714,41,38.1375,37.834,38.4411,,,,
Belarus,BLR,2009,7,55.67,51.9249,59.2107,7.2858,27,34.4401,32.1665,35.3409,7,55.6313,44.1911,56.1544,,,,,13,55.4317,50.0914,60.6006,10,43.6617,37.0401,48.8361,7,44.0097,33.1467,52.6157,20,37.7499,37.5483,37.9514,9,52.1574,48.3191,56.1104
Belarus,BLR,2010,7,56.2489,52.5466,59.7526,7.206,27,33.046,32.0968,35.3517,7,52.1379,46.7826,58.3647,,,,,13,53.9322,49.3234,59.8813,10,40.585,36.8339,48.224,7,46.6959,33.294,53.8571,20,41.7762,41.7558,41.7965,9,56.6878,50.7222,57.7622
Belarus,BLR,2011,7,54.3911,50.5515,58.0135,7.462,27,33.4854,32.1937,35.2755,7,53.098,45.7932,58.1063,,,,,13,52.4665,49.8247,60.2151,10,36.7815,36.7234,47.4414,12,46.7481,41.9185,52.5524,20,39.7247,39.612,39.8374,9,53.2415,50.5298,57.5197
Belarus,BLR,2012,7,55.5464,51.5837,59.2808,7.6971,27,34.884,32.4729,35.3326,7,52.5351,45.0305,56.9756,,,,,13,58.0038,50.5829,60.2074,10,41.4491,34.905,45.0823,12,45.6734,41.2475,53.0367,20,40.9346,40.8764,40.9929,9,50.0118,46.5107,53.5128
Belarus,BLR,2013,7,54.1163,49.8893,58.0808,8.1915,27,34.728,33.4923,36.632,7,53.5246,50.4087,60.9941,,,,,13,48.0561,47.42,60.6126,11,41.6092,35.0445,44.4896,12,52.6526,43.8735,55.4595,20,36.8376,36.595,37.0802,9,51.8446,48.6748,58.1539
Belarus,BLR,2014,7,54.688,51.1075,58.0796,6.9721,27,34.5714,33.272,36.3679,7,53.7238,49.5582,60.3042,,,,,13,55.7323,52.229,62.0619,11,39.3218,34.8584,44.0441,12,51.6865,46.7001,58.5655,20,37.5431,37.3323,37.754,9,48.9566,48.6937,56.7923
Belarus,BLR,2015,7,55.2076,51.1955,58.985,7.7895,27,36.23,34.609,37.7834,7,55.5362,48.6043,58.8288,,,,,13,57.2247,53.15,61.9635,12,39.0864,34.3749,43.2965,12,56.2244,47.2502,60.4893,20,33.2969,32.895,33.6989,9,47.4916,47.222,56.1667
Belarus,BLR,2016,7,56.2795,52.2737,60.0537,7.78,27,36.9932,35.1936,38.5674,7,52.9464,48.2327,58.4749,,,,,13,59.8861,52.9325,62.9442,8,37.0878,30.1497,40.4926,12,55.9409,50.9531,62.8269,20,36.7606,36.5146,37.0067,9,48.3462,47.7059,56.4557
Belarus,BLR,2017,7,60.492,56.8076,63.9874,7.1798,27,37.5458,36.5898,40.1938,5,59.5194,48.3397,60.0322,,,,,13,61.7017,52.9583,62.724,8,41.2372,36.0346,46.4399,11,57.3203,50.6474,63.5798,20,38.1092,37.9238,38.2946,9,52.6966,51.0019,56.3276
Belarus,BLR,2018,7,60.4774,56.9337,63.8458,6.9121,27,38.2524,36.5059,39.9704,5,61.4656,54.8385,62.9434,,,,,12,62.0762,55.1458,68.536,10,42.2101,38.881,46.8144,11,60.15,52.2709,67.5366,20,38.6185,38.4561,38.781,9,51.543,48.873,54.2771
Belarus,BLR,2019,7,58.4046,54.5782,62.0234,7.4452,27,37.6337,36.9446,40.7268,5,60.3278,53.5844,62.2897,,,,,12,53.9099,53.1381,69.0551,10,44.2861,38.9729,46.8061,11,57.3965,52.3149,67.5471,20,38.0129,37.8232,38.2026,9,51.3074,49.0615,54.482
Belarus,BLR,2020,7,59.7007,56.2749,62.9612,6.6863,27,40.056,37.2706,40.5903,5,59.19,52.3303,61.636,,,,,12,59.2545,54.3852,68.3722,12,43.4576,39.9107,47.2709,11,63.4966,53.7545,69.0961,18,38.4971,37.9245,39.0698,9,48.7384,46.9501,52.4313
Belarus,BLR,2021,6,60.6776,57.7362,63.4975,5.7613,27,33.3613,32.0232,35.3564,6,60.4266,51.4513,60.7194,,,,,11,65.5986,56.8918,69.3353,,,,,11,64.397,57.8608,72.9286,18,38.2612,37.6992,38.8233,7,47.6192,41.7252,53.5132
Belarus,BLR,2022,6,60.1219,56.4617,63.5948,7.1331,27,29.0558,24.773,30.7999,6,60.1055,50.3969,60.5562,,,,,10,59.0072,53.304,70.0936,,,,,11,67.9848,60.3672,74.1355,18,41.0489,40.3615,41.7364,9,48.2519,45.7081,49.0201
Belarus,BLR,2023,5,59.2344,56.3324,62.0164,5.684,27,26.5017,23.6413,29.6217,6,55.1585,47.9876,58.9298,,,,,10,61.7536,48.1776,68.6099,,,,,,,,,16,39.0811,38.4821,39.68,8,49.5083,44.4788,49.6376
Belarus,BLR,2024,5,52.6484,47.6079,57.3146,9.7067,27,28.2676,23.6863,30.1919,7,52.6332,47.7505,59.1278,,,,,10,39.8349,38.3675,66.7826,,,,,,,,,16,36.5493,36.0643,37.0343,8,48.4195,44.6431,50.3098
Belarus,BLR,2025,5,53.3252,47.9369,58.2907,10.3538,27,26.0957,24.3291,30.4208,7,54.5163,45.8786,58.6034,,,,,10,41.4141,29.438,53.3902,,,,,,,,,16,37.1246,36.6138,37.6355,8,46.8268,44.5004,50.3056
Belgium,BEL,2009,8,87.4277,86.2127,88.6257,2.413,26,89.6481,87.9955,90.8705,16,81.916,77.0951,82.9173,12,47.9664,47.1631,48.7593,31,87.6278,86.6506,88.4755,17,78.0866,73.8453,82.9761,16,67.4612,64.2318,72.6655,46,75.1416,73.7397,76.6433,7,80.0658,76.4368,90.4783
Belgium,BEL,2010,8,86.1623,85.1066,87.205,2.0984,26,89.9409,88.4877,91.1254,18,79.3728,77.3517,79.9664,12,50.1761,49.3399,50.9986,31,88.0819,87.1441,88.8745,17,70.236,66.956,76.1504,16,67.1121,63.6126,72.9241,46,74.6832,73.0322,76.3166,7,78.3157,77.4819,88.6126
Belgium,BEL,2011,8,87.5115,86.4161,88.5932,2.1771,26,90.0077,88.3712,91.2302,18,79.5386,77.2562,79.9321,12,51.8807,51.0432,52.6894,31,88.3444,87.4644,89.1738,17,67.0027,62.609,71.8465,16,68.3112,62.8836,72.7502,46,75.8837,74.4101,77.547,7,88.8264,77.4794,89.3368
Belgium,BEL,2012,8,86.7098,85.9174,87.495,1.5776,26,90.089,88.3375,91.3626,18,78.2643,77.0549,79.7861,12,56.4939,55.6437,57.1847,31,89.0553,88.0489,89.8288,18,64.1759,61.3252,69.0597,17,69.5476,67.9437,74.4509,46,76.5068,74.9833,77.8521,7,79.8447,75.5174,82.4555
Belgium,BEL,2013,8,87.0076,86.2786,87.7304,1.4518,26,90.1777,88.384,91.2801,18,78.0049,77.265,79.8844,12,59.9073,59.0633,60.772,31,88.7145,87.7046,89.5732,19,66.7749,62.0164,69.3532,17,69.9372,67.6817,73.3821,46,74.896,73.5338,76.273,6,78.4723,75.8004,82.6489
Belgium,BEL,2014,8,87.0473,86.2664,87.8212,1.5548,26,90.4705,88.8783,91.8365,18,77.8785,77.5271,80.373,12,62.6837,61.7486,63.4892,31,89.1784,88.1732,89.9443,19,65.7028,59.8988,67.4755,17,69.8818,67.589,73.8139,46,75.5851,74.2216,77.1363,7,76.3945,75.1887,82.6736
Belgium,BEL,2015,8,88.0387,87.4379,88.6353,1.1974,26,90.0485,88.8987,91.7693,18,80.6079,79.1108,82.1051,12,65.9071,65.0009,66.7065,31,88.9431,87.9142,89.6786,20,67.4762,64.626,68.5195,18,69.3937,68.4277,70.988,46,76.9292,75.5298,78.4412,7,77.0593,75.2435,82.6018
Belgium,BEL,2016,8,90.135,89.4038,90.8602,1.4564,26,90.607,89.2436,92.0392,18,81.8073,79.1897,82.0127,12,71.9413,71.0231,72.7543,31,89.3272,88.3787,90.1347,19,73.7897,67.3353,75.6974,18,70.644,69.5944,72.1555,46,77.6542,76.1854,79.0306,7,79.7208,75.373,83.3166
Belgium,BEL,2017,8,89.9802,89.148,90.8045,1.6565,26,89.4306,88.8052,91.67,15,78.1578,77.5468,83.2307,12,74.4031,73.4567,75.2697,31,90.2332,89.2174,91.0948,20,69.9828,67.6592,75.9472,16,70.1753,68.7359,71.5446,40,82.9493,80.6822,85.1479,7,79.753,75.7083,84.1761
Belgium,BEL,2018,8,89.3203,88.5284,90.1051,1.5767,26,89.5921,87.9897,90.8143,15,79.5488,76.5821,82.2043,12,69.231,64.9928,71.2713,31,90.4243,89.303,91.2038,20,69.9946,63.915,71.5332,16,71.5654,70.4849,72.755,40,80.4592,78.3288,82.602,7,77.4719,72.9803,78.5712
Belgium,BEL,2019,8,87.6698,86.8896,88.4429,1.5533,26,89.589,87.9487,90.8953,15,79.9647,77.0611,82.7082,12,65.6125,62.1602,68.7069,31,90.1624,89.074,90.9039,20,63.2094,62.4538,69.3452,16,71.4744,70.3135,72.8262,40,76.033,74.1114,78.2324,7,77.0907,71.8176,77.4153
Belgium,BEL,2020,8,88.9779,88.2286,89.7209,1.4923,26,89.3482,88.205,91.0037,12,82.0917,77.6186,83.3405,12,70.1201,67.0301,73.2101,31,90.0019,88.9277,90.7431,20,64.1568,61.7789,68.1194,16,75.3651,74.1523,76.6475,40,77.8369,76.0425,79.5262,7,76.2553,70.5546,76.4389
Belgium,BEL,2021,8,88.4726,87.7467,89.1924,1.4457,26,89.6164,88.4436,91.3016,12,82.5736,80.1287,85.1469,12,70.8235,68.0945,73.4655,31,91.6561,90.568,92.37,12,62.6564,60.9382,64.6993,16,75.756,74.5144,77.0487,40,78.7614,76.955,80.4982,6,69.1363,64.5294,72.7115
Belgium,BEL,2022,8,88.54,87.8655,89.2094,1.3439,27,89.9118,88.0574,92.242,13,84.3861,81.2461,85.7193,12,71.6128,69.3712,72.6601,30,91.1934,89.9461,91.8863,12,61.2034,57.9571,63.1388,16,77.1662,76.0696,78.4779,40,76.397,74.7386,78.1956,7,69.5796,66.796,73.2437
Belgium,BEL,2023,8,88.1327,87.3034,88.9543,1.6509,27,88.9367,87.559,91.8315,13,86.0211,82.3236,86.611,12,70.8647,68.0617,71.2159,30,91.2273,89.8349,91.9115,12,59.5092,58.2232,61.9777,17,72.9012,70.8362,80.6134,38,75.3752,73.4313,77.3904,6,72.1775,66.6403,73.3765
Belgium,BEL,2024,8,87.0981,86.3953,87.7951,1.3998,27,87.9029,85.6068,89.9255,15,84.2649,82.7727,85.7571,12,69.6649,66.6191,69.79,30,88.8637,88.3089,90.2456,12,59.1347,57.6614,62.6555,20,74.2464,72.1741,75.7334,38,74.1928,72.1354,75.9773,6,69.7674,65.4447,73.0746
Belgium,BEL,2025,8,86.6125,85.883,87.3359,1.4529,27,87.4429,85.4462,89.694,15,81.9679,81.5663,84.426,12,68.0259,65.2485,68.5907,30,88.5697,87.3976,89.2371,12,58.7219,54.993,61.5303,20,77.1977,74.8165,78.6938,38,71.2819,69.3399,73.2591,7,70.5273,67.2445,73.9054
Belize,BLZ,2009,7,61.1492,57.466,64.6447,7.1787,13,58.2942,55.7381,60.8504,4,59.836,57.407,64.442,,,,,9,63.1006,59.975,65.7706,10,53.5851,45.4184,55.984,9,49.9208,42.0369,54.6925,44,28.9951,27.488,30.5015,5,49.2602,30.9823,54.9105
Belize,BLZ,2010,7,60.7052,56.7925,64.4057,7.6132,13,62.8054,58.6616,63.7976,4,59.6051,56.5758,61.2413,,,,,9,61.9269,60.1878,65.6825,10,44.5829,41.3559,51.8429,8,52.3676,41.9966,52.8758,44,30.2685,28.5501,31.9111,5,51.8171,27.3213,56.1613
Belize,BLZ,2011,7,61.1252,57.6573,64.426,6.7687,13,61.897,58.2992,63.4211,5,59.6051,56.5758,61.2413,,,,,9,61.8844,60.5201,66.3316,10,46.5876,42.0377,51.1376,8,47.6605,43.5045,54.5647,44,30.7584,29.2674,32.263,5,51.8171,27.3213,56.1613
Belize,BLZ,2012,5,60.9616,57.1138,64.6045,7.4907,14,59.8328,56.9072,61.9194,,,,,,,,,17,64.423,61.5141,65.5469,13,43.8329,41.4695,46.7694,9,49.6472,43.958,53.4516,44,29.1747,27.453,30.8121,,,,
Belize,BLZ,2013,5,64.3244,60.8588,67.628,6.7692,13,58.3344,56.1459,61.5208,,,,,,,,,,,,,9,50.5353,43.9606,56.3672,8,49.8093,41.4273,52.7574,24,42.6077,42.5906,42.6247,5,54.904,40.0919,61.5651
Belize,BLZ,2014,,,,,,13,58.2069,55.9979,61.2518,,,,,,,,,,,,,9,47.6038,44.6457,56.6039,8,45.8893,40.8264,52.6817,24,41.645,41.6188,41.6713,,,,
Belize,BLZ,2015,,,,,,13,57.0517,53.456,59.2932,,,,,,,,,,,,,9,46.62,43.9395,56.999,8,47.0333,40.845,51.5927,24,34.0752,33.7083,34.4421,,,,
Belize,BLZ,2016,,,,,,13,56.2885,52.4107,58.2481,,,,,,,,,,,,,8,42.5444,41.5046,51.3159,8,51.2195,41.8214,52.2432,24,33.6752,33.2903,34.0601,,,,
Belize,BLZ,2017,,,,,,13,55.2448,52.105,58.1172,,,,,,,,,,,,,7,42.7782,42.4092,50.378,7,53.4808,43.8587,70.9476,24,40.6784,40.6087,40.7482,,,,
Belize,BLZ,2018,5,61.6942,58.642,64.6169,5.9749,13,55.021,51.2505,57.5242,,,,,,,,,13,56.7895,49.9907,59.5903,8,45.6261,44.5862,51.318,12,53.8357,48.0773,59.884,24,36.1145,35.8393,36.3896,,,,
Belize,BLZ,2019,5,59.6139,56.3956,62.6858,6.2902,13,53.0799,50.2497,56.9488,,,,,,,,,13,53.6185,49.5447,58.5709,8,45.6645,42.2469,49.0821,13,45.4043,40.0078,50.8008,24,36.7913,36.5466,37.0359,,,,
Belize,BLZ,2020,5,61.8302,59.4994,64.0849,4.5855,13,52.9524,50.0032,56.3213,,,,,,,,,13,53.1804,50.4697,60.1855,8,51.2579,47.5401,54.5859,13,57.4482,52.1497,65.1378,16,38.8314,38.5591,39.1038,,,,
Belize,BLZ,2021,5,61.1745,58.0694,64.1452,6.0758,13,52.9574,49.6888,56.3832,,,,,,,,,13,54.1178,49.7749,59.9885,8,40.5069,32.9808,42.8409,15,56.5333,53.9984,61.2675,16,43.5712,43.5121,43.6302,,,,
Belize,BLZ,2022,5,58.7034,55.558,61.7076,6.1496,13,53.0766,51.208,59.2091,,,,,,,,,12,40.6426,39.6392,59.8589,9,39.1153,31.7301,41.8806,15,60.2643,55.2829,62.4854,16,39.663,39.4281,39.8979,,,,
Belize,BLZ,2023,5,62.3813,58.6943,65.8822,7.1879,13,58.5035,51.28,59.812,,,,,,,,,12,60.4132,54.5995,66.2269,10,33.5987,30.4159,40.7246,15,54.8943,50.1487,62.1649,15,41.0914,40.9208,41.2621,,,,
Belize,BLZ,2024,5,60.1439,56.3224,63.7618,7.4394,14,56.2594,52.2974,59.651,,,,,,,,,12,49.5392,47.8791,60.3791,10,36.2635,30.9844,40.7907,16,56.0773,51.3697,60.37,15,43.3275,43.2575,43.3975,,,,
Belize,BLZ,2025,5,60.2003,57.065,63.1972,6.1322,15,59.4602,52.5704,60.1576,,,,,,,,,12,52.9818,49.9173,60.4805,10,36.6302,32.2595,42.2661,16,54.9785,49.6554,59.7998,15,37.0309,36.6775,37.3843,,,,
Benin,BEN,2009,8,52.4068,50.6443,54.1212,3.4769,29,52.9757,52.1191,53.9356,17,36.551,31.4382,39.5552,12,51.1462,50.2054,52.092,28,54.7235,54.0335,55.9601,12,35.4184,27.5825,39.8045,10,42.2558,34.0873,43.3736,38,31.8941,29.9041,33.8998,10,54.2827,52.9958,55.2083
Benin,BEN,2010,8,49.3,47.6582,50.8985,3.2403,29,53.085,52.1057,54.1171,19,24.8818,22.706,26.2882,12,54.4413,53.485,55.2291,28,55.2263,54.815,56.7932,12,32.8028,27.2034,39.6947,10,36.1598,33.262,42.3068,37,33.0084,31.1003,35.1955,10,55.1148,53.8535,56.0335
Benin,BEN,2011,8,48.8999,47.196,50.5571,3.3611,29,53.2129,52.2102,54.2803,19,21.567,21.3238,26.5685,12,53.8383,52.8327,54.5957,28,56.4237,55.7743,57.6813,12,31.1794,28.9472,41.2779,10,36.6602,32.5824,42.5879,37,35.1456,34.8269,35.4644,10,55.2078,54.025,56.0748
Benin,BEN,2012,8,50.5604,48.9468,52.1327,3.1859,29,53.0529,52.0541,54.0952,20,26.0018,25.1469,26.6066,12,56.1823,55.2142,57.0281,28,56.6772,56.0807,57.9929,12,31.3304,27.4894,39.5206,10,39.0721,32.7917,43.9627,37,34.6801,34.3404,35.0197,10,54.5544,53.2963,55.5023
Benin,BEN,2013,8,48.142,46.4982,49.7419,3.2437,29,53.4328,52.5702,54.4595,20,26.5703,25.8381,27.2146,12,55.3651,54.3705,56.1871,28,54.7661,54.1508,55.9402,13,28.5303,25.1988,35.4408,10,36.9456,31.223,42.1376,37,29.4721,27.4264,31.6931,9,53.6739,53.2772,58.1658
Benin,BEN,2014,8,47.3609,45.913,48.7743,2.8613,29,54.1849,53.2939,55.1454,20,29.3003,28.5673,29.9246,12,53.212,52.215,54.1059,28,53.8863,52.7619,54.6785,14,29.0983,24.0431,32.2272,10,33.1485,31.5726,42.2702,37,26.5396,24.8061,28.6574,10,54.6366,53.6622,55.6291
Benin,BEN,2015,8,46.4909,45.042,47.905,2.863,29,54.39,53.5337,55.4804,20,30.5084,29.7574,31.1646,12,54.4818,53.5133,55.3789,28,53.8445,52.5966,54.5298,15,26.0236,23.5784,30.9178,10,35.7065,31.4902,42.5359,37,23.1447,21.1829,25.1169,10,51.6622,50.5726,52.8662
Benin,BEN,2016,8,49.5927,48.0916,51.0577,2.9661,29,54.7931,53.9149,55.871,20,33.0977,32.4395,33.7295,12,60.2837,59.3664,61.1202,28,55.4121,53.9672,55.8272,11,27.8954,25.4713,34.8821,10,34.6128,30.3811,41.6905,37,28.2258,26.1969,30.248,10,51.7435,50.6253,52.9371
Benin,BEN,2017,8,52.7369,50.9702,54.4555,3.4853,29,55.239,54.401,56.2612,16,37.4889,32.6521,39.9763,12,56.9699,55.9493,57.7989,28,55.4482,54.6593,56.8199,12,27.8666,24.5237,32.8622,10,49.3817,42.1141,56.6493,37,30.3071,28.4841,32.5596,10,50.0406,48.6554,50.947
Benin,BEN,2018,8,49.8558,47.7237,51.9159,4.1922,29,56.9511,55.9212,58.0154,15,37.2721,34.1708,42.5152,11,55.1878,49.1378,60.222,27,55.9433,53.806,56.4337,12,26.2701,23.0047,31.4457,10,38.7058,34.2649,48.3318,37,28.2603,26.6215,29.8074,10,48.4808,47.1954,49.4702
Benin,BEN,2019,8,54.4849,52.5076,56.4031,3.8955,29,56.1394,55.2705,57.2538,15,43.1087,37.0949,44.898,11,58.5093,51.6358,64.3501,27,58.6386,57.0043,59.5199,13,30.4369,25.8358,33.5551,10,42.7957,33.5979,48.2505,37,32.6906,30.6358,34.6605,10,49.2918,48.0474,50.3639
Benin,BEN,2020,8,54.7015,52.9422,56.414,3.4718,29,55.4122,54.5143,56.4695,12,44.8351,38.4043,46.0958,12,56.4692,53.8669,59.9556,27,60.6675,59.9267,62.4616,14,28.0778,26.5019,33.6745,10,46.0551,34.5751,48.7305,42,34.3516,32.8276,35.6047,10,46.5366,45.1699,47.5906
Benin,BEN,2021,8,56.0647,54.218,57.8606,3.6426,29,54.8221,53.9114,55.8574,13,48.1412,41.67,48.9881,12,61.7075,59.4037,64.8879,27,65.0877,63.2699,65.4166,11,28.3821,24.1004,29.1293,10,43.724,32.7301,48.7527,42,36.7775,35.0861,38.2244,9,41.3765,35.2154,43.1772
Benin,BEN,2022,8,55.7916,54.2695,57.2789,3.0094,30,54.3367,52.1446,55.9815,14,42.1425,38.7118,45.5248,12,65.3741,63.6354,66.5194,26,66.3476,64.8155,67.7462,11,28.9865,26.3376,31.0391,10,44.9984,38.5258,49.5067,42,38.2906,37.9939,38.5873,9,39.2323,35.1362,43.255
Benin,BEN,2023,8,58.9423,57.2388,60.6037,3.3649,30,53.9007,51.0876,54.8813,13,43.3422,40.6972,47.8715,12,67.9027,65.5853,68.6353,27,70.4758,68.7865,70.968,10,29.2888,25.2935,31.5007,10,44.4556,39.1704,51.3698,41,44.5513,44.5364,44.5663,8,44.2814,34.6736,45.6213
Benin,BEN,2024,8,61.3537,60.041,62.6417,2.6007,30,53.7093,50.9394,55.2103,15,46.7885,46.2736,50.2379,12,72.1102,69.7012,72.6632,27,74.4349,72.8119,74.9511,10,30.5451,28.1462,34.6615,13,42.4251,39.8337,47.9935,41,50.8266,50.5591,51.094,8,42.1708,35.9488,45.9456
Benin,BEN,2025,8,62.7529,61.4628,64.0196,2.5568,30,55.7174,52.8353,57.0487,15,50.6648,47.7933,51.54,12,72.1944,69.6211,72.6957,27,74.8738,73.4347,75.5119,10,30.8214,29.4299,36.9512,13,41.6387,34.598,44.8729,41,50.2613,50.0193,50.5033,8,45.4192,41.18,49.3419
Bhutan,BTN,2009,7,55.6628,51.4358,59.6313,8.1955,23,64.7924,60.5764,66.2988,10,64.3837,60.5066,68.5891,,,,,19,62.5874,58.5875,66.6591,9,36.9134,35.9383,49.0398,8,33.9375,26.9792,40.8957,38,31.8184,29.8955,33.6615,6,24.9139,12.5944,51.3639
Bhutan,BTN,2010,7,60.4921,56.8846,63.9182,7.0336,23,64.5173,60.6211,66.6939,10,59.7053,59.2542,68.9129,,,,,19,62.5843,59.1472,66.06,9,37.7612,36.024,47.3598,8,52.6226,39.9097,54.2731,38,30.9161,29.1605,32.8068,6,40.7254,12.6762,48.5203
Bhutan,BTN,2011,7,59.9736,56.4809,63.2952,6.8143,23,62.2784,60.8203,67.7962,10,70.9433,60.1376,71.4422,,,,,19,61.6832,58.8864,66.3006,9,47.9212,37.0709,49.0532,13,54.3453,50.0332,59.7812,38,31.5713,29.7292,33.5217,6,15.2291,12.8942,47.1947
Bhutan,BTN,2012,7,62.7665,60.2882,65.1596,4.8714,23,65.418,61.6942,67.1314,10,67.7218,60.3289,68.1615,,,,,19,61.4255,59.0399,66.5265,9,41.6082,37.0114,49.8487,13,56.861,51.3664,61.9203,38,31.2572,29.538,33.1709,6,38.0972,22.7271,44.9091
Bhutan,BTN,2013,7,61.14,58.8176,63.3862,4.5686,23,65.597,63.0643,68.5123,10,65.7371,60.638,68.419,,,,,19,65.0174,60.0731,67.2231,10,39.1606,36.503,49.1715,13,53.7976,49.7001,60.2313,38,30.4596,28.7266,32.0767,6,32.462,20.4103,40.3176
Bhutan,BTN,2014,8,63.7959,62.1043,65.4479,3.3436,24,67.7766,63.4118,69.1808,16,64.793,63.4397,68.7491,10,57.7343,57.0345,58.434,27,64.8554,62.3829,65.7197,14,39.6639,36.4855,45.2202,14,52.9405,51.1803,59.2884,37,34.3555,34.0012,34.7098,5,45.2929,35.5834,50.5461
Bhutan,BTN,2015,7,65.0534,63.79,66.2947,2.5047,24,66.6617,63.2282,69.3292,16,65.9719,64.6907,69.8467,10,60.3959,55.9255,62.5406,27,63.8235,62.9538,66.2589,14,41.4234,37.2767,47.2908,14,54.4245,51.3518,59.2605,37,37.8353,37.6377,38.033,,,,
Bhutan,BTN,2016,7,66.4285,65.1822,67.6536,2.4714,24,66.9927,63.9371,69.4311,17,67.8725,64.7918,70.0194,10,63.7335,56.6786,64.8461,27,64.738,62.3963,66.01,11,41.9354,40.8563,49.8613,14,60.2844,53.5652,61.541,37,34.1658,32.3364,35.9607,,,,
Bhutan,BTN,2017,7,67.6667,66.4602,68.8536,2.3934,24,69.6692,64.9379,70.541,14,67.3538,63.6657,70.5602,10,60.122,58.8693,66.4107,27,64.4713,62.9375,66.2893,11,48.0786,43.7154,53.3361,13,59.8027,57.5534,63.8761,37,39.0752,38.9333,39.2171,,,,
Bhutan,BTN,2018,7,70.5217,68.9888,72.0238,3.035,24,65.336,62.2996,68.3723,14,70.8512,64.137,71.2835,10,67.9894,58.0621,76.4472,27,67.6233,65.8572,68.5169,11,50.0385,44.9621,54.1659,13,60.9489,59.5784,65.1908,37,45.1126,44.9828,45.2424,,,,
Bhutan,BTN,2019,,,,,,23,70.0378,66.0164,72.2343,,,,,,,,,,,,,11,52.797,46.5836,55.5505,12,58.2581,55.9059,66.3065,37,41.8355,41.8178,41.8531,,,,
Bhutan,BTN,2020,,,,,,23,71.9859,65.805,72.4761,,,,,,,,,,,,,12,48.4702,47.4425,55.2054,12,68.5601,58.0182,69.3839,,,,,,,,
Bhutan,BTN,2021,,,,,,23,70.7269,67.1907,73.3219,,,,,,,,,,,,,9,47.2713,44.751,55.602,12,63.3052,58.8927,68.2071,,,,,,,,
Bhutan,BTN,2022,,,,,,23,70.4558,66.175,74.4492,,,,,,,,,,,,,9,45.5289,40.4733,50.5846,12,66.7037,59.602,71.4298,,,,,,,,
Bhutan,BTN,2023,,,,,,23,66.3507,64.5479,72.7136,,,,,,,,,,,,,9,53.8374,44.9201,55.4933,12,68.3957,65.2486,84.3438,,,,,,,,
Bhutan,BTN,2024,,,,,,24,65.0484,63.7141,70.9686,7,64.9837,56.484,68.6683,,,,,,,,,9,56.7653,51.3053,62.2254,15,73.1609,68.6948,77.9485,,,,,,,,
Bhutan,BTN,2025,,,,,,24,67.8088,62.8495,70.0295,7,64.575,55.9157,67.0134,,,,,,,,,9,51.7117,46.5402,55.643,15,75.8685,71.6875,80.8517,,,,,,,,
Bolivia,BOL,2009,8,45.9555,43.4137,48.3915,4.9778,27,39.0496,36.559,39.7517,17,43.5573,41.2561,48.0062,12,28.6636,27.3481,29.9007,27,52.0809,49.5266,56.5747,17,42.9177,33.435,44.0387,10,47.6184,38.6446,51.9896,50,12.4256,11.1806,13.6341,8,50.9209,41.3399,53.3892
Bolivia,BOL,2010,8,43.1191,40.8575,45.2937,4.4362,27,37.9453,35.4599,38.9325,19,43.4932,40.4272,44.8113,12,28.5057,27.2119,29.7926,28,51.1772,49.6604,55.2096,17,34.7895,31.0512,39.5172,10,43.6151,39.4292,52.1507,50,14.6173,13.549,15.7627,8,49.7181,43.4535,54.3852
Bolivia,BOL,2011,8,48.2213,46.403,49.9861,3.5831,27,38.6312,35.7996,39.1264,19,50.3238,48.2126,51.4212,12,30.0283,28.8989,31.3037,27,56.1724,55.3422,58.7702,17,38.1001,34.4788,42.0658,15,43.7396,40.1569,48.1483,49,21.2739,20.2559,22.3871,8,49.7759,42.0323,54.3645
Bolivia,BOL,2012,8,48.4178,46.7281,50.0612,3.3331,27,37.6051,36.3982,39.5588,19,50.177,48.7965,52.3592,12,30.7263,29.4701,32.1025,27,57.5115,56.1688,60.6011,17,40.4598,37.8516,45.4747,17,42.3566,39.9834,45.1087,49,29.0847,27.9091,30.2084,8,41.5447,35.8239,47.2655
Bolivia,BOL,2013,8,51.2476,49.6643,52.7915,3.1272,27,39.0169,37.0358,40.1075,19,49.7236,48.1961,51.8465,12,32.379,31.1863,33.4181,27,59.6013,56.2233,60.5919,18,43.3148,39.8837,48.0002,17,43.57,41.1384,45.4352,49,30.3991,29.2931,31.3567,7,46.572,44.1315,55.6675
Bolivia,BOL,2014,8,52.6644,51.1826,54.1121,2.9295,27,38.8637,37.2376,40.5341,19,50.8774,49.6036,53.0058,12,33.0854,32.0178,34.2764,27,57.3697,57.096,60.9253,18,45.5302,40.9594,48.314,17,43.4384,40.8502,46.3623,49,34.6016,33.581,35.4978,7,48.7301,43.6332,54.1748
Bolivia,BOL,2015,8,53.4139,52.0442,54.7546,2.7104,27,39.4377,37.3481,40.6223,19,52.1234,49.8663,52.8364,12,33.2427,32.1812,34.2284,28,57.231,56.5018,59.7448,19,46.0124,44.0068,49.1844,17,44.0351,42.5135,47.0355,49,35.7437,34.6898,36.7456,8,48.8871,42.235,53.8915
Bolivia,BOL,2016,8,51.0437,49.457,52.5907,3.1337,27,38.4392,37.1455,40.4186,19,48.9312,47.3789,50.4139,12,28.004,26.9763,29.2568,28,58.4422,55.4838,58.6945,14,43.3259,38.2779,46.9871,17,48.6431,45.4203,49.7808,43,29.0138,27.2758,30.6373,8,48.2723,40.9142,51.9752
Bolivia,BOL,2017,8,49.3787,47.6816,51.0297,3.3481,26,40.2069,37.7894,40.9348,15,46.4152,40.039,49.9652,12,25.8576,24.8569,27.0708,28,52.7016,51.4083,54.537,15,44.4224,39.5149,47.7252,17,52.7512,51.7831,53.9316,43,27.2939,25.3162,29.2981,8,45.8131,42.2881,50.3414
Bolivia,BOL,2018,7,48.3172,46.1951,50.367,4.1719,26,39.2939,37.7303,40.6379,15,41.5699,38.987,48.6225,,,,,18,54.6675,46.0591,58.3039,15,43.4517,39.5258,47.1292,17,54.9452,53.9651,56.1122,43,27.1948,25.5152,28.9082,8,45.9831,40.8282,49.2293
Bolivia,BOL,2019,8,47.4254,45.3669,49.4149,4.048,26,38.8285,36.47,39.668,15,40.0887,30.8077,40.6615,11,20.011,15.3675,25.9058,29,54.5736,52.8718,56.5032,16,45.8941,38.2112,46.8964,17,55.0213,54.0955,56.1551,43,26.775,24.7857,28.6741,8,44.0071,38.1854,46.9393
Bolivia,BOL,2020,8,46.4369,44.3933,48.4118,4.0185,26,36.7028,34.9982,38.021,12,42.9179,34.4791,44.5506,11,21.8584,16.2744,25.3786,29,51.3096,49.2378,53.3347,16,40.0419,39.0462,47.1741,17,60.7331,59.7665,61.8856,43,25.4584,23.6455,27.2147,8,41.2698,37.7908,46.8107
Bolivia,BOL,2021,8,45.1566,43.0363,47.2021,4.1658,26,36.9341,35.4686,38.6104,13,41.7619,36.0668,46.171,11,16.7776,14.2875,23.6493,29,51.0024,48.9933,52.8108,13,40.5069,39.1592,43.5405,17,63.5054,62.5004,64.6049,43,26.5221,25.0335,28.3143,7,36.972,34.7119,46.4587
Bolivia,BOL,2022,8,44.2,42.0089,46.3103,4.3014,27,38.8178,37.7969,42.418,14,32.5341,32.0674,41.8947,11,19.2152,15.9854,21.9233,26,49.0788,45.6518,51.3744,13,41.2558,37.0841,41.7445,17,66.6368,65.595,67.8108,43,21.8741,20.1889,23.9604,7,41.8478,34.1001,46.8236
Bolivia,BOL,2023,8,42.6105,39.7914,45.295,5.5036,27,37.3397,35.8193,40.5002,14,33.3211,27.5202,37.361,11,18.2421,16.5104,22.6334,26,47.3849,44.1991,49.8298,12,38.2252,35.9573,40.8156,17,67.4975,65.7352,76.6905,41,19.5835,17.6348,21.7157,6,41.7443,30.2716,46.2775
Bolivia,BOL,2024,8,43.0243,40.5033,45.4376,4.9343,27,35.3176,34.4692,39.2276,16,29.0565,25.2866,34.0643,11,23.1634,17.8991,23.5493,26,47.0382,44.5498,49.1267,12,35.9466,33.8482,39.0142,20,68.3539,65.236,69.4139,41,18.4676,16.6379,20.658,6,48.4638,32.1474,49.1513
Bolivia,BOL,2025,8,41.3537,38.8541,43.7454,4.8913,27,37.0448,33.5109,37.9615,16,31.8976,22.8174,32.0446,12,16.9278,15.3795,18.7943,26,44.2565,43.4372,48.6982,12,33.2058,31.0856,36.5707,20,68.2516,65.7545,69.7326,41,17.7264,15.8316,19.8302,7,48.4442,40.8358,56.0525
Bosnia and Herzegovina,BIH,2009,8,55.1244,53.3938,56.8097,3.4159,28,50.4303,47.5141,51.05,16,47.7956,45.1141,54.2151,12,45.8027,44.7078,46.7192,28,56.5185,55.0101,61.2404,17,37.4952,34.4352,47.8766,18,48.115,47.2135,49.06,48,20.5365,19.3856,21.5716,10,63.5674,62.5181,64.3144
Bosnia and Herzegovina,BIH,2010,8,54.063,52.6414,55.4537,2.8123,28,49.9282,46.9861,50.2748,18,42.8497,39.7773,46.1785,12,43.98,43.0138,44.9236,30,56.9004,56.2448,59.1324,17,38.6806,32.4201,44.7302,18,49.3568,48.5156,50.2974,48,19.6557,18.5273,20.8772,10,63.1866,62.0058,63.9514
Bosnia and Herzegovina,BIH,2011,8,54.2084,52.8398,55.5483,2.7085,28,50.5015,47.505,51.0682,19,42.5654,40.4004,43.7324,12,38.9639,37.782,40.0017,31,60.8726,59.9878,61.6188,17,37.1897,31.467,44.6048,18,46.7748,45.858,47.843,48,24.1734,23.1326,25.1724,10,63.8331,62.7256,64.6595
Bosnia and Herzegovina,BIH,2012,8,53.1185,51.8474,54.3646,2.5172,28,48.7669,47.1685,50.7885,19,41.1196,39.9291,43.2588,12,38.5236,37.4637,39.6425,31,60.2118,59.3365,60.9031,17,34.7856,31.6161,43.4648,18,48.2979,47.3454,49.3197,48,23.8699,22.8547,25.0192,10,63.1629,61.9612,64.0012
Bosnia and Herzegovina,BIH,2013,8,56.5749,55.2646,57.8595,2.5949,28,49.0278,48.2414,51.5122,19,46.1146,45.4309,48.4981,12,42.0041,41.0616,43.0379,31,60.8254,59.3874,61.616,18,34.8836,31.1384,43.1401,18,47.4119,46.515,48.5254,48,36.5228,35.3445,37.4634,9,62.2235,61.9657,67.4457
Bosnia and Herzegovina,BIH,2014,8,57.2879,56.1727,58.3846,2.2119,28,49.4307,48.6352,51.8578,19,47.7721,45.4833,48.4552,12,41.403,40.3756,42.342,30,60.2713,58.8362,61.0093,18,34.9196,30.4338,41.5699,18,48.9872,48.0967,50.0408,48,34.4494,33.2232,35.4921,10,65.5923,64.6243,66.5094
Bosnia and Herzegovina,BIH,2015,8,56.2517,55.0702,57.4123,2.3421,27,51.636,49.6082,53.4505,19,45.6255,44.3642,47.5844,12,41.0373,40.0145,42.1141,30,59.8895,58.4774,60.5918,18,31.8678,30.0891,41.4178,18,49.8382,48.8872,50.8717,48,33.9304,32.7464,35.0463,10,64.0034,63.1525,64.9393
Bosnia and Herzegovina,BIH,2016,8,52.5678,51.5103,53.6079,2.0976,27,50.5467,49.3544,53.1431,19,41.4091,38.9608,42.7588,12,32.1991,31.088,33.3388,30,60.5582,59.6149,61.2816,14,32.6167,26.2407,35.1296,18,50.3036,49.4254,51.3454,48,26.1025,24.9158,27.168,10,61.997,60.9921,62.9812
Bosnia and Herzegovina,BIH,2017,8,54.5636,53.1192,55.9762,2.857,27,52.1439,49.0942,52.9109,14,44.1012,41.7701,52.1661,12,32.8961,31.8146,33.9593,31,60.6501,59.7492,61.3534,15,36.4008,28.9679,38.0508,16,50.1208,48.5808,51.2957,48,30.5295,29.4539,31.6961,10,60.304,59.2782,61.4148
Bosnia and Herzegovina,BIH,2018,8,55.644,54.0299,57.2188,3.1889,27,51.3179,48.9385,52.8165,14,51.4009,39.5393,51.9407,12,34.689,30.2831,37.4055,31,56.7755,55.4903,57.5403,15,34.7425,31.2256,39.8626,16,52.9774,51.9152,54.1192,48,32.2413,30.9979,33.3802,10,58.8191,57.8145,59.8861
Bosnia and Herzegovina,BIH,2019,8,53.2431,51.6575,54.7899,3.1324,27,51.4655,49.3872,53.2376,14,38.8691,34.383,44.6943,12,36.4456,29.548,37.3631,31,57.0565,55.7672,57.8128,15,33.6819,31.22,39.931,16,54.6539,53.4015,55.7875,48,31.4629,30.3318,32.6807,10,57.9135,56.782,59.0444
Bosnia and Herzegovina,BIH,2020,8,52.9485,51.2352,54.6166,3.3814,27,48.9055,48.3089,51.8864,11,43.9477,32.5634,45.8367,12,30.6749,27.9235,34.3422,31,56.0876,54.7244,56.8282,17,34.6011,28.041,34.7918,16,60.1776,58.6962,61.3617,42,26.6265,25.2026,28.0359,10,56.7361,55.6677,57.6973
Bosnia and Herzegovina,BIH,2021,8,53.5849,51.7034,55.4122,3.7088,27,49.3855,48.0711,51.8369,12,45.8513,32.9723,46.2391,12,30.3559,26.3585,32.1639,31,56.16,54.7928,56.8546,12,32.6097,30.1333,35.2533,16,62.8179,61.8034,63.8102,42,28.3726,27.1523,29.6437,8,55.8799,47.0435,57.0069
Bosnia and Herzegovina,BIH,2022,8,51.4784,49.9562,52.9642,3.008,27,46.4422,44.2539,49.2627,13,41.9868,33.1337,45.2878,12,26.3364,24.5441,27.5774,30,53.5262,52.5831,55.1874,12,33.9612,31.0705,36.2077,16,65.3462,64.2513,66.3377,42,27.3022,26.0228,28.5161,10,54.5724,53.7835,55.5999
Bosnia and Herzegovina,BIH,2023,8,49.5858,47.8016,51.3191,3.5175,27,46.6439,44.4768,49.5828,13,37.0925,31.1071,43.2971,12,24.6426,22.5274,25.7592,30,53.2958,51.5604,54.1779,12,32.7672,29.6459,35.0458,17,63.5665,59.568,67.6041,41,26.7964,25.3915,28.3212,9,55.1585,52.4793,56.049
Bosnia and Herzegovina,BIH,2024,8,50.4098,48.956,51.83,2.874,27,49.6607,44.4868,49.6975,15,38.7951,32.3187,41.8712,12,25.1087,23.1088,26.3819,30,52.3756,51.1823,53.8502,12,34.9194,29.3465,35.0925,20,62.2572,59.8842,63.3213,41,26.1725,24.6488,27.8106,9,55.4755,51.4635,56.302
Bosnia and Herzegovina,BIH,2025,8,49.7825,48.2029,51.3223,3.1194,27,46.786,45.3087,50.7394,15,37.0612,30.4765,41.3415,12,26.7249,24.3034,27.4869,30,51.9926,51.1712,54.0883,12,34.3838,29.9873,35.8136,20,61.1126,59.1696,62.9086,41,25.912,24.6275,27.593,9,57.1337,53.7356,57.9557
Botswana,BWA,2009,8,72.1495,70.7792,73.4954,2.7162,27,72.6431,70.2993,74.0165,16,70.9203,67.3634,74.1891,12,60.8815,59.9279,61.7626,28,75.926,75.1204,79.3298,17,48.1008,44.9775,58.8583,10,53.6864,45.4789,55.7001,52,37.0787,36.2997,37.8421,10,64.5006,63.3739,65.4383
Botswana,BWA,2010,8,71.7693,70.7082,72.8156,2.1074,27,71.6241,69.8657,73.3571,18,71.1748,67.9325,72.9063,12,60.113,59.1871,61.1051,28,78.3925,74.5509,78.9115,18,47.3967,43.8116,50.5404,10,50.6481,44.9709,55.6949,52,36.7275,35.9687,37.428,10,64.1812,62.9214,65.1992
Botswana,BWA,2011,8,70.7099,69.7015,71.705,2.0035,27,72.9491,70.7172,74.2903,19,68.9615,67.7181,70.0278,12,55.9102,55.0003,56.7647,28,76.6258,74.3227,78.9686,19,46.7288,44.5295,49.7551,10,51.9311,45.1033,56.6731,52,38.0805,37.3159,38.8046,10,62.0553,60.8145,63.022
Botswana,BWA,2012,8,70.3341,69.4124,71.2447,1.8323,27,72.9235,70.2567,73.9009,19,69.9868,68.0966,70.9189,12,55.9332,55.0836,56.9002,28,76.6773,74.634,79.3196,19,45.3708,42.763,47.3884,10,48.4914,46.0011,55.9,52,41.0,40.9447,41.0553,10,60.2461,58.7784,61.124
Botswana,BWA,2013,8,69.1922,68.5211,69.8573,1.3362,27,70.5748,70.1194,73.6919,19,69.2247,68.2857,70.8205,12,54.7594,53.8545,55.5635,29,75.6896,73.32,77.8601,20,43.585,41.4881,45.9539,17,50.0277,47.1937,51.5812,52,40.7733,40.7078,40.8387,10,57.6189,56.7108,59.3464
Botswana,BWA,2014,8,68.9578,68.3496,69.5609,1.2113,27,72.8471,71.1108,74.0951,19,70.0941,68.1681,70.9276,12,56.5426,55.687,57.4621,29,73.0538,72.242,75.6719,20,41.1829,39.2162,43.2939,17,49.8904,47.9107,51.7311,52,38.2268,37.4552,39.0367,10,59.5501,58.5466,61.0606
Botswana,BWA,2015,8,68.9862,68.3603,69.6068,1.2465,27,72.7843,71.0142,73.8952,19,70.4262,69.1555,71.6968,12,57.6266,56.707,58.533,28,73.0457,71.0778,75.469,20,41.0846,40.0507,43.9318,17,50.6588,47.9255,51.751,51,36.8634,36.083,37.6979,10,59.1024,58.1769,60.4901
Botswana,BWA,2016,8,67.9657,67.2263,68.6976,1.4713,27,70.5235,69.0126,71.8585,19,70.5216,69.2971,71.7461,12,53.2848,52.3906,54.2109,28,71.771,69.9312,74.075,16,41.294,40.0208,46.0914,17,50.5162,48.4635,52.0779,51,35.9082,35.1128,36.7534,10,59.6177,58.6013,60.8503
Botswana,BWA,2017,8,69.7081,68.8753,70.5317,1.6564,27,70.3474,68.8432,71.6035,15,74.404,69.8168,76.9731,12,52.2642,51.3776,53.1903,28,70.6276,69.701,73.3803,17,42.9769,40.929,46.8205,17,50.895,50.0596,51.9563,45,41.8907,41.8755,41.9059,10,61.8481,60.6547,63.0757
Botswana,BWA,2018,8,67.357,66.2186,68.4779,2.2593,27,69.9297,68.4149,71.154,15,70.3296,68.0718,75.3688,11,46.0535,42.8869,53.2614,29,71.3356,70.1648,72.4116,17,43.5852,41.7654,47.7489,17,52.9605,52.1388,53.9128,45,38.9713,38.8247,39.1179,9,55.5246,52.5013,58.5478
Botswana,BWA,2019,8,68.2162,67.1687,69.249,2.0803,27,70.8942,69.2999,71.7228,15,73.9254,67.8983,75.5298,11,45.719,44.0579,52.0781,29,71.4688,70.6842,72.8102,19,45.5016,41.2834,46.8258,17,51.9025,51.0705,52.8519,45,38.0243,37.8351,38.2135,9,56.5824,54.5692,60.813
Botswana,BWA,2020,8,68.7548,67.6704,69.8235,2.1531,27,70.3138,68.7861,71.2991,12,71.4986,67.6008,75.2565,11,48.7529,45.4204,53.8115,29,72.7538,71.8044,74.2002,19,45.992,41.718,47.2266,17,55.6352,54.8894,56.539,45,38.2018,36.9148,39.6526,9,55.2079,52.6634,58.9186
Botswana,BWA,2021,8,68.7496,67.7353,69.7501,2.0148,27,69.6616,67.7172,70.8204,13,68.6902,66.5512,72.7373,11,47.7685,46.38,56.6397,28,74.7393,72.8833,75.467,14,48.9054,47.7873,49.8885,17,56.4528,55.7061,57.4629,45,37.275,36.0798,38.6881,9,54.6079,51.0421,57.0094
Botswana,BWA,2022,8,73.0097,72.1084,73.9005,1.7921,28,70.2724,68.3716,73.1766,14,71.621,71.0315,76.1237,11,58.8359,56.4011,67.6718,27,77.8412,76.638,79.6354,14,48.6425,47.5122,49.6238,17,57.7183,56.9463,58.8011,45,50.0403,49.8082,50.2723,10,55.328,54.4767,56.3714
Botswana,BWA,2023,8,74.8876,73.7313,76.0271,2.2958,28,70.1236,67.414,72.6349,14,74.7509,73.7337,79.0955,11,60.2733,58.9007,70.7847,27,83.6875,82.065,84.962,14,49.0166,47.6854,49.8258,17,50.9437,49.9488,59.0008,44,62.848,60.8434,64.7728,9,52.5512,52.2936,57.7754
Botswana,BWA,2024,8,76.1058,75.174,77.0266,1.8526,28,68.1437,66.0866,71.23,16,73.7849,72.398,74.9644,11,75.8645,67.3965,80.0008,27,80.5967,79.7337,82.6949,15,49.0476,47.9883,50.0803,20,53.0783,50.9395,54.7276,44,57.5687,56.0222,59.2239,9,56.6532,53.9,57.8041
Botswana,BWA,2025,8,72.6783,71.8031,73.5437,1.7406,28,67.722,66.4663,70.9558,16,73.5209,71.8946,74.586,11,62.0685,61.4535,72.4425,27,77.5033,77.0128,79.719,15,47.776,46.719,48.7642,20,53.0715,50.6025,54.4379,44,46.072,46.0185,46.1255,9,59.0525,55.2984,59.7048
Brazil,BRA,2009,8,70.0559,69.3559,70.7494,1.3935,28,67.0813,66.0564,68.3637,18,51.9562,50.5578,57.2337,12,41.0298,40.2786,41.9768,30,76.2087,75.4381,77.5113,22,74.2715,71.2195,75.1906,18,57.1795,56.0028,58.4014,52,46.35,46.1645,46.5355,10,53.6181,52.0654,54.7351
Brazil,BRA,2010,8,67.5922,67.1209,68.0605,0.9396,28,67.3803,65.8349,68.2009,20,53.0997,52.3092,53.5869,12,35.7082,34.8474,36.6689,30,74.0062,72.6881,74.5857,22,65.8816,64.0141,67.9184,18,57.8935,56.7518,59.1479,52,42.5528,42.5383,42.5674,10,53.6567,52.1896,54.4385
Brazil,BRA,2011,8,66.6082,66.1094,67.1035,0.9941,28,67.2675,65.7647,68.0942,20,53.2801,52.5066,53.7339,12,30.5406,29.5745,31.6654,30,72.608,72.0906,74.0338,22,63.7396,61.3652,65.5828,18,59.1915,58.0182,60.4249,52,44.1228,44.0376,44.208,10,52.5202,51.0281,53.3385
Brazil,BRA,2012,8,66.6228,66.11,67.1319,1.0219,28,66.9177,65.5374,67.7678,20,53.4989,52.6815,53.9663,12,31.2862,30.3099,32.3919,30,72.8999,71.5389,73.5152,22,61.4591,59.9019,64.1344,18,58.892,57.6822,60.1049,52,47.6862,46.6987,48.6053,10,51.0794,49.5312,51.8826
Brazil,BRA,2013,8,66.913,66.4673,67.356,0.8887,28,66.6392,65.3014,67.5668,20,52.6429,51.8453,53.1263,12,33.3893,32.4772,34.4207,30,70.4397,70.0313,72.2479,23,63.8968,61.9031,64.7731,18,60.0486,58.9016,61.2865,52,46.8429,45.9967,47.764,10,52.1491,51.029,53.26
Brazil,BRA,2014,8,66.3782,65.934,66.8197,0.8857,28,65.4323,64.5943,67.0584,20,53.3327,52.5205,53.8581,12,32.3292,31.5066,33.3905,30,69.4676,68.8855,70.9479,23,60.2654,58.4499,61.2896,18,61.5927,60.4419,62.8321,52,46.5383,45.6721,47.4859,10,53.2013,52.1429,54.329
Brazil,BRA,2015,8,64.7442,64.3054,65.1803,0.8749,28,64.7658,63.8346,65.9369,20,52.7146,51.934,53.219,12,28.8844,27.921,29.9381,30,67.6271,66.6586,68.5963,23,61.0233,59.1605,62.0452,18,61.3123,60.2094,62.5692,51,43.3715,43.3201,43.4229,10,51.0688,49.9474,52.1744
Brazil,BRA,2016,8,61.6341,61.1178,62.1466,1.0288,28,63.7301,62.8872,65.0178,20,52.0119,51.2395,52.5319,12,22.7828,21.7892,24.0258,30,66.8128,66.0506,68.0783,23,53.8427,51.0728,55.1052,18,63.1264,62.0618,64.3987,51,38.3166,38.1405,38.4926,10,49.4077,48.2923,50.6352
Brazil,BRA,2017,8,61.2868,60.5299,62.0354,1.5055,28,63.478,61.7874,63.9395,16,52.3002,49.4431,55.8693,12,23.842,22.7575,25.0044,30,66.2205,64.7952,66.6551,24,51.5498,51.2422,54.5523,16,60.798,59.2727,61.9926,49,40.091,39.9948,40.1872,10,49.791,48.571,50.7859
Brazil,BRA,2018,8,61.1022,59.898,62.2856,2.3876,28,61.6581,60.5521,62.8668,16,51.4529,48.3909,55.6138,11,26.0074,22.8594,34.9339,30,65.4259,64.3818,66.1992,24,52.9423,51.3299,54.9108,16,61.9697,60.5755,63.2738,49,41.8259,41.8078,41.8441,10,45.8578,44.4333,46.7933
Brazil,BRA,2019,8,61.2887,60.1837,62.3762,2.1925,28,60.8256,59.7646,61.9423,16,53.5982,47.9159,55.3739,11,26.7642,22.2308,32.4611,30,65.5857,64.3677,66.244,24,51.9856,50.0526,53.6735,16,63.257,61.7439,64.6729,49,41.2008,41.1546,41.2471,10,44.7117,43.3368,45.6955
Brazil,BRA,2020,8,60.7675,59.4496,62.0605,2.6109,28,59.2696,58.0519,60.2136,13,45.6791,45.2221,54.9429,11,30.3275,22.5089,33.6685,30,65.5677,64.4557,66.3416,24,52.8099,51.2048,54.7923,16,68.32,66.9215,69.5485,45,42.1588,40.8449,43.6198,10,42.0325,40.5653,43.2323
Brazil,BRA,2021,8,61.8899,60.6024,63.1539,2.5515,28,58.3167,57.0809,59.4522,14,50.8524,47.9992,55.2658,11,26.033,24.6669,35.7203,31,66.9834,65.9625,67.5456,16,51.004,49.1222,52.2969,16,70.7244,69.2112,71.9687,45,46.3095,45.0167,47.9367,9,41.8183,34.9965,42.6307
Brazil,BRA,2022,8,62.4445,61.5801,63.2983,1.7182,30,56.6498,54.9454,58.6845,15,50.0196,47.8028,54.4615,11,27.3945,26.5424,32.237,29,66.3099,64.6307,67.5187,16,50.6344,48.6959,51.8426,16,74.3493,73.2134,75.7677,44,47.879,47.6337,48.1244,10,42.4813,41.5048,43.5966
Brazil,BRA,2023,8,65.3594,64.1521,66.5467,2.3946,30,57.7635,55.3319,59.1446,15,51.4481,47.2586,54.2509,11,33.9496,30.9372,36.962,29,66.7904,64.2164,66.9524,16,52.1288,50.4624,53.744,17,79.2898,74.6794,84.9765,43,49.4867,49.3137,49.6598,9,44.7568,40.3798,45.7296
Brazil,BRA,2024,8,65.063,64.2177,65.8984,1.6807,30,61.378,59.9734,63.3223,17,50.2328,47.2695,50.636,11,35.7659,33.0436,38.4883,29,65.6593,64.4212,67.2608,16,52.9523,51.3921,54.2922,20,74.256,72.4987,76.5617,43,50.2191,50.079,50.3592,9,44.469,39.9229,46.1176
Brazil,BRA,2025,8,63.454,62.5789,64.3182,1.7393,30,64.1558,62.0756,65.5013,17,49.7716,48.0728,51.4704,11,29.2869,25.3745,31.6238,29,65.6558,63.188,66.3581,16,51.2193,49.0896,52.8079,20,76.397,73.7114,77.7476,43,43.4966,41.8024,45.3216,9,44.1265,43.8488,48.735
Brunei,BRN,2009,8,70.3841,68.1408,72.562,4.4212,11,56.5596,52.2758,59.0029,14,76.1512,73.3138,80.0807,11,64.5891,55.171,65.3391,26,72.2013,70.3234,75.7711,10,45.7836,43.2982,52.2764,4,45.7373,40.4985,58.4918,40,41.7875,41.7677,41.8074,4,64.2879,45.7939,65.0389
Brunei,BRN,2010,7,70.0928,65.3982,74.509,9.1108,11,60.0185,53.6206,60.3305,16,78.2443,74.4712,79.175,11,62.9641,56.7124,68.0087,26,73.9997,71.8909,78.3425,11,47.2142,44.5309,52.0092,6,46.5223,41.7185,54.9794,40,44.1633,44.0762,44.2504,,,,
Brunei,BRN,2011,7,69.9658,64.7524,74.8377,10.0853,11,57.8285,53.323,60.1389,16,75.3092,73.8264,78.6046,11,62.7967,53.9331,65.2182,26,74.4753,72.9082,78.2678,10,48.2586,44.8146,53.0795,9,46.7481,43.8194,57.9362,40,46.7245,46.5222,46.9268,,,,
Brunei,BRN,2012,7,71.8365,68.2408,75.2693,7.0285,11,54.9295,53.1537,60.153,16,77.4149,73.6757,78.8055,11,67.2806,55.524,67.2992,26,74.7659,73.0772,79.4027,10,42.8055,41.2209,49.532,9,53.6752,44.1781,58.6291,40,48.5694,48.2841,48.8547,,,,
Brunei,BRN,2013,7,71.8129,68.2403,75.2245,6.9842,11,54.2608,52.4592,59.6506,16,78.7625,73.8538,79.2575,11,67.7576,56.4401,69.8367,28,74.5116,72.4067,75.2225,10,46.1499,42.0913,51.6564,9,48.5362,45.0604,59.4362,40,48.8483,48.5504,49.1461,,,,
Brunei,BRN,2014,7,72.7238,69.442,75.8703,6.4283,11,56.1488,52.1965,59.2309,16,76.888,74.3848,79.5979,11,65.0294,58.5164,69.7361,28,73.5773,72.4252,74.88,10,50.7089,42.4479,51.7206,9,51.7188,45.9876,61.2596,40,51.1246,50.7243,51.5249,,,,
Brunei,BRN,2015,7,71.709,67.3925,75.7922,8.3997,11,54.0958,52.1914,59.3346,16,77.637,73.9335,79.301,11,68.9638,56.8249,70.2362,28,74.7534,72.6923,75.3297,11,45.1566,42.3568,49.9647,9,50.0186,47.0934,62.1053,40,48.7475,48.4541,49.0408,,,,
Brunei,BRN,2016,7,72.7057,68.8471,76.3786,7.5315,11,53.8093,51.6574,58.9509,16,74.0582,73.033,78.8745,11,70.5553,63.8916,77.2189,29,72.997,72.3929,74.5145,8,45.1088,39.3499,54.0575,9,60.22,50.1543,65.1115,40,51.341,50.931,51.7511,,,,
Brunei,BRN,2017,7,69.8531,65.7908,73.705,7.9142,11,50.665,49.7703,56.9562,14,75.8913,68.3591,76.2429,11,62.0666,51.7752,64.4316,29,70.5365,69.9095,72.1854,14,45.5134,45.2925,53.7838,11,60.089,56.7076,65.7235,40,39.8758,39.77,39.9817,,,,
Brunei,BRN,2018,7,71.4567,67.7467,74.9927,7.246,11,55.1383,49.2056,56.9016,14,72.5984,68.2778,74.8211,11,66.3561,56.8752,66.8073,28,71.3356,70.2484,73.102,13,49.5545,44.7947,54.6168,11,62.0025,58.6325,68.1345,40,40.5355,40.4593,40.6117,,,,
Brunei,BRN,2019,7,70.716,66.8629,74.3807,7.5178,11,54.1607,49.1215,56.7203,14,69.9312,67.3847,74.0785,11,64.8456,54.8523,65.9455,29,72.0942,70.5511,73.0094,13,46.7721,44.6149,55.6389,11,63.8172,59.9691,70.0945,40,39.0782,38.9365,39.22,,,,
Brunei,BRN,2020,7,73.2594,69.7501,76.615,6.8649,11,55.7733,48.7548,56.4489,11,70.1409,67.4384,74.284,11,68.1855,59.2364,69.8441,29,73.7716,73.4881,76.0048,13,49.2152,45.5419,54.7174,11,68.5801,64.8022,74.6052,38,42.6968,42.5984,42.7952,,,,
Brunei,BRN,2021,7,73.6298,70.8632,76.3003,5.4371,11,53.3698,49.221,56.267,12,70.1035,67.9056,74.1106,10,67.6499,58.1854,69.3736,29,75.2057,74.2905,77.1982,9,50.0818,48.0979,51.9481,11,72.3713,67.506,78.3684,37,45.6492,45.6147,45.6836,,,,
Brunei,BRN,2022,7,76.8719,74.4955,79.1788,4.6833,11,54.6558,50.2035,57.687,12,67.9052,67.5476,75.263,11,70.8502,66.038,75.6623,25,83.9521,77.2275,84.2645,10,51.1167,49.6943,52.4522,11,75.4681,70.4595,80.1123,37,48.3564,48.2001,48.5127,,,,
Brunei,BRN,2023,,,,,,11,52.6783,50.6462,57.3823,,,,,,,,,,,,,7,48.6465,45.6194,53.2627,7,75.2795,69.5941,88.7171,8,50.2239,49.9836,50.4642,,,,
Brunei,BRN,2024,5,75.1963,71.6755,78.5649,6.8894,12,53.2483,50.6602,56.7813,6,73.802,64.1493,78.4769,,,,,,,,,7,49.3524,46.4351,53.7744,8,75.9017,69.9141,85.0039,8,33.1898,32.6636,33.716,,,,
Brunei,BRN,2025,5,77.8513,74.6002,80.975,6.3748,12,52.5628,50.2727,57.5733,6,73.802,64.1493,78.4769,,,,,,,,,7,52.36,46.2301,53.814,8,77.3564,70.6445,84.2883,8,45.0361,45.0292,45.0429,,,,
Bulgaria,BGR,2009,8,68.1066,66.7164,69.4708,2.7544,27,58.8437,57.2722,59.7882,17,56.156,53.595,58.9561,12,52.4269,51.5706,53.4402,28,65.0708,62.6854,66.8749,20,48.209,46.2288,59.7829,16,60.7708,52.804,61.2358,48,37.546,37.3353,37.7567,9,74.6966,69.6765,75.0815
Bulgaria,BGR,2010,8,67.2999,65.9552,68.6202,2.665,27,57.0491,55.8582,58.6386,19,55.6868,53.8552,55.8282,12,51.2379,50.4032,52.3356,28,63.8669,62.9772,67.0843,18,57.9452,46.2117,59.0616,16,53.418,52.1821,61.3212,48,37.8789,37.6832,38.0746,9,70.1496,68.7712,75.0814
Bulgaria,BGR,2011,8,67.1081,65.796,68.3969,2.6009,27,56.7077,55.8294,58.4932,19,55.3782,53.6117,56.2841,12,47.2267,46.2773,48.1919,31,66.0225,65.2536,66.7274,18,57.871,46.2956,59.7236,16,55.1023,49.705,57.7326,48,37.2204,36.995,37.4457,9,69.7073,68.1133,73.8528
Bulgaria,BGR,2012,8,66.7714,65.5846,67.9389,2.3543,27,57.1168,55.451,58.0235,19,56.0386,53.8478,56.3255,12,48.4641,47.723,49.3624,31,66.5606,65.7993,67.3233,18,53.2793,45.9135,59.3355,18,54.442,53.4306,55.6367,48,38.1135,37.9283,38.2987,9,69.3103,67.5519,73.857
Bulgaria,BGR,2013,8,67.3701,66.1895,68.5317,2.3422,27,57.1688,56.1353,58.9452,19,56.6904,54.2546,56.9866,12,51.0597,50.1612,51.8194,31,67.3925,66.612,68.1365,18,48.7366,44.9045,58.9337,18,52.9402,51.9535,54.1598,48,40.002,39.9018,40.1022,8,73.699,70.4844,75.0183
Bulgaria,BGR,2014,8,67.8282,66.6906,68.9485,2.2579,27,59.4677,57.5251,60.1363,19,57.0,55.1809,57.9359,12,51.342,50.437,52.165,31,67.2367,66.486,68.0574,20,48.4528,43.5143,56.4826,18,55.2907,54.2374,56.4477,48,40.9784,40.9221,41.0346,9,71.8849,70.3195,74.8767
Bulgaria,BGR,2015,8,67.2157,66.142,68.2737,2.1317,27,58.2309,57.7518,60.3931,19,57.308,55.6145,58.5819,12,52.0278,51.1879,52.7462,31,67.3514,66.5514,68.145,20,46.6024,43.5921,55.9353,18,53.696,52.7062,54.9648,48,42.16,42.1569,42.1631,9,69.9754,69.7265,74.0037
Bulgaria,BGR,2016,8,67.5789,66.7206,68.4272,1.7066,27,59.2289,58.1251,60.659,19,59.4885,56.7047,59.6262,12,48.2465,47.472,49.1649,31,67.9951,67.0985,68.7831,17,50.6785,48.0549,56.5866,18,55.2082,54.27,56.4227,48,39.864,39.7576,39.9704,9,68.2989,68.0338,73.6863
Bulgaria,BGR,2017,8,69.2733,68.3178,70.2166,1.8988,27,59.0405,58.3913,60.8667,15,57.0638,54.3911,61.9603,12,50.072,49.2457,50.8641,31,69.6608,68.7623,70.4164,18,52.2727,49.4316,57.3412,16,57.2667,55.6902,58.5127,48,44.9664,44.8432,45.0896,9,71.0492,67.8123,71.6282
Bulgaria,BGR,2018,8,67.0292,65.8802,68.1602,2.28,27,59.771,57.9384,60.565,15,52.0595,51.6076,61.2527,12,43.9524,38.6863,44.1775,31,68.6951,67.6087,69.2918,18,53.4939,48.5296,56.1653,16,59.4151,58.2599,60.4669,48,42.1912,42.1895,42.1929,9,66.6016,65.525,69.8384
Bulgaria,BGR,2019,8,68.577,67.6689,69.4741,1.8052,27,60.4565,58.7615,61.396,15,57.988,55.4435,62.578,12,42.8614,40.0977,45.5078,31,70.8075,69.736,71.474,22,50.589,48.52,53.4195,16,59.7857,58.7354,61.0278,48,46.1971,46.0185,46.3757,9,67.5123,63.2137,68.2627
Bulgaria,BGR,2020,8,70.2559,69.3857,71.116,1.7303,27,60.2964,58.6336,61.4507,12,63.0263,56.8425,63.9953,12,46.4633,43.3441,49.0151,31,72.7831,71.6983,73.4339,22,48.9973,48.1147,51.7834,16,64.6082,63.6091,65.7607,41,48.9155,48.734,49.0969,9,62.9355,61.4362,66.8452
Bulgaria,BGR,2021,8,72.2158,71.2572,73.1625,1.9053,27,59.9998,58.0307,61.2296,13,64.4321,57.1748,64.7701,12,49.0375,46.7764,52.4613,31,74.0478,72.9388,74.7208,14,51.0069,49.3579,52.8379,16,66.6857,65.7244,67.7429,41,51.1613,49.8799,52.3756,8,65.6955,59.3427,66.7423
Bulgaria,BGR,2022,8,72.0732,71.223,72.914,1.691,28,61.2037,58.2337,62.7707,14,58.6683,57.709,63.4871,12,52.8526,51.1616,53.6758,30,73.4023,72.8331,74.9801,14,51.6813,49.5557,53.5874,16,68.5187,67.5383,69.5934,41,51.7139,50.4723,52.9535,9,64.7638,58.9018,66.5598
Bulgaria,BGR,2023,8,73.0019,71.9553,74.0343,2.079,28,62.7724,59.9826,64.6696,14,65.605,59.3718,65.8963,12,52.3508,50.6338,53.1953,30,73.7367,72.6179,74.89,14,49.9914,49.1861,52.7653,17,67.9056,63.7004,72.097,40,51.1765,49.8117,52.5329,8,65.3462,58.6981,66.3471
Bulgaria,BGR,2024,8,73.0637,72.2522,73.8666,1.6144,28,63.4562,60.2981,64.3648,16,64.1147,60.7852,64.3467,12,53.9823,51.9727,54.6467,30,74.3782,72.8026,75.2633,14,50.962,49.6933,53.4422,20,68.9064,66.764,70.3866,40,52.4194,50.9045,53.7981,8,61.8458,58.2742,66.0487
Bulgaria,BGR,2025,8,72.4031,71.5871,73.2105,1.6234,28,61.0597,59.3302,63.5821,16,63.5545,61.2792,64.3888,12,51.1919,49.6446,51.8933,30,72.9577,71.8095,74.2982,14,51.4944,48.7897,52.8249,20,69.6586,67.0803,71.0971,40,47.9788,47.8395,48.1181,8,66.1245,58.3465,66.446
Burkina Faso,BFA,2009,8,62.3017,60.6125,63.9508,3.3383,28,50.9592,50.3547,53.5948,14,70.8079,66.2479,75.368,11,67.4971,66.7435,69.1447,27,69.491,67.5669,71.1941,13,44.8835,38.1553,51.6116,10,36.529,26.8689,37.5543,46,25.4224,24.3369,26.4138,10,46.1489,44.5289,47.1512
Burkina Faso,BFA,2010,8,59.1167,57.4062,60.7849,3.3787,28,51.6379,49.5556,53.0024,16,73.821,66.7726,74.6279,11,64.8509,64.0306,66.6473,27,66.6246,65.2053,68.4994,12,32.3708,27.6744,40.5666,10,33.8367,26.8087,38.3701,46,22.8365,21.6389,23.9381,10,45.9872,44.5017,46.9989
Burkina Faso,BFA,2011,8,55.3156,53.6636,56.9265,3.2629,28,50.7583,50.0935,53.4987,17,66.0857,62.3459,68.7539,11,56.9065,55.6646,58.1276,26,63.5128,62.3249,65.4581,12,30.4613,26.0591,36.8436,10,34.9106,28.9683,40.1197,45,22.5061,21.2693,23.9261,10,44.8505,43.3002,45.8577
Burkina Faso,BFA,2012,8,54.9587,53.3975,56.483,3.0855,28,52.324,49.9151,53.327,17,64.9566,61.2537,66.7183,11,58.6188,57.8319,60.0946,26,64.7228,62.437,65.7151,12,26.4474,24.4791,34.5123,10,34.5826,30.3986,41.4462,45,23.5901,22.354,24.7797,10,43.664,42.1191,44.6699
Burkina Faso,BFA,2013,8,53.9876,52.2345,55.6937,3.4592,28,51.1123,50.4279,53.8983,17,62.2231,60.3998,66.2163,11,59.9738,58.968,61.096,26,61.906,60.9986,64.2402,14,24.6955,22.2023,30.9306,10,38.1143,31.4896,42.4718,45,23.3077,22.1297,24.3495,9,42.822,32.6903,43.2626
Burkina Faso,BFA,2014,8,53.2553,51.7106,54.7632,3.0526,28,52.9373,50.6444,53.9952,17,61.1274,58.5928,65.9361,11,60.0653,58.6142,60.8997,26,60.8613,58.0669,61.3996,15,23.376,20.4963,29.1202,10,41.0505,31.3505,41.8439,45,20.4495,19.2993,21.5844,10,40.9612,39.8375,42.9516
Burkina Faso,BFA,2015,8,54.2617,52.8683,55.6254,2.7571,28,53.5093,51.395,54.7928,17,61.3799,58.3636,64.9233,11,59.8008,58.8748,60.7882,27,59.6248,57.0285,60.3184,15,23.9317,18.5632,25.6449,10,39.4372,32.5581,42.1846,45,23.9931,22.7312,25.123,10,45.0242,43.8354,46.8997
Burkina Faso,BFA,2016,8,52.9549,51.4309,54.443,3.0121,27,52.9148,51.6959,55.0715,11,59.3683,57.4936,64.1406,11,59.414,58.1472,60.262,27,56.7217,55.6355,59.7094,8,20.8131,17.2774,25.6833,10,37.227,32.1979,43.4056,45,27.2927,26.0596,28.6265,10,46.3184,45.1845,48.0319
Burkina Faso,BFA,2017,8,54.5462,52.2511,56.762,4.5109,27,54.5072,52.2453,55.6093,9,62.7617,57.1076,66.0638,11,58.9696,57.9228,60.0984,27,58.5952,55.2153,59.4227,9,24.5499,17.3717,25.7865,9,34.7224,25.423,46.5316,45,28.0377,26.8524,29.4229,9,46.287,45.7867,51.4177
Burkina Faso,BFA,2018,7,54.0993,51.4056,56.684,5.2784,27,55.3456,53.2948,56.6405,9,62.9113,56.6435,64.6604,,,,,18,57.8911,50.0517,60.1672,9,28.2008,20.6739,29.9572,9,31.1046,22.4981,44.9358,45,29.3089,27.8752,30.6624,9,50.0721,42.5052,50.4103
Burkina Faso,BFA,2019,8,52.0031,50.2206,53.7363,3.5157,28,53.1695,52.7348,56.04,15,62.7979,55.0898,64.4784,12,40.9482,37.033,42.8922,28,59.9911,58.4905,60.7889,14,23.0953,19.5915,26.4844,10,36.3665,32.3164,44.3391,45,29.2232,27.8508,30.5566,10,46.3641,44.9875,47.5711
Burkina Faso,BFA,2020,8,48.5582,46.6448,50.4126,3.7678,28,54.6516,52.0291,55.4698,12,56.2306,53.1745,61.8233,12,40.9482,37.033,42.8922,27,53.3519,51.6163,54.4959,14,22.9567,20.6077,27.5059,10,35.5305,30.9467,44.9084,38,26.6265,25.6401,27.5972,10,45.2628,43.6937,46.4392
Burkina Faso,BFA,2021,6,45.3217,42.6149,47.9077,5.2928,28,52.6989,52.0172,55.527,6,46.7644,42.1254,58.0916,,,,,,,,,10,20.6593,15.7483,22.4749,10,38.3233,31.2294,44.2412,15,24.193,23.6364,24.7495,8,43.4126,38.1926,47.7215
Burkina Faso,BFA,2022,6,46.7472,44.0163,49.3572,5.3409,28,51.2853,49.1269,54.5371,6,48.6434,44.7541,59.0189,,,,,,,,,10,23.8908,20.5388,27.2429,10,34.4244,29.2807,43.7291,15,28.733,28.3807,29.0852,8,45.4374,34.3747,46.421
Burkina Faso,BFA,2023,6,46.927,44.114,49.6121,5.4981,28,48.3872,46.336,51.3067,6,54.1776,43.1171,57.4667,,,,,,,,,10,13.4698,10.8022,19.0903,9,41.1081,35.2177,52.358,13,27.7922,27.3976,28.1867,7,47.4018,42.4124,52.9672
Burkina Faso,BFA,2024,6,45.9946,43.5792,48.3142,4.735,29,47.8998,45.1867,49.7522,7,49.3568,45.1457,58.6315,,,,,,,,,10,15.0587,10.4889,19.5546,10,41.0516,37.6282,47.7434,13,26.3703,25.9118,26.8289,7,48.3447,42.9269,53.1667
Burkina Faso,BFA,2025,6,45.9112,43.3773,48.3397,4.9624,29,42.1245,40.16,44.6443,7,46.7149,43.2263,57.5306,,,,,,,,,10,14.3101,11.2184,19.6972,10,41.5558,34.9405,46.2339,13,25.2744,24.7665,25.7823,7,56.2946,48.3775,58.1449
Burundi,BDI,2009,8,24.3935,19.928,28.4473,8.5193,26,28.324,24.6883,28.9602,14,14.5049,14.1497,27.2566,11,54.132,53.1247,55.0351,27,35.07,34.0244,37.1109,10,27.0349,26.2523,38.9643,9,32.5437,26.1842,37.1797,46,13.3184,12.0153,14.7719,8,32.0349,30.1192,44.5689
Burundi,BDI,2010,8,27.4221,23.4339,31.0923,7.6584,26,24.145,23.1401,27.7049,16,24.8818,18.3785,27.8078,11,49.036,48.1837,50.1568,27,33.5519,28.8907,33.7678,10,28.1901,24.3644,38.1717,9,30.1382,25.2556,36.7324,46,11.233,9.779,12.6967,7,42.1849,27.6744,42.3998
Burundi,BDI,2011,8,19.337,14.4046,23.7348,9.3302,26,24.8151,21.3132,25.5205,16,19.3487,15.6583,26.6464,11,43.7656,42.7524,44.9405,27,31.3726,30.0997,34.8233,10,25.3042,23.2026,36.1643,14,27.82,25.6308,31.6234,46,9.7273,8.2941,11.4236,7,36.4655,25.1736,41.6932
Burundi,BDI,2012,8,24.481,20.5357,28.1021,7.5664,26,21.6332,20.6168,25.0682,16,30.3935,25.3085,34.8418,11,46.6754,45.8951,48.0453,27,35.9902,34.8741,37.8285,10,25.1022,23.7563,34.4178,14,29.5481,26.7293,32.6175,46,13.3221,11.8692,14.857,7,29.6146,21.967,37.8618
Burundi,BDI,2013,8,20.5917,15.9134,24.7954,8.882,26,23.6022,19.7786,24.1697,16,27.8251,25.2781,35.5344,11,43.4871,42.6792,44.8119,27,35.382,33.9778,37.8505,11,27.6395,23.6579,35.1532,14,27.6284,24.8337,30.4681,46,6.4751,5.0155,7.9148,7,28.1523,12.4984,30.1598
Burundi,BDI,2014,8,20.1697,15.5482,24.3245,8.7763,26,18.8903,17.1867,21.8152,16,39.1974,30.5278,39.8397,11,40.9718,39.9988,42.2136,26,34.6836,33.7414,37.5735,11,24.5842,23.2508,34.5932,14,27.2111,25.6494,32.046,46,8.0981,6.5759,9.6391,8,22.6327,11.8918,28.3466
Burundi,BDI,2015,8,26.8848,23.2711,30.2336,6.9625,26,19.0031,16.8341,21.8351,16,38.1627,35.8569,44.3363,11,44.5754,43.557,45.6874,26,42.7144,36.1247,43.0172,11,26.5241,23.8784,35.1813,14,31.2418,28.3859,34.0978,46,14.0414,12.7421,15.449,8,21.5814,19.2787,33.0312
Burundi,BDI,2016,8,30.061,26.734,33.1715,6.4375,26,16.6705,14.2816,19.1394,16,44.8077,38.1873,46.5568,11,43.4527,42.5607,44.6842,26,36.3345,34.9648,38.2143,5,27.2731,22.1557,35.0144,14,30.9634,26.9261,32.7782,46,13.6184,12.3403,15.1384,8,34.317,21.904,35.5016
Burundi,BDI,2017,8,29.2852,26.5486,31.8721,5.3235,26,12.6376,11.9395,16.4478,14,45.2522,36.2961,47.2608,11,43.6202,42.5178,44.7258,26,40.5506,39.5011,42.0212,10,28.8986,24.875,31.3155,13,15.9451,12.3713,17.0487,46,18.3404,16.8764,19.8529,8,37.5324,31.4202,41.383
Burundi,BDI,2018,8,27.0069,23.6372,30.1456,6.5084,26,12.999,11.9781,16.8788,14,41.3979,39.4318,49.9597,11,41.0973,35.0184,43.5654,25,43.635,42.3768,45.5268,10,26.1919,23.0654,30.5803,13,19.6265,15.7911,20.846,46,20.1676,18.7324,21.7129,8,30.3948,28.8196,40.337
Burundi,BDI,2019,8,29.6358,25.7626,33.217,7.4544,26,12.6463,10.1748,14.4956,11,46.3194,39.7888,51.2527,11,41.527,36.8659,45.819,26,45.0447,43.6403,46.5741,10,27.8069,23.2809,30.6784,10,16.4537,7.8975,26.5763,46,19.2852,17.9719,20.9017,8,34.3676,29.2856,39.4399
Burundi,BDI,2020,7,37.7615,34.8704,40.5031,5.6327,26,15.0133,11.8613,16.4852,11,55.8868,47.3926,58.2858,11,47.9187,45.9896,53.72,26,49.8036,48.8377,51.7877,10,28.0863,24.7666,32.3494,9,28.7254,16.8703,30.7395,,,,,8,30.6578,27.2082,37.2329
Burundi,BDI,2021,7,37.2039,34.1276,40.1102,5.9826,26,13.3888,10.9,15.6217,12,57.7828,50.3913,59.8905,12,51.6539,47.9644,54.0665,26,51.5071,49.793,52.3636,8,26.6103,20.9702,29.7882,9,22.727,18.2372,31.4655,,,,,7,29.532,19.1639,33.6068
Burundi,BDI,2022,,,,,,26,17.3823,15.8546,21.3591,,,,,,,,,,,,,7,26.7586,20.1595,29.5824,9,32.4782,18.2068,32.6472,,,,,7,29.4876,20.1526,34.4785
Burundi,BDI,2023,,,,,,26,20.6151,15.8282,22.5373,,,,,,,,,,,,,7,22.8626,19.7499,29.6522,8,35.8034,25.6755,41.4736,,,,,6,35.3689,17.8531,36.0874
Burundi,BDI,2024,,,,,,27,17.5086,16.3663,21.7594,,,,,,,,,,,,,7,23.2474,19.7254,30.3524,9,33.1425,28.1719,38.1475,,,,,6,32.3537,16.6654,35.0203
Burundi,BDI,2025,,,,,,27,22.5499,18.0089,23.5043,,,,,,,,,,,,,7,24.591,20.228,29.8656,9,41.4128,36.7838,46.0418,,,,,6,35.0546,19.7632,35.2869
Cabo Verde,CPV,2009,8,65.0652,62.0224,67.9833,5.9609,26,70.6574,67.5546,71.8025,13,70.0143,63.4619,72.2908,5,58.5201,43.2442,62.6431,19,64.7124,61.7551,68.8449,7,45.738,37.8328,56.5119,9,48.2106,41.7645,58.5276,38,27.5042,25.68,29.5438,6,49.3398,34.0972,54.323
Cabo Verde,CPV,2010,8,63.3381,60.3216,66.23,5.9084,26,68.6221,67.4773,72.1701,13,67.597,64.2741,72.4915,5,48.4108,42.5804,62.9784,19,66.1154,62.2279,69.5947,7,51.1598,38.1657,56.2075,9,48.1369,41.9229,58.3551,38,29.329,27.2216,31.1273,6,42.6709,35.8906,55.6708
Cabo Verde,CPV,2011,8,64.3937,62.2402,66.4836,4.2434,27,68.6263,66.8295,70.0443,19,66.0512,63.8967,68.1403,12,45.6682,44.4953,46.9436,27,66.0225,62.7518,67.6981,11,49.6427,46.3829,59.6383,10,57.8933,47.3116,59.6099,38,26.3814,24.4363,28.1861,7,48.5328,38.5186,56.9786
Cabo Verde,CPV,2012,8,63.6993,61.5577,65.7776,4.2199,27,67.7126,66.6005,70.1696,19,67.4518,65.1485,69.2413,12,42.0268,41.1225,43.0102,28,67.7316,65.2333,69.9134,11,45.6706,39.0985,52.2427,11,54.0727,48.035,59.4037,38,28.2515,26.3013,30.1015,7,50.4722,37.3256,55.8889
Cabo Verde,CPV,2013,8,64.3231,62.3416,66.2506,3.909,27,67.5517,67.4914,71.2099,19,69.1948,64.6036,69.2477,12,44.0195,43.1342,44.945,27,70.5592,68.6436,72.4749,12,51.2477,44.32,56.3419,11,52.4543,46.4864,59.3737,37,27.4322,25.501,29.4001,7,44.4705,31.7678,48.2971
Cabo Verde,CPV,2014,8,63.2958,61.2122,65.3192,4.107,27,70.1127,67.8412,72.0683,19,67.8407,64.8678,69.2778,12,45.1303,44.1632,46.0348,27,69.4365,67.3701,71.1301,13,48.8833,44.7302,52.5264,11,52.0724,46.1549,58.1644,37,31.3318,29.3468,33.23,7,37.1883,35.8454,55.3361
Cabo Verde,CPV,2015,8,62.7108,60.6908,64.6738,3.983,27,69.5355,67.7647,71.7843,19,66.4132,64.4872,69.2109,12,47.2054,46.3665,48.0053,28,68.5274,67.9572,71.2677,13,46.4397,45.2693,52.8824,11,43.763,37.4149,50.1111,37,33.303,31.342,35.255,7,43.2127,37.2618,55.09
Cabo Verde,CPV,2016,8,64.2299,62.4094,66.0047,3.5953,27,69.8992,68.7205,72.3672,18,65.1488,63.5593,67.968,12,46.2582,45.393,47.1019,28,69.5779,68.8436,71.7397,12,45.8859,41.594,50.1736,11,53.7226,45.9153,58.4876,37,33.7527,33.3713,34.1341,7,44.4126,40.3534,57.3877
Cabo Verde,CPV,2017,8,64.711,62.2404,67.0986,4.8582,27,71.0167,69.3879,73.0227,15,62.3003,60.1289,67.0226,12,47.3994,46.5815,48.3521,28,70.8178,70.2256,73.2272,13,45.8588,42.2399,50.0503,11,55.7148,49.9688,62.69,37,34.5202,34.1733,34.8671,6,45.0151,27.2599,52.6286
Cabo Verde,CPV,2018,8,63.9493,61.9547,65.8889,3.9342,27,70.271,68.8857,72.9007,15,60.9074,59.0289,65.9409,11,44.0598,36.8314,46.8823,27,69.25,67.6866,70.5706,13,44.8576,43.1723,49.8923,11,59.3686,50.7577,63.6562,37,34.4274,34.0764,34.7785,7,44.482,30.0773,46.1919
Cabo Verde,CPV,2019,8,64.17,62.2309,66.0573,3.8264,27,70.8082,69.6902,73.3644,16,61.1166,58.838,66.1166,12,38.5683,37.3049,42.7237,27,71.5545,69.2531,72.3104,13,45.6578,44.3483,50.8907,11,59.9168,53.1163,65.4205,37,34.3814,34.0282,34.7345,7,46.2237,30.3434,48.7194
Cabo Verde,CPV,2020,8,66.397,64.5075,68.2383,3.7308,27,70.8903,69.8185,73.7642,13,60.2372,59.5368,66.2416,12,40.3833,36.8261,42.4664,27,71.03,70.3679,73.2263,13,47.9139,45.4784,52.6768,11,66.6233,56.9516,68.033,38,38.4971,38.2098,38.7845,7,48.2062,30.5433,49.0184
Cabo Verde,CPV,2021,8,67.54,65.6205,69.4103,3.7898,27,72.4683,69.2994,73.2639,14,61.9235,61.4605,67.1898,12,41.4227,37.8911,44.1538,28,73.0116,71.1972,73.6125,11,47.3108,44.3498,50.1468,11,67.4561,59.4847,70.2564,38,40.24,40.031,40.4489,7,47.9897,29.7558,49.9606
Cabo Verde,CPV,2022,8,66.8184,65.0945,68.5022,3.4077,27,69.2641,66.303,72.8446,15,62.4075,61.1765,66.8903,12,39.1907,37.7558,40.4888,28,70.7481,69.3154,71.905,11,47.0597,43.9184,49.0431,11,69.2754,62.5356,71.9413,36,37.5328,37.202,37.8636,6,50.2881,36.5234,54.8383
Cabo Verde,CPV,2023,8,67.3198,65.5387,69.0583,3.5196,27,70.0046,66.8206,72.7754,15,64.6544,60.9663,67.0045,12,38.6129,36.949,39.3775,28,72.5489,70.3446,73.0389,11,44.7504,42.2987,48.4215,11,67.9056,62.2598,73.3221,36,39.0908,38.8301,39.3515,6,51.3655,36.1029,54.2551
Cabo Verde,CPV,2024,8,66.8207,64.9419,68.6519,3.71,27,70.4778,67.3813,73.1579,16,62.8533,62.0924,67.0063,12,39.5716,37.5861,40.0669,28,72.4894,70.4301,73.3677,11,47.4192,42.5544,48.7888,11,67.3179,60.62,71.6583,36,38.6885,38.4098,38.9673,6,47.192,35.4285,54.9056
Cabo Verde,CPV,2025,8,67.0807,65.534,68.5952,3.0612,27,69.8831,67.9461,73.61,16,67.1242,63.6991,68.392,12,43.7006,41.976,44.7966,28,74.5023,72.8745,75.5608,11,43.5016,40.7685,46.2346,14,65.9273,62.2725,68.3622,36,44.4832,44.4652,44.5012,6,39.0013,30.5739,47.4287
Cambodia,KHM,2009,8,45.0017,42.6864,47.2279,4.5415,28,22.5882,21.7449,24.3031,17,49.9943,44.125,51.3164,12,50.9307,49.952,51.7961,29,54.3922,53.869,55.4344,16,25.7066,18.2046,33.8158,11,33.0015,30.7316,40.7627,41,22.2562,20.5815,23.9905,10,51.8826,50.3738,53.0365
Cambodia,KHM,2010,8,47.464,45.6531,49.2213,3.5682,28,23.1132,22.2304,24.5233,19,50.2387,48.4152,52.9648,12,52.5358,51.7294,53.3118,29,56.2424,55.5621,57.2989,16,23.8788,15.026,27.7954,11,38.2869,31.8124,41.4535,41,26.1973,24.6236,27.8836,10,53.0654,51.7039,54.2691
Cambodia,KHM,2011,8,48.0969,46.6056,49.5519,2.9463,28,24.2504,22.4336,24.8177,19,51.7378,48.492,52.6908,12,51.6277,50.7439,52.3987,29,57.465,56.7111,58.3443,16,24.4998,17.6334,29.43,16,37.5687,36.6955,42.031,41,26.2445,24.4911,27.8355,10,53.1681,51.779,54.3147
Cambodia,KHM,2012,8,50.2878,48.9517,51.5955,2.6438,28,23.326,22.4837,24.9365,19,50.9847,50.6557,54.8102,12,53.6242,52.6897,54.4835,29,58.3596,57.7626,59.4002,16,24.5309,20.5251,30.8596,16,41.5185,39.1996,44.7958,41,31.8953,30.0333,33.7231,10,54.2479,53.0531,55.4267
Cambodia,KHM,2013,8,54.1925,52.9728,55.3893,2.4165,28,23.7051,22.8445,25.0667,19,52.2576,50.8093,55.262,12,54.8799,53.9666,55.6471,29,59.0634,58.1425,59.6234,17,29.688,23.9356,34.0231,16,44.1934,40.9254,47.2894,41,37.6302,37.4233,37.8371,10,58.5043,57.3735,59.7302
Cambodia,KHM,2014,8,54.3099,53.1079,55.4899,2.382,28,23.6401,21.5689,23.9114,19,52.3065,50.8959,55.057,12,55.3359,54.3925,56.1203,29,58.0165,57.3694,59.1743,17,30.3897,24.5722,34.0014,16,47.4788,43.9533,50.3117,41,33.1155,31.3974,35.1577,10,60.1188,58.9857,60.9996
Cambodia,KHM,2015,8,52.9363,51.8001,54.0523,2.2522,28,22.2311,21.3502,23.9102,19,51.7836,50.2441,55.3953,12,54.4074,53.4719,55.1855,29,57.35,56.6604,58.4585,17,28.0699,25.3624,34.4264,18,46.3804,45.6705,47.2142,40,31.3545,29.5985,33.0082,10,60.7504,59.6887,61.6839
Cambodia,KHM,2016,8,53.0268,51.683,54.3425,2.6595,28,22.0115,21.1005,23.3013,19,52.382,51.2625,55.0368,12,51.0776,50.1428,51.9944,30,56.7477,56.0727,57.5586,13,27.5881,20.072,32.4104,18,49.8915,49.1826,50.8287,40,30.6685,28.7961,32.5832,10,62.0377,60.8942,63.0285
Cambodia,KHM,2017,8,53.4914,51.9795,54.968,2.9885,28,22.0947,21.2023,23.4908,16,52.0112,46.6342,55.2748,12,50.628,49.7307,51.5865,30,56.8634,56.1578,57.6627,14,28.9312,22.4301,34.1155,17,52.747,51.9315,53.8926,39,30.8596,29.1748,32.8766,10,60.9472,59.8404,62.1784
Cambodia,KHM,2018,8,54.1458,52.4869,55.7627,3.2758,28,21.5413,20.6783,23.008,16,53.086,46.5227,54.3476,11,46.2399,41.2301,49.9158,29,56.765,53.27,56.929,14,33.1887,24.9994,37.1889,17,55.227,54.4377,56.3768,39,34.4495,34.0994,34.7996,10,57.7101,56.6512,58.9146
Cambodia,KHM,2019,8,52.3287,50.7433,53.8749,3.1316,28,20.9149,20.0292,22.3051,16,48.8249,45.9379,54.7378,11,46.1871,41.0516,49.9202,29,55.5834,54.5225,56.44,18,30.8268,27.0494,36.4677,17,56.7835,55.8984,58.006,39,35.7247,35.432,36.0173,10,54.2454,53.1644,55.3353
Cambodia,KHM,2020,8,54.0571,52.6659,55.4186,2.7527,28,20.862,19.9479,22.0447,13,56.2243,47.4164,56.6311,12,42.2667,41.4763,47.0436,30,55.603,54.708,56.5454,18,31.6864,29.3749,37.4129,17,62.1079,61.3089,63.2608,40,35.523,34.2379,36.9802,10,53.0008,51.907,54.1928
Cambodia,KHM,2021,8,54.9926,53.7824,56.1804,2.398,28,20.8719,19.9905,22.1707,14,54.4058,49.4375,56.6642,12,46.154,42.3902,47.8233,30,57.0768,56.0646,57.9647,10,29.3091,25.693,32.9253,17,65.2725,64.4245,66.4372,40,40.0153,39.7962,40.2343,9,50.6824,46.498,52.4438
Cambodia,KHM,2022,8,55.1871,53.9862,56.3661,2.3799,28,22.0215,19.5105,24.7717,15,51.9904,49.8774,56.3144,12,46.7487,44.522,47.0516,26,55.8489,54.795,57.496,10,27.4734,21.6891,30.8646,17,68.5821,67.6322,69.8248,40,41.0717,40.9001,41.2432,10,52.2345,51.3856,53.4201
Cambodia,KHM,2023,8,54.8425,53.2614,56.3858,3.1244,28,22.5785,19.394,24.7342,15,55.4341,50.8646,56.9891,11,46.564,44.6629,50.3265,26,55.6756,54.4902,56.9798,11,26.0574,20.3474,27.9946,17,67.4207,62.367,73.3082,39,40.5032,40.3061,40.7003,9,49.4795,48.7957,53.8194
Cambodia,KHM,2024,8,55.7553,54.3543,57.1267,2.7724,28,22.8143,19.6763,24.5212,16,55.1856,51.628,56.8704,11,45.6105,44.0084,49.5363,26,56.0072,54.4951,57.0602,12,23.9381,21.2151,28.8891,17,71.265,63.5031,73.5513,39,40.2222,40.0124,40.4319,9,53.9153,49.7377,55.0911
Cambodia,KHM,2025,8,56.5308,55.1393,57.8933,2.754,28,24.2217,21.3294,26.2454,16,54.6115,51.4024,56.9892,11,46.7297,44.5539,50.5253,26,56.2465,54.7897,57.6015,12,26.004,23.7411,30.9673,18,70.5246,63.4747,73.4756,39,40.8288,40.6464,41.0113,9,54.7382,52.9379,57.4393
Cameroon,CMR,2009,8,47.2414,45.2881,49.1325,3.8444,28,25.6755,24.8707,28.215,18,56.9988,51.9964,58.2799,12,55.7517,54.8531,56.6755,27,53.1905,51.8612,54.349,14,28.9984,23.0395,34.9572,10,31.5356,24.8973,36.7311,51,25.7686,25.006,26.5532,10,44.6226,42.8982,45.8594
Cameroon,CMR,2010,8,46.6133,45.0794,48.1082,3.0288,28,25.2733,24.5322,27.7579,20,56.5082,55.877,57.1247,12,57.4995,56.605,58.4111,27,53.3384,51.5319,53.7913,14,23.8463,23.2921,32.2641,10,32.7636,25.4523,35.8672,51,25.2206,24.5167,25.9325,10,45.3296,43.5277,46.3905
Cameroon,CMR,2011,8,47.4551,46.1499,48.7324,2.5825,28,26.6782,24.7236,28.3068,19,56.4823,54.1839,58.2285,12,56.6861,55.7964,57.6086,27,51.8071,50.7058,53.23,14,26.8291,22.2852,31.5288,15,30.4003,27.8323,33.0902,51,30.0078,29.2836,30.7631,10,45.6528,43.9366,46.7692
Cameroon,CMR,2012,8,47.9878,46.7237,49.2259,2.5022,28,27.7238,24.7632,28.2534,19,56.227,54.6628,58.7473,12,55.4005,54.5643,56.2316,27,53.7544,52.8773,55.3141,14,25.7093,21.9079,30.9369,15,28.9106,28.4943,33.4383,51,35.0696,34.2476,35.8091,10,44.8276,43.2913,45.8874
Cameroon,CMR,2013,8,50.1139,48.4241,51.7583,3.3342,28,25.8324,25.0303,28.3192,19,56.8691,55.1201,59.0916,12,59.088,58.1749,59.885,27,53.1606,52.4721,54.5595,14,28.3101,23.677,38.3226,15,30.7641,28.3471,33.637,51,35.1831,34.4326,36.006,10,49.1406,47.8076,50.2199
Cameroon,CMR,2014,8,51.2885,49.6319,52.9021,3.2702,28,25.8049,24.9983,28.4424,19,58.6717,55.1914,59.221,12,57.3658,56.4183,58.2072,27,53.0784,51.8156,53.8638,15,30.8192,23.29,37.3482,15,35.6963,32.0611,38.6292,51,33.5348,32.8152,34.2798,10,49.096,47.7803,50.0695
Cameroon,CMR,2015,8,49.5981,48.0226,51.1339,3.1113,28,26.4531,25.5888,28.9334,19,57.3531,56.4914,60.6018,12,56.0358,55.05,56.9476,27,53.1302,52.0137,54.01,15,30.526,23.8173,37.0588,15,32.6242,30.1234,35.6041,51,32.9417,32.176,33.6678,10,46.2032,44.8088,47.339
Cameroon,CMR,2016,8,49.6298,48.4051,50.8305,2.4254,28,27.6531,25.6333,29.1518,18,61.4737,56.3474,61.7137,12,55.8914,54.8808,56.7462,27,52.2456,51.5567,53.5909,13,28.0314,21.5003,29.949,17,35.6313,31.5153,36.2818,51,30.6863,29.9389,31.4416,10,43.727,42.3754,44.9515
Cameroon,CMR,2017,8,47.4718,45.7753,49.1213,3.346,28,26.0187,25.1399,28.4179,14,65.7762,55.9949,66.2277,12,52.7225,51.727,53.5788,27,52.4603,51.3067,53.2361,14,29.3154,22.9252,30.6624,17,24.4313,23.1941,25.5961,51,32.56,31.8257,33.3733,9,39.3511,36.508,44.0955
Cameroon,CMR,2018,8,46.1521,44.3338,47.9156,3.5818,28,25.42,24.5395,27.9567,14,60.8526,55.8533,64.145,11,43.0668,41.4031,49.5067,27,53.7322,52.8294,54.9802,14,28.3927,23.9186,31.1885,17,26.469,25.2346,27.6467,51,33.6962,32.8898,34.5504,9,43.7978,34.9225,44.1896
Cameroon,CMR,2019,8,45.5724,43.7988,47.2935,3.4947,28,25.0397,24.1837,27.639,15,58.4299,53.3601,61.1798,11,46.2633,41.1613,50.4372,27,54.1481,53.1505,55.774,15,29.0038,24.5716,30.2452,17,25.6871,24.4434,26.9306,51,34.4824,33.7445,35.2472,9,40.2406,34.144,42.3495
Cameroon,CMR,2020,8,44.3919,42.8345,45.9082,3.0737,28,24.8297,23.9563,27.3068,13,56.3695,52.5967,60.2169,11,44.1403,41.3744,50.6064,28,55.2406,53.6597,55.9173,15,28.9073,26.4187,32.2616,16,30.4222,29.1424,31.7925,44,31.7293,30.4617,32.9355,10,35.9514,34.1964,37.3931
Cameroon,CMR,2021,8,45.0934,42.8393,47.263,4.4237,28,25.0738,24.1864,27.4875,13,55.1311,54.1969,61.4731,11,48.6972,43.0943,53.7627,28,56.0075,54.8122,56.9389,11,27.1329,22.5291,27.3513,16,32.5689,31.4282,34.7196,43,35.8317,34.472,37.1469,7,31.8364,23.2149,39.1656
Cameroon,CMR,2022,8,45.6347,43.4404,47.7494,4.309,29,27.6164,25.3378,29.626,14,56.0009,53.2911,61.2033,11,44.0843,42.2591,48.2962,27,54.8405,53.4214,56.1688,7,26.2258,25.3272,33.4637,16,35.8223,34.8206,37.699,34,33.37,30.9971,35.6807,7,36.8618,24.3746,38.732
Cameroon,CMR,2023,8,46.389,44.036,48.6514,4.6154,29,27.7681,26.4608,30.8709,14,57.6573,53.6664,60.6768,11,45.2614,42.5153,49.2251,27,54.7507,53.5994,56.5677,7,27.4172,24.2149,32.9518,13,41.0889,35.6981,49.1355,32,37.8276,37.5101,38.1451,8,27.4866,21.8398,34.1138
Cameroon,CMR,2024,8,47.9317,45.8597,49.9343,4.0746,29,27.518,25.3419,29.6869,17,57.4287,54.911,57.912,11,46.6326,45.9285,54.8998,27,55.0729,54.0078,56.8896,7,28.3419,24.0331,32.7102,16,43.0136,36.1102,44.8411,32,40.3414,40.137,40.5458,8,28.9171,22.8424,35.4749
Cameroon,CMR,2025,8,46.0581,43.9324,48.1094,4.177,29,28.5762,27.1199,31.8758,17,56.4642,53.6347,56.9881,11,50.944,42.8328,51.7409,27,54.2017,53.4418,56.3591,7,25.1384,23.2049,31.9961,16,40.642,35.3223,43.9948,32,33.5525,31.1178,36.2042,8,28.9237,23.5272,36.0679
Canada,CAN,2009,8,94.3439,93.4643,95.215,1.7507,28,93.6653,92.3427,94.9947,18,87.7752,85.5149,88.019,12,69.0704,68.2181,69.9284,28,95.0371,94.6767,100.0,19,89.9168,87.3447,94.1348,15,84.9671,75.5916,89.173,49,76.8267,75.2416,78.4433,9,76.139,73.1584,76.9534
Canada,CAN,2010,8,93.8238,92.8315,94.8053,1.9738,28,93.9239,92.6471,95.2018,20,87.4274,86.8931,88.0691,12,70.714,69.8448,71.5464,28,98.5072,94.8291,100.0,17,85.8394,79.8734,90.2122,15,82.5012,76.2699,90.1845,48,76.2188,74.466,78.0914,9,73.4582,71.6934,75.2231
Canada,CAN,2011,8,92.9588,91.9579,93.9488,1.9909,28,93.6869,92.3533,95.0142,20,87.2063,86.5468,87.8141,12,69.3027,68.4659,70.1046,28,99.0856,94.8699,100.0,17,80.1296,77.245,87.1523,15,79.3684,74.7801,88.9012,48,76.0598,74.0253,77.8143,9,75.4464,73.2517,76.4342
Canada,CAN,2012,8,93.7013,92.6921,94.6993,2.0072,28,93.2749,92.0037,94.7489,20,86.994,86.4064,87.5929,12,70.9813,70.1418,71.7904,28,97.5419,94.6121,100.0,17,79.5207,74.1253,85.1291,15,88.1147,75.5062,89.2159,48,77.3981,75.4673,79.2503,9,74.1901,72.0325,75.0847
Canada,CAN,2013,8,93.9158,92.8258,94.9928,2.167,28,93.2164,92.103,94.7302,20,86.5101,85.9133,87.0918,12,73.7126,72.8495,74.5416,28,96.5455,93.9209,99.98,17,80.2948,75.6547,86.5104,15,87.698,77.2919,92.0564,48,78.1277,76.2329,80.2146,8,74.4054,70.5896,75.7847
Canada,CAN,2014,8,92.8852,91.8473,93.9113,2.064,28,93.2995,92.0213,94.7396,20,86.924,86.3308,87.5332,12,73.0412,72.1952,73.886,28,95.3214,93.3214,99.369,17,81.3284,73.8834,84.3057,15,83.5505,78.3766,92.0913,48,73.3493,71.6114,75.3189,9,73.4775,72.0806,75.0821
Canada,CAN,2015,8,93.3614,92.3221,94.3889,2.0668,28,93.4231,92.0242,94.5611,20,87.3191,86.741,88.0098,12,73.3243,72.3857,74.0976,28,95.8729,93.3046,99.054,17,80.3862,76.2397,87.0975,15,85.6556,79.2521,92.8689,48,76.5301,74.7581,78.4767,9,72.5879,70.7386,74.2625
Canada,CAN,2016,8,92.7988,91.6773,93.9064,2.2291,28,93.791,92.6586,95.367,20,86.8175,86.1791,87.4774,12,72.9107,72.0004,73.6326,28,95.6047,92.3842,98.3319,17,78.0558,70.9074,82.8535,15,86.5223,78.5574,93.6285,48,74.2939,72.6559,76.3322,9,71.969,70.0834,73.652
Canada,CAN,2017,8,93.6408,92.6147,94.6553,2.0406,28,93.9934,92.737,95.4791,16,87.9577,85.576,89.5236,12,74.2771,73.4125,75.0095,28,95.0947,91.2353,97.9727,18,79.1435,71.168,82.7436,12,85.396,77.8186,88.7271,48,75.6957,73.8825,77.518,9,76.2736,74.1364,77.4642
Canada,CAN,2018,8,93.5983,92.6168,94.5693,1.9525,28,93.7996,92.364,95.0986,16,86.2793,84.9398,89.13,12,83.9165,79.8836,85.6738,28,91.0875,90.8142,95.2047,18,77.0007,71.0488,82.3932,12,85.3909,79.2986,89.337,48,76.991,74.8842,78.8542,9,74.9189,73.0825,76.0569
Canada,CAN,2019,8,92.2878,91.2459,93.3177,2.0718,28,93.3269,92.0086,94.7837,16,85.5598,83.6715,87.9252,12,82.3617,76.7243,82.3782,31,92.6856,91.5119,93.5632,18,72.1125,67.2355,79.8226,12,82.6995,76.9011,87.9031,48,74.0602,72.1737,76.3004,9,73.9097,71.4895,75.0095
Canada,CAN,2020,8,93.2276,92.284,94.1614,1.8774,28,92.5907,91.5045,94.0623,13,85.9922,83.7595,87.9962,12,80.4915,78.1785,83.6341,31,93.4288,92.2873,94.1873,19,77.9251,69.3663,79.9464,12,87.6056,80.2965,91.176,42,75.0508,72.7438,77.4173,9,71.906,71.1394,74.1523
Canada,CAN,2021,8,91.8877,90.9645,92.8014,1.8369,28,91.858,90.559,93.2748,14,85.3355,82.9586,86.6822,12,78.4695,76.9575,82.6783,31,93.8549,92.7153,94.5495,12,73.7573,70.3498,76.1919,12,80.5095,75.3581,85.6609,42,79.9518,77.7563,82.2534,8,68.8191,62.6898,71.305
Canada,CAN,2022,8,92.7837,91.8954,93.6633,1.7679,30,90.7592,88.7655,92.9476,14,87.1981,84.758,88.0099,12,77.6569,74.5306,78.0417,30,93.53,92.0896,94.2323,12,72.9041,68.7147,74.6885,12,91.2801,82.4629,94.1757,42,78.6476,75.7787,80.7174,9,68.6163,62.8872,69.5458
Canada,CAN,2023,8,92.4643,91.5658,93.3538,1.788,30,89.1009,87.1243,91.1063,14,85.1569,85.0014,88.3975,12,77.5907,74.3545,78.0592,30,94.5575,93.5758,95.6171,12,73.208,69.8468,75.3722,14,84.7866,82.2463,95.3521,41,80.9608,78.4701,83.3584,8,71.8406,68.5418,73.9984
Canada,CAN,2024,8,95.1784,94.3651,95.9845,1.6194,30,89.6085,87.4823,91.7033,16,87.6396,85.9279,88.2186,12,83.5795,80.183,83.9482,30,96.6551,95.358,97.4573,12,75.2957,71.7017,77.931,17,89.3747,84.2903,92.9007,41,87.846,85.0083,90.3449,8,73.6344,66.0732,74.1988
Canada,CAN,2025,8,93.8315,93.0445,94.6116,1.5671,30,89.5851,87.7443,91.6986,16,86.841,85.2307,87.3402,12,84.6182,80.5624,85.0674,30,94.0427,92.7183,94.7902,12,75.4406,70.1502,76.7649,17,89.8211,84.8036,93.2441,41,78.3983,75.9272,80.7314,8,71.9004,68.7832,75.2757
Central African Republic,CAF,2009,5,46.5749,37.6386,54.3274,16.6888,26,22.5664,21.1298,24.8274,,,,,,,,,8,53.3393,50.975,57.2969,8,30.5947,29.5153,40.0024,4,32.1538,28.9841,44.9412,,,,,6,53.2171,46.0817,57.1728
Central African Republic,CAF,2010,5,42.142,32.0923,50.6497,18.5574,26,22.3593,21.2307,24.8504,,,,,,,,,9,50.4161,47.3179,53.5142,8,33.0769,29.5443,41.9337,4,25.0477,20.404,29.5849,,,,,7,45.8676,40.9959,51.4143
Central African Republic,CAF,2011,5,46.0269,34.7643,55.4567,20.6924,26,23.683,21.7337,25.7448,,,,,,,,,9,54.6858,51.2195,57.0598,8,38.5381,30.0151,41.0712,9,25.081,20.4479,29.1897,,,,,7,41.1582,32.595,46.6742
Central African Republic,CAF,2012,5,45.7874,37.5144,53.0283,15.5139,26,22.3777,21.2878,25.1379,,,,,,,,,9,53.6168,50.4757,56.9847,8,33.3328,30.163,40.1879,9,28.7531,23.9929,35.3474,,,,,7,40.1556,27.7848,44.1206
Central African Republic,CAF,2013,5,46.737,39.8392,52.9104,13.0712,26,22.1758,21.3247,25.0193,,,,,,,,,9,54.7795,50.8159,56.9525,9,34.7659,30.1187,40.7491,9,32.8273,25.0278,35.6451,,,,,6,41.4437,30.9265,46.4742
Central African Republic,CAF,2014,5,43.7409,36.5708,50.1067,13.5359,26,21.343,19.2883,23.1102,,,,,,,,,9,51.5515,49.2769,56.4517,9,31.6313,30.1192,41.4619,9,27.569,22.0027,33.4811,,,,,7,42.8961,32.272,46.6652
Central African Republic,CAF,2015,5,44.6418,35.8418,52.269,16.4272,26,23.6246,20.8583,25.0317,,,,,,,,,9,49.2478,48.8512,55.8084,9,37.63,29.5585,41.4904,9,26.7482,22.3714,33.2743,,,,,7,40.2106,29.4733,44.6726
Central African Republic,CAF,2016,5,43.948,36.0433,50.8877,14.8444,26,24.8865,22.0639,26.1073,,,,,,,,,9,52.17,49.1279,55.3997,5,36.9021,34.7945,42.4883,9,30.0128,23.567,35.428,,,,,7,35.5142,28.6841,43.5949
Central African Republic,CAF,2017,5,45.0373,38.7506,50.7061,11.9555,26,26.7765,23.2659,27.3498,,,,,,,,,9,49.4455,49.3368,55.5736,6,39.2529,34.5355,41.6668,9,39.4832,35.3032,41.9754,,,,,6,33.1662,28.5024,39.7579
Central African Republic,CAF,2018,5,44.994,34.5837,53.8045,19.2208,26,25.3359,24.2608,28.462,,,,,,,,,9,55.7174,49.834,58.8982,6,38.6904,34.8557,42.2205,9,41.696,37.1549,43.7932,,,,,6,25.851,22.748,35.5194
Central African Republic,CAF,2019,5,45.4588,37.2705,52.6315,15.361,26,26.7841,25.3788,29.5703,,,,,,,,,9,54.5243,50.8852,58.8979,6,37.5592,34.8221,42.6898,7,40.0648,37.5497,49.2173,,,,,7,23.773,18.1627,29.963
Central African Republic,CAF,2020,5,45.6406,36.8251,53.2913,16.4662,26,27.9265,25.9211,30.1242,,,,,,,,,9,56.4358,51.01,59.0817,6,37.2811,35.3192,43.2856,7,45.6125,39.6569,50.0039,,,,,7,19.9436,16.992,28.7123
Central African Republic,CAF,2021,,,,,,26,25.0068,24.422,28.4523,,,,,,,,,9,56.1841,51.8886,60.0138,,,,,7,43.5728,41.9113,53.3153,,,,,5,25.3909,23.5885,38.2556
Central African Republic,CAF,2022,,,,,,27,29.0707,25.0678,30.8339,,,,,,,,,7,50.101,45.4363,54.7657,,,,,7,53.0444,44.1098,55.5285,,,,,,,,
Central African Republic,CAF,2023,,,,,,27,25.3067,22.5729,28.5628,,,,,,,,,7,56.2013,50.2305,59.005,,,,,7,54.2401,47.4709,59.5796,,,,,,,,
Central African Republic,CAF,2024,,,,,,27,25.2506,21.7392,27.7444,,,,,,,,,7,59.8477,50.066,60.2944,,,,,7,50.9497,44.8642,60.3724,,,,,,,,
Central African Republic,CAF,2025,,,,,,27,24.9943,21.8555,28.329,,,,,,,,,7,51.9918,48.8946,59.0424,,,,,7,53.9405,45.8486,61.6199,,,,,,,,
Chad,TCD,2009,8,21.7332,17.3529,25.7017,8.3488,27,19.1079,17.8152,20.8859,15,39.9483,35.9386,44.1416,12,31.8937,30.9518,33.0355,27,37.8423,36.798,39.5926,12,24.7993,19.3012,33.3426,9,28.2275,20.3905,33.0451,39,6.482,4.7277,8.34,7,30.828,26.6876,38.7525
Chad,TCD,2010,8,21.3485,17.5523,24.8299,7.2776,27,20.5043,18.3483,21.6027,18,36.1923,33.9549,39.3634,12,33.7043,32.7509,34.7763,27,37.3648,35.8032,38.9508,12,23.988,19.3359,34.6088,9,26.7819,21.0492,32.0294,39,8.2931,6.506,10.2253,8,32.3844,28.8245,35.4331
Chad,TCD,2011,8,26.7984,23.9503,29.4793,5.529,27,20.0544,18.7914,22.017,18,39.1687,35.6628,41.7449,12,30.5292,29.4782,31.5859,27,40.1734,38.8213,41.9427,12,29.0404,21.0025,34.2278,14,27.1074,25.9176,31.7802,39,15.9654,14.0919,17.7928,8,33.7185,29.0886,35.1125
Chad,TCD,2012,8,26.3652,23.7233,28.8618,5.1385,27,21.6311,19.0079,22.4407,19,39.9123,37.48,40.5207,12,30.8876,30.0123,32.0144,27,41.7814,41.0812,43.2806,12,25.4278,22.6445,35.8501,14,27.4434,25.1636,31.1049,39,16.188,14.3846,18.1746,8,31.4777,28.2598,34.2859
Chad,TCD,2013,8,24.0558,20.3252,27.4935,7.1683,27,19.858,18.7849,22.19,19,40.4983,37.7483,40.8618,12,33.2583,32.3474,34.3169,28,38.9533,37.7353,40.4097,13,24.5818,21.5064,34.5145,14,28.8036,25.2287,30.7665,38,12.6861,10.8915,14.6388,7,28.4621,22.9696,38.5646
Chad,TCD,2014,8,19.8661,15.6962,23.6508,7.9546,27,20.0309,18.7825,22.2503,19,37.9634,37.4131,40.4798,12,29.6011,28.6623,30.6512,28,39.0422,38.0065,40.1921,13,24.01,20.6746,35.1512,16,25.6547,25.277,29.9167,38,8.1379,6.2748,10.1139,8,29.4237,21.7511,36.7529
Chad,TCD,2015,8,23.4805,19.8426,26.8372,6.9946,27,21.2491,18.4871,22.0638,19,39.8934,37.7032,40.7612,12,30.2948,29.2913,31.4675,28,36.0561,33.7625,36.6048,13,23.9718,20.6858,33.8458,16,27.5922,24.7428,29.6946,38,8.204,6.3121,10.183,8,37.7332,24.3701,38.8631
Chad,TCD,2016,8,24.8482,22.4643,27.1106,4.6463,27,20.6693,19.3545,22.7871,18,39.4427,36.1674,42.1075,12,28.0199,27.0108,29.2537,28,35.6295,34.449,36.9037,10,23.1894,19.1255,27.402,16,28.6256,24.5102,29.5651,38,9.7996,8.0553,11.5535,8,43.6896,40.1803,47.199
Chad,TCD,2017,8,19.4299,16.1465,22.4683,6.3218,27,20.5606,19.6206,23.1416,14,39.2103,36.2814,47.0546,12,25.8137,24.7281,26.9476,29,35.8778,34.979,37.153,11,23.4755,20.6741,28.6117,16,20.462,17.4327,21.7019,37,12.3858,10.3139,14.2376,8,34.6276,29.5492,37.0147
Chad,TCD,2018,8,21.4077,17.6138,24.8874,7.2736,27,21.3295,20.6021,24.205,13,44.8203,38.575,49.118,11,30.823,26.517,34.2162,27,36.1072,34.8401,38.1831,11,22.5516,20.5832,28.8221,15,20.089,18.5893,23.7407,37,11.4748,9.7003,13.3388,7,31.0369,25.4992,36.7847
Chad,TCD,2019,8,24.9666,21.35,28.3108,6.9608,27,22.6668,20.7732,24.6411,13,46.5372,38.8953,50.266,12,30.0542,27.1043,32.4898,27,37.0294,35.8105,39.0577,11,22.9711,21.5867,29.6989,15,21.9086,19.1073,23.8035,37,13.8226,11.897,15.8222,7,34.4178,23.1246,35.1772
Chad,TCD,2020,8,19.114,14.1417,23.5416,9.3999,27,22.4178,20.1016,23.9522,10,35.3998,34.6135,50.8102,11,31.801,26.1522,35.3529,26,36.2931,34.5855,38.6308,11,27.0791,21.9066,29.7317,15,22.7945,20.2991,24.5363,37,11.4782,9.6803,13.2513,7,26.0783,21.2473,33.9116
Chad,TCD,2021,8,14.6924,7.5945,20.6551,13.0606,27,23.5034,20.5707,24.2036,11,31.8687,31.0482,47.8269,11,30.3921,24.6692,32.7309,26,35.4485,33.1109,36.7075,9,24.5209,18.3974,25.1706,15,23.8104,20.0061,24.37,37,10.6008,8.5992,12.3792,6,22.2385,6.1215,29.2432
Chad,TCD,2022,8,13.6801,7.5539,18.9297,11.3758,28,18.4716,16.2373,20.3976,12,36.8173,35.9311,48.8358,11,27.4108,23.3001,28.5469,26,33.2566,31.486,35.1027,9,23.8131,19.0095,26.0481,15,26.1086,23.4183,28.1211,36,11.6766,9.8996,13.5271,6,20.3858,9.9135,29.6919
Chad,TCD,2023,8,26.4561,22.5208,30.0775,7.5567,28,17.1956,15.8147,20.2663,13,46.4634,40.8702,50.2148,11,25.4323,23.4647,30.0046,26,37.0109,33.9829,37.5752,7,28.53,24.495,32.5651,13,38.5198,27.8655,39.2938,35,16.5341,14.9324,18.1598,7,23.6205,10.953,26.9427
Chad,TCD,2024,8,21.079,16.8161,24.9472,8.1311,28,18.1781,16.0779,20.7731,15,43.0639,38.4643,47.267,11,21.6091,19.1373,25.1766,26,33.107,31.2054,34.9008,7,24.6712,20.7431,29.1482,16,34.9269,28.8549,39.376,35,15.6044,14.1616,17.5242,7,25.6701,11.8494,27.5492
Chad,TCD,2025,8,24.0602,19.3175,28.339,9.0215,28,17.7844,16.1955,21.1272,15,43.0624,37.3956,48.1688,11,23.925,20.5133,28.0038,26,33.668,31.3548,34.8881,7,23.7041,20.3818,28.5312,16,36.3572,28.9476,40.698,35,18.2001,16.499,19.9298,7,29.6138,10.8991,29.7039
Chile,CHL,2009,8,78.9045,78.2165,79.5867,1.3702,28,79.9428,78.6981,81.1741,18,68.8798,65.7305,72.8333,12,46.757,45.8459,47.7063,29,81.2902,81.2311,85.5955,22,65.712,63.6996,67.0131,16,66.2494,64.8042,67.0513,51,53.8244,53.0249,54.7493,10,73.0656,72.0672,74.0408
Chile,CHL,2010,8,78.4974,78.0,78.9917,0.9917,28,80.2947,79.1428,81.6119,20,73.2731,72.6452,73.7868,12,45.6319,44.6686,46.6364,29,82.4068,80.7781,85.6558,22,58.5633,56.8224,60.1036,16,65.3916,64.1522,66.6175,51,54.1214,53.265,55.0546,10,72.3709,71.3314,73.3408
Chile,CHL,2011,8,77.7382,77.2151,78.2579,1.0428,28,80.4901,79.3425,81.8153,20,73.471,72.8384,73.9318,12,43.7356,42.7106,44.7083,29,82.3432,80.3216,85.6863,22,55.1058,53.6397,56.427,16,65.6127,63.9994,66.5741,51,54.6401,53.7679,55.5524,10,70.7611,69.5723,71.626
Chile,CHL,2012,8,77.9645,77.4208,78.5046,1.0838,28,80.2162,79.0071,81.366,20,73.6979,73.0263,74.1708,12,45.0447,44.0464,46.0099,29,81.6604,79.6708,85.2981,22,55.0895,53.2556,56.4781,17,65.9115,64.5299,66.9372,51,57.5723,56.6882,58.6229,10,69.1413,67.8788,69.9913
Chile,CHL,2013,8,78.0696,77.4812,78.6536,1.1724,28,80.1098,79.1702,81.623,20,73.8341,73.1939,74.3065,12,46.7306,45.7552,47.624,29,81.7636,78.7283,84.5079,23,55.2516,53.5052,56.2151,17,65.5479,64.2628,66.7424,51,56.0776,55.2367,57.1167,9,69.8248,66.4316,71.1324
Chile,CHL,2014,8,77.6137,77.2485,77.9772,0.7287,28,80.7071,79.5909,81.9836,20,74.5028,73.8899,75.071,12,47.6167,46.5248,48.5967,31,77.639,76.823,78.3617,23,54.6662,52.9351,55.61,17,66.5182,65.8038,68.0709,51,56.7565,55.8937,57.6912,10,67.9009,67.0149,69.0378
Chile,CHL,2015,8,78.4096,78.0418,78.7758,0.734,28,81.4135,80.183,82.6425,20,74.4202,73.7751,74.9327,12,47.809,46.9153,48.6782,31,77.2848,76.4295,78.0699,23,59.6276,58.104,60.9002,17,68.2652,66.919,69.3928,51,56.1373,55.2937,57.0504,10,67.6366,66.7821,68.7185
Chile,CHL,2016,8,78.1321,77.6351,78.626,0.9909,28,81.0735,79.9586,82.445,20,73.5902,73.054,74.1328,12,44.2259,43.1771,45.2765,31,76.4277,75.5323,77.2349,23,64.1375,60.404,66.0297,17,70.0359,68.7429,71.2404,51,53.0459,52.2122,53.9188,10,67.2044,66.444,68.2413
Chile,CHL,2017,8,77.9754,77.2283,78.7157,1.4874,28,81.4855,80.4533,82.8225,16,73.0706,71.002,76.7278,12,45.93,44.8536,46.8979,31,75.7334,74.8652,76.4908,24,61.7779,57.6588,63.2221,15,69.3516,64.4986,71.2609,51,55.8238,54.9904,56.8692,10,66.1207,65.0095,67.2971
Chile,CHL,2018,8,80.0195,78.7875,81.2331,2.4456,28,81.4858,80.3324,82.7051,16,77.6512,70.2352,77.9976,11,60.1827,46.6937,63.1571,31,73.8801,72.7463,74.5228,24,62.8469,58.6515,64.1795,15,69.8311,65.0276,71.7493,51,56.9,56.0475,57.8302,10,64.0336,63.1224,65.1062
Chile,CHL,2019,8,79.0173,77.891,80.1281,2.2371,28,80.6883,79.6045,82.0239,16,75.5101,71.6519,77.8132,11,52.5646,46.6768,63.0808,31,74.8322,73.8057,75.4922,24,61.1419,57.0653,62.0149,15,70.8281,68.0946,72.6647,51,59.4341,58.5017,60.4791,10,63.2641,62.3141,64.2825
Chile,CHL,2020,8,77.6334,76.433,78.8159,2.3829,28,80.1189,79.2054,81.5486,13,72.9132,72.1251,78.2047,11,47.504,47.0328,64.0175,31,74.5331,73.4798,75.1521,24,59.2613,55.1581,60.6574,15,72.8983,70.0022,74.7061,45,58.3553,56.9129,59.8536,10,61.5904,60.6634,62.538
Chile,CHL,2021,8,78.5612,77.8396,79.2764,1.4368,28,79.8321,78.8422,81.2359,14,75.8048,71.8305,76.8419,12,53.7877,49.9968,55.6707,30,74.6275,73.6689,75.8535,15,62.2608,59.9209,63.2496,15,71.8364,68.5035,74.2847,45,58.639,57.2745,59.9151,9,57.863,55.626,58.633
Chile,CHL,2022,8,77.5868,76.91,78.2579,1.3479,30,80.0442,78.2343,82.1056,15,72.8071,70.8051,75.5987,12,53.2123,50.2138,53.7528,29,73.4122,72.6387,75.0513,15,60.8101,57.3463,61.8076,15,73.1688,69.7654,74.7623,45,56.2995,54.9597,57.5613,10,57.7367,56.9784,58.7934
Chile,CHL,2023,8,77.3927,76.5228,78.2532,1.7304,30,79.4465,77.7968,81.472,15,70.9681,67.639,72.676,12,51.8905,49.8259,53.3882,28,75.4778,72.874,76.0922,15,59.9048,57.6287,61.2625,16,75.2795,68.8611,78.3643,43,52.8793,51.4269,54.2616,9,59.6881,56.9826,60.3782
Chile,CHL,2024,8,77.1715,76.5902,77.7486,1.1584,30,79.6297,78.0088,81.6636,17,68.7046,68.0097,69.3001,12,54.1183,51.561,54.7958,28,74.4684,73.0842,76.1902,15,60.6822,57.6459,61.8223,19,72.6176,69.8988,73.5725,43,54.6224,53.0677,56.0536,9,59.7106,57.1725,60.7044
Chile,CHL,2025,8,76.8143,76.1895,77.4343,1.2448,30,80.0241,78.1664,81.8882,17,68.0039,66.6081,68.4899,12,53.7254,51.4602,55.0087,28,74.5573,72.0867,75.2758,15,59.2052,56.4909,61.1973,19,72.515,69.7019,73.6684,43,52.1712,50.5295,53.7625,9,61.5547,58.5689,62.1227
China,CHN,2009,8,68.6882,67.2421,70.1064,2.8643,27,28.4553,27.2216,30.3478,17,51.955,50.3165,56.902,12,56.8307,55.7394,57.6277,28,67.0601,63.9034,67.2084,19,64.9505,60.5194,69.2683,8,65.9812,62.7239,78.5035,52,58.2512,57.2704,59.2175,10,58.8495,57.4539,59.7312
China,CHN,2010,8,69.8315,68.3889,71.2466,2.8577,27,29.2437,27.663,30.7591,19,53.0997,50.5118,55.6883,12,55.1142,54.0025,56.0683,28,66.5248,65.9965,69.1223,19,61.8063,57.9192,67.0982,8,73.3703,64.9071,81.269,52,59.5992,58.598,60.6253,10,61.8783,60.5983,62.6572
China,CHN,2011,8,70.2523,69.0679,71.4182,2.3503,27,29.2345,27.8,30.7044,19,54.1224,52.6989,57.1176,12,50.6637,49.6083,51.6016,31,68.9865,68.2207,69.8736,19,61.9621,58.5619,66.7521,12,74.874,72.5689,85.4132,52,60.6653,59.6651,61.7123,10,62.3074,61.0245,63.0676
China,CHN,2012,8,71.4054,70.2453,72.548,2.3027,27,29.6899,28.3107,31.2965,19,55.5372,54.2569,59.1364,12,51.1693,50.2199,52.0762,31,70.463,69.7309,71.2699,19,61.9327,59.0309,66.9163,12,78.15,74.4852,87.3347,52,63.1327,62.1766,64.218,10,61.1548,59.863,61.997
China,CHN,2013,8,71.8433,70.6651,73.0033,2.3382,27,29.9943,28.4886,31.579,19,59.3376,55.8619,60.7929,12,51.0167,50.1001,51.9326,31,70.8631,70.0682,71.7316,21,64.3774,59.5544,66.8902,13,76.0406,74.544,87.1028,52,61.093,60.1756,62.1718,8,60.7995,56.5401,62.6513
China,CHN,2014,8,72.6578,71.5593,73.7406,2.1813,27,29.3585,27.7861,31.1951,19,61.5827,58.5492,63.0173,12,50.8627,49.9199,51.7698,31,72.1124,71.2663,72.9069,21,67.0361,62.5327,70.3031,13,74.4318,73.7656,86.1405,52,61.9924,60.957,63.0902,10,61.3145,60.3428,62.1861
China,CHN,2015,8,74.2518,73.1484,75.3398,2.1914,27,30.0137,28.6224,32.3574,19,62.7371,59.4532,64.4424,12,50.3179,49.295,51.2132,31,73.6379,72.7359,74.4224,21,72.7525,66.13,73.4528,14,76.7286,72.8791,85.6744,52,63.3399,62.3695,64.4234,10,60.6868,59.7943,61.5336
China,CHN,2016,8,73.6018,72.498,74.69,2.192,27,30.4951,29.1256,32.6348,19,63.831,62.2075,65.8477,12,46.8753,45.9002,47.8704,31,74.5998,73.7826,75.321,22,66.0214,63.9348,71.9911,14,83.3725,74.7274,87.4444,52,60.715,59.7021,61.7691,10,59.3309,58.426,60.2975
China,CHN,2017,8,73.8694,72.7498,74.9731,2.2233,27,31.2004,30.0463,33.6439,16,60.9807,60.3538,66.6385,12,47.5247,46.504,48.4919,31,76.0607,75.1311,76.8553,23,75.6627,71.8675,80.0074,12,72.3374,67.8998,79.1924,52,67.0621,65.9517,68.2804,10,56.6619,55.7442,57.6114
China,CHN,2018,8,74.8611,73.6776,76.0269,2.3493,27,32.2968,30.977,34.3898,16,62.9057,61.5842,67.7377,11,52.9668,49.0649,60.2956,31,80.1334,79.0785,80.7653,22,71.1975,69.3108,77.7301,13,73.3182,67.6643,75.7864,52,68.6842,67.7004,69.9129,10,54.1075,53.0969,55.0263
China,CHN,2019,8,76.2856,75.1671,77.3885,2.2214,27,31.9809,30.7647,33.7063,13,67.6675,62.633,69.2357,11,56.1293,49.0802,59.573,31,80.929,79.9556,81.6047,22,69.9929,67.6094,75.5318,13,73.943,67.6278,76.4009,52,72.1072,70.9455,73.4672,10,53.5601,52.6417,54.5348
China,CHN,2020,8,79.3054,78.1729,80.4222,2.2493,27,32.4352,31.325,34.4143,13,73.7012,70.4745,75.9035,11,62.4877,59.2612,72.763,31,86.5666,85.3607,87.3604,22,71.5355,68.9948,76.3222,13,79.6474,75.656,82.3892,46,71.1466,69.0027,73.1319,10,51.9505,50.98,52.9964
China,CHN,2021,8,78.8553,77.7476,79.948,2.2004,27,32.8732,31.0033,33.9118,14,76.4129,70.833,76.6751,11,62.363,59.0428,72.0228,31,87.487,86.3764,88.28,15,66.6126,64.1977,68.8994,13,81.1136,77.4235,83.7988,46,67.9598,65.8055,69.9401,9,50.7612,44.6071,51.3763
China,CHN,2022,8,76.2375,75.3956,77.0706,1.675,29,35.3294,33.2969,37.2327,15,73.1193,71.9307,75.7007,11,56.6019,54.6308,62.6556,27,83.6373,83.0929,85.6409,15,63.6201,60.9691,66.2468,13,83.5494,79.3725,85.4745,46,61.3954,59.52,63.2061,10,48.5383,47.5019,49.3656
China,CHN,2023,8,76.9897,76.0396,77.9287,1.8891,29,35.2976,32.9871,37.0868,15,76.4431,73.3617,77.0751,11,56.365,52.6386,58.9259,27,84.4738,83.6304,86.3664,15,65.1392,62.9625,67.6379,14,83.5489,78.448,88.6498,45,63.1621,61.0179,65.1699,9,46.6772,44.2167,47.5201
China,CHN,2024,8,77.7578,76.8372,78.6679,1.8307,29,35.1073,32.8168,36.9035,16,76.0341,75.0429,77.6486,11,56.532,52.3572,58.4292,27,85.4802,84.3062,87.1094,15,68.5275,64.6694,70.4315,14,84.5388,81.9701,90.8583,45,63.703,61.4741,65.5794,9,47.0012,43.1287,47.5512
China,CHN,2025,8,78.9955,78.0958,79.8852,1.7894,29,37.3731,34.2201,38.2246,16,78.117,76.425,78.6817,11,57.1744,53.241,58.4089,27,85.9997,85.0032,87.5412,15,69.6051,66.4923,72.3223,14,87.3347,82.3289,91.3726,45,63.1677,61.033,65.0326,9,48.1779,44.126,48.9226
Colombia,COL,2009,8,64.2916,63.4447,65.1285,1.6838,28,53.182,52.9518,55.2198,18,60.172,57.5389,63.6345,12,50.5526,49.6795,51.4803,28,67.5911,66.1502,71.3662,23,54.6272,53.1372,55.6239,16,43.1296,41.0251,45.7374,51,37.7438,37.0229,38.5035,10,58.2258,56.9876,58.8517
Colombia,COL,2010,8,61.9212,61.2545,62.5814,1.3269,28,53.5581,52.5831,54.7558,20,60.4178,59.7097,60.8821,12,46.5707,45.6975,47.5965,28,67.3219,65.5334,70.731,23,46.3204,44.7439,47.2733,16,44.713,43.7307,48.4409,51,34.4252,33.606,35.2024,10,56.5347,55.3657,57.2546
Colombia,COL,2011,8,61.5522,60.8666,62.2311,1.3645,28,54.3788,53.5467,55.5228,20,60.1729,59.4898,60.6484,12,43.2908,42.2606,44.2341,28,68.3996,65.6716,70.5882,23,43.7762,42.373,44.6309,16,47.1683,43.9256,49.0214,51,34.8977,34.1575,35.6437,10,55.4911,54.2568,56.3028
Colombia,COL,2012,8,62.7178,62.0196,63.4091,1.3895,28,56.243,55.0054,57.2432,20,60.8468,60.205,61.338,12,45.0122,44.0471,45.8739,28,66.6162,66.3565,71.9471,23,43.8329,42.4025,45.0516,16,48.76,45.6685,50.4425,51,39.2165,39.0809,39.352,10,55.5702,54.1984,56.381
Colombia,COL,2013,8,62.0136,61.2025,62.8153,1.6128,28,56.6609,55.4302,57.6107,20,60.6309,59.9495,61.1208,12,44.717,43.7448,45.6535,28,66.4385,65.9833,71.0528,24,42.316,41.1276,43.2396,16,47.4997,46.5943,51.8369,51,39.6078,39.4899,39.7257,9,53.9803,51.492,56.7917
Colombia,COL,2014,8,63.1859,62.6138,63.7533,1.1395,28,55.8625,54.8972,57.0799,20,61.7125,61.0353,62.218,12,45.4407,44.489,46.331,30,66.5338,65.8028,68.1305,24,40.2063,38.9423,41.0334,16,52.4627,49.2208,55.0527,51,41.0683,41.0161,41.1205,10,56.0703,55.2222,57.1317
Colombia,COL,2015,8,63.6626,63.1344,64.1868,1.0524,28,56.6528,55.298,57.5906,20,62.3367,61.6947,62.8426,12,45.1459,44.2168,45.98,30,66.0681,65.7505,67.9574,24,41.1769,39.9058,41.9228,16,53.6308,49.9134,55.1202,51,41.8192,41.8007,41.8376,10,55.7899,54.9521,56.8365
Colombia,COL,2016,8,63.961,63.3398,64.5768,1.237,28,57.2081,55.878,58.1271,20,62.1153,61.4814,62.5879,12,42.5479,41.7199,43.5329,31,65.6751,64.9853,66.5101,22,44.7314,42.2654,46.8882,17,56.8451,52.6303,57.7838,51,39.0562,38.326,39.7506,10,56.0201,55.1257,56.9995
Colombia,COL,2017,8,64.5451,63.8508,65.2325,1.3817,28,57.8697,56.6173,58.9868,16,61.6212,58.6028,64.8986,12,43.0275,42.1019,43.9935,31,65.2615,64.5917,66.1051,24,44.3256,42.4797,45.621,16,58.6658,57.2485,59.5286,51,41.1039,41.0533,41.1545,10,56.6963,55.7465,57.7694
Colombia,COL,2018,8,62.641,61.838,63.4348,1.5968,28,57.7449,56.3595,58.7376,16,60.8745,57.8578,64.0686,12,36.0191,33.9611,39.3675,31,63.2971,62.2153,63.9583,24,42.8772,40.7655,43.9961,16,58.5033,58.4201,60.8237,51,40.5353,40.4591,40.6115,10,55.8935,54.9376,56.6992
Colombia,COL,2019,8,63.5418,62.7815,64.2939,1.5124,28,57.0239,56.3083,58.7769,16,60.7161,59.0527,64.8937,12,41.4127,38.4872,44.3382,31,63.9051,62.7798,64.5492,25,42.0662,41.0028,43.3167,17,59.4031,58.4328,60.3823,51,41.5505,41.52,41.581,10,56.0059,55.0245,56.9784
Colombia,COL,2020,8,63.7359,62.9414,64.5215,1.5801,28,57.6927,55.9837,58.5669,13,62.3972,59.8322,66.6683,11,38.2021,35.3797,40.769,31,64.5155,63.5097,65.236,25,41.2972,40.28,42.6175,17,63.5692,62.6665,64.6528,45,40.2886,40.0819,40.4954,10,54.9919,54.0043,55.9679
Colombia,COL,2021,8,65.0891,64.2536,65.9149,1.6613,28,57.162,56.2897,58.7753,14,64.5435,61.0821,66.7363,11,40.4181,36.0423,41.8547,31,66.6363,65.5537,67.3391,16,41.9569,40.4584,42.7875,17,65.1981,64.2665,66.1229,45,44.5285,44.5125,44.5445,9,51.4382,46.0636,52.1004
Colombia,COL,2022,8,65.3564,64.7238,65.9835,1.2597,30,57.0729,55.1897,58.6668,15,63.1479,61.7579,66.784,11,40.606,38.3729,41.1495,29,66.6466,64.9778,68.126,16,40.8975,39.2489,41.6914,17,68.1779,67.2566,69.25,44,45.536,45.5066,45.5654,10,51.9851,51.1656,52.9663
Colombia,COL,2023,8,64.2136,63.197,65.2159,2.0189,30,56.8818,55.4476,59.1162,15,62.2261,60.234,64.9707,12,39.8052,37.3722,40.2663,29,65.2043,64.3026,67.5334,16,40.2789,38.9039,41.2788,16,67.6069,66.9694,76.5255,43,41.6405,41.4946,41.7865,9,52.7255,48.7933,53.6994
Colombia,COL,2024,8,66.2142,65.5376,66.8845,1.3469,30,57.8251,56.1996,59.5758,17,63.3302,62.2256,63.8132,12,43.3132,40.9412,43.895,29,66.7233,65.2627,68.2505,16,40.7157,38.7785,41.5589,19,70.424,66.7244,71.5434,43,44.3519,44.3279,44.3758,9,53.5349,49.6403,54.1524
Colombia,COL,2025,8,65.7536,65.0488,66.4515,1.4027,30,58.0696,56.687,60.3369,17,63.2609,60.5652,63.738,12,43.5928,41.561,44.3526,29,65.0642,64.2705,67.0927,16,38.9367,37.4732,40.0231,19,70.8535,67.5441,71.9868,43,42.8153,42.7223,42.9084,9,54.7505,50.4467,55.5898
Comoros,COM,2009,7,45.9433,40.5319,50.8954,10.3635,26,29.2201,27.618,31.5718,6,46.4123,44.1385,55.2416,,,,,7,54.3035,52.2703,57.7831,10,37.5033,30.6263,44.502,4,26.0119,17.0779,34.9459,19,29.3884,27.0328,32.1906,6,47.8209,31.8171,52.0252
Comoros,COM,2010,7,46.7006,41.7168,51.2955,9.5787,26,29.4166,26.5201,30.4156,6,51.8954,45.471,56.1775,,,,,8,55.3427,52.453,58.1023,10,34.893,29.485,42.5549,4,30.0172,24.3095,34.0922,19,33.4266,33.0305,33.8226,6,40.0854,31.0091,51.5318
Comoros,COM,2011,7,47.6462,42.7988,52.1284,9.3296,26,28.3824,27.4946,31.1851,6,50.5913,44.6493,55.8492,,,,,8,52.2577,51.9929,58.2469,10,43.413,37.3152,49.5108,9,30.4839,25.0363,34.7417,19,32.8003,32.3761,33.2246,6,42.0708,33.7292,51.6432
Comoros,COM,2012,7,47.5071,42.3523,52.2503,9.898,26,27.6382,26.84,30.6475,6,44.7054,39.3468,50.0639,,,,,8,56.405,52.6473,58.6166,10,36.4543,30.4048,43.6118,9,30.7756,23.7151,35.4547,19,33.6221,33.2348,34.0094,6,47.2543,28.5639,48.9294
Comoros,COM,2013,7,47.4938,43.0018,51.6702,8.6684,26,30.5948,27.255,31.2426,6,55.2412,46.7484,57.2646,,,,,8,53.8852,52.9337,58.9012,11,34.8206,29.5837,43.8788,9,31.5035,23.9928,35.0802,19,28.6321,25.8759,31.3482,6,40.9353,27.5932,48.5137
Comoros,COM,2014,7,46.3788,41.6634,50.7432,9.0798,26,28.0688,27.7902,31.7593,6,50.3925,47.5694,57.101,,,,,8,56.4977,53.7265,59.1669,11,33.3901,30.1103,43.1837,9,33.5997,27.5966,39.0164,19,31.2414,30.747,31.7358,6,40.6765,27.1093,48.1723
Comoros,COM,2015,7,46.7626,42.0247,51.1479,9.1232,26,28.4979,28.0233,31.9763,6,49.2366,47.2442,56.1537,,,,,8,57.7419,54.3658,59.7765,11,35.0522,30.3345,43.1681,9,34.3943,28.8959,39.2747,19,31.3624,30.8734,31.8513,6,34.8584,29.0825,48.8899
Comoros,COM,2016,7,48.1413,44.258,51.788,7.53,26,28.3344,27.2939,31.2512,6,56.2717,46.3748,56.5199,,,,,8,54.4731,53.964,59.9032,6,34.6072,32.9831,40.633,9,39.3018,32.2844,42.0713,18,32.8334,32.4106,33.2562,6,36.8128,27.7807,48.8549
Comoros,COM,2017,7,49.863,44.3758,54.8971,10.5213,26,30.618,27.5781,31.2698,5,54.4812,46.4287,56.5636,,,,,8,59.0924,53.8241,59.8277,6,32.4619,28.6742,36.2496,8,34.6703,29.3059,39.4629,17,35.2592,34.9456,35.5729,5,38.47,27.321,41.5393
Comoros,COM,2018,7,45.5854,41.5419,49.366,7.8241,26,29.1981,28.1051,31.7857,5,65.0268,60.4667,65.4414,,,,,8,54.7011,50.1117,58.6687,6,36.0286,32.8286,40.5448,10,30.8529,26.1423,35.8904,17,31.9991,31.5388,32.4594,6,11.9912,3.7335,20.249
Comoros,COM,2019,7,47.094,42.9221,50.9911,8.069,26,27.7386,26.22,30.2168,5,63.0517,58.4526,64.0657,,,,,8,55.1193,48.8963,58.7511,6,39.2134,33.4658,40.4643,10,33.2005,27.6429,37.587,17,32.7655,32.3397,33.1913,6,21.0319,17.0093,33.1125
Comoros,COM,2020,7,45.7831,40.5864,50.5541,9.9677,26,23.1114,22.3861,26.2776,5,61.0766,56.4385,62.69,,,,,8,52.0128,50.9454,59.7161,7,36.2498,32.5446,39.535,10,31.1018,29.8905,39.9536,16,31.9607,31.3791,32.5422,6,30.0726,22.2273,37.918
Comoros,COM,2021,7,45.7726,40.3374,50.7437,10.4063,26,24.6112,22.5567,26.7373,5,59.1015,54.4243,61.3143,,,,,8,54.6258,50.4678,59.2505,5,35.094,25.8644,36.9349,11,35.8995,30.2556,39.7874,16,31.1385,30.52,31.757,4,27.8409,17.6678,34.9537
Comoros,COM,2022,6,46.7354,42.1567,50.9839,8.8272,26,24.0742,19.8103,26.2089,5,57.1264,52.4102,59.9386,,,,,8,54.6376,49.5926,58.7106,5,34.7647,26.0442,37.1446,11,38.0826,32.0776,41.9102,16,33.3634,32.8449,33.8818,,,,
Comoros,COM,2023,6,47.6518,42.6482,52.2673,9.6191,26,20.6796,19.1504,25.0829,5,55.1512,50.3961,58.5629,,,,,8,56.2676,50.3679,59.0708,5,35.8384,25.8841,37.4105,11,44.9215,39.4454,52.8829,15,37.0776,36.7264,37.4289,,,,
Comoros,COM,2024,6,44.5302,41.3971,47.5015,6.1044,26,24.6292,19.6449,25.2132,6,51.201,46.3679,55.8115,,,,,8,51.9139,50.4486,58.6728,5,26.9027,21.5541,32.2514,11,48.2297,37.3404,50.6121,15,33.2373,32.7132,33.7614,,,,
Comoros,COM,2025,6,46.2615,42.7525,49.5722,6.8197,26,25.2753,21.6773,27.4191,6,51.201,46.3679,55.8115,,,,,8,59.0823,47.5838,59.6033,5,32.8284,26.852,37.9671,11,44.4609,36.2695,50.2735,15,33.1003,32.5701,33.6306,,,,
Costa Rica,CRI,2009,8,76.7124,76.0608,77.3587,1.2979,27,74.6,73.375,75.8777,18,64.657,62.1584,67.0856,12,71.1257,70.1841,71.9168,28,80.1278,79.1317,83.7977,19,55.8991,53.6349,58.9317,18,56.0951,55.2553,57.0145,51,51.6323,50.8012,52.467,10,66.7696,65.743,67.6147
Costa Rica,CRI,2010,8,75.7223,75.129,76.3112,1.1822,27,75.5301,74.1897,76.6302,20,63.696,63.0309,64.176,12,69.1819,68.2589,70.0316,28,81.0711,78.9791,83.9466,19,48.8491,46.7952,52.6971,18,56.228,55.317,57.246,51,51.5687,50.7558,52.4513,10,67.5573,66.2866,68.4768
Costa Rica,CRI,2011,8,74.9944,74.2759,75.7064,1.4305,27,75.9832,74.695,77.0478,20,63.7268,63.1012,64.2628,12,67.0768,66.1881,67.9161,28,80.635,79.4709,84.9681,18,44.8615,38.8533,46.2215,18,56.4677,55.5804,57.4692,51,52.0667,51.2194,52.9337,10,67.4876,66.304,68.3952
Costa Rica,CRI,2012,8,74.3496,73.6456,75.0473,1.4017,27,75.7558,74.4392,76.8853,20,63.0184,62.3534,63.5452,12,66.2003,65.2639,67.0326,28,79.1819,78.3796,83.8896,20,42.8532,42.1277,48.9874,18,57.325,56.4099,58.3338,51,51.9209,51.0137,52.853,10,67.402,66.1513,68.2958
Costa Rica,CRI,2013,8,74.5429,73.9506,75.1308,1.1802,27,75.6658,74.8727,77.0556,20,62.7992,62.1785,63.3221,12,67.1254,66.2096,67.9209,29,82.4502,79.2258,83.8561,21,41.5581,40.2183,46.0301,18,58.4998,57.6371,59.5336,51,51.5067,50.7134,52.3872,10,65.4391,64.6989,66.4779
Costa Rica,CRI,2014,8,75.393,74.8123,75.9693,1.157,27,76.6669,75.3911,77.7231,20,64.0703,63.4492,64.5897,12,67.012,66.0829,67.876,31,80.8269,79.8054,81.4857,21,42.9202,40.0306,47.049,18,60.0398,59.1414,61.0199,51,53.8568,53.0657,54.729,10,66.4187,65.6773,67.491
Costa Rica,CRI,2015,8,74.9507,74.5555,75.3438,0.7883,27,77.0292,75.6928,78.1144,20,64.6313,63.9724,65.1498,12,65.3619,64.4697,66.2432,31,80.1281,79.1468,80.8019,22,42.5012,41.343,45.0137,18,60.0306,59.1369,61.0397,51,54.0273,53.1437,54.906,10,64.7295,63.9443,65.8348
Costa Rica,CRI,2016,8,74.2388,73.6292,74.8436,1.2144,27,77.9529,76.7231,78.9826,20,64.2019,63.5366,64.7228,12,61.5019,60.5259,62.4076,31,78.9044,77.9265,79.6105,19,43.695,42.0293,49.1812,18,61.6253,60.815,62.7658,45,49.9333,48.3714,51.5033,10,64.9312,64.1452,65.8909
Costa Rica,CRI,2017,8,74.354,73.566,75.1342,1.5682,27,78.2309,77.2547,79.4514,16,64.2907,61.3736,67.4281,12,61.5689,60.6237,62.4632,31,77.7101,76.7664,78.3836,19,44.8647,42.302,49.7439,16,61.4478,60.306,62.5665,45,51.0989,49.6477,52.7112,10,64.6161,63.6089,65.7479
Costa Rica,CRI,2018,8,74.0442,73.2499,74.8303,1.5804,27,78.4661,77.1587,79.646,16,63.4932,61.186,66.9949,12,61.1315,57.9966,64.2039,31,76.2535,75.313,77.0117,22,45.2822,43.5771,49.5056,16,62.1517,61.0841,63.3388,45,52.7378,51.0975,54.3932,10,62.466,61.5112,63.5642
Costa Rica,CRI,2019,8,73.6716,72.8693,74.4655,1.5962,27,78.3884,77.0847,79.5336,16,64.3471,61.2667,67.3831,12,60.8882,55.9794,61.7271,31,75.2127,74.1659,75.9035,22,45.002,44.0694,50.2816,16,61.9861,60.9084,63.2213,45,51.3998,49.6186,53.0657,10,61.8386,60.8422,62.8517
Costa Rica,CRI,2020,8,73.7249,72.9997,74.4432,1.4435,27,78.0774,76.803,79.3503,13,64.3504,61.1707,67.0687,12,59.7988,57.3093,62.64,31,75.0291,73.9558,75.7071,22,45.4927,44.0619,49.355,16,65.1875,64.0993,66.2593,45,51.0406,49.9568,52.349,10,60.4038,59.5281,61.5126
Costa Rica,CRI,2021,8,74.8608,74.2037,75.5124,1.3087,27,78.9892,77.7726,80.2341,14,64.5215,63.8123,68.9178,12,63.5179,60.7765,66.2594,31,75.6276,74.5116,76.3321,14,43.7488,42.9093,46.3839,16,65.9474,64.7955,66.9657,44,55.0259,53.7259,56.4881,9,61.4635,59.6776,62.4811
Costa Rica,CRI,2022,8,75.3364,74.7664,75.9022,1.1358,29,77.7497,76.3048,79.8761,15,64.9212,62.2067,66.8043,12,63.1665,60.7943,63.879,30,76.2928,74.1487,76.6405,14,47.4107,45.2016,48.3299,16,67.5576,66.5807,68.6765,44,52.577,51.1965,53.9258,10,61.9604,61.2792,62.9317
Costa Rica,CRI,2023,8,73.2523,72.4123,74.0832,1.6709,29,77.6013,75.636,79.5292,15,63.0702,60.3361,65.0463,12,60.0058,57.8356,60.7071,30,73.1962,71.6863,74.1109,15,45.647,44.2371,46.5213,17,67.8753,65.0718,74.0871,43,45.9035,45.8576,45.9494,9,62.4792,60.4145,63.7521
Costa Rica,CRI,2024,8,74.1445,73.6456,74.6403,0.9947,29,76.9393,75.1177,79.0647,17,64.1147,63.4412,64.5823,12,61.878,59.2507,62.2805,30,72.6565,71.6585,73.9318,15,46.7697,45.4905,47.6469,20,69.8015,67.4408,70.8599,43,47.3181,47.2085,47.4276,9,62.9774,60.5635,64.2596
Costa Rica,CRI,2025,8,74.7711,74.2579,75.2809,1.023,29,76.916,75.1387,78.9676,17,65.3929,64.6845,65.9283,12,61.8543,59.6095,62.6893,30,71.4232,70.7302,73.0772,15,46.5688,45.3018,47.5482,20,70.9944,68.3685,72.0486,43,49.2477,49.0513,49.4441,9,64.8148,61.7962,65.7965
Croatia,HRV,2009,8,70.0606,68.6715,71.4242,2.7527,27,64.0074,63.379,65.3985,18,59.3991,55.1751,60.247,12,45.5497,44.4659,46.4615,30,69.5838,68.7171,70.5857,19,59.4089,50.9388,65.9992,15,59.5115,53.385,63.4915,49,43.1246,43.0842,43.1649,10,66.5246,65.3155,67.3998
Croatia,HRV,2010,8,68.7509,67.3511,70.1246,2.7735,27,64.3897,63.6691,66.005,20,58.0461,57.3952,58.5864,12,43.0202,41.9729,44.2128,30,68.9568,68.334,70.325,19,55.4591,48.6171,64.4199,15,60.0937,53.1721,62.6725,49,42.0657,42.0583,42.073,10,66.0954,64.8844,66.946
Croatia,HRV,2011,8,68.0588,66.7833,69.3125,2.5292,27,65.6906,64.8564,66.9968,20,57.3271,56.6513,57.8613,12,38.0082,36.9146,39.1302,30,68.8483,68.1143,69.9043,19,63.2066,56.3532,70.06,15,53.0421,52.2631,61.152,49,41.5383,41.5072,41.5694,10,64.9281,63.6215,65.6584
Croatia,HRV,2012,8,66.514,65.1225,67.8793,2.7568,27,65.6179,64.7723,67.0672,20,56.7782,55.9935,57.2871,12,37.1597,36.1036,38.2183,30,68.3656,67.6966,69.7401,19,50.8847,45.1902,59.7204,15,57.9612,52.6134,62.7472,49,42.1979,42.1965,42.1993,10,63.9423,62.534,64.7865
Croatia,HRV,2013,8,67.0473,65.927,68.1507,2.2237,27,66.6527,65.4929,67.7,20,55.9052,55.1226,56.429,12,38.2419,37.2138,39.4336,30,68.1921,66.8877,69.0521,20,52.9725,47.1421,57.398,15,57.794,51.0643,61.1328,49,42.4721,42.4611,42.483,10,64.7166,63.9051,65.8584
Croatia,HRV,2014,8,66.838,65.6535,68.0035,2.35,27,65.8947,64.8778,66.9527,19,56.4024,54.232,56.9594,12,39.9419,38.9853,40.8925,30,67.8868,67.4158,69.501,20,48.8626,46.2519,56.8912,15,56.5385,51.9894,61.7,49,44.4899,44.3881,44.5916,9,65.7362,64.008,68.0418
Croatia,HRV,2015,8,66.1962,65.0496,67.3248,2.2752,27,66.2063,64.8107,67.1031,19,55.309,53.6921,56.0362,12,41.0108,39.9722,41.961,30,67.5441,66.7923,68.769,20,47.4108,45.163,55.1566,15,55.1226,51.4666,60.7646,49,44.1828,44.0949,44.2708,9,65.0551,63.6638,67.6916
Croatia,HRV,2016,8,65.4384,64.3353,66.5248,2.1895,27,66.2636,65.1746,67.4544,19,54.4945,53.2845,56.2199,12,37.0599,36.0009,38.0227,30,66.5291,65.8789,67.9465,19,49.3598,44.3329,53.422,15,56.5969,53.5291,62.9943,49,41.2063,41.1603,41.2523,9,64.788,63.6314,67.829
Croatia,HRV,2017,8,66.1697,64.8405,67.4748,2.6343,27,66.0042,65.1262,67.2467,15,59.3678,49.9881,59.8001,12,35.8703,34.8012,36.9179,30,66.6581,65.1665,67.2432,20,46.9118,43.4124,50.6566,13,57.8528,55.0846,64.9663,49,43.0568,43.0195,43.094,9,64.8207,62.973,68.1478
Croatia,HRV,2018,8,63.6023,62.1838,64.9927,2.8089,27,66.3123,65.4721,67.8161,15,54.6487,48.2724,56.3451,12,31.4311,27.6555,35.446,30,59.7942,58.232,60.4459,20,45.0109,42.7686,50.8706,13,61.6012,57.2,67.3455,49,39.8968,39.7918,40.0017,9,65.797,61.052,66.5427
Croatia,HRV,2019,8,64.0937,62.7803,65.3831,2.6028,27,66.9199,65.5329,67.7773,15,54.2157,47.8764,55.8331,12,30.2809,26.196,32.0316,30,62.0932,59.2197,62.2284,21,44.453,43.2411,48.461,13,68.1255,58.3306,68.2262,49,39.5018,39.3791,39.6245,9,62.3032,58.6796,64.8304
Croatia,HRV,2020,8,63.257,61.8066,64.678,2.8714,27,66.5307,65.2297,67.4726,12,51.5422,45.3981,55.5085,12,30.5919,26.6656,32.8368,30,60.3784,59.5335,61.8008,21,44.1391,42.9444,47.7362,13,65.8495,63.7777,73.0729,43,40.4178,38.986,42.0437,9,63.4822,57.8007,64.0655
Croatia,HRV,2021,8,63.7984,62.4347,65.1362,2.7015,27,67.3552,66.1173,68.4169,13,51.2439,46.6129,54.4133,12,29.3526,25.4966,32.4316,30,61.7667,60.3524,62.5628,13,44.5711,42.7911,46.242,13,69.3163,65.6841,74.5913,43,41.8057,40.5852,43.2634,8,61.2809,60.837,70.1021
Croatia,HRV,2022,8,67.6811,66.4805,68.8622,2.3817,27,68.6634,66.0639,71.072,14,50.6333,47.0749,55.018,12,31.8511,29.5092,33.0728,29,63.3769,61.5631,64.5077,13,46.0023,43.3486,47.2146,13,79.4265,75.0739,83.7791,42,42.9196,41.6514,44.3159,9,70.359,63.5628,70.9632
Croatia,HRV,2023,8,65.5901,63.9807,67.1642,3.1835,27,68.6437,67.2916,72.0199,12,49.9713,48.2022,56.816,11,31.4102,28.8321,32.7374,26,65.786,63.9728,68.6391,13,45.1057,42.686,46.5991,13,63.7915,60.1719,75.4402,36,43.7227,43.344,44.1014,8,70.0423,64.0064,71.352
Croatia,HRV,2024,8,68.6894,67.6714,69.6935,2.0221,27,71.1146,67.0372,71.8175,14,51.268,46.8963,52.7657,11,39.1536,36.6487,39.9749,26,68.2972,66.406,70.735,13,49.3525,47.6715,51.0334,17,62.6744,60.9898,67.4192,36,49.4022,49.2791,49.5254,8,69.604,64.2245,71.8213
Croatia,HRV,2025,8,67.4802,66.3066,68.6352,2.3286,27,70.4236,67.404,72.333,14,48.4983,45.062,52.0385,11,37.1297,35.6468,39.053,26,69.1294,65.4826,69.8735,13,43.9151,42.2245,46.8825,17,66.8284,62.6271,70.3022,36,45.6313,45.3385,45.9241,8,70.9643,65.3661,72.7385
Cuba,CUB,2009,,,,,,24,29.8437,26.4009,31.5676,8,47.9838,45.0774,57.7852,,,,,8,57.0738,55.6162,61.5364,,,,,,,,,,,,,6,42.0763,28.6332,48.9198
Cuba,CUB,2010,,,,,,24,29.5036,26.383,31.6602,8,57.9372,44.1295,58.0585,,,,,8,59.3288,55.4697,61.5998,,,,,,,,,,,,,6,37.6106,29.8901,49.6347
Cuba,CUB,2011,,,,,,24,29.9927,26.4502,31.9477,8,50.9967,44.4442,57.3288,,,,,8,55.8738,55.504,62.0138,,,,,,,,,,,,,6,41.3242,30.6773,51.8199
Cuba,CUB,2012,,,,,,24,30.3329,27.2268,31.8696,8,46.404,45.0751,58.038,,,,,8,60.3095,55.9506,61.8237,,,,,,,,,,,,,6,45.3252,29.9641,51.6775
Cuba,CUB,2013,,,,,,24,29.5688,27.5112,32.5723,8,48.9761,47.3124,58.842,,,,,8,60.6747,55.9121,62.1281,,,,,,,,,,,,,5,42.6694,26.876,43.9012
Cuba,CUB,2014,,,,,,24,30.5038,28.201,33.0504,8,51.4733,46.2105,58.2403,,,,,8,60.9767,56.7264,63.1985,,,,,,,,,,,,,6,41.9606,25.4196,46.5995
Cuba,CUB,2015,,,,,,24,31.6732,29.1513,34.2331,8,51.8863,45.2282,58.1044,,,,,8,60.1446,56.8956,63.3041,,,,,,,,,,,,,6,40.1731,25.0003,45.0764
Cuba,CUB,2016,,,,,,24,31.5177,30.3686,34.8256,8,50.7519,46.7227,58.5646,,,,,8,59.4263,57.2428,63.569,,,,,,,,,,,,,6,37.8689,19.1325,41.7918
Cuba,CUB,2017,,,,,,24,33.1607,30.5602,35.4455,6,55.0546,45.1398,57.4066,,,,,8,61.3819,56.8741,63.8033,,,,,,,,,,,,,6,37.0536,36.6369,47.5708
Cuba,CUB,2018,,,,,,24,32.5105,30.7159,35.1489,6,52.7681,46.3296,58.125,,,,,,,,,,,,,,,,,,,,,6,35.2873,31.2842,42.8996
Cuba,CUB,2019,,,,,,24,32.8248,30.8907,35.4198,6,52.0095,45.1613,57.3794,,,,,8,60.1503,48.0423,62.3035,,,,,,,,,,,,,6,38.5824,25.6789,38.6605
Cuba,CUB,2020,,,,,,24,33.9681,31.1884,36.1149,6,43.1457,42.51,55.8452,,,,,8,59.8663,50.9712,62.8385,,,,,,,,,,,,,6,27.5923,24.7035,38.8716
Cuba,CUB,2021,,,,,,24,33.6792,31.6114,36.5511,7,56.9346,46.5897,57.9638,,,,,8,61.573,52.9564,62.8268,,,,,,,,,,,,,5,25.3909,12.0228,29.5879
Cuba,CUB,2022,,,,,,24,34.7013,32.8326,39.1556,7,56.0561,44.8237,56.8023,,,,,8,58.6369,54.0649,62.7172,,,,,,,,,,,,,,,,
Cuba,CUB,2023,,,,,,24,32.599,31.702,38.8084,7,45.4593,44.3172,56.8734,,,,,8,60.1071,52.5046,62.9161,,,,,,,,,,,,,,,,
Cuba,CUB,2024,,,,,,24,38.053,32.8162,40.5604,8,52.6689,43.0453,57.4436,,,,,8,57.4286,52.276,62.5726,,,,,,,,,,,,,,,,
Cuba,CUB,2025,,,,,,24,41.0475,37.1204,44.9746,8,48.1965,42.789,56.0524,,,,,8,53.8776,51.2133,62.1315,,,,,,,,,,,,,,,,
Cyprus,CYP,2009,8,87.244,85.3264,89.1198,3.7934,24,82.2365,79.7069,84.4941,17,76.9005,71.1221,76.9574,12,64.9399,63.9085,65.7437,30,84.5662,82.3725,85.3025,16,81.2149,80.5536,87.7144,16,76.2504,70.1677,84.36,51,67.7132,66.6099,68.8239,7,73.4055,63.6942,90.5488
Cyprus,CYP,2010,8,87.0531,85.454,88.6229,3.1689,26,81.1393,79.2835,82.3922,19,77.3018,76.6008,78.0366,12,62.7847,61.8483,63.6228,31,83.3817,82.3848,84.1919,16,72.7727,71.4422,79.3157,16,75.1118,69.7095,83.1638,51,67.0162,65.8493,68.0962,7,85.4675,73.9962,96.0375
Cyprus,CYP,2011,8,87.0417,85.3361,88.7141,3.378,26,80.5801,79.0663,81.8021,19,76.791,76.1671,77.5569,12,60.8073,59.8643,61.639,31,84.141,83.1135,84.8358,16,76.8418,68.3752,77.0,16,74.5099,65.3128,79.8457,51,67.1319,66.1162,68.256,7,83.5601,67.1971,90.3751
Cyprus,CYP,2012,8,85.0737,83.3037,86.8074,3.5037,26,79.6371,78.044,81.0148,19,75.5896,75.1099,76.8226,12,57.9439,57.0034,58.7787,31,83.7877,82.6951,84.5427,19,70.7171,64.2697,71.5796,16,66.9191,61.8751,75.2991,51,65.0475,64.0607,66.0768,7,87.0766,64.0828,88.6676
Cyprus,CYP,2013,8,83.8799,82.2418,85.4866,3.2448,26,78.3783,77.7621,80.6133,19,76.0175,74.6295,76.3662,12,58.1854,57.268,59.02,31,83.0689,81.9974,83.9157,18,64.2184,58.3606,65.7197,16,61.044,53.4496,68.6385,51,62.8437,61.8578,63.9409,6,92.2929,75.2913,98.2886
Cyprus,CYP,2014,8,80.758,78.9626,82.5148,3.5522,26,78.0471,76.6569,79.7082,19,75.1755,73.8751,75.5512,12,61.9912,61.0625,62.8812,31,84.8771,83.6528,85.676,18,52.2655,49.4181,56.5066,16,53.6636,47.2534,61.1115,51,63.5492,62.495,64.5705,7,81.6685,70.5824,93.8646
Cyprus,CYP,2015,8,81.408,79.7548,83.0285,3.2737,26,77.0119,76.1283,79.0582,19,74.6573,73.3469,75.2108,12,63.5563,62.6312,64.2441,31,84.6986,83.4529,85.4667,18,53.2829,47.7241,53.834,18,55.4987,54.1531,57.2644,51,64.7057,63.6967,65.7562,7,83.1858,70.5879,95.3787
Cyprus,CYP,2016,8,78.916,77.5459,80.2631,2.7172,26,77.2412,75.4732,78.211,19,73.3381,71.8155,73.7244,12,59.5027,58.6128,60.2659,31,82.8708,81.6497,83.6562,17,53.8427,45.4096,55.9872,18,54.4492,53.3004,56.1798,51,58.165,57.192,59.1634,7,76.7233,65.0832,82.4118
Cyprus,CYP,2017,8,77.3,75.9857,78.593,2.6073,26,77.1613,76.1611,78.9994,15,69.467,67.0664,73.329,12,53.0177,52.1219,53.874,31,83.0884,81.8024,83.9249,17,49.8854,44.6374,54.8715,15,56.9029,53.9529,61.2534,51,54.1938,53.2649,55.1812,7,79.3809,68.7527,81.251
Cyprus,CYP,2018,8,80.4033,79.0591,81.7256,2.6665,26,77.0666,75.9761,78.6508,15,69.451,66.8564,73.52,12,64.9305,62.1696,67.6914,31,77.4524,76.2666,78.1386,17,52.2701,45.3758,55.8082,15,66.194,62.7574,69.6305,51,57.7544,56.6923,58.8268,7,84.8008,71.2658,85.9313
Cyprus,CYP,2019,8,79.2841,77.9504,80.596,2.6456,26,76.4664,75.41,78.1543,15,69.9028,67.4073,73.432,12,61.7865,57.1756,63.917,31,78.1755,76.8952,78.9745,17,51.3341,47.8483,56.5504,15,63.0553,61.4982,67.8418,51,60.5753,59.5491,61.5901,7,79.3121,72.1864,86.7063
Cyprus,CYP,2020,8,80.9068,79.5935,82.1994,2.6059,26,76.6514,74.7788,77.8567,12,70.3266,67.2198,73.6542,12,64.1459,59.3096,65.4312,31,77.6241,76.6057,78.4654,21,53.9543,50.2106,57.698,15,70.1868,66.756,72.7184,43,58.4518,57.0857,59.8186,7,82.5088,73.5984,89.4398
Cyprus,CYP,2021,8,81.433,80.2038,82.6441,2.4403,26,75.2633,73.8797,76.6752,13,74.3551,68.2081,74.643,12,65.0253,59.7352,66.0109,31,77.774,76.7525,78.5616,14,51.8061,49.5955,52.5571,15,74.0604,70.7482,76.1576,42,59.9466,58.5294,61.4004,6,79.4986,68.8774,84.8129
Cyprus,CYP,2022,8,78.4667,77.1222,79.7889,2.6667,27,72.8583,71.0819,75.3533,14,69.688,68.4642,73.5777,12,62.0327,59.6486,63.0627,27,73.5151,72.1938,76.4444,14,50.8173,47.6262,51.4382,15,76.2945,74.1975,79.3902,42,56.3967,55.0481,57.7239,6,72.5092,62.238,78.9539
Cyprus,CYP,2023,8,76.6883,75.2225,78.1273,2.9048,27,72.3204,70.1,74.2278,14,67.3466,65.2287,70.4883,12,60.4572,57.96,61.4582,27,70.8227,70.5946,75.5286,14,49.0415,46.1308,49.7326,17,78.7457,72.32,84.8428,41,53.4304,52.0782,54.7832,5,68.4366,59.3872,74.8488
Cyprus,CYP,2024,8,79.4916,78.1952,80.7675,2.5723,27,71.899,69.2524,73.5525,16,67.4297,64.6766,67.8871,12,63.6322,60.4623,64.2108,27,75.2446,71.882,76.0449,14,49.5135,45.713,50.235,20,80.5591,75.6347,82.7464,41,53.8075,52.468,55.2667,5,80.0345,70.611,87.1549
Cyprus,CYP,2025,7,78.2601,77.4922,79.0208,1.5286,27,72.4245,70.6314,75.1132,16,67.0862,64.3662,67.4982,12,66.3021,63.2367,67.0727,27,72.5441,70.9996,75.6488,14,46.3757,45.0467,49.6131,20,75.6401,75.3351,82.8566,41,52.5858,51.3023,53.8151,,,,
Czech Republic,CZE,2009,8,77.7369,76.5137,78.9416,2.4279,27,76.4505,75.2097,77.5332,16,63.9188,60.1265,65.5109,12,55.1591,54.3376,55.8851,30,82.8721,82.1326,83.7383,20,56.8022,52.3925,65.7522,15,59.5143,52.3278,62.4496,48,57.7917,56.297,59.3115,9,75.0845,74.6852,79.7807
Czech Republic,CZE,2010,8,78.4107,77.3238,79.4831,2.1593,27,76.936,75.9025,78.149,18,61.6993,60.9352,64.1571,12,52.1519,51.3235,53.0422,30,83.669,82.6068,84.2491,19,65.0441,58.8716,71.2165,15,55.5524,53.0723,62.1405,48,59.1163,57.5525,60.636,9,78.2081,75.1516,79.1495
Czech Republic,CZE,2011,8,76.2407,74.9897,77.4722,2.4825,27,77.0819,75.975,78.2966,18,63.5517,60.7345,63.878,12,47.3617,46.4556,48.2978,30,83.3165,82.5934,84.3212,19,53.5501,49.4611,63.5361,15,56.2289,51.8292,61.677,48,58.4469,57.0573,59.8248,9,75.7949,74.4164,78.9092
Czech Republic,CZE,2012,8,76.1803,75.0226,77.3213,2.2987,27,77.6198,76.5867,79.0024,18,62.0414,60.382,63.3263,12,48.223,47.3578,49.1748,30,83.8935,82.9407,84.9379,19,50.8949,47.5851,59.8769,15,58.7874,53.2257,62.0634,48,57.3669,55.8578,58.9059,9,76.5573,72.4352,77.805
Czech Republic,CZE,2013,8,76.7594,75.6216,77.881,2.2594,27,78.9009,77.5455,79.9131,18,61.5431,60.6437,63.5191,12,51.2225,50.4053,52.0811,30,83.1745,82.4438,84.7178,20,58.9757,53.2663,64.6852,15,57.4417,52.7455,62.8973,48,55.587,54.2399,57.1249,8,73.3626,69.2665,74.5658
Czech Republic,CZE,2014,8,75.6914,74.7315,76.6397,1.9082,27,78.4256,77.3963,79.9394,18,62.3631,61.6489,64.6414,12,52.4766,51.6751,53.3864,30,83.0506,82.1329,84.3478,20,48.2393,46.0753,55.3006,15,58.2831,54.0134,62.839,48,54.7439,53.3004,56.2354,9,74.7714,72.2163,75.8366
Czech Republic,CZE,2015,8,76.333,75.3655,77.2888,1.9233,27,79.2512,78.4976,80.9324,18,64.4814,62.3615,65.6373,12,53.5172,52.7342,54.3235,30,82.5456,81.9298,84.096,20,49.0637,46.8642,55.4577,15,56.4968,53.6381,63.3214,43,55.7368,53.9512,57.9127,9,76.1661,73.881,77.0637
Czech Republic,CZE,2016,8,78.3334,77.3722,79.2831,1.9109,27,80.6202,79.2392,81.997,18,65.3213,64.4252,67.4008,12,53.567,52.7505,54.4949,30,83.1019,82.1723,84.3823,20,55.7982,54.0938,63.9153,15,60.0742,56.0817,64.9534,43,57.3116,55.5886,59.2682,9,77.1052,74.565,77.9015
Czech Republic,CZE,2017,8,78.3599,77.3563,79.3511,1.9948,27,80.3453,78.6219,81.3815,14,65.4121,60.3858,67.0796,12,54.7275,53.9083,55.5659,31,82.7838,81.8962,83.6197,21,56.7685,53.7124,62.887,13,57.7392,54.2109,62.2703,43,59.4189,57.3609,61.4478,9,76.0612,73.5214,77.4251
Czech Republic,CZE,2018,8,77.7199,76.593,78.8312,2.2382,27,79.4027,77.8148,80.6914,14,66.0013,60.0247,66.7198,12,54.4084,52.3489,60.0212,31,81.9586,80.7748,82.6071,21,54.2074,52.9412,62.3766,13,58.7422,55.4296,63.8202,43,59.8632,57.8799,62.0023,9,73.6328,71.0284,74.8523
Czech Republic,CZE,2019,8,78.349,77.3228,79.3622,2.0394,27,79.7508,77.8811,80.8309,14,64.156,61.6038,68.0198,12,59.2527,55.7551,62.7504,31,82.2473,81.217,82.908,22,56.174,53.2693,60.7169,13,61.7818,55.0428,63.3515,43,60.2665,58.0847,62.4183,9,70.5717,69.4374,73.339
Czech Republic,CZE,2020,8,77.5902,76.5374,78.6292,2.0918,27,79.6773,77.6926,80.601,11,61.8529,61.3716,68.6756,12,57.8898,50.1564,58.0304,31,81.4648,80.4321,82.1571,22,58.9903,53.8034,59.4396,13,61.7637,59.0385,67.4038,40,55.6171,53.9745,57.2689,9,70.7417,67.67,71.9927
Czech Republic,CZE,2021,8,77.5503,76.4449,78.6405,2.1956,27,79.4131,78.1825,80.8774,12,67.7745,62.3374,68.7965,12,52.9088,49.3984,56.2153,31,82.0975,81.1661,82.802,14,52.3803,49.558,58.1894,13,65.0252,60.2942,68.5123,40,55.3982,53.6439,57.1939,8,71.4897,68.6032,74.3763
Czech Republic,CZE,2022,8,76.6716,75.5861,77.7424,2.1563,28,80.0767,78.1494,82.3025,13,66.1825,63.4862,69.6406,12,52.6077,50.7342,53.4959,30,82.5789,81.5195,83.5131,14,51.6744,49.7931,59.9434,13,62.3935,62.085,69.5205,40,57.0279,55.4647,58.8567,9,67.6459,67.3432,72.0175
Czech Republic,CZE,2023,8,77.5647,76.3264,78.7839,2.4575,28,81.166,79.6802,83.9466,13,69.1043,63.252,69.3333,12,51.6073,49.6364,52.6229,30,82.979,81.8658,83.7067,14,52.8943,50.0234,58.4027,14,61.436,58.1177,71.6438,39,58.4141,56.5367,60.4014,8,69.1722,66.6756,72.7219
Czech Republic,CZE,2024,8,76.9656,76.0026,77.917,1.9144,28,82.5113,80.7785,84.9865,15,69.1182,67.6783,71.0736,12,51.6639,49.8076,52.8644,30,82.9146,81.5305,83.6627,14,48.9849,44.7064,53.2634,17,61.7116,57.3869,65.2277,39,56.4472,54.5915,58.3728,8,69.1685,66.6345,72.4721
Czech Republic,CZE,2025,8,76.8012,75.821,77.7694,1.9484,28,85.3178,82.9886,87.2799,15,68.2423,67.4082,70.4133,12,49.4776,47.1727,50.1608,30,82.098,80.96,82.8663,14,52.8855,50.7501,60.9698,17,61.9391,58.9547,67.0047,39,51.8062,51.4947,52.1178,8,69.6188,67.5901,73.2388
Côte d'Ivoire,CIV,2009,8,47.1434,45.1854,49.0388,3.8534,27,37.0149,35.822,39.7647,16,65.3067,59.1942,67.255,12,54.7295,53.9607,55.5677,27,47.1577,46.1871,48.9746,13,19.6375,13.6097,25.6654,10,35.2215,28.9823,38.8626,40,22.14,20.4034,23.881,10,43.3479,41.661,44.3562
Côte d'Ivoire,CIV,2010,8,49.2676,47.6467,50.8463,3.1996,27,38.1089,36.6761,40.4553,18,64.1366,62.3392,66.6,12,55.903,55.0603,56.6019,27,48.3937,47.9451,50.364,14,23.62,22.0188,32.4099,10,37.8295,28.6106,39.074,40,22.3962,20.666,24.1206,10,45.3484,43.7218,46.312
Côte d'Ivoire,CIV,2011,8,51.0322,49.4278,52.5961,3.1683,27,38.3899,37.0368,40.9392,19,65.5663,64.1479,67.019,12,53.2248,52.2815,54.1481,27,50.0923,49.4708,51.9897,14,24.889,22.4164,34.0548,10,39.077,30.3401,40.3808,40,26.8629,24.9116,28.6662,10,46.6071,45.1045,47.5366
Côte d'Ivoire,CIV,2012,8,51.3062,49.7504,52.8239,3.0735,27,41.1754,37.9689,41.7065,19,65.5659,63.9557,66.7419,12,53.7843,52.9142,54.6665,27,52.4687,51.5825,53.7007,14,27.6595,22.5607,32.9856,10,36.5423,29.8807,39.9499,40,22.5289,20.7227,24.3085,10,46.464,44.9412,47.4358
Côte d'Ivoire,CIV,2013,8,51.4609,49.8077,53.0712,3.2635,27,41.4441,40.6123,44.5007,19,65.3937,64.5308,67.546,12,56.5479,55.6602,57.4085,27,50.4182,49.7498,52.4489,15,23.103,22.161,32.1208,10,35.5019,31.0279,41.876,40,28.7571,27.1045,30.5176,9,47.0988,46.5577,53.7292
Côte d'Ivoire,CIV,2014,8,55.5639,54.1619,56.9362,2.7743,27,44.6688,42.797,46.7668,19,68.9219,67.1871,70.0298,12,58.0943,57.1954,58.9234,28,55.4472,54.2564,56.197,15,26.7726,22.554,32.5773,10,35.1244,33.4636,43.6763,40,31.5705,29.7375,33.5732,10,50.4256,49.1611,51.3843
Côte d'Ivoire,CIV,2015,8,57.8147,56.6439,58.9651,2.3212,27,47.5886,44.4641,48.304,19,69.4774,68.2705,70.9584,12,58.9278,58.0607,59.638,28,57.5834,57.1794,59.1906,17,28.2998,26.0217,32.7708,10,38.5872,31.8497,43.0014,40,36.5729,36.3184,36.8275,10,48.2153,46.8984,49.1924
Côte d'Ivoire,CIV,2016,8,58.662,57.4524,59.8501,2.3977,28,47.9866,45.4464,48.8728,19,70.8013,70.1533,72.7864,12,57.3977,56.4997,58.1996,28,58.7087,58.2129,60.3086,15,27.7392,23.7153,31.8105,10,42.4737,34.2223,44.4308,40,37.7687,37.568,37.9694,10,47.3522,46.1912,48.5439
Côte d'Ivoire,CIV,2017,8,58.0433,56.6183,59.4384,2.8201,28,48.3174,46.1152,49.3461,16,70.9153,65.8277,73.3221,12,54.8755,53.9577,55.6487,29,58.2909,57.6618,59.1501,16,29.4169,22.555,29.8302,10,41.5569,37.6023,49.0652,40,36.5023,36.2446,36.76,10,46.287,45.0183,47.2515
Côte d'Ivoire,CIV,2018,7,56.8979,55.142,58.6082,3.4662,28,49.2221,46.6881,50.3222,16,69.4426,65.0951,72.7414,,,,,17,56.9523,54.3199,63.0722,16,25.9374,21.8476,30.3281,10,41.5004,36.1994,48.6347,40,37.4517,37.2368,37.6667,10,43.3658,41.9759,44.4643
Côte d'Ivoire,CIV,2019,8,55.6273,53.9139,57.2967,3.3828,28,49.5178,47.183,50.4959,16,67.6525,64.1662,71.3151,12,58.3825,51.7148,60.031,27,55.5946,54.6508,57.11,16,24.0747,19.9389,28.2005,10,41.7681,36.5826,49.1094,40,32.199,30.45,34.037,10,44.2762,42.8901,45.3221
Côte d'Ivoire,CIV,2020,8,57.3143,55.6397,58.9474,3.3077,28,48.8691,46.4884,49.7924,13,71.6309,64.4298,71.7576,12,62.0159,58.9017,65.1302,27,56.7782,55.9868,58.4731,17,22.7936,20.196,27.8298,10,46.8449,34.1622,47.9751,39,31.884,30.3372,33.5876,10,42.3161,40.8611,43.504
Côte d'Ivoire,CIV,2021,8,54.8696,52.8123,56.8633,4.051,28,48.6261,46.312,49.6397,13,67.7138,65.6566,72.6478,11,57.1882,50.4933,65.1849,28,59.1796,57.9602,60.2526,10,24.0273,21.6756,27.2118,10,36.4103,34.6695,47.6407,39,33.5181,32.1314,34.991,9,41.7393,40.3419,48.749
Côte d'Ivoire,CIV,2022,8,55.9828,54.0829,57.829,3.7461,29,47.5205,44.0455,48.3713,14,71.9458,68.8476,75.044,11,51.3733,49.4324,58.0405,27,57.7191,56.7576,59.75,12,24.7519,22.2182,26.9251,10,43.3751,34.8019,48.8723,38,32.3293,30.5884,34.0939,8,44.3615,37.4964,48.2547
Côte d'Ivoire,CIV,2023,8,55.5905,53.7311,57.3981,3.667,29,47.5175,45.8181,50.2138,14,68.3806,66.0345,71.971,11,53.7828,51.0352,62.6176,27,59.3171,58.3148,61.2883,12,21.8666,20.5048,25.5706,10,43.3059,39.0307,51.652,38,36.1124,34.2587,37.8786,8,41.9817,38.3878,48.7679
Côte d'Ivoire,CIV,2024,8,60.5499,59.0111,62.0548,3.0437,29,49.5572,46.8645,50.9566,16,71.0185,69.3786,71.8558,11,59.1784,55.883,68.1585,27,61.2017,60.7912,63.7156,12,24.6835,21.5613,26.5518,13,45.2848,43.0095,51.9416,38,43.1399,43.0614,43.2183,8,48.6438,40.6349,50.6948
Côte d'Ivoire,CIV,2025,8,58.6923,56.8137,60.5197,3.706,29,50.1399,48.1713,52.531,16,71.5617,70.5317,73.2431,11,57.1317,54.1443,66.5139,27,62.9025,60.5282,63.839,12,24.1951,21.4684,26.8579,13,44.104,40.7739,49.5363,38,40.0643,39.8474,40.2811,8,40.9311,40.1939,54.6033
Democratic Republic of Congo,COD,2009,8,47.5715,43.9164,51.015,7.0986,26,16.8812,14.3651,18.118,12,50.3761,47.4916,58.8839,5,62.2171,44.9333,64.9216,18,41.1397,35.7902,45.7543,7,39.4313,35.9179,47.9169,6,38.9152,33.2053,44.2008,45,19.7609,18.2525,21.3868,5,55.0782,38.1712,57.4247
Democratic Republic of Congo,COD,2010,8,43.7503,39.3759,47.8125,8.4366,26,16.7954,14.447,18.0598,12,54.4579,45.2003,57.0229,5,60.9838,45.4154,64.8879,18,40.6734,36.6848,45.7467,8,40.2181,35.5634,47.1931,6,42.6255,34.2168,44.0358,45,19.1142,17.5302,20.7079,5,30.3826,17.0909,43.6742
Democratic Republic of Congo,COD,2011,8,42.7063,38.2508,46.8346,8.5838,26,15.8906,14.8236,19.0607,12,56.0984,45.1698,56.5991,5,52.664,44.1674,63.8808,17,41.2839,34.9379,44.9237,8,41.0169,34.3825,45.8642,6,41.8363,34.2889,44.7792,45,19.326,17.9783,20.8052,5,30.6747,29.6426,56.0297
Democratic Republic of Congo,COD,2012,8,42.0042,37.4378,46.2248,8.787,26,15.898,15.0055,18.8356,11,49.6594,41.8752,54.0024,5,57.6441,43.7519,65.0353,17,41.85,35.9641,45.7407,8,37.998,33.7572,44.324,6,42.2898,34.8716,45.1995,45,20.995,19.3123,22.7854,5,30.9668,28.8416,55.0327
Democratic Republic of Congo,COD,2013,7,42.2211,38.8905,45.3647,6.4742,26,16.682,15.5401,19.4976,12,46.3275,39.6782,50.6226,5,64.8603,54.142,75.5785,17,44.2997,35.3704,45.3567,9,33.2399,31.485,42.9106,6,42.4381,35.2601,44.8962,45,20.6708,19.1491,22.236,,,,
Democratic Republic of Congo,COD,2014,8,37.8492,32.9672,42.3191,9.3519,26,16.9917,15.9003,19.7474,12,48.3684,38.9619,49.728,5,52.5939,41.9901,64.3681,17,39.7123,36.7884,47.0591,9,30.3758,25.5679,35.1837,6,38.0968,35.1042,45.0818,45,21.5421,20.0856,22.9347,4,31.5774,27.3756,52.5195
Democratic Republic of Congo,COD,2015,8,40.8938,36.3796,45.0656,8.686,26,18.4017,15.8006,19.9595,13,45.9359,36.9223,47.4253,5,60.3431,42.6924,62.4993,17,40.5142,35.4291,46.1947,9,37.1007,30.1679,40.5883,6,38.874,35.0501,44.9223,44,20.7354,19.1988,22.2683,5,31.8621,26.595,51.5477
Democratic Republic of Congo,COD,2016,8,39.1989,34.4349,43.5758,9.1409,26,17.5908,16.8561,21.0872,13,45.7267,35.5413,46.7664,5,49.0021,41.3138,62.0166,18,40.9555,35.4162,45.068,5,36.5775,30.5342,44.9329,6,42.3055,34.8628,45.5584,44,20.0887,18.6701,21.5139,6,32.5453,26.1553,50.7154
Democratic Republic of Congo,COD,2017,8,38.6121,34.8021,42.1688,7.3667,27,19.9359,18.8037,22.6704,15,40.3508,31.9275,40.7393,12,47.6747,43.6504,51.6989,26,42.0468,40.037,44.7687,11,35.5834,32.9792,40.6999,8,41.5569,33.7695,50.4248,43,22.8001,20.9738,24.5536,6,33.6264,29.6626,50.9279
Democratic Republic of Congo,COD,2018,8,37.2727,33.0108,41.2151,8.2043,27,21.5602,18.9776,22.6384,15,32.2695,28.9235,36.9245,11,50.6088,47.2741,53.9436,25,42.0623,39.8651,43.473,11,36.4578,34.154,42.4016,8,49.7264,44.6672,64.4295,43,21.2446,19.5655,22.8699,6,26.2704,25.3023,48.8439
Democratic Republic of Congo,COD,2019,8,30.9583,26.7549,34.8258,8.0709,27,20.1161,18.03,21.7639,15,30.0601,26.7361,36.1529,11,38.7908,34.8773,43.1245,25,39.7207,38.9078,42.1685,12,37.0035,33.0686,40.9289,14,47.6002,42.9794,48.0054,43,16.4266,14.8122,18.102,6,23.91,16.8998,40.0258
Democratic Republic of Congo,COD,2020,8,31.6995,28.0338,35.1096,7.0758,27,20.2189,19.7432,23.4627,13,27.3806,22.5521,33.7313,11,37.4844,32.9615,40.3421,25,36.3663,34.723,38.4218,12,35.312,32.1728,40.7202,14,51.3296,47.0986,51.7737,43,13.7302,12.0934,15.4137,7,34.8164,22.0761,41.0777
Democratic Republic of Congo,COD,2021,8,33.3996,28.0711,38.2145,10.1434,27,22.8937,20.7089,24.502,13,31.0232,21.7611,33.833,12,36.4987,31.025,38.0218,25,35.802,33.8332,37.658,8,33.1586,30.726,38.141,14,54.0723,49.2738,54.725,43,14.3607,12.7403,15.8657,7,35.6596,2.5783,36.7947
Democratic Republic of Congo,COD,2022,8,21.3221,15.1901,26.6698,11.4797,27,23.7665,19.1355,24.7073,13,23.562,20.3124,32.4241,11,33.0305,31.1138,37.2224,25,32.5375,30.6204,34.6188,7,32.8792,29.8547,38.4482,14,53.1189,51.3137,55.9303,42,10.4327,8.4743,12.2725,7,14.1912,5.9191,33.551
Democratic Republic of Congo,COD,2023,8,32.6985,27.273,37.5879,10.3149,27,23.9145,19.2668,24.8656,13,27.2142,18.1386,31.0975,11,35.3301,31.5896,37.0468,25,31.0931,29.0699,32.7687,6,35.5753,29.678,38.3996,10,54.2401,44.2977,62.8675,34,15.3622,12.8604,17.7947,6,39.0254,11.6858,40.0413
Democratic Republic of Congo,COD,2024,8,26.5119,21.3079,31.1803,9.8724,27,25.8972,23.0012,28.7932,15,26.0831,19.1949,28.8802,11,34.316,31.5349,37.2409,25,31.9247,29.638,33.6224,6,32.5092,30.4831,38.8571,13,53.4522,48.7394,63.6527,34,19.0759,16.572,21.5385,6,17.7525,12.6813,36.6109
Democratic Republic of Congo,COD,2025,8,26.3233,21.9818,30.285,8.3032,27,21.747,20.4015,26.2343,15,25.394,15.4207,26.6363,11,28.1516,27.426,33.0383,25,30.5323,28.1244,32.1913,6,34.6953,30.7227,39.0235,13,51.273,45.9838,59.4516,34,15.2631,12.9538,17.7648,7,30.8584,22.4527,37.8545
Denmark,DNK,2009,8,96.7411,95.7899,97.6827,1.8928,27,96.3358,95.0618,97.8549,16,88.1031,84.6768,89.3933,12,77.3141,76.35,78.153,31,93.9816,92.9397,94.8034,19,88.2705,84.8599,91.8953,12,93.5239,84.082,98.4158,45,89.3785,87.5419,91.1857,8,72.7248,72.3847,79.5928
Denmark,DNK,2010,8,96.1401,95.4506,96.8245,1.3739,27,96.15,94.9982,97.7738,18,88.7795,87.4623,89.4082,12,80.386,79.3856,81.1649,31,94.4938,93.4464,95.3316,19,79.83,75.8247,81.8578,14,92.9641,86.3048,94.7863,45,88.3265,86.6326,90.1487,8,73.2967,73.0067,79.1882
Denmark,DNK,2011,8,94.8608,94.3224,95.396,1.0736,27,96.1999,94.6966,97.4396,18,87.4565,86.6927,89.0429,12,78.0276,77.0621,78.9327,31,94.7571,93.7155,95.5282,19,74.7557,71.1601,76.9427,18,90.9898,89.653,92.7085,43,85.3914,83.4625,87.523,8,74.1598,73.3913,78.4179
Denmark,DNK,2012,8,94.9345,94.3823,95.4833,1.101,27,96.0605,94.6535,97.3534,18,88.5272,86.7477,89.0619,12,80.3651,79.3862,81.2857,31,94.7916,93.7441,95.6478,19,74.434,71.6667,77.2012,18,90.5992,89.4213,92.1861,43,83.2654,81.1023,85.46,8,74.3096,71.3694,77.0359
Denmark,DNK,2013,8,93.6638,93.1443,94.1803,1.036,27,95.8793,94.6767,97.4619,18,85.9663,84.4836,87.1447,12,82.9792,81.9718,83.9273,31,94.5961,93.5517,95.4477,20,66.1732,63.267,68.2498,18,88.806,87.573,90.4126,43,77.9744,75.9828,80.1594,8,78.3512,76.004,80.6985
Denmark,DNK,2014,8,92.302,91.8358,92.7659,0.9301,27,95.782,94.2012,96.9015,18,84.4746,83.732,86.3968,12,83.4968,82.4734,84.3765,31,94.6567,93.5283,95.3856,20,59.5927,57.5681,62.3161,18,87.595,86.3729,89.1591,43,75.0161,73.065,76.7537,8,77.6782,74.7268,78.3579
Denmark,DNK,2015,8,92.5623,92.1182,93.0042,0.886,27,95.901,94.6204,97.3556,18,85.6534,84.5685,86.5878,12,83.8109,82.8455,84.5971,31,94.7369,93.7019,95.5786,20,61.5798,57.5457,61.8196,18,86.4711,85.271,88.0197,43,76.6393,74.906,78.4533,8,75.8572,73.8994,77.6951
Denmark,DNK,2016,8,93.3599,92.7004,94.0147,1.3143,27,96.0604,94.5705,97.4007,18,85.3677,84.495,86.84,12,86.5454,85.5503,87.447,31,95.2778,94.2516,96.1362,19,61.5256,56.3778,65.038,18,88.4632,87.4216,90.0323,39,77.6315,75.0253,80.2962,8,77.6803,75.663,79.6977
Denmark,DNK,2017,8,93.7701,93.1009,94.4344,1.3335,27,95.966,94.8421,97.4902,14,88.2156,85.8451,90.5862,12,87.3429,86.2438,88.2895,31,95.979,94.8637,96.8209,21,59.2182,55.2655,62.4755,15,87.4538,85.9752,89.6679,39,84.1767,81.7556,86.7506,8,74.3251,70.6772,75.4618
Denmark,DNK,2018,8,92.0334,91.2637,92.7965,1.5328,27,96.0098,94.7299,97.5734,14,86.2128,83.3627,87.9827,12,81.0044,77.5495,83.802,31,96.0069,94.7592,96.9554,21,59.8764,56.1002,62.5971,15,88.9914,86.1484,90.1873,39,80.9074,78.5392,83.1989,8,67.0117,66.663,74.0329
Denmark,DNK,2019,8,92.6452,91.9234,93.3613,1.4379,27,96.0015,94.5494,97.4473,14,86.185,83.805,88.4005,12,78.5379,75.2706,81.3625,31,96.6668,95.5072,97.4575,21,62.2311,57.4098,64.1051,16,86.907,85.729,88.5584,39,84.5626,82.3434,87.0459,8,70.2496,67.813,73.1101
Denmark,DNK,2020,8,92.637,91.8693,93.3981,1.5288,27,95.7037,94.4962,97.4782,11,84.8936,84.1058,89.1561,12,81.0038,75.848,82.9445,31,97.3129,96.1249,98.1798,21,61.5922,58.2193,65.7335,16,90.2574,88.982,91.8553,39,83.0394,80.8362,85.0548,8,67.9118,66.7239,72.3191
Denmark,DNK,2021,8,92.2475,91.502,92.9868,1.4848,27,95.2579,94.1883,96.8849,12,85.7826,85.0139,89.1101,12,80.0391,75.754,82.1195,31,96.7295,95.6593,97.5604,13,60.6719,58.4656,64.5823,16,90.0276,88.6982,91.4281,39,80.4669,78.4125,82.5759,7,68.6289,61.1339,69.1692
Denmark,DNK,2022,8,91.9982,91.2972,92.6937,1.3965,28,96.0777,94.3396,98.9976,13,86.6063,84.1843,87.7085,12,78.0337,75.4923,78.5381,30,95.4087,94.205,96.2576,13,60.2324,56.1436,63.5523,16,91.4644,90.2664,92.8239,39,78.1077,75.9257,80.498,8,69.2201,64.1868,70.2907
Denmark,DNK,2023,8,91.5116,90.6825,92.3331,1.6506,28,96.8269,94.887,99.1128,13,86.2374,84.2088,87.4224,12,76.0224,73.6904,76.6662,30,96.1509,94.8193,97.0268,13,59.7309,55.5945,61.3688,17,90.9069,89.9567,99.2835,38,77.0562,74.9296,79.2533,7,67.6449,63.3768,70.8636
Denmark,DNK,2024,8,92.6992,91.9617,93.4307,1.469,28,97.0323,94.7228,99.4821,15,85.1796,83.7924,85.9568,12,78.5411,76.012,79.2451,30,96.6561,95.3058,97.5204,13,61.0313,56.8903,64.255,20,93.9564,90.845,95.3114,38,79.9159,77.7393,82.1377,7,69.9143,64.4369,71.4202
Denmark,DNK,2025,8,91.9022,91.1632,92.635,1.4718,28,97.1635,95.3674,99.7628,15,84.0947,83.4973,85.7037,12,76.877,74.3181,77.6696,30,94.8882,93.5217,95.6855,13,61.1665,56.2751,63.503,20,93.5627,91.5818,95.9261,38,77.5765,75.5875,79.774,7,69.4816,65.2697,72.6115
Djibouti,DJI,2009,6,57.246,52.7693,61.438,8.6687,25,31.1871,29.3143,33.4401,6,57.8021,55.8595,62.3801,,,,,7,61.5119,58.3902,63.5306,8,42.5195,33.1397,43.752,7,43.762,37.4928,49.5552,,,,,4,49.7312,37.0007,56.7247
Djibouti,DJI,2010,5,54.6061,49.4954,59.3395,9.8441,25,30.4609,28.6387,32.866,6,59.3504,55.7637,61.7552,,,,,7,61.8236,58.6374,63.8224,8,36.8698,33.1899,43.8373,7,41.2459,36.9877,48.8412,,,,,,,,
Djibouti,DJI,2011,5,52.9961,44.3937,60.5628,16.1691,25,29.6991,28.7124,32.8479,6,59.4606,55.0954,61.8312,,,,,7,59.1982,58.7416,63.7453,8,36.9651,33.33,44.9598,7,38.7988,34.9838,47.9064,,,,,,,,
Djibouti,DJI,2012,5,50.889,44.1264,56.9822,12.8558,25,30.0622,27.9121,32.5299,6,55.8178,55.6061,61.7417,,,,,7,59.4819,58.5324,63.782,8,36.8455,33.1211,43.7192,7,35.8376,34.2119,46.7055,,,,,,,,
Djibouti,DJI,2013,5,53.2036,46.204,59.5042,13.3002,25,30.7009,28.0862,32.357,6,56.3599,56.1855,62.2681,,,,,7,59.3451,58.2045,63.3443,9,37.0243,32.7154,44.5796,12,38.2829,33.8104,42.3216,,,,,,,,
Djibouti,DJI,2014,5,53.0884,47.9316,57.8557,9.9241,27,29.1633,28.0238,31.4053,6,58.5576,55.2784,62.0752,,,,,7,61.2715,58.2185,63.5454,9,36.4739,32.215,42.9373,12,36.8415,35.3573,44.0035,,,,,,,,
Djibouti,DJI,2015,5,52.858,44.9998,59.8424,14.8426,27,29.0476,27.911,31.5246,6,57.9477,54.8032,62.0948,,,,,8,61.7973,58.3426,63.2964,9,38.4731,32.2944,43.6456,12,34.9839,32.8748,41.7375,,,,,,,,
Djibouti,DJI,2016,5,52.7291,44.4586,60.0356,15.577,27,29.1782,27.743,31.0586,5,57.4433,53.8869,61.1878,,,,,8,60.5457,58.2206,63.1078,5,36.9021,35.756,42.6247,12,38.8704,33.7528,42.1809,,,,,,,,
Djibouti,DJI,2017,,,,,,27,29.5965,28.7476,32.0452,,,,,,,,,8,60.6769,57.337,62.5352,,,,,11,37.8124,37.3302,45.103,,,,,,,,
Djibouti,DJI,2018,,,,,,27,30.7307,29.0431,32.5141,,,,,,,,,8,60.4672,57.3512,63.9534,,,,,12,43.1733,40.6811,47.9372,,,,,,,,
Djibouti,DJI,2019,,,,,,27,30.3568,28.3346,31.936,,,,,,,,,8,61.608,54.7638,62.9843,,,,,12,48.4077,41.4396,48.8068,,,,,,,,
Djibouti,DJI,2020,,,,,,27,29.5909,28.8045,32.4929,,,,,,,,,8,56.7445,53.9177,62.6871,,,,,12,50.1452,47.179,55.0183,,,,,,,,
Djibouti,DJI,2021,,,,,,27,31.254,29.3742,32.611,,,,,,,,,9,55.8522,51.7137,63.6474,,,,,12,51.4755,49.098,57.6053,,,,,,,,
Djibouti,DJI,2022,,,,,,27,33.4737,30.4922,36.2011,,,,,,,,,7,59.8647,57.8729,63.1127,4,40.5776,32.8442,41.8686,14,56.5039,50.2759,59.9991,,,,,,,,
Djibouti,DJI,2023,,,,,,27,34.6087,31.871,37.2635,,,,,,,,,7,60.0541,57.3186,62.6963,4,35.4239,32.7,41.5314,13,54.6373,50.7245,66.1418,,,,,,,,
Djibouti,DJI,2024,,,,,,27,37.0853,32.9456,38.4378,,,,,,,,,7,61.4139,57.2857,62.8063,4,41.5979,33.2918,42.619,14,59.5926,52.9262,65.9443,,,,,,,,
Djibouti,DJI,2025,,,,,,27,39.959,34.4185,40.43,,,,,,,,,7,61.017,56.4669,63.187,4,36.4685,34.0965,42.2219,14,52.3834,46.1451,58.6218,,,,,,,,
Dominican Republic,DOM,2009,8,58.6498,57.2202,60.0495,2.8293,28,42.7975,41.7919,43.9734,17,49.5159,47.3194,54.3167,12,60.021,59.1025,60.8732,27,60.2682,59.7367,62.7836,16,41.3755,38.5119,48.0658,10,46.1954,41.1927,51.7912,50,27.6202,26.787,28.4216,10,62.5326,61.3162,63.3961
Dominican Republic,DOM,2010,8,57.7236,56.5111,58.9144,2.4033,28,43.0176,41.895,44.0006,18,53.1402,50.5378,54.1451,12,56.7004,55.8336,57.6017,27,60.3393,59.2878,63.5928,17,34.7157,33.7766,38.7779,10,50.7668,42.9326,52.2199,50,25.3668,24.4844,26.1492,9,60.2494,56.7141,63.5746
Dominican Republic,DOM,2011,8,56.8925,55.6402,58.1214,2.4812,28,42.364,41.2405,43.4292,18,52.1252,50.3019,54.2798,12,49.5216,48.5599,50.3008,27,60.1162,58.8289,62.8616,16,36.9573,32.574,39.9873,10,51.7131,44.8851,53.1876,45,26.7893,25.5014,28.2236,9,59.0462,55.6673,62.5876
Dominican Republic,DOM,2012,8,55.1402,53.7726,56.4795,2.7069,28,42.6892,41.6864,43.7997,18,51.5726,49.9588,53.7485,12,46.0502,45.164,46.9719,28,58.8821,58.2714,60.2549,16,33.5049,31.7257,38.9099,10,50.8939,45.5855,54.3306,45,28.8668,27.6511,30.2996,9,56.2954,52.6281,61.1099
Dominican Republic,DOM,2013,8,56.5906,55.341,57.8168,2.4758,28,43.7666,42.7553,45.0809,19,53.2603,50.3582,54.3923,12,48.2952,47.4354,49.0883,28,60.3172,59.2901,61.3443,19,33.4459,29.4627,35.8211,10,51.3715,45.8447,54.7612,45,29.1877,27.8756,30.5563,9,57.6359,54.1351,60.6524
Dominican Republic,DOM,2014,8,57.4904,56.4247,58.5393,2.1146,28,43.9082,43.096,45.1667,19,55.2493,53.0992,56.3674,12,50.5027,49.5776,51.2665,28,60.1134,58.9021,60.8716,19,31.9074,29.4909,36.5164,10,48.0026,46.7578,55.1434,45,33.7583,32.5574,35.1934,10,59.3879,58.4926,60.5043
Dominican Republic,DOM,2015,8,58.4796,57.496,59.4489,1.9529,28,45.504,43.9654,46.0225,19,56.0955,54.2654,57.8174,12,49.8065,48.9307,50.7359,28,60.4301,59.0952,61.3736,19,29.8479,28.4627,33.9385,10,54.2624,46.8374,55.4235,45,34.6961,33.4996,36.236,10,58.6752,57.8099,60.0126
Dominican Republic,DOM,2016,8,55.414,54.3169,56.4929,2.176,28,44.0989,43.8014,45.9066,19,56.6171,53.6825,57.1605,12,41.9276,40.8265,42.7918,28,58.2039,57.6948,59.9397,18,29.3448,25.234,31.5314,10,51.5989,46.8373,55.7134,45,30.5536,29.1091,32.0286,10,57.4901,56.5583,58.8407
Dominican Republic,DOM,2017,8,54.2356,52.6131,55.8181,3.205,28,44.2953,43.9246,46.2445,15,48.5093,44.4387,52.5799,12,41.4277,40.3536,42.4502,28,58.0223,57.1949,59.3811,19,27.855,24.4844,30.295,8,56.9029,47.8415,61.3847,45,31.2715,29.9459,32.7027,10,56.4115,55.3631,57.4988
Dominican Republic,DOM,2018,8,54.3387,53.0833,55.57,2.4867,28,45.4099,43.88,46.0113,15,52.4268,48.0223,56.173,12,40.6132,35.9089,42.1075,28,56.7347,55.3276,57.5565,20,26.7503,26.4568,30.8744,13,58.0388,57.1774,63.6738,45,30.8894,29.5366,32.2013,10,54.2869,53.1825,55.244
Dominican Republic,DOM,2019,8,57.6133,56.491,58.7168,2.2258,28,46.4936,45.47,47.7136,15,55.913,52.2953,59.8087,12,43.7822,38.9678,44.5007,28,59.2749,58.1054,60.1948,20,29.764,27.7235,31.9684,13,60.423,57.5527,64.4898,45,35.5314,34.1156,36.8407,10,53.1294,51.9813,54.1204
Dominican Republic,DOM,2020,8,59.641,58.3836,60.8754,2.4918,28,46.6035,45.7173,47.7583,12,59.5474,53.5559,62.2222,12,46.3483,42.1147,47.7723,27,61.703,60.6731,63.7482,20,29.1823,28.1522,32.7938,13,64.7001,62.3482,69.5286,44,36.6382,35.4269,37.8659,10,51.6645,50.4782,52.6093
Dominican Republic,DOM,2021,8,60.5932,59.1429,62.0133,2.8704,28,51.6256,50.7656,52.9544,13,60.9931,54.6633,61.4159,12,44.6632,42.2717,47.4706,27,62.2104,60.9904,65.0166,12,26.6103,24.1011,28.5042,13,69.6713,65.8076,73.8339,44,35.9284,34.6572,37.1875,8,51.6286,42.7684,53.8535
Dominican Republic,DOM,2022,8,61.8638,60.5931,63.1115,2.5184,30,50.8511,49.1758,52.6278,14,62.4985,54.6335,62.8638,12,50.9076,49.1121,51.7446,26,62.396,60.9154,64.7709,13,26.5512,23.3084,28.3026,13,74.498,67.7834,75.9213,44,35.4758,34.2724,36.901,9,48.6297,45.9462,52.4982
Dominican Republic,DOM,2023,8,63.3553,61.6982,64.9742,3.276,30,51.5732,50.0905,53.2694,14,62.4538,55.8017,62.942,12,51.6069,49.5369,52.2804,26,65.9781,60.4827,66.2341,13,26.4086,23.556,28.0689,14,73.9286,69.9705,86.4342,43,33.8584,32.4208,35.252,8,55.0946,48.0081,55.3375
Dominican Republic,DOM,2024,8,63.0191,61.8941,64.1262,2.2321,30,52.1268,50.4428,53.9867,16,61.6861,57.3477,61.8899,12,53.6949,51.6789,54.422,26,63.3109,61.0035,65.6695,13,27.0517,23.9078,28.451,17,74.256,68.9088,77.5259,43,36.9351,35.5839,38.2642,8,50.7932,48.9625,55.5876
Dominican Republic,DOM,2025,8,63.7799,62.6263,64.9149,2.2886,30,53.8074,52.132,55.5578,16,62.4866,59.1952,63.0209,12,55.4738,52.47,55.5408,26,63.4225,61.7795,66.264,13,25.9328,23.2267,27.6813,17,73.7503,70.7322,79.7756,43,36.7701,35.4543,38.2441,8,53.564,50.9465,58.0664
Ecuador,ECU,2009,8,49.0773,47.4769,50.6365,3.1596,28,34.541,33.7017,36.1071,18,50.8816,47.4141,52.0778,12,40.4609,39.3452,41.5249,28,50.84,50.1152,52.806,16,37.2249,28.2302,40.5559,15,41.0003,37.5207,44.4799,52,19.6014,18.8182,20.3924,9,58.0346,55.765,58.5834
Ecuador,ECU,2010,8,46.5514,45.1134,47.9552,2.8418,28,35.2875,34.2401,36.507,20,48.3191,47.3987,49.4437,12,40.6353,39.5068,41.8078,28,51.7476,50.533,53.1882,16,28.5055,25.7251,36.0424,15,38.19,35.9364,43.5833,52,21.4706,20.5531,22.3002,9,56.6132,55.5995,58.0279
Ecuador,ECU,2011,8,48.4299,47.2407,49.596,2.3553,28,35.3684,34.2218,36.6108,20,50.894,50.1299,51.5784,12,38.0086,36.8684,39.2558,28,55.6788,53.3606,56.091,17,33.5897,29.0561,36.5599,15,37.7846,36.714,44.1172,52,23.2962,22.4971,24.0404,9,54.5374,53.1534,56.0144
Ecuador,ECU,2012,8,49.8917,48.9461,50.8229,1.8768,28,35.7388,34.876,37.2126,20,51.1652,50.4413,51.7666,12,41.6434,40.6341,42.6774,28,55.5984,55.3779,57.5759,17,32.4565,30.4722,36.8072,17,38.5406,38.2858,43.016,52,30.619,29.9103,31.3471,9,52.1826,50.6031,53.982
Ecuador,ECU,2013,8,51.0579,49.733,52.3552,2.6222,28,36.9763,35.9524,38.3799,20,50.7288,50.029,51.3291,12,41.9871,41.0575,42.9736,28,57.1403,56.0268,58.7702,18,33.759,32.2586,37.9891,17,41.3453,38.3866,42.9958,52,30.3352,29.6208,31.105,8,52.1491,47.2103,57.5082
Ecuador,ECU,2014,8,59.9305,59.153,60.6991,1.5461,28,38.6612,37.161,39.7488,20,55.3368,54.6691,55.8973,12,56.2215,55.2398,57.0464,28,59.9585,59.4979,62.0772,18,38.1354,35.1068,41.4076,17,43.3224,40.1565,44.4951,52,50.3101,49.5277,51.248,9,55.8199,54.8363,57.6067
Ecuador,ECU,2015,8,60.2382,59.5474,60.9221,1.3747,28,39.6132,38.2606,40.4019,20,55.2259,54.5031,55.7675,12,56.285,55.364,57.147,28,61.3312,59.8646,62.7353,20,38.5028,35.3799,40.3553,17,43.3359,40.3089,44.4499,52,50.2914,49.3857,51.2486,9,55.2124,54.1581,56.6695
Ecuador,ECU,2016,8,55.4793,54.3997,56.5413,2.1416,28,39.9837,38.5323,40.8928,20,50.9185,50.205,51.4649,12,48.2192,47.3339,49.1367,29,59.4662,58.6634,60.4606,14,38.0712,32.8978,43.2446,17,46.2573,43.1439,47.3149,51,34.272,33.401,35.1011,9,53.2345,52.3104,54.7572
Ecuador,ECU,2017,8,54.9425,53.69,56.1711,2.4811,28,40.3973,39.347,41.4452,16,52.0936,46.0161,53.8746,12,47.5472,46.6893,48.5115,29,58.5285,57.9817,59.8741,15,32.3868,26.0117,35.3901,17,48.5009,47.4715,49.4037,51,33.8817,32.9961,34.7271,9,54.2473,53.0395,55.4768
Ecuador,ECU,2018,8,52.7685,51.4838,54.0276,2.5438,28,42.6108,41.1727,43.4849,16,47.2826,44.2019,51.9557,12,38.2666,34.6567,40.9518,27,57.7752,56.4606,58.7328,18,34.6798,33.719,41.0757,17,50.2705,49.3,51.2291,51,32.6193,31.7624,33.5435,9,52.1164,50.5094,52.793
Ecuador,ECU,2019,8,55.2419,54.0543,56.4081,2.3538,28,45.2872,44.249,46.3306,16,50.2065,46.1144,53.7134,12,40.5977,35.1954,41.0316,27,58.5411,57.2682,59.5173,18,39.2178,36.0234,43.4335,17,50.7683,49.8187,51.6982,51,33.0891,32.2283,33.9502,9,52.0862,50.8058,53.1809
Ecuador,ECU,2020,8,55.1144,53.7212,56.4782,2.757,28,46.2987,45.2256,47.4294,13,49.8825,44.1411,53.556,12,36.4597,34.0797,40.3266,27,58.0132,57.0706,59.4301,18,40.1012,37.8042,45.4125,16,56.1316,54.6454,56.9981,43,31.405,30.1614,32.8475,9,50.719,48.6192,51.1429
Ecuador,ECU,2021,8,55.7858,54.0536,57.4731,3.4195,28,47.4851,45.8425,48.2465,14,51.7981,45.1533,54.0114,12,33.7231,31.5066,37.6998,27,58.8226,57.2679,59.6089,11,40.0711,36.38,43.7621,16,57.351,55.848,58.0986,43,31.9365,30.6057,33.4386,7,51.3651,40.1563,52.4763
Ecuador,ECU,2022,8,56.2117,54.927,57.4716,2.5446,30,48.2055,46.5129,49.8242,15,52.6202,46.0788,53.6965,12,35.5794,33.0541,36.3077,26,58.1763,57.4212,60.6786,13,40.2276,34.5195,40.8512,16,60.0036,58.9068,61.0965,43,30.8463,29.5439,32.3523,8,49.7596,43.6039,50.5667
Ecuador,ECU,2023,8,53.2858,51.6966,54.8361,3.1395,30,47.1056,45.6351,49.15,15,48.189,45.3026,51.8894,12,34.0046,31.5153,34.6248,26,58.1502,56.8514,60.5867,13,34.8594,31.8067,38.4103,16,59.9023,56.5304,65.7587,42,28.512,27.0201,29.9115,7,48.3965,41.861,51.265
Ecuador,ECU,2024,8,51.2813,49.7734,52.7534,2.98,30,45.7422,43.7385,47.4875,17,46.3587,42.2609,47.3503,12,30.7915,29.3785,32.3198,26,56.809,55.7853,59.145,13,34.6892,30.2789,36.8299,19,60.9498,59.2089,64.0174,42,27.7137,26.3634,29.2853,7,44.8983,41.3609,51.6278
Ecuador,ECU,2025,8,51.4191,49.9888,52.8172,2.8284,30,44.2404,42.347,46.3275,17,47.4278,42.7263,47.4944,12,28.4028,27.3747,30.3083,26,58.7512,54.2726,58.9603,13,33.3765,28.8578,35.5073,19,62.402,61.5046,66.1225,42,26.8971,25.4623,28.5113,7,46.1915,42.1556,50.2273
Egypt,EGY,2009,8,57.3796,56.2462,58.4939,2.2477,28,39.9017,38.7415,41.0554,18,45.8333,44.2514,50.8349,12,60.2391,59.3094,61.3037,30,51.5716,50.8497,52.7231,21,53.8202,52.9622,57.7295,7,45.7083,38.1277,47.3103,50,30.4721,29.4999,31.3604,10,55.7082,54.5042,56.6117
Egypt,EGY,2010,8,55.3949,54.4344,56.3413,1.9069,28,39.6807,38.2707,40.6277,20,43.491,42.7416,44.0109,12,56.4788,55.558,57.4454,30,52.3788,51.5598,53.3249,21,46.7216,45.1729,50.1295,7,45.9246,39.4895,48.3544,50,31.9865,30.9486,32.9044,10,55.2833,54.0929,56.1519
Egypt,EGY,2011,8,53.2307,52.294,54.1538,1.8598,28,38.2376,37.3234,39.4961,20,44.4363,43.6885,44.9353,12,48.7002,47.6796,49.6902,30,52.3082,51.5784,53.2947,23,42.2811,40.9987,44.6491,7,45.6258,40.3168,48.9886,50,33.9749,33.015,34.8424,10,53.1895,51.9796,54.0225
Egypt,EGY,2012,8,52.1835,51.1651,53.1855,2.0204,28,37.0099,35.6654,38.0705,20,44.3147,43.5122,44.8246,12,47.1567,46.1414,48.0926,30,51.4693,50.697,52.3988,21,38.7615,36.3047,40.5253,7,48.3533,40.0685,49.2661,50,32.7488,31.7657,33.6882,10,52.9633,51.596,53.9388
Egypt,EGY,2013,8,49.3491,48.326,50.3552,2.0292,28,36.4682,35.255,37.7291,20,44.0365,43.2294,44.5499,12,45.1355,44.0954,46.123,31,51.3195,50.5372,52.2719,22,37.368,35.7629,38.9847,7,43.1344,39.6098,48.8123,50,29.7642,28.8621,30.6498,10,49.8876,48.544,50.9093
Egypt,EGY,2014,8,46.8233,45.7597,47.8681,2.1084,28,33.4147,31.8543,34.1751,20,43.9443,42.9834,44.5308,12,42.4647,41.4372,43.5129,31,50.2948,49.4392,51.198,22,32.8598,31.474,34.707,7,43.546,39.731,48.5851,50,28.2377,27.2492,29.1392,10,48.6413,47.3825,49.8385
Egypt,EGY,2015,8,47.1321,46.1112,48.1357,2.0245,28,32.6181,30.9288,33.3911,20,48.8953,48.2682,49.4004,12,42.5182,41.4586,43.5292,31,48.9959,48.1575,49.9226,22,30.15,29.2339,32.1959,7,46.3497,39.5735,48.4105,50,26.3461,25.4126,27.2827,10,48.3638,47.1581,49.3582
Egypt,EGY,2016,8,46.6663,45.3454,47.9583,2.6129,28,32.9375,31.9037,34.2257,20,50.0156,49.3123,50.4795,12,40.1415,39.0952,41.0062,31,47.5823,46.6072,48.5511,17,29.6381,25.6293,35.073,9,47.4197,41.3336,48.9248,50,26.2568,25.2556,27.3205,10,47.7705,46.6387,49.0378
Egypt,EGY,2017,8,47.5347,45.3776,49.6163,4.2387,28,32.9311,31.7634,34.1636,16,49.7393,44.4439,51.5181,12,38.5231,37.4119,39.5322,31,47.3725,46.4163,48.2729,19,30.4763,25.8635,33.1159,8,49.531,43.4416,61.4864,48,27.0597,25.8986,28.3797,9,50.3638,47.8094,52.5665
Egypt,EGY,2018,8,49.4671,47.5782,51.2991,3.7209,28,32.2287,31.2079,33.7106,16,47.1596,44.3055,52.1426,11,39.3739,35.6277,42.7223,31,56.3562,55.2836,57.0899,20,29.7163,27.7815,35.2825,9,51.36,43.9852,57.3539,48,33.8204,32.6561,35.0834,10,46.0848,44.5886,47.0493
Egypt,EGY,2019,8,53.3676,51.7193,54.9741,3.2548,28,31.6936,30.7078,33.0046,16,53.9308,47.431,54.2737,11,45.9754,41.1934,47.9836,31,59.3479,58.3003,60.1068,20,28.761,25.3258,32.1962,9,51.9054,45.9223,58.9942,48,39.0162,38.8716,39.1607,10,46.2635,44.8552,47.1066
Egypt,EGY,2020,8,55.2942,53.7333,56.8184,3.0851,28,31.646,30.0905,32.4525,13,51.5204,48.4878,56.1455,11,52.4915,47.0365,55.0781,31,60.541,59.3822,61.2926,20,33.0679,30.9047,37.2552,9,55.1921,47.5733,59.7415,43,40.2475,40.1899,40.305,10,44.1172,42.542,45.0552
Egypt,EGY,2021,8,57.2885,55.4635,59.0644,3.6009,28,30.9955,29.8847,32.4285,13,57.7418,53.532,60.6228,11,57.8993,51.8741,64.6134,31,63.7532,62.6752,64.5969,17,30.2566,29.067,31.2579,9,49.0573,43.1661,54.9484,43,48.157,46.8908,49.469,8,42.3574,39.1791,50.0082
Egypt,EGY,2022,8,61.324,59.7963,62.8185,3.0222,30,33.833,32.4157,36.3005,14,61.11,57.0612,63.0187,11,57.1788,54.5454,61.6174,29,65.85,63.8538,66.4322,17,30.9645,29.7423,31.8589,9,57.3247,50.5847,63.8878,43,50.8388,49.3977,52.3132,9,47.8893,39.9004,48.3835
Egypt,EGY,2023,8,59.6737,57.8411,61.4579,3.6168,30,33.5476,31.9751,35.9217,14,56.3531,55.9915,62.982,11,57.1655,54.5488,62.0159,29,65.6956,64.4306,67.0827,17,29.9908,28.7578,31.1046,9,64.7032,51.7387,67.3538,42,50.5031,48.8207,52.0404,8,38.0682,37.4003,47.8915
Egypt,EGY,2024,8,61.4365,60.0408,62.8043,2.7635,30,33.8347,32.5288,36.3642,16,57.4287,55.2136,58.4186,11,57.9367,56.1287,63.1118,29,67.5945,66.202,68.8554,17,30.4459,29.1831,31.5186,12,65.5712,62.8807,73.3249,42,49.6648,47.9535,51.0544,8,44.0382,38.6087,49.1953
Egypt,EGY,2025,8,60.8759,59.5051,62.2197,2.7146,30,35.3049,33.1215,37.0093,16,57.056,54.9664,58.2016,11,56.4131,51.6011,59.4775,29,67.7044,65.4834,68.2358,17,28.4878,27.1426,29.5777,12,66.1767,61.4029,70.956,42,43.2038,43.1283,43.2792,8,48.3898,40.8711,50.9545
El Salvador,SLV,2009,8,63.051,61.4761,64.5911,3.115,28,47.1482,46.7877,48.8492,17,51.5226,50.6791,57.9506,12,61.6217,60.5601,62.4663,30,66.08,65.3374,66.7378,15,40.7913,36.0455,51.6219,14,49.1952,47.1385,54.1003,48,34.0053,33.1642,34.96,10,68.2234,67.2064,69.1237
El Salvador,SLV,2010,8,62.3001,61.3911,63.1973,1.8062,28,47.4326,46.2793,48.5812,19,55.0141,52.2677,55.4191,12,58.3451,57.3212,59.1659,30,64.9733,63.8113,65.4555,18,36.1876,31.7926,38.9322,15,48.6978,46.3426,53.1947,48,35.3376,34.4385,36.2836,10,67.4132,66.3533,68.3048
El Salvador,SLV,2011,8,59.1756,58.2073,60.1302,1.9229,28,47.3707,46.7582,48.9939,19,52.1565,51.0115,54.0599,12,52.3195,51.2822,53.1729,30,65.2049,64.5333,66.1186,17,29.8478,25.8165,33.8791,15,47.5911,45.7435,51.9053,48,33.3122,32.5154,34.1306,10,66.0238,64.9498,66.926
El Salvador,SLV,2012,8,58.6603,57.6776,59.6289,1.9513,28,47.959,46.6789,49.0586,19,48.6224,48.4233,52.7395,12,47.6673,46.6078,48.5876,30,64.2991,63.6854,65.2055,17,36.1275,33.5437,40.825,15,48.1571,46.3731,52.4268,48,34.197,33.2726,35.1605,10,63.7683,62.5146,64.7069
El Salvador,SLV,2013,8,58.3191,57.2217,59.3988,2.1771,28,48.2454,46.8379,49.0993,19,52.2144,48.8955,52.3705,12,44.4453,43.42,45.3865,30,63.2088,62.4084,63.9713,18,36.7221,32.4279,41.474,15,49.773,45.6547,52.6479,48,31.5309,30.6436,32.441,10,61.7759,60.9863,62.9578
El Salvador,SLV,2014,8,57.6742,56.6869,58.6471,1.9602,28,47.803,46.6285,48.9795,19,50.9673,49.4204,52.8284,12,39.2216,38.1409,40.2222,30,64.0758,62.6678,64.2823,20,35.6146,31.3896,38.2417,15,49.6189,45.7939,53.0605,48,34.0937,33.2586,34.9723,10,62.2758,61.5694,63.5298
El Salvador,SLV,2015,8,58.6539,57.8801,59.4189,1.5388,28,48.6902,47.5769,49.7001,19,52.5367,51.299,54.1154,12,37.6561,36.563,38.7224,30,63.7494,63.0518,64.6549,21,37.3031,34.5664,39.0712,15,46.0405,45.1938,51.4806,48,40.6393,40.5678,40.7108,10,63.0237,62.241,64.2173
El Salvador,SLV,2016,8,55.8164,54.8017,56.8155,2.0138,28,47.6206,46.8646,49.1408,19,51.0634,48.96,51.6379,12,31.2434,30.2158,32.2887,30,60.7017,60.0832,61.6587,11,36.7261,34.2802,43.7242,17,48.4192,46.0341,49.6885,48,32.8558,31.8591,33.7559,10,63.2822,62.5144,64.4714
El Salvador,SLV,2017,8,54.875,53.5393,56.1837,2.6444,28,47.3944,46.46,48.7971,16,48.3467,45.3981,53.3485,12,27.0486,25.9286,28.2483,30,57.9771,57.3952,59.024,13,38.793,33.9217,43.7369,16,52.6775,51.2982,53.5487,48,30.9071,29.8883,31.9188,9,63.3966,59.0586,64.7122
El Salvador,SLV,2018,8,52.2613,50.8332,53.6577,2.8245,28,47.2854,45.9317,48.308,16,43.8425,40.371,49.1663,11,25.9475,21.3546,27.8131,30,48.8583,47.3944,49.6941,16,42.9381,38.8795,46.9967,16,53.748,52.335,54.7025,48,30.6508,29.5375,31.7163,10,60.0367,59.083,61.1288
El Salvador,SLV,2019,8,50.6355,49.3094,51.9336,2.6242,28,47.1045,45.7552,48.045,16,40.9521,36.0514,44.3584,11,26.7817,23.4025,31.1033,30,50.9598,49.5682,51.7456,17,39.9459,34.7581,40.7761,16,51.5855,50.5654,52.6056,48,28.8161,27.7783,29.9427,10,58.6485,57.7128,59.7286
El Salvador,SLV,2020,8,52.7337,51.2803,54.1543,2.874,28,46.895,45.6686,47.901,13,47.6902,43.8599,52.7268,11,28.7235,25.1628,33.697,30,51.6462,50.2974,52.4774,17,40.8059,36.8081,44.3602,16,57.1478,56.2161,58.392,42,25.2893,23.8723,26.7514,10,56.9979,56.0294,58.0482
El Salvador,SLV,2021,8,53.404,52.1228,54.6598,2.537,28,45.6748,44.1797,46.6299,13,47.0777,46.4452,55.1481,11,29.33,24.049,31.9818,30,52.2561,50.9406,53.0187,13,39.7107,36.5172,40.9129,17,58.4922,57.5761,59.4453,42,27.7603,26.4725,29.1322,9,58.6184,56.3683,59.594
El Salvador,SLV,2022,8,52.9009,51.5945,54.1809,2.5864,29,44.0236,41.1085,45.4863,14,49.2819,43.5584,52.9306,11,26.6843,25.3695,30.1281,27,51.5177,50.0522,53.1746,13,39.8808,37.4796,41.6543,17,59.3462,58.4422,60.1663,42,25.3057,24.0457,26.8291,9,58.9328,55.9152,59.8404
El Salvador,SLV,2023,8,52.0857,50.4941,53.6378,3.1437,29,41.4388,39.105,43.2046,14,49.4358,40.1313,49.5413,11,29.3476,27.3645,32.3913,27,50.8996,50.2851,53.6577,13,37.4715,36.004,40.0931,17,55.1956,53.462,62.7554,41,25.3841,23.7637,27.0543,8,60.9199,56.4901,61.7142
El Salvador,SLV,2024,8,54.1631,52.8853,55.416,2.5307,29,39.9437,38.091,42.0243,16,47.2473,41.9585,48.8211,11,32.362,30.8816,36.297,27,56.5144,51.8067,56.734,13,40.8303,39.0392,43.2671,20,57.4182,54.3537,58.0497,41,27.3866,25.8962,28.9626,8,59.74,56.4271,62.1456
El Salvador,SLV,2025,8,55.3232,54.0604,56.5617,2.5013,29,40.108,38.1453,42.1884,16,47.0873,42.559,49.7782,11,33.2104,30.8352,37.5315,27,56.0087,51.3304,56.227,13,42.7018,40.1269,44.0858,20,57.6367,55.5539,59.2193,41,28.5381,26.9867,30.1179,8,62.8513,59.586,64.3081
Equatorial Guinea,GNQ,2009,,,,,,24,12.4821,10.5084,14.9673,6,47.7221,46.2196,56.7053,,,,,7,58.5709,54.8671,60.2347,4,40.8494,37.5423,43.7161,,,,,,,,,,,,
Equatorial Guinea,GNQ,2010,,,,,,24,11.6824,9.0562,13.0073,6,58.3531,47.0478,58.8711,,,,,7,53.929,53.6049,60.5271,,,,,,,,,,,,,5,39.2171,38.7203,58.9562
Equatorial Guinea,GNQ,2011,5,41.5506,34.0835,48.129,14.0455,24,10.7202,8.523,13.0417,6,51.8529,46.8119,56.595,,,,,7,55.5467,54.6945,60.3882,,,,,8,31.4162,28.0288,38.2962,,,,,5,39.1982,37.4941,57.7718
Equatorial Guinea,GNQ,2012,5,44.1884,37.2304,50.3902,13.1598,24,9.5196,8.5267,12.6187,7,51.8587,46.6929,55.4221,,,,,7,57.5195,54.9965,60.8666,,,,,8,35.8228,31.0474,43.129,,,,,5,39.1793,36.2679,56.5875
Equatorial Guinea,GNQ,2013,5,44.091,37.6402,49.8863,12.2461,24,10.7193,8.2477,12.6363,7,50.9599,47.5573,55.9736,,,,,7,56.9018,54.7369,60.3668,,,,,8,34.6476,30.8895,41.8478,,,,,4,38.9936,34.9795,54.824
Equatorial Guinea,GNQ,2014,5,44.4363,36.7197,51.2355,14.5158,24,10.05,8.1537,13.0577,7,50.4163,46.7931,55.858,,,,,7,60.1687,54.5929,60.5931,,,,,8,30.899,29.1168,40.1445,,,,,4,38.9751,33.7844,53.6697
Equatorial Guinea,GNQ,2015,5,43.1567,35.59,49.8274,14.2374,24,10.9595,8.5902,12.6587,7,49.767,46.3849,55.7582,,,,,7,58.6511,55.5895,60.8139,,,,,8,34.7562,28.4242,39.7853,,,,,5,38.9567,32.5893,52.5154
Equatorial Guinea,GNQ,2016,5,46.7093,38.7206,53.7409,15.0203,24,10.3378,8.6264,12.84,7,50.7998,46.7149,56.4786,,,,,7,59.0491,55.0885,60.6197,,,,,8,37.5618,31.3204,42.8348,,,,,6,40.791,33.5343,52.4652
Equatorial Guinea,GNQ,2017,5,43.6876,37.1188,49.575,12.4562,24,11.2491,8.7508,12.7676,5,54.6119,45.868,56.2015,,,,,7,60.6707,57.771,63.5705,,,,,9,31.1629,26.0627,37.856,,,,,6,31.6648,29.4774,48.6399
Equatorial Guinea,GNQ,2018,5,34.6042,26.162,41.838,15.676,24,10.4053,9.0844,12.5497,5,26.0313,25.5849,26.4777,,,,,7,56.4256,50.5811,59.8317,,,,,10,32.7043,25.854,36.1305,,,,,6,43.8673,26.9471,45.4061
Equatorial Guinea,GNQ,2019,5,24.3492,12.3354,33.751,21.4156,24,11.2775,8.3986,12.4998,5,30.2996,29.8756,30.7235,,,,,7,48.0095,47.4278,59.598,,,,,10,22.6697,20.024,29.2557,,,,,6,31.4342,26.3538,45.195
Equatorial Guinea,GNQ,2020,5,34.0101,25.123,41.558,16.435,24,8.6058,7.4589,11.6861,5,34.5678,33.2736,35.8621,,,,,7,53.4755,50.3288,59.4749,,,,,10,16.6346,12.808,23.9021,,,,,6,48.397,26.0743,49.2795
Equatorial Guinea,GNQ,2021,5,32.3629,23.2786,40.0256,16.747,24,10.1579,8.0939,11.89,5,38.8361,36.6715,41.0008,,,,,7,55.1328,51.067,59.1472,,,,,10,15.2815,10.7423,22.207,,,,,6,30.5549,17.7277,36.3517
Equatorial Guinea,GNQ,2022,,,,,,,,,,5,43.1044,40.0694,46.1394,,,,,7,56.9802,49.8816,59.2169,,,,,10,16.0084,9.0949,20.79,,,,,6,27.8836,16.4448,35.0292
Equatorial Guinea,GNQ,2023,5,39.9614,32.6422,46.4099,13.7677,24,14.3458,9.705,16.8623,5,47.3727,43.4673,51.278,,,,,7,57.9007,50.3922,59.5387,,,,,8,35.8034,25.7246,38.3454,,,,,6,26.0328,14.2812,35.731
Equatorial Guinea,GNQ,2024,5,43.3482,36.1385,49.7419,13.6034,24,12.8762,9.6481,16.8215,7,49.3568,40.0529,51.3451,,,,,7,57.2334,50.6568,58.633,,,,,8,32.5387,27.2384,41.0018,,,,,6,34.534,12.2133,35.3914
Equatorial Guinea,GNQ,2025,5,40.1976,30.4862,48.4327,17.9465,24,16.3093,10.1356,17.0256,7,49.3568,40.0529,51.3451,,,,,7,55.3931,50.3263,59.6069,,,,,8,35.6657,28.1446,42.1833,,,,,6,32.1022,15.1189,35.1716
Eritrea,ERI,2009,,,,,,26,3.6266,2.2033,6.7839,4,57.0788,50.0542,57.1134,,,,,7,56.36,55.5526,60.4662,,,,,,,,,,,,,5,31.9122,16.768,46.1044
Eritrea,ERI,2010,,,,,,26,4.254,2.3538,7.0802,,,,,,,,,7,56.8894,55.7168,60.2202,,,,,,,,,,,,,,,,
Eritrea,ERI,2011,,,,,,26,3.197,1.939,6.3905,,,,,,,,,7,59.0327,55.5886,60.2184,,,,,,,,,,,,,,,,
Eritrea,ERI,2012,,,,,,26,4.0597,2.0618,6.8848,,,,,,,,,7,56.7921,55.7021,60.4935,,,,,,,,,,,,,,,,
Eritrea,ERI,2013,,,,,,24,5.1817,0.905,6.8158,,,,,,,,,6,57.2251,55.6383,60.2163,,,,,,,,,,,,,,,,
Eritrea,ERI,2014,,,,,,24,2.9463,2.1656,7.2932,,,,,,,,,6,61.2676,55.5695,61.5321,,,,,,,,,,,,,,,,
Eritrea,ERI,2015,,,,,,24,4.9881,2.6298,7.6731,,,,,,,,,6,59.3595,55.0228,60.0648,,,,,,,,,,,,,,,,
Eritrea,ERI,2016,,,,,,24,3.7141,2.7009,7.9911,,,,,,,,,6,57.3823,54.9812,59.8969,,,,,,,,,,,,,,,,
Eritrea,ERI,2017,,,,,,24,7.5404,3.4245,8.7802,,,,,,,,,6,55.5685,55.0609,59.6727,,,,,,,,,,,,,,,,
Eritrea,ERI,2018,,,,,,24,8.0664,4.7619,10.0564,,,,,,,,,6,55.9433,49.889,59.6903,,,,,,,,,,,,,,,,
Eritrea,ERI,2019,,,,,,24,7.8428,4.0906,9.7667,,,,,,,,,6,56.859,50.9178,59.5964,,,,,,,,,,,,,,,,
Eritrea,ERI,2020,,,,,,24,7.7986,5.6043,10.6487,,,,,,,,,6,53.5632,50.4113,59.5164,,,,,,,,,,,,,,,,
Eritrea,ERI,2021,,,,,,24,9.6876,7.1578,12.6656,,,,,,,,,6,56.8471,51.2705,60.0031,,,,,,,,,,,,,,,,
Eritrea,ERI,2022,,,,,,24,10.9161,6.8017,13.5848,,,,,,,,,6,56.5894,49.9102,59.4715,,,,,,,,,,,,,,,,
Eritrea,ERI,2023,,,,,,24,8.6846,4.9167,12.6389,,,,,,,,,6,51.2582,48.8227,59.6998,,,,,,,,,,,,,,,,
Eritrea,ERI,2024,,,,,,24,6.8206,3.9564,11.6776,,,,,,,,,6,52.1642,47.14,58.6032,,,,,,,,,,,,,,,,
Eritrea,ERI,2025,,,,,,24,8.3898,3.1332,10.7578,,,,,,,,,6,48.2777,47.0223,58.5366,,,,,,,,,,,,,,,,
Estonia,EST,2009,8,86.8056,85.5756,88.0183,2.4427,28,84.899,83.7888,86.1513,17,84.3568,81.5533,85.7561,12,58.0834,57.2731,58.9232,31,92.0888,90.9026,92.7973,15,78.5964,70.2172,86.9756,15,64.2055,58.6551,67.2425,49,65.1286,63.971,66.282,9,73.5865,68.723,74.906
Estonia,EST,2010,8,84.832,83.6373,86.01,2.3727,28,85.4169,84.3601,86.747,19,81.3155,80.6548,82.0659,12,59.2746,58.4928,60.0685,31,91.4933,90.4308,92.1961,15,66.296,59.4179,75.8169,15,62.3707,57.1925,66.2186,49,64.3981,63.209,65.5508,9,74.5612,70.8901,76.1162
Estonia,EST,2011,8,83.9264,82.6559,85.1778,2.5219,28,86.3118,85.1583,87.5974,19,81.3314,80.8495,82.3629,12,59.9072,59.1155,60.7846,31,92.1407,91.0266,92.8791,15,60.2557,56.6985,74.2871,15,60.1065,56.6214,64.9527,49,63.8057,62.7558,64.8714,9,74.0051,72.0015,77.1194
Estonia,EST,2012,8,84.7084,83.5261,85.8744,2.3483,28,86.6525,85.6222,87.951,19,81.4899,80.8573,82.3392,12,63.2222,62.4826,64.0973,31,93.5564,92.3681,94.2927,17,57.6195,56.1336,72.2324,15,62.7041,57.6185,65.9765,49,66.8518,65.5244,67.973,9,73.1824,70.7099,76.1204
Estonia,EST,2013,8,85.4974,84.4015,86.5794,2.1779,28,86.4412,85.3805,87.9511,19,81.0826,80.2541,81.7157,12,66.3471,65.5202,67.3011,31,93.3172,92.2081,94.0663,18,63.2113,49.9632,65.5043,15,64.7402,58.932,66.3157,49,64.3653,63.2087,65.4819,9,72.5565,70.3593,74.6149
Estonia,EST,2014,8,84.9286,83.8334,86.0098,2.1764,28,87.3749,86.1082,88.7023,19,80.4641,79.786,81.3123,12,67.8769,67.0076,68.8133,31,94.1823,92.9789,94.9037,18,54.9473,48.2107,63.0556,15,63.7931,58.2938,66.1579,49,65.9397,64.8614,67.1362,9,73.4822,70.4191,74.5612
Estonia,EST,2015,8,85.0697,84.0609,86.0667,2.0058,28,88.1696,87.1433,89.4853,19,81.6173,80.7101,82.2326,12,69.2965,68.5247,70.2066,31,92.3595,91.188,93.0715,18,52.8003,48.0832,61.8418,15,63.5422,57.4251,65.2059,49,67.9009,66.8911,68.9929,9,74.174,71.4433,75.581
Estonia,EST,2016,8,85.9227,85.0666,86.7703,1.7037,28,88.687,87.5164,90.0233,19,81.1087,80.1171,81.5682,12,69.3582,68.4789,70.314,31,92.5897,91.4154,93.2957,18,63.9454,54.4541,65.5024,15,62.6,59.4754,66.7206,49,65.0897,64.0363,66.1693,9,73.2645,71.314,75.0866
Estonia,EST,2017,8,85.5678,84.7534,86.3745,1.6211,28,89.2577,88.264,90.8092,15,77.5321,74.6641,80.1854,12,71.476,70.5318,72.3281,31,92.5007,91.3058,93.2112,19,55.0349,52.9694,60.7492,13,68.751,63.6483,71.834,49,69.0814,67.9959,70.291,9,71.8684,70.7266,74.6078
Estonia,EST,2018,8,84.6785,83.7933,85.5546,1.7613,28,89.4091,88.2219,90.7551,14,77.5649,76.8237,82.1927,12,72.1198,67.8135,73.8307,31,88.9821,87.7757,89.7012,19,55.1461,51.8927,59.1066,13,65.8742,62.6963,71.6434,49,67.4116,66.2425,68.733,9,71.6117,69.3173,73.0697
Estonia,EST,2019,8,83.5773,82.7057,84.4399,1.7342,28,89.4972,88.4464,91.0537,14,77.2078,75.4463,81.5141,12,69.4394,65.6401,71.8144,31,88.1986,87.0828,88.9537,19,52.7923,51.2122,57.4592,13,65.2501,60.9852,68.7648,49,66.2127,64.9449,67.3489,9,70.0988,67.0272,71.388
Estonia,EST,2020,8,83.9661,83.1409,84.7833,1.6424,28,89.5571,88.4274,90.9214,11,76.0034,73.0367,78.9702,12,73.6175,68.0983,74.3011,31,89.9402,88.7829,90.7804,19,51.4036,49.4476,54.394,13,67.2658,62.1889,70.2556,43,65.9266,64.3715,67.3944,9,68.9216,65.7434,69.7592
Estonia,EST,2021,8,84.809,83.8813,85.7267,1.8454,28,90.2765,89.0464,91.5868,12,76.3454,76.0308,82.8453,12,76.2989,70.834,76.6295,31,91.1832,89.9365,91.9632,11,55.685,51.8056,59.0225,13,63.0776,62.6686,70.3122,43,69.2807,67.7604,70.637,8,67.902,65.9919,71.5508
Estonia,EST,2022,8,84.7371,83.8859,85.5799,1.694,28,89.1356,88.3776,93.6281,13,81.1579,78.315,83.1782,12,70.4717,68.3378,71.26,30,90.8233,89.008,91.4538,11,54.5175,52.0336,59.806,13,63.9409,62.9041,70.6819,43,68.3489,66.7696,69.8227,9,69.358,68.5717,72.7902
Estonia,EST,2023,8,85.3003,84.1787,86.4072,2.2285,28,89.3665,88.7757,94.5671,13,81.6481,78.5932,83.3387,12,69.1718,67.1571,69.9782,30,91.6649,90.0109,92.3149,11,56.8151,51.1392,58.9431,14,63.5665,56.3528,70.7803,42,68.1199,66.5377,69.7581,8,71.748,67.0164,72.7677
Estonia,EST,2024,8,85.5026,84.6111,86.3848,1.7737,28,90.7759,88.6613,94.7327,15,81.514,80.5714,83.4861,12,74.1633,71.939,75.0627,30,92.7746,91.1002,93.5246,11,51.9071,48.3526,55.4616,17,63.8869,59.1828,69.2709,42,69.983,68.1023,71.6955,8,70.1276,68.4052,73.583
Estonia,EST,2025,8,84.104,83.2175,84.9812,1.7637,28,92.477,90.0785,95.1935,15,80.6582,78.6995,82.1885,12,70.6552,68.0936,71.0915,30,90.8259,89.0682,91.5244,11,51.1198,46.9476,55.2919,17,63.4513,60.8961,69.0832,42,64.4554,62.926,66.2034,8,69.5391,68.835,73.8336
Eswatini,SWZ,2009,8,50.473,46.5089,54.1967,7.6878,24,34.9907,31.9147,35.7514,9,53.1321,44.0524,57.9241,4,35.7511,30.4015,46.7727,19,51.1627,46.7432,55.3453,9,35.0235,28.1023,47.0842,6,51.9893,40.0031,62.6663,40,23.6751,21.865,25.5922,6,54.3075,47.2803,62.123
Eswatini,SWZ,2010,8,52.2178,48.658,55.5861,6.9281,24,33.4896,31.215,35.4467,9,54.6458,44.5401,59.087,4,37.3199,30.8143,46.9816,19,48.6352,46.8903,55.5129,9,37.6741,27.6138,44.9711,11,55.3614,42.365,58.5646,40,24.5987,22.8039,26.7708,6,57.4669,47.7986,62.97
Eswatini,SWZ,2011,8,47.5079,44.8021,50.0961,5.294,25,32.5343,31.4088,35.1151,15,53.5651,48.5403,58.4088,11,33.8046,32.847,34.7622,27,49.1638,48.5221,51.7744,13,36.9651,34.0625,46.6946,12,50.7423,43.5787,56.928,40,21.3312,19.3185,23.2341,7,45.8207,41.8788,56.139
Eswatini,SWZ,2012,8,50.6056,48.1339,52.9819,4.848,25,32.5791,29.9019,33.7987,15,54.4749,50.1296,59.2606,11,33.7881,32.9579,35.6374,27,51.6514,50.3037,53.1178,13,37.7673,32.8772,45.4207,12,56.3491,45.1278,59.1319,40,21.7985,19.8828,23.6212,7,51.2178,41.3373,54.1886
Eswatini,SWZ,2013,8,48.6434,46.3129,50.8871,4.5742,25,33.8916,31.0623,34.4641,15,54.3744,49.7758,58.6232,11,37.1805,36.2366,38.761,27,52.0087,51.1673,54.0288,15,37.5477,33.4091,43.321,12,48.1412,44.7218,55.5921,40,22.8056,20.92,24.629,7,44.1608,40.5826,54.369
Eswatini,SWZ,2014,8,51.5043,49.3128,53.6212,4.3084,27,34.1288,33.5047,36.3445,15,50.8612,50.3313,61.5813,11,40.9083,39.4191,41.8343,27,54.5223,53.7697,56.751,15,41.0135,36.8989,45.8065,12,49.1622,46.1902,59.217,40,28.7752,26.9455,30.4753,8,46.8178,45.4285,56.0003
Eswatini,SWZ,2015,8,54.8999,52.9026,56.8371,3.9345,27,34.6706,33.682,36.6691,15,57.1349,54.7066,62.9648,11,45.9703,44.9853,47.28,27,55.5661,54.5277,57.5381,15,42.4832,37.3006,46.5117,12,47.9577,46.6449,59.9696,39,31.4626,29.6239,33.3346,8,49.4593,46.4405,56.549
Eswatini,SWZ,2016,8,55.553,53.5037,57.5397,4.036,27,34.6476,33.3097,36.3521,15,64.4931,53.8731,64.9823,11,47.3089,46.2201,48.5342,28,54.5613,53.8964,56.7922,11,42.5444,38.188,47.0834,12,48.6228,48.4454,61.1215,39,24.5144,22.6706,26.5016,8,50.3717,46.233,56.3382
Eswatini,SWZ,2017,8,56.2079,54.1636,58.1902,4.0266,27,34.4785,33.3727,36.5797,14,61.0721,51.3357,61.3833,11,49.0814,48.174,50.3539,28,55.6556,54.5191,57.5872,11,44.2317,37.8043,48.0782,10,51.2052,45.5307,56.213,37,26.22,24.465,28.0933,7,49.6299,45.0574,57.124
Eswatini,SWZ,2018,8,57.8234,55.8813,59.7102,3.8289,27,34.0062,33.6095,36.3764,14,54.2135,51.9614,61.9959,11,54.6301,50.6867,61.3705,26,56.5031,55.0314,57.6835,13,44.7199,40.9334,48.6797,11,57.0782,53.8685,60.3127,37,26.1362,23.9206,28.3212,8,55.2268,43.1588,55.7532
Eswatini,SWZ,2019,8,57.1462,55.3085,58.9341,3.6256,27,36.5159,35.029,37.9032,15,56.9698,50.9244,59.6601,11,53.4514,48.7495,61.0383,26,59.2049,57.7948,60.1211,13,42.4465,41.2761,48.927,11,52.4945,51.0181,57.8562,37,26.7516,24.7384,28.6643,8,50.6577,42.0274,52.9394
Eswatini,SWZ,2020,8,56.5869,54.6443,58.4736,3.8293,27,35.646,34.4432,37.0882,12,52.8939,50.473,59.4055,11,48.6124,47.5806,61.4831,26,61.6029,60.5669,62.8346,13,50.6767,46.6413,54.712,11,57.8227,54.3512,61.8338,41,25.2893,24.5692,26.0106,8,42.224,40.0317,49.9049
Eswatini,SWZ,2021,6,58.4661,57.2167,59.6926,2.4759,27,35.4425,34.5145,37.0463,,,,,,,,,17,65.4908,62.5575,69.2319,11,50.0818,46.3758,53.0358,11,55.3988,52.2082,58.5894,17,30.0445,29.8017,30.2873,8,48.0749,39.9685,48.4386
Eswatini,SWZ,2022,6,57.7196,56.5963,58.8241,2.2278,26,37.1127,34.8286,40.7274,,,,,,,,,15,63.3632,61.334,67.9383,10,49.775,46.5397,53.3531,11,59.026,56.4155,62.2025,17,27.2361,26.8669,27.6053,9,44.7087,42.6817,46.6411
Eswatini,SWZ,2023,6,58.2128,56.2423,60.1268,3.8845,26,36.6413,34.1751,39.6519,,,,,,,,,15,67.3454,61.2086,67.5695,10,49.0326,44.7215,51.8773,11,50.483,46.78,67.7969,13,32.8925,32.7779,33.0072,8,47.7828,43.1705,49.3756
Eswatini,SWZ,2024,7,59.0855,56.8449,61.2537,4.4088,27,36.8325,32.9301,37.9728,6,51.268,42.2272,58.0177,,,,,15,64.3191,60.1999,67.3488,10,50.7868,45.2672,52.3351,12,58.0371,53.4041,68.5374,13,32.3921,32.255,32.5293,8,48.0151,43.5653,49.9598
Eswatini,SWZ,2025,7,57.7344,55.4652,59.9285,4.4633,28,35.4617,33.4245,38.3396,6,51.268,42.2272,58.0177,,,,,15,62.7038,59.5605,66.6471,10,48.6223,45.5533,52.3091,12,57.115,49.9282,64.9583,13,26.0542,25.6318,26.4766,8,51.5897,46.5334,52.6672
Ethiopia,ETH,2009,8,46.5167,44.411,48.5496,4.1386,27,28.1698,26.6542,29.7057,15,69.4896,62.0524,69.9366,11,41.0319,39.9847,43.2511,26,49.3251,45.7971,50.3626,13,31.6097,25.3049,36.1128,7,35.4321,30.1729,41.0864,49,20.8205,19.6201,21.8025,8,40.2881,34.8591,42.0873
Ethiopia,ETH,2010,8,48.1684,45.9904,50.2699,4.2795,27,28.2845,26.8297,29.7128,17,69.5562,64.1969,69.941,11,44.8483,44.0135,46.7278,26,50.3168,48.7696,52.7635,11,27.2967,25.4589,39.7026,7,38.3319,32.9549,42.8662,48,23.9956,22.7876,25.1302,8,42.6868,36.6507,44.5755
Ethiopia,ETH,2011,8,47.6741,45.7021,49.583,3.8809,27,28.0969,27.1338,29.9214,17,65.4834,64.4065,70.5534,11,43.951,43.0769,45.6339,27,50.5382,48.9956,52.8455,11,29.2476,26.7418,39.0788,7,38.8091,35.017,44.4838,48,27.5965,26.429,28.7721,8,39.8028,37.6645,44.4926
Ethiopia,ETH,2012,8,47.2199,45.6048,48.7922,3.1874,28,28.5249,27.6557,30.385,17,64.9328,63.0332,69.2743,11,43.951,43.0951,45.4962,30,49.897,48.8753,50.8357,12,29.8569,26.764,34.7858,7,39.4149,34.8472,44.8871,48,26.9087,25.7326,28.0595,9,38.0036,36.1163,39.7645
Ethiopia,ETH,2013,8,47.5198,45.5291,49.4461,3.917,28,28.6764,27.7092,30.2634,17,65.5406,62.3264,68.4086,11,44.2385,42.8771,45.0787,30,50.9086,50.2454,51.9281,12,31.3208,26.9086,35.1682,7,45.5541,40.8768,50.2314,48,23.387,22.1632,24.5219,8,33.2993,24.9473,37.7786
Ethiopia,ETH,2014,8,46.0901,44.3638,47.7669,3.4031,28,28.4895,27.4288,30.0971,17,63.143,60.1045,66.9115,11,41.3387,39.8331,42.1533,30,47.7408,46.6841,48.8739,12,34.4878,28.0157,35.59,6,44.1542,34.6346,45.3983,36,21.6375,19.8385,23.6719,9,34.6973,32.9556,37.8699
Ethiopia,ETH,2015,8,45.9599,44.3355,47.5403,3.2048,28,28.7942,27.9265,30.2576,17,64.093,59.4989,66.3371,11,44.6676,43.3026,45.2914,29,50.247,49.7529,52.4541,13,28.2969,24.7944,31.7995,6,36.9735,35.6202,44.1278,36,26.1131,24.1227,28.0683,9,36.2681,34.1255,39.4552
Ethiopia,ETH,2016,8,48.3505,46.7239,49.9342,3.2103,28,28.8265,27.9533,30.2806,17,65.5184,61.1103,67.2555,11,41.6362,40.2591,42.3107,29,53.1711,52.2353,54.5197,6,27.7392,22.8683,32.61,6,38.1357,35.6937,45.0078,35,33.4135,31.526,35.4849,9,38.711,37.0555,40.566
Ethiopia,ETH,2017,7,51.6293,49.8994,53.3124,3.413,28,29.7052,28.7148,31.5363,15,66.6055,62.2014,70.8608,11,37.3356,36.0684,37.9979,29,54.6371,53.4593,55.9071,7,34.2104,29.539,40.4855,,,,,35,37.1832,36.9562,37.4103,8,41.0027,35.0494,44.5441
Ethiopia,ETH,2018,8,51.842,49.0173,54.5443,5.527,29,31.6705,30.7398,32.7568,15,65.2754,61.5431,70.1572,11,36.4706,33.4406,41.3062,30,55.2764,53.9506,56.1846,7,34.0273,30.1169,41.4503,8,48.3243,44.703,67.2683,35,34.2373,33.8777,34.5969,7,40.3101,31.3925,43.2604
Ethiopia,ETH,2019,8,49.8317,47.1772,52.3756,5.1984,29,32.1516,31.0745,33.238,12,68.7347,60.6451,69.4138,11,33.2673,30.8437,38.6028,29,54.9563,53.4058,55.8698,7,35.3357,30.0667,41.8938,8,47.1261,43.6111,63.77,35,31.0816,30.58,31.5832,8,31.441,30.1482,36.9255
Ethiopia,ETH,2020,8,47.2749,44.5247,49.9033,5.3786,29,34.0058,33.0284,35.0857,12,61.5405,59.1699,67.6489,11,29.3436,23.7638,33.6955,29,51.4343,50.4251,53.1934,7,32.1838,31.1311,41.2062,8,53.3938,45.2851,65.0338,39,27.8339,26.889,28.9235,8,32.7297,27.8919,35.9715
Ethiopia,ETH,2021,7,49.4181,46.0788,52.5834,6.5046,29,34.2884,33.3288,35.3439,6,68.0796,58.3261,73.1724,,,,,19,61.1642,52.9038,62.693,5,28.3821,28.1525,42.4031,8,48.2123,44.911,64.7275,16,32.7003,32.5122,32.8884,6,29.8909,24.4075,37.8402
Ethiopia,ETH,2022,7,48.8398,45.7671,51.7637,5.9966,29,32.4924,30.3918,34.7549,6,67.8089,60.1911,73.6896,,,,,18,56.0055,53.5095,61.3301,6,29.5171,21.6913,36.7519,8,52.4603,44.828,63.0097,16,35.2191,35.1444,35.2939,7,26.6866,20.3102,30.2541
Ethiopia,ETH,2023,7,49.6028,46.1742,52.8485,6.6743,29,29.5063,27.7606,32.3333,5,64.2987,54.1263,72.323,,,,,18,56.9945,52.6211,60.7464,10,28.5914,24.1866,33.4702,7,51.9688,44.6492,66.3454,15,37.7459,37.7069,37.7848,5,34.6499,28.8006,40.5827
Ethiopia,ETH,2024,6,48.4369,45.953,50.8223,4.8693,30,26.23,24.6034,28.4642,6,62.8214,55.3389,72.051,,,,,18,59.2285,51.9271,59.4751,10,28.6103,26.6493,34.0882,8,50.08,43.2517,55.9781,15,34.977,34.8914,35.0627,,,,
Ethiopia,ETH,2025,6,47.9683,45.2359,50.5813,5.3454,30,25.5615,23.4888,27.4291,6,62.8214,55.3389,72.051,,,,,18,53.2319,51.2432,59.5521,10,34.1467,26.6187,35.815,8,53.152,43.3119,56.262,15,30.563,30.2787,30.8473,,,,
Fiji,FJI,2009,7,60.5468,56.6154,64.2638,7.6484,23,37.2232,34.3646,40.0733,7,62.1043,54.957,63.9369,,,,,8,57.4726,55.6094,61.7061,10,56.0263,49.5074,63.4974,9,51.0633,43.4015,60.3839,18,37.0902,36.859,37.3214,6,48.6308,33.4833,51.9225
Fiji,FJI,2010,7,61.0675,56.9356,64.9644,8.0288,23,36.3304,34.0515,39.4902,7,60.5046,54.8844,64.2413,,,,,8,59.1133,55.6228,61.5706,10,56.5666,48.8397,61.3555,9,47.088,43.37,61.9172,18,42.6525,42.6334,42.6715,6,47.6029,34.5351,53.4272
Fiji,FJI,2011,7,57.2499,52.7103,61.4971,8.7868,23,38.0857,36.2819,41.8754,7,58.3966,55.8587,64.0202,,,,,8,60.3537,56.6391,63.1243,10,49.7412,41.4241,55.1149,9,48.6639,43.6291,59.8931,18,38.0014,37.8112,38.1917,6,39.9967,31.7929,53.1927
Fiji,FJI,2012,7,59.3932,55.3692,63.1904,7.8212,23,39.821,37.4697,43.7825,7,62.1237,56.2256,64.3421,,,,,8,61.2474,57.3083,63.5287,10,47.4066,39.3837,52.9164,9,50.5139,44.3772,63.8507,18,37.1396,36.9106,37.3686,6,44.4367,33.2441,51.9555
Fiji,FJI,2013,7,58.9607,54.4725,63.1674,8.6949,23,40.8268,38.8828,44.6617,7,63.3246,58.0424,65.7462,,,,,8,61.0771,57.8297,63.4856,11,44.3982,38.4696,52.5423,9,49.3973,44.4641,62.3099,18,38.286,38.1086,38.4634,6,41.4219,25.0167,48.055
Fiji,FJI,2014,7,58.3232,54.6013,61.8484,7.2471,23,42.4652,40.9463,46.52,7,60.5129,57.7997,65.533,,,,,8,63.4147,58.2155,64.4907,12,44.7777,38.1279,49.454,9,48.7499,46.8198,63.8204,18,39.1726,39.035,39.3101,6,37.8369,33.1936,53.5861
Fiji,FJI,2015,7,59.1612,54.7557,63.2957,8.54,23,47.043,44.623,50.3991,7,63.4332,58.6919,66.5704,,,,,8,63.5241,59.9971,66.13,12,40.7271,37.4094,48.9138,9,49.4713,46.6468,64.5023,18,35.0384,34.7148,35.362,6,41.9814,34.6121,54.9349
Fiji,FJI,2016,7,60.3718,56.8694,63.7028,6.8334,23,48.1515,46.8215,52.9481,7,64.6914,58.3216,66.5069,,,,,8,62.7922,60.95,66.3157,9,41.5086,37.2987,44.849,10,59.3226,50.7609,68.0109,18,38.1276,37.943,38.3121,6,40.6717,36.7917,55.7222
Fiji,FJI,2017,7,60.3386,56.4108,64.0518,7.641,23,49.8214,48.8805,54.2545,6,63.4028,59.0008,66.5989,,,,,8,62.7533,60.6942,66.1485,9,43.6968,38.737,46.3571,11,58.6658,54.7418,72.615,18,37.3071,37.0857,37.5286,5,39.9741,23.245,43.9795
Fiji,FJI,2018,7,58.7918,54.8777,62.4899,7.6122,23,53.7628,49.5358,55.4617,6,61.95,59.0171,67.2089,,,,,8,64.2064,57.6996,66.4716,9,45.5125,42.0078,50.692,11,58.0074,54.4986,72.1726,18,38.6804,38.5207,38.84,6,22.5946,21.6031,39.0779
Fiji,FJI,2019,7,60.4425,56.6744,64.013,7.3386,23,52.2545,52.0951,56.9997,6,64.0304,58.6182,66.9339,,,,,8,66.0069,59.5612,67.6988,10,49.9788,43.6663,51.1462,13,57.3871,52.764,65.5626,18,40.0369,39.9382,40.1355,6,25.5536,16.9608,33.9468
Fiji,FJI,2020,7,62.5502,59.0121,65.9169,6.9048,23,57.9708,54.638,59.1305,6,62.1731,61.6023,69.8764,,,,,9,66.7689,63.5817,69.8684,10,47.8447,44.93,53.2329,13,68.4442,56.701,69.9779,17,40.4178,40.3422,40.4934,6,28.5127,12.3186,28.8156
Fiji,FJI,2021,7,62.2752,58.2681,66.0633,7.7952,24,58.2837,54.5856,59.3472,6,65.9246,59.7589,68.4965,,,,,11,66.7055,65.622,70.8421,7,48.1213,44.956,55.6855,13,60.6093,58.7649,71.5555,17,42.4484,42.2814,42.6154,4,26.8574,18.942,41.064
Fiji,FJI,2022,6,61.2958,58.1265,64.3253,6.1988,25,57.7344,56.0629,61.7856,6,61.1205,60.0544,67.9863,,,,,10,67.5188,65.072,71.7014,8,48.202,44.008,54.0002,13,64.6396,56.8338,71.0771,17,40.0639,40.0043,40.1236,,,,
Fiji,FJI,2023,6,63.4901,59.817,66.9803,7.1633,25,58.8947,55.9638,62.164,6,65.4228,61.0463,69.291,,,,,10,67.4048,63.6582,70.5033,7,46.4682,41.9606,52.4535,9,63.5665,48.7569,67.4441,16,44.0204,43.7827,44.2581,,,,
Fiji,FJI,2024,6,62.3256,59.2559,65.2652,6.0093,25,59.9119,58.5733,64.8436,7,64.7473,60.9916,69.5054,,,,,10,67.6116,64.2757,70.4686,7,51.5947,41.8423,53.939,9,52.9857,47.6653,63.7976,16,43.3412,43.1341,43.5484,,,,
Fiji,FJI,2025,6,62.3657,58.4041,66.1133,7.7092,25,65.1566,61.1595,67.5217,7,66.6859,61.4471,69.7839,,,,,10,68.8816,63.8585,71.1448,7,45.9368,42.5977,54.6504,9,53.6558,46.2804,63.4273,16,40.3397,40.2676,40.4118,,,,
Finland,FIN,2009,8,94.5416,93.6768,95.3983,1.7215,28,95.5939,94.2731,97.1089,17,89.8657,87.4065,91.0435,12,80.5017,79.4992,81.3803,29,98.3216,96.3232,99.2365,17,75.6279,73.3993,80.0607,15,70.4196,70.1724,82.6748,50,89.7234,88.1166,91.3098,8,77.5135,75.0343,80.562
Finland,FIN,2010,8,94.1979,93.3651,95.023,1.6579,28,95.5628,94.3682,97.0054,19,90.5822,89.8175,91.3124,12,80.7966,79.8055,81.64,29,97.5793,96.3213,99.2424,18,69.1692,66.578,72.4772,15,74.7786,69.9849,82.8687,50,88.9229,87.408,90.3922,8,77.3051,74.4447,80.0173
Finland,FIN,2011,8,93.321,92.4568,94.177,1.7202,28,95.2461,93.7696,96.6779,19,90.1813,89.8202,91.4154,12,78.0628,77.0131,78.875,29,97.212,95.8765,98.5448,18,69.2964,64.5686,70.5474,15,74.4551,69.7981,81.9797,50,89.9335,88.324,91.4251,8,71.9622,71.6095,79.0745
Finland,FIN,2012,8,94.0664,93.3005,94.8259,1.5254,28,94.9683,93.7541,96.3889,19,90.3384,90.0576,91.4767,12,82.054,81.054,82.844,29,97.4307,95.5349,98.2704,19,65.9301,64.39,69.5038,15,76.3061,69.7768,81.2438,50,91.3964,89.8753,93.0122,8,75.5233,73.3018,79.147
Finland,FIN,2013,8,93.912,93.1403,94.6773,1.537,28,95.1033,93.7447,96.5641,19,90.6724,89.855,91.3862,12,84.6424,83.6098,85.5167,29,95.7757,94.9582,97.88,20,66.5518,63.9177,67.6988,15,74.0968,70.4058,82.8442,50,91.6333,90.0669,93.2768,7,74.4054,74.148,79.652
Finland,FIN,2014,8,93.582,92.8697,94.2887,1.419,28,95.1536,93.9927,96.8109,19,90.7207,89.8505,91.321,12,82.802,81.8268,83.6223,29,95.1265,94.1799,96.9943,20,62.619,60.8948,64.5719,15,72.1127,70.5317,81.7465,50,93.2743,91.7748,94.918,8,77.9314,74.7211,79.1128
Finland,FIN,2015,8,93.014,92.5329,93.4926,0.9597,28,95.0587,93.955,96.6759,19,90.659,89.6256,91.145,12,82.748,81.7547,83.6042,29,94.0157,93.5322,96.0285,20,65.8387,62.9762,67.6168,18,70.7784,69.7352,72.1073,49,90.0784,88.3779,91.7379,8,74.9717,72.6834,77.0115
Finland,FIN,2016,8,92.6732,92.0622,93.2801,1.2179,28,95.4488,94.0339,97.0855,19,90.7337,89.5775,91.232,12,85.6966,84.6583,86.6035,29,94.6716,92.6246,95.2309,19,61.6377,59.6678,67.874,18,72.1542,71.0724,73.3777,49,86.6152,85.0316,88.1378,8,74.379,71.2374,75.696
Finland,FIN,2017,8,93.215,92.5719,93.8535,1.2816,28,95.4583,94.0475,96.9315,15,93.3907,89.3638,93.5508,12,85.6882,84.7183,86.4836,29,93.7199,92.4971,95.4575,20,63.0101,61.7456,69.4341,16,73.0754,71.5233,74.4995,49,90.4703,88.7224,92.1904,8,71.6463,70.6073,75.2104
Finland,FIN,2018,8,92.6248,91.8968,93.3469,1.4501,28,95.4071,94.1074,97.0203,15,92.059,89.2888,93.213,12,73.9431,69.8565,75.59,29,95.4914,94.3399,97.0043,20,67.1006,61.0438,69.5166,16,74.6261,73.2632,75.9424,49,91.3644,89.7218,93.0059,8,69.5887,68.1928,73.4163
Finland,FIN,2019,8,91.6298,90.9089,92.3449,1.436,28,95.0848,93.733,96.6052,15,91.7449,89.2187,93.2545,12,71.2029,68.2989,74.0651,30,95.3872,94.3535,96.7414,20,61.5115,58.7008,65.8651,16,74.1473,72.6618,75.553,49,90.6445,89.123,92.3014,8,70.4482,66.8928,72.7402
Finland,FIN,2020,8,92.1157,91.3394,92.8853,1.5459,28,94.7914,93.6575,96.4447,12,91.953,89.6674,93.5261,12,73.7768,68.5855,74.4693,31,95.8971,94.5598,96.7201,20,62.7909,61.6673,70.2684,16,76.4067,75.25,77.8238,44,87.6542,85.537,89.7836,8,71.3028,64.7313,71.5733
Finland,FIN,2021,8,90.9322,90.0931,91.7634,1.6703,28,95.1301,93.8423,96.5669,13,88.2467,86.3813,90.1122,12,69.0609,67.244,73.318,31,95.9872,94.7776,96.8044,12,65.8408,59.8688,67.7903,16,76.7889,75.6203,78.2206,44,86.4873,84.1536,88.4154,7,66.1614,58.9252,67.8304
Finland,FIN,2022,8,90.2571,89.4654,91.0418,1.5764,29,95.8057,93.5292,97.9288,14,90.558,88.4379,90.9058,12,69.4231,67.4146,70.4286,29,92.8906,92.2465,94.9737,12,60.1039,57.6102,66.5719,16,78.2391,77.0215,79.5878,44,81.628,79.6626,83.4148,8,68.9383,61.4795,69.1259
Finland,FIN,2023,8,90.3135,89.4932,91.1262,1.633,29,95.0632,93.2279,97.6422,14,90.1314,88.9584,91.5604,12,68.4509,66.02,69.1625,29,93.5909,92.9046,95.4431,13,61.6848,57.0508,63.7026,17,77.5182,74.9394,82.8423,43,81.804,79.6966,83.7894,7,69.4418,65.77,73.1136
Finland,FIN,2024,8,89.7968,89.0091,90.5775,1.5684,29,94.568,92.2223,96.7552,16,88.8724,88.6099,90.1156,12,70.7816,68.0279,71.779,29,95.2221,93.0685,95.918,13,58.5572,56.7016,63.6774,20,79.8633,77.114,81.545,43,82.2819,80.0279,84.3129,7,63.4952,60.3217,69.1046
Finland,FIN,2025,8,88.2961,87.4903,89.0944,1.6041,29,95.1559,92.6545,97.4097,16,89.0757,88.1174,89.6279,12,67.488,65.006,67.8954,29,92.0919,90.4408,93.1512,13,57.8363,54.8251,61.9906,20,80.7479,77.5887,82.3822,43,76.2797,74.2331,78.1785,7,61.2554,60.8341,69.6703
France,FRA,2009,8,86.3994,85.3811,87.4057,2.0246,27,87.3108,85.8358,88.5318,17,76.5377,74.0504,79.4584,12,38.9373,37.865,39.9322,30,82.3323,80.9846,82.7179,19,83.7631,80.383,85.2476,16,79.2483,76.8369,89.9934,49,73.7265,72.1146,75.36,8,76.8772,71.6561,78.4485
France,FRA,2010,8,85.6818,84.634,86.7168,2.0828,27,87.1499,85.9359,88.5514,19,80.0585,78.1018,80.3382,12,37.7724,36.7568,38.9613,30,83.2046,81.1731,83.3006,19,76.9496,74.1342,78.6008,16,79.5364,76.0812,90.9172,49,71.1437,69.5353,72.7704,8,76.0923,70.1757,77.6054
France,FRA,2011,8,85.0247,84.0831,85.956,1.8729,27,87.2253,85.9609,88.481,19,80.4062,77.8197,80.7266,12,34.9522,33.7827,36.1265,30,82.6699,81.8258,83.9605,19,73.506,72.0273,76.7941,16,78.486,75.4457,88.4227,49,72.6612,71.1634,74.1961,8,76.2885,70.9202,77.0194
France,FRA,2012,8,85.1859,84.1386,86.2205,2.0819,27,86.8,85.3829,87.8408,19,80.4292,78.4178,80.5698,12,34.1219,32.9466,35.3811,30,83.7809,82.0006,84.1731,20,73.4877,71.5843,76.1576,16,81.197,75.0265,90.0828,49,72.04,70.5653,73.5553,8,75.4772,68.6234,75.9089
France,FRA,2013,8,85.4531,84.5347,86.3617,1.827,27,87.1385,85.8223,88.3884,19,79.7996,77.8724,79.9947,12,35.1511,34.0692,36.3832,30,83.4943,81.7801,84.1432,21,75.75,73.9681,77.5319,16,85.5454,74.0528,87.6866,49,68.2988,66.8063,69.8753,7,74.5702,72.1192,77.6981
France,FRA,2014,8,84.3303,83.3711,85.2787,1.9076,27,86.6963,85.4475,88.1423,19,79.7114,77.7965,80.0591,12,37.4684,36.3172,38.5799,30,82.1643,81.5831,83.9364,21,71.2294,68.7316,72.3522,16,80.8792,74.3357,88.2488,49,69.6907,68.3333,71.1124,8,72.8372,72.269,77.4117
France,FRA,2015,8,86.6704,85.7534,87.5777,1.8243,27,86.3085,85.2851,87.7871,19,80.0607,77.8635,80.4072,12,41.0298,39.9728,42.1166,30,82.8695,81.6486,84.2856,21,76.0765,73.3538,77.2487,16,89.4256,82.8249,96.0264,49,71.0281,69.5665,72.5291,8,74.3092,71.6138,77.1396
France,FRA,2016,8,85.0716,84.0356,86.0951,2.0595,27,86.9485,85.7448,88.2093,19,81.2141,78.9834,81.3205,12,42.67,41.6305,43.7407,30,83.1856,82.6182,84.9509,20,67.6867,64.6418,72.2484,16,81.0143,74.5581,88.5492,49,72.6999,71.4439,74.1577,8,72.3344,72.0576,77.9538
France,FRA,2017,8,85.8805,84.8996,86.8503,1.9507,27,86.5599,85.5615,88.1842,15,73.2367,72.8779,80.6267,12,44.0653,43.0328,45.1819,31,83.9257,82.9671,84.6723,20,72.3871,66.8173,75.8238,14,82.7133,75.5561,83.3575,49,77.1816,75.8393,78.6877,8,75.8615,70.7652,77.1319
France,FRA,2018,8,85.7305,84.7557,86.6942,1.9385,27,86.7341,85.571,88.2044,15,80.9903,74.522,81.2934,12,49.0136,43.8741,50.3175,31,82.6374,81.466,83.3635,20,67.763,66.0316,73.3379,14,77.2087,75.7422,84.2522,49,73.9827,72.4717,75.4956,8,75.694,70.407,76.0579
France,FRA,2019,8,85.8099,84.8387,86.7702,1.9315,27,85.8646,84.819,87.2999,15,80.9757,75.6908,81.4659,12,49.5153,44.4936,50.8178,31,82.9756,81.9158,83.7138,20,64.1062,63.9566,71.2691,14,81.476,75.4706,84.5111,49,74.6617,73.2258,76.1717,8,75.3242,69.0002,75.4272
France,FRA,2020,8,86.1574,85.2124,87.0921,1.8797,27,85.2365,84.4076,86.7379,12,81.8235,78.1659,83.5475,12,53.0595,49.8709,55.597,31,84.3085,83.3226,85.1128,20,69.3661,66.373,73.0428,14,84.2173,79.3375,88.0627,43,70.6741,68.6095,72.656,8,68.9739,68.0562,74.8453
France,FRA,2021,8,85.7957,84.7961,86.7837,1.9876,27,85.2318,84.1687,86.514,13,82.2843,78.9148,83.7561,12,52.713,49.8638,55.3878,31,83.8457,82.8794,84.5879,12,66.3079,64.2828,69.5044,14,82.3173,80.1856,90.0759,43,69.7214,67.6223,71.4581,7,71.9521,62.583,72.3749
France,FRA,2022,8,85.2155,84.3674,86.0553,1.6879,29,86.0397,84.2482,88.255,14,79.7163,78.8642,82.723,12,51.8394,50.0949,53.1473,28,81.924,80.6113,83.2658,13,65.7075,62.2122,67.3501,14,85.8317,82.8187,91.9182,43,67.5916,65.7702,69.5015,8,71.4197,68.0296,74.8098
France,FRA,2023,8,85.4368,84.3494,86.5104,2.161,29,85.6706,84.0296,87.9785,14,80.8364,78.5154,82.4173,12,54.0183,51.2824,54.3296,27,83.1174,80.8282,84.9624,13,64.232,61.7835,65.9708,15,87.7108,83.0294,97.797,42,65.9253,63.8515,67.7387,7,70.3786,63.7431,71.5951
France,FRA,2024,8,84.1437,83.1708,85.1056,1.9348,29,85.3618,83.8019,87.7932,16,80.2684,78.477,81.0097,12,56.535,54.0567,57.3781,27,81.8392,80.8028,84.8748,13,63.5794,61.9301,66.7241,18,84.5228,81.7141,92.0377,42,65.4137,63.2624,67.3799,7,63.8687,62.8621,71.6813
France,FRA,2025,8,85.1681,84.3191,86.0087,1.6896,29,85.4846,83.5426,87.411,16,80.6943,79.2225,81.3746,12,59.5559,56.8936,60.2687,27,80.8442,80.2186,84.1704,13,61.973,59.9004,64.3289,18,88.4168,84.3836,93.6013,42,64.983,63.0087,66.9136,7,68.5927,64.6755,72.1626
Gabon,GAB,2009,8,42.8401,39.2181,46.2433,7.0252,27,37.1192,36.7058,39.0498,11,49.9777,47.9743,55.2309,5,38.0882,28.3002,47.8763,19,54.7489,51.8554,59.1147,6,36.4234,34.6725,43.4735,8,39.9023,28.8021,43.118,40,21.8125,20.1443,23.3922,8,25.241,24.8329,41.7679
Gabon,GAB,2010,8,45.9472,42.7327,48.9941,6.2614,27,37.4128,36.171,38.8094,11,52.5923,48.3319,56.9539,5,51.4965,39.1869,58.7424,19,51.5055,47.8997,55.1113,6,38.5515,34.755,43.3541,8,28.8709,27.8679,41.9022,40,22.1424,20.5498,23.7926,8,36.343,31.7415,46.8458
Gabon,GAB,2011,8,47.2435,44.2543,50.0893,5.835,27,37.9189,36.3359,39.0455,10,48.0314,45.291,55.2196,5,57.1915,40.3692,59.41,18,56.5837,50.2354,57.9364,6,36.7948,34.8309,43.0693,13,32.9997,31.45,40.0813,38,25.0382,23.3105,26.6856,8,32.359,31.3075,46.856
Gabon,GAB,2012,8,46.6288,43.3597,49.726,6.3663,27,38.0734,36.3786,39.1138,10,50.4861,45.7467,55.3656,5,51.7773,40.6156,58.6246,18,51.3881,48.3073,56.8732,6,41.5888,35.0324,43.6226,14,41.3329,37.3101,45.3557,38,22.4452,20.5438,24.1412,8,26.3764,25.3025,44.8256
Gabon,GAB,2013,8,46.5892,43.6988,49.3443,5.6455,28,37.588,36.6586,38.6364,16,51.446,47.92,54.4648,12,54.7594,54.5803,54.9386,26,45.583,45.1523,49.8476,11,40.9186,39.8401,46.4152,15,40.6012,36.4415,42.0636,38,21.0046,19.1804,22.8395,6,31.7304,25.8887,49.4589
Gabon,GAB,2014,8,49.0336,47.1015,50.9059,3.8044,28,38.2344,36.8811,39.2177,16,53.7021,47.1015,53.8915,12,58.9461,58.1259,59.9101,26,43.0979,43.0488,47.9764,12,41.2572,40.8064,47.1441,15,41.6238,37.6361,44.4778,38,23.0904,21.2118,24.8121,8,36.6597,28.1727,41.8282
Gabon,GAB,2015,8,47.8445,45.8961,49.7315,3.8354,28,37.936,36.738,38.896,16,48.8448,46.1747,53.4864,12,58.083,57.234,59.0368,26,47.4854,46.8691,50.3493,13,43.8324,40.6355,44.4097,15,41.4159,37.1557,43.2643,34,27.801,25.4895,30.0932,8,25.821,18.7094,32.9325
Gabon,GAB,2016,8,49.2769,47.4347,51.0649,3.6302,28,38.9948,37.5705,39.9741,16,54.8729,47.7322,55.2049,12,55.5316,54.6339,56.4714,26,44.676,44.4093,48.4617,8,44.7314,42.0004,46.7409,15,40.9724,37.2927,42.8148,34,21.8427,19.2486,24.3567,8,35.4834,27.6259,40.6685
Gabon,GAB,2017,8,49.1161,47.3194,50.861,3.5416,28,39.1775,37.8834,40.2641,13,47.7208,44.6038,53.837,12,53.6101,52.6462,54.5091,26,46.3545,44.8262,49.0574,11,44.2555,41.9955,47.4943,13,40.6392,38.8593,44.1619,34,22.301,19.8367,24.6572,8,42.7308,32.7406,43.6424
Gabon,GAB,2018,7,50.5759,48.5126,52.5722,4.0596,28,38.8539,38.195,40.4189,10,49.0794,45.6717,53.7235,,,,,17,48.914,38.898,49.3712,7,46.8365,41.9387,49.5899,13,44.3834,40.5345,45.6426,34,23.6228,20.8879,26.4262,8,35.7489,29.6259,40.6941
Gabon,GAB,2019,7,49.8101,47.7069,51.8432,4.1363,28,38.9465,37.7794,39.9465,10,49.9631,44.766,54.2834,,,,,17,41.6583,37.6486,46.5143,7,46.0914,41.7297,48.3981,13,43.8423,39.2936,44.7226,34,24.6784,22.1338,27.2934,8,35.6957,24.5235,36.2052
Gabon,GAB,2020,8,46.6548,44.4128,48.8147,4.4019,28,38.1277,37.0005,39.3594,11,45.6415,42.4627,51.3973,11,64.5279,58.5519,70.4498,26,34.6938,33.5459,36.5683,7,43.9358,41.5741,48.0125,12,47.8071,44.4102,50.618,35,21.2069,19.1474,23.1411,8,31.3492,22.5925,34.5094
Gabon,GAB,2021,5,50.4857,49.0706,51.8689,2.7983,28,38.3466,37.403,39.6755,,,,,,,,,,,,,5,45.7963,42.1861,49.9612,12,51.4583,46.1654,52.081,29,34.0003,33.5105,34.49,5,29.532,24.2274,34.8366
Gabon,GAB,2022,5,50.19,48.7015,51.6432,2.9417,27,39.4108,36.2763,41.4068,,,,,,,,,,,,,6,44.986,41.5136,49.041,12,51.6828,48.4059,54.8969,29,32.899,32.3597,33.4383,5,24.8745,21.2875,31.9571
Gabon,GAB,2023,5,52.5527,50.6258,54.4224,3.7966,28,37.8124,36.0159,40.5429,,,,,,,,,,,,,5,44.5498,40.9802,48.322,12,51.314,46.0961,61.0214,27,34.3039,33.8278,34.78,6,33.8749,27.9474,39.8025
Gabon,GAB,2024,6,52.8609,50.9396,54.7255,3.7859,29,39.0245,37.6914,41.5799,6,57.586,51.8708,59.7072,,,,,,,,,5,44.4811,40.8795,48.1498,13,51.0558,47.0545,59.0273,27,33.199,32.6732,33.7248,6,31.9664,23.2948,34.3862
Gabon,GAB,2025,7,53.7629,52.0901,55.393,3.3029,29,42.8228,40.73,44.6046,12,57.586,51.8708,59.7072,,,,,20,37.8049,34.7778,40.3183,6,46.9176,43.8822,49.9529,16,52.914,49.8265,57.8683,27,32.2624,31.6944,32.8303,7,30.0579,25.7841,36.1119
Gambia,GMB,2009,8,56.7374,54.3303,59.0594,4.7291,28,31.6972,30.7532,33.4555,14,55.1385,49.5585,61.0232,11,86.6391,85.4187,87.5539,27,58.3627,57.2693,59.6153,13,32.4048,26.8584,40.3631,11,30.8096,23.1212,31.5646,43,36.8175,36.574,37.061,7,47.7584,42.0691,57.9515
Gambia,GMB,2010,8,57.9809,56.0524,59.8552,3.8028,28,32.7403,31.8507,34.4315,16,55.0141,49.8363,57.927,11,83.7476,82.6362,84.5265,27,58.025,57.212,59.8599,13,31.1626,26.0311,38.2353,11,35.2972,28.6217,36.7979,43,38.3014,38.1247,38.4781,7,52.8289,47.3544,60.2349
Gambia,GMB,2011,8,57.9501,56.1516,59.7012,3.5496,28,33.7148,32.8421,36.2506,16,55.4929,50.3781,58.0307,11,76.9599,75.9063,77.7179,27,59.7257,58.5625,60.9454,13,37.3576,27.9727,39.7784,11,30.7552,24.4743,33.8059,43,37.5797,37.3705,37.7889,8,54.0257,51.3478,61.9707
Gambia,GMB,2012,8,58.0006,56.1633,59.7885,3.6252,28,34.3124,33.4387,36.5711,16,56.1666,50.8245,58.1384,11,76.2411,75.2142,77.194,27,58.9431,58.34,61.0545,13,36.4552,28.6881,42.3069,11,27.8364,27.5856,35.8198,43,40.5684,40.4937,40.6431,8,55.5502,51.0829,61.3305
Gambia,GMB,2013,8,57.3716,55.4808,59.2098,3.729,28,36.4057,34.9332,38.2602,17,53.1548,51.1713,57.1801,11,77.4772,76.5728,78.4279,26,58.6388,58.145,60.7379,14,32.0633,28.7068,39.9258,11,33.8265,27.0451,35.7761,43,40.2172,40.1266,40.3077,8,52.219,44.2055,58.1207
Gambia,GMB,2014,8,56.6171,54.6022,58.5719,3.9697,28,35.2565,34.446,37.8787,17,50.3699,50.0117,57.7203,11,74.2466,72.9567,74.885,26,57.5539,56.9857,59.6176,14,32.078,28.3582,40.4913,11,35.6558,28.4446,37.9206,42,37.5488,37.3382,37.7594,8,56.4251,45.3216,58.8882
Gambia,GMB,2015,8,56.2449,54.3048,58.1291,3.8243,28,36.6619,35.1363,38.614,16,58.7648,50.1515,59.1646,11,70.2797,69.4577,71.2795,26,56.7937,56.0479,59.2829,14,30.8175,27.4386,36.2807,11,35.6468,30.6726,40.8304,42,33.5044,31.9065,35.2714,8,53.0977,45.6393,58.4588
Gambia,GMB,2016,8,54.4664,52.5447,56.3321,3.7874,28,36.9881,36.1754,39.6572,16,57.2618,50.6612,57.2877,11,66.8705,66.0019,67.9228,26,55.883,55.0252,57.3284,6,28.6889,25.8726,34.8772,11,38.4556,33.3972,42.1716,42,30.4895,28.7764,32.5222,8,50.7862,42.5607,56.07
Gambia,GMB,2017,8,54.3379,51.9043,56.6824,4.7781,28,39.0972,37.0808,40.5158,14,54.3824,48.7534,57.7958,11,63.8416,62.1691,63.9418,26,55.042,54.2096,56.4304,7,30.4763,27.3916,35.7388,8,37.8124,31.2561,41.5842,42,33.2254,31.2756,34.9645,6,51.5928,43.3407,63.525
Gambia,GMB,2018,8,54.1464,51.6048,56.5907,4.9859,28,49.9321,47.9295,50.8857,15,54.6096,51.332,59.0855,11,59.504,53.8654,66.6381,25,56.0085,53.9475,56.7589,11,32.6741,28.7031,35.9495,10,35.0392,34.3034,41.8003,42,29.9475,28.33,31.6157,7,48.4957,34.7789,54.6132
Gambia,GMB,2019,8,57.1139,55.4391,58.7472,3.3081,28,52.3752,50.5404,53.4959,15,59.7119,53.0887,60.7594,12,63.7748,60.5509,66.7972,27,57.5555,56.2492,58.3393,11,32.2163,30.8343,39.0704,11,38.0905,35.3452,42.3654,42,33.2194,31.4731,34.9055,8,46.9934,38.7039,50.1616
Gambia,GMB,2020,8,57.0178,54.9106,59.0596,4.149,28,54.1227,51.9087,54.8328,12,54.7916,51.6108,59.993,11,65.993,61.4906,77.9233,26,63.0672,61.3275,63.4203,12,36.0028,33.1431,40.2843,12,41.1792,38.269,44.5938,39,32.9989,32.8731,33.1247,8,36.3878,35.0369,48.2232
Gambia,GMB,2021,6,53.6146,51.2668,55.8788,4.612,28,54.8924,52.7171,55.5865,6,46.137,35.514,51.7174,,,,,,,,,9,33.995,33.9763,44.2011,12,41.8647,38.2595,44.5831,16,25.3766,24.9078,25.8454,7,34.8039,27.4065,39.3383
Gambia,GMB,2022,6,53.3169,51.103,55.4561,4.3531,27,54.8997,52.3741,58.5954,6,40.0621,36.3426,51.2253,,,,,,,,,9,39.1711,35.2017,44.7428,12,41.6181,38.8329,45.69,16,22.6011,22.0074,23.1948,7,37.4108,31.1753,41.7199
Gambia,GMB,2023,6,54.6185,51.8156,57.3042,5.4886,27,57.5108,52.8454,58.9669,5,40.482,35.7711,51.199,,,,,,,,,8,39.5286,35.6994,45.2532,11,42.3634,27.0056,46.9795,15,27.3831,27.0046,27.7616,6,36.7967,31.0243,42.4426
Gambia,GMB,2024,5,55.7972,53.6795,57.8481,4.1686,28,59.0026,55.0946,60.5343,,,,,,,,,,,,,8,36.2335,34.9876,45.6202,12,44.7074,32.8742,49.2614,15,26.2556,25.8264,26.6849,6,44.4043,30.8993,44.992
Gambia,GMB,2025,5,52.304,50.2757,54.2688,3.9931,28,58.7811,56.5185,61.8173,,,,,,,,,,,,,8,35.2812,35.2129,45.586,12,34.8731,32.949,47.965,15,23.3184,22.757,23.8799,6,38.357,32.9436,45.1205
Georgia,GEO,2009,8,63.9798,62.5812,65.3512,2.77,28,54.0689,51.9554,55.233,18,61.7461,59.3308,64.5434,12,71.8819,70.8568,72.6565,30,59.3325,58.7518,60.9163,14,34.7988,29.0446,44.8398,18,35.5908,34.7352,36.4899,50,36.9148,36.0519,37.7373,10,72.27,71.2729,73.3544
Georgia,GEO,2010,8,62.8778,61.5228,64.2071,2.6843,28,54.0336,52.0089,55.1926,20,62.8388,62.2377,63.4921,12,70.6477,69.68,71.5103,30,58.6828,56.9331,59.1686,14,33.8603,26.2485,41.7323,18,34.3608,33.5411,35.2885,50,33.9958,33.0928,34.854,10,70.6504,69.5792,71.7808
Georgia,GEO,2011,8,62.1008,60.9501,63.2326,2.2825,28,55.1489,53.5388,56.9014,20,61.5364,60.821,62.3973,12,64.0168,63.1631,64.8194,30,60.5339,59.7909,61.7983,17,34.4447,30.4383,43.4288,18,36.9127,36.0878,37.8705,50,33.6624,32.8269,34.4921,10,67.5341,66.4536,68.6718
Georgia,GEO,2012,8,64.0826,63.1154,65.0366,1.9212,28,57.0022,54.7873,57.9095,20,64.5087,63.8761,65.1146,12,64.0889,63.1772,64.8944,30,64.3317,63.1071,65.0076,17,35.8311,32.1358,42.9612,18,39.9936,39.1587,40.8992,50,36.1743,35.1994,36.9843,10,64.6082,63.4462,65.6983
Georgia,GEO,2013,8,65.0212,63.7925,66.2291,2.4366,28,58.0339,55.8034,59.1736,20,65.2476,64.6786,65.85,12,63.4593,62.5757,64.2422,30,65.3598,64.3205,66.1953,18,35.6814,33.9433,46.0405,18,42.1456,41.2957,43.1475,50,36.3698,35.4896,37.1618,8,66.4219,62.9264,71.4399
Georgia,GEO,2014,8,66.6294,65.6685,67.5777,1.9092,28,58.0577,57.2919,60.4196,20,66.648,66.0577,67.3124,12,63.9052,62.9097,64.6803,31,65.3035,64.5291,66.0529,18,36.3871,33.6241,45.4389,18,47.0625,46.1915,47.9455,50,38.2907,38.1135,38.4679,10,67.9009,66.8746,68.6553
Georgia,GEO,2015,8,67.7811,66.7528,68.7952,2.0424,27,61.4096,59.1526,62.2123,20,68.6305,68.0537,69.2269,12,64.2667,63.3548,65.0561,31,66.7053,65.8749,67.4617,18,36.1609,34.3145,46.9839,18,47.9341,47.1038,48.8656,50,40.0755,39.9786,40.1724,10,66.9037,65.8582,67.8013
Georgia,GEO,2016,8,68.0172,67.113,68.9103,1.7973,27,61.909,60.0964,63.1421,20,70.3264,69.741,70.9191,12,62.5329,61.6247,63.3593,31,66.0216,65.168,66.8304,13,36.5359,29.304,40.1487,18,51.3878,50.5975,52.3847,50,38.8798,38.7291,39.0305,10,65.9062,64.8248,66.8391
Georgia,GEO,2017,8,68.9468,67.8365,70.0406,2.2041,27,63.6114,61.7612,64.7729,16,70.638,66.1549,72.7182,12,60.1007,59.1584,60.8788,31,68.5893,67.8916,69.3248,17,35.4248,34.1249,46.0027,16,54.7536,53.4524,55.7369,50,43.8546,43.7814,43.9277,10,63.4596,62.4131,64.8801
Georgia,GEO,2018,8,68.0529,66.9695,69.1205,2.151,27,62.9796,61.3707,64.3013,16,70.7028,66.7093,72.6037,11,48.5956,48.2924,55.8906,31,66.1509,65.1314,66.8662,17,42.8738,36.2111,46.5379,16,57.0082,56.3619,58.4428,50,42.6178,42.6003,42.6353,10,61.7259,60.7653,63.2475
Georgia,GEO,2019,8,68.9765,67.9616,69.9777,2.0161,27,64.2938,62.2885,65.3692,16,72.7898,67.5915,73.8547,11,51.9109,50.1204,61.1827,31,68.6141,67.5105,69.2569,18,39.069,36.8207,41.8842,16,58.4205,57.4149,59.6093,50,43.9111,43.8354,43.9868,10,60.5914,59.6481,62.1131
Georgia,GEO,2020,8,70.0453,69.0365,71.0406,2.0041,27,64.9966,63.172,65.9439,13,72.2749,68.5138,74.8404,11,52.6817,51.175,62.6807,31,69.9095,68.8496,70.5614,18,39.9677,37.6264,42.0445,16,64.0638,62.8564,65.1408,44,43.3618,43.0529,43.6707,10,60.2049,59.2794,61.6666
Georgia,GEO,2021,8,72.2948,71.207,73.3672,2.1602,27,65.5783,63.7904,66.4613,14,75.6738,72.9054,78.1323,11,58.2486,55.6179,68.457,31,73.443,72.367,74.1195,12,39.7107,37.4396,44.0952,16,66.3142,65.1718,67.2791,44,43.7739,43.4465,44.1014,9,60.9309,57.4472,62.073
Georgia,GEO,2022,8,74.3537,73.4479,75.249,1.8011,27,65.4306,62.3088,68.3968,15,76.6151,75.0229,79.1944,11,62.1725,60.9523,71.3981,30,75.4427,74.1173,76.3233,12,39.8266,37.9306,42.9363,16,70.3814,69.0233,71.2642,44,47.7245,46.144,49.4515,10,61.7903,61.0834,63.01
Georgia,GEO,2023,8,76.0963,74.9885,77.1887,2.2002,27,65.0282,60.7858,66.7021,15,77.8642,77.5999,81.5711,11,67.5831,62.3878,71.4225,30,77.7351,76.717,78.9802,12,39.5511,37.5676,43.7732,17,71.17,65.828,76.6263,43,52.5821,50.6975,54.4069,9,61.6025,58.3574,62.9584
Georgia,GEO,2024,8,77.0775,76.0702,78.0722,2.002,27,61.3838,59.2081,64.9788,17,80.7387,80.184,81.3868,11,66.877,64.9187,76.6608,30,79.8298,78.8375,81.0039,12,41.3042,38.6358,44.0112,20,71.4137,64.6441,72.0849,43,55.1695,53.3364,57.1189,9,62.4057,59.6925,63.4805
Georgia,GEO,2025,8,76.5597,75.4557,77.6485,2.1928,27,60.3663,55.4922,61.8003,17,81.0676,80.5064,81.7143,11,65.9127,62.2385,74.8304,30,78.238,77.5853,79.7482,12,42.0589,38.9883,46.0951,20,71.6772,64.6847,72.067,43,52.2244,50.3544,54.0178,9,63.0358,59.9312,63.9448
Germany,DEU,2009,8,90.4477,89.6962,91.1929,1.4967,28,95.6884,94.4703,96.9741,17,92.0914,88.7062,92.5526,12,52.3399,51.4942,53.2248,31,92.1306,91.1619,93.0186,17,80.8253,79.9151,87.2672,14,64.9475,61.7151,68.5476,48,81.6831,79.9093,83.5759,8,75.7685,73.3346,79.0965
Germany,DEU,2010,8,90.1686,89.446,90.8852,1.4392,28,95.7527,94.6137,97.5311,19,90.7819,89.9158,91.8882,12,54.7554,53.9303,55.7169,31,92.4015,91.4603,93.2652,17,77.8614,75.5745,83.1798,14,64.6114,59.8297,67.2434,48,80.5886,78.9132,82.4863,8,76.6655,73.4739,79.2774
Germany,DEU,2011,8,88.6413,87.9294,89.3475,1.4181,28,95.7961,94.4799,97.2706,19,89.8672,89.0418,91.1704,12,56.152,55.3018,57.033,31,92.4156,91.5073,93.3818,17,73.2803,70.0813,77.097,14,55.2857,51.7652,58.8062,48,80.333,78.5923,82.2017,8,76.7269,74.7211,79.5223
Germany,DEU,2012,8,89.8007,89.106,90.4899,1.3839,28,95.7696,94.447,96.8749,19,89.622,87.9976,90.0179,12,58.567,57.6967,59.5507,31,92.9566,92.0137,93.8849,18,71.8804,67.067,73.8622,14,66.0457,61.3117,68.2572,48,79.6885,78.2287,81.3666,8,76.3977,74.5721,79.6422
Germany,DEU,2013,8,90.3691,89.767,90.967,1.2,28,96.0326,94.7136,97.3846,19,89.3675,87.6412,89.5832,12,62.5312,61.7116,63.3049,31,93.2064,92.2248,94.1676,19,71.4246,69.4037,74.1912,14,66.9976,61.6886,68.2342,48,81.1118,79.6545,82.7859,7,76.1214,72.3681,77.8525
Germany,DEU,2014,8,90.9468,90.3734,91.5164,1.143,28,95.6262,94.5252,97.2631,19,89.3917,87.0193,89.8303,12,65.3817,64.4595,66.1313,31,93.2044,92.2581,94.1623,19,73.03,67.6905,73.9576,14,65.9214,63.2182,68.0496,48,83.3429,81.6943,84.9805,8,76.4322,74.4479,78.239
Germany,DEU,2015,8,91.4661,90.9153,92.0136,1.0983,28,96.1537,94.9022,97.5988,19,88.9117,87.3665,89.6249,12,67.7567,66.8928,68.5165,31,93.3536,92.3948,94.2598,19,74.2165,71.5207,76.8928,14,67.0286,62.2696,67.8763,48,82.3737,80.7963,84.2893,8,77.6413,75.0357,78.3661
Germany,DEU,2016,8,91.4073,90.7807,92.0295,1.2488,28,96.4599,95.1641,97.8976,19,89.0371,87.1707,89.4757,12,68.7169,67.8298,69.4521,31,93.7247,92.7513,94.5103,20,71.9655,71.5674,78.3446,14,65.6702,63.9438,68.9176,48,84.4792,82.8438,86.137,8,77.2087,75.5794,80.6956
Germany,DEU,2017,8,93.7129,92.8862,94.5321,1.6459,28,96.3616,95.1001,97.7537,15,91.0475,88.6388,92.8429,12,71.0536,70.1386,71.7281,31,94.3741,93.4264,95.2919,21,81.6748,76.7873,84.178,12,69.9492,60.7928,72.4413,48,88.1768,86.7226,89.8518,8,76.0104,74.0398,77.6768
Germany,DEU,2018,8,94.9152,94.054,95.7684,1.7144,28,95.2735,94.0616,96.7592,15,91.1263,88.1027,92.665,12,83.0328,80.2953,85.7702,31,98.1175,96.9505,98.936,21,77.3665,72.9546,80.4659,12,71.1017,65.4061,76.7974,48,90.4436,88.7182,92.2733,8,74.8046,72.5237,77.4726
Germany,DEU,2019,8,92.2415,91.3438,93.1302,1.7864,28,95.3891,94.02,96.7177,15,90.0401,87.8358,92.4286,12,80.8102,76.1756,81.4608,31,97.0347,95.8634,97.7765,21,68.2254,67.5498,74.6308,12,59.718,59.2703,71.1629,48,91.6432,89.943,93.4637,8,73.4081,72.0282,76.8881
Germany,DEU,2020,8,91.6768,90.6882,92.6546,1.9664,28,94.9339,93.673,96.3742,12,89.2919,85.9307,90.5416,12,76.5767,73.5664,79.1052,31,95.8677,94.8318,96.5638,21,71.5074,69.8017,77.4524,12,66.9619,58.0533,70.8302,42,84.9641,82.707,87.0908,8,70.2551,67.373,73.1372
Germany,DEU,2021,8,89.3021,88.2616,90.3304,2.0688,28,94.6815,93.3779,96.1755,13,88.2268,84.9332,89.4528,12,70.3782,67.0858,72.9054,31,93.1087,91.9341,93.9397,13,70.2924,64.8825,71.6013,12,65.7458,57.8127,70.7116,42,78.7438,76.6006,80.8394,7,66.8583,61.0588,69.3029
Germany,DEU,2022,8,85.6522,84.6231,86.669,2.0459,30,94.4953,92.5191,96.7046,14,84.8277,82.9726,86.0765,12,63.1656,60.6572,64.2277,30,88.9361,87.8875,89.681,13,63.7074,59.5273,66.7502,12,59.6329,56.9987,69.9365,42,71.1425,68.995,73.1319,8,69.4779,62.6407,69.6092
Germany,DEU,2023,8,84.9604,84.0843,85.8274,1.7431,30,94.7525,92.6983,96.8796,14,84.624,82.679,86.1631,12,61.9002,59.3612,62.4905,29,87.9261,86.7784,88.7217,13,62.7068,60.0636,65.9283,17,57.6751,57.6388,67.3441,41,70.8148,68.6868,72.967,7,69.0676,63.0119,69.5544
Germany,DEU,2024,8,85.3918,84.6051,86.1713,1.5662,30,95.1286,93.033,97.1862,16,82.7558,80.9609,83.0027,12,64.4803,61.5027,64.583,29,87.3946,86.0461,88.0096,13,65.2174,61.7679,69.3533,20,59.3846,56.7645,60.6115,41,72.1429,70.0336,74.1014,7,67.4778,62.2243,69.8283
Germany,DEU,2025,8,84.3502,83.588,85.1056,1.5176,30,95.9124,94.0462,98.0985,16,81.4013,79.6341,81.7946,12,59.7233,57.8094,60.93,29,84.7797,83.555,85.5448,13,65.2066,60.7726,68.0903,20,59.9601,57.3494,61.3355,41,67.8332,65.8116,69.9029,7,69.9936,66.4539,73.5334
Ghana,GHA,2009,8,58.0427,56.5251,59.5265,3.0014,29,62.4471,61.4699,63.5216,16,59.3934,58.4719,66.1708,12,54.6551,53.7682,55.5785,27,60.8539,54.0587,61.1676,16,45.5075,36.5557,48.4812,15,27.9019,26.0684,31.0723,52,26.8686,26.201,27.5486,10,51.4626,50.1444,52.3985
Ghana,GHA,2010,8,55.9546,54.7679,57.1202,2.3523,29,62.7679,61.7917,63.8721,18,58.0461,55.8558,60.2365,12,54.3187,53.4509,55.2422,27,57.5509,56.1447,59.3252,16,38.3056,31.252,41.0602,15,28.1911,26.07,31.7495,52,25.8928,25.2152,26.4938,10,52.5512,51.0715,53.3401
Ghana,GHA,2011,8,56.1266,55.0164,57.2182,2.2018,29,62.8612,61.8699,63.906,19,56.5353,55.6107,58.3049,12,52.2349,51.3236,53.1088,28,60.4633,59.7665,62.6135,16,34.8759,30.0569,40.0699,15,28.5925,25.0393,30.8785,52,30.4405,29.786,31.1094,10,52.8482,51.6973,53.8046
Ghana,GHA,2012,8,56.9474,55.917,57.9619,2.0449,29,63.4659,62.5646,64.5461,19,57.6755,55.5505,58.3255,12,54.5302,53.6917,55.2945,27,61.3509,60.7712,64.2214,17,33.2419,27.9509,36.2526,15,28.39,25.6807,31.0993,51,34.1556,33.3588,34.8772,10,51.3985,50.0553,52.275
Ghana,GHA,2013,8,56.7387,55.6222,57.8366,2.2144,29,63.7953,62.8526,64.8657,19,55.4761,54.6626,57.5951,12,58.2963,57.3875,59.1866,27,61.1515,60.5546,64.1034,18,31.3609,26.874,33.1211,15,31.3928,29.168,35.0415,51,31.6396,30.8715,32.4292,8,50.7667,46.6528,54.1511
Ghana,GHA,2014,8,58.404,57.6281,59.171,1.5429,29,63.7293,62.8187,64.829,19,57.1678,54.9993,57.9243,12,58.4432,57.6186,59.259,27,62.6011,61.8024,64.8237,19,32.6384,29.7773,33.6395,15,34.7123,33.0416,39.4592,51,35.0755,34.3959,35.7721,10,49.355,48.3584,50.4556
Ghana,GHA,2015,8,58.427,57.6638,59.1815,1.5177,29,63.5206,62.4853,64.5745,19,55.1882,53.6608,56.7155,12,54.8521,54.0444,55.7155,27,65.2267,62.5222,65.6434,19,31.6912,29.2703,32.9777,15,36.2911,33.2972,39.4666,45,36.8781,36.6374,37.1189,10,49.9938,49.0552,51.0322
Ghana,GHA,2016,8,59.2153,58.1735,60.2412,2.0677,29,63.0595,62.1454,64.1079,19,58.226,56.2601,58.5282,12,56.1352,55.2483,56.8889,27,65.3518,62.9598,66.6695,15,30.8706,26.186,34.9307,15,37.2933,34.7499,41.1356,45,36.7949,36.5504,37.0394,10,50.2978,49.2851,51.3458
Ghana,GHA,2017,8,58.3506,57.1865,59.4949,2.3084,29,63.1344,62.2642,64.2423,16,57.1715,53.4851,61.0018,12,59.6012,58.7713,60.345,27,63.4471,63.1845,65.9161,16,31.9327,26.0035,35.0896,17,32.2173,30.9397,33.5861,45,37.2074,36.9814,37.4333,10,48.7172,47.5533,49.8979
Ghana,GHA,2018,8,58.0671,56.744,59.3644,2.6204,29,64.2458,63.3286,65.3351,16,57.3466,51.2645,59.2011,12,53.9716,50.7013,56.6456,28,63.2971,62.3115,64.165,16,33.6582,26.6658,37.1074,17,32.927,31.6122,34.3541,45,41.4292,41.3932,41.4651,10,44.8694,43.5623,45.742
Ghana,GHA,2019,8,59.971,58.6916,61.2266,2.535,29,63.4226,62.5328,64.5349,15,61.8683,57.1713,64.3805,11,51.816,48.9403,54.6918,28,64.9836,63.906,66.2087,16,39.3418,28.8296,39.946,17,34.6297,33.4379,35.8567,45,42.4653,42.4547,42.476,10,43.374,42.1709,44.4774
Ghana,GHA,2020,8,59.4217,58.3277,60.4982,2.1705,29,63.272,62.3539,64.35,12,60.3615,55.3512,61.9687,11,50.793,48.2521,53.3339,28,64.2208,63.072,65.1012,18,37.5673,31.0512,39.4042,17,38.6489,37.6135,39.9355,45,42.7587,42.6631,42.8543,10,41.3728,40.1327,42.395
Ghana,GHA,2021,8,58.3366,57.025,59.6229,2.5979,29,62.8139,61.8991,63.8425,12,56.8733,55.0433,62.2898,11,53.874,50.7806,55.9333,28,64.0877,63.1963,65.174,12,35.5251,30.9415,36.7311,17,39.0593,38.0249,40.3769,44,41.8461,41.7094,41.9828,8,39.2396,34.5642,44.494
Ghana,GHA,2022,8,57.9489,56.6661,59.2074,2.5413,31,60.777,59.1967,62.5248,13,60.6143,56.4244,62.4584,12,53.9987,52.0267,54.802,28,64.3112,62.0395,64.5776,13,31.9279,30.5133,35.9195,17,41.5656,40.6118,42.8528,44,39.8622,39.6363,40.0882,8,37.0406,35.023,45.6604
Ghana,GHA,2023,8,57.6071,56.0646,59.1145,3.0499,31,59.964,58.1537,61.8494,13,58.6341,57.0504,63.77,12,54.0784,52.331,54.9153,28,62.6135,61.6821,64.6529,12,29.4967,26.0558,32.7035,17,41.1418,39.5152,48.758,44,43.7945,43.7455,43.8435,8,38.9329,35.0083,45.7492
Ghana,GHA,2024,8,58.3441,57.1661,59.5017,2.3356,31,58.6296,57.0732,60.4477,15,59.7233,57.0176,60.8192,12,57.6266,55.9635,58.7638,28,63.1159,61.6858,64.6652,12,28.9964,26.3064,32.8424,20,41.6618,40.2945,44.6502,44,42.9986,42.9138,43.0834,8,40.0997,36.7937,46.3366
Ghana,GHA,2025,8,56.2963,55.0029,57.5645,2.5616,31,59.1469,57.5795,61.0279,15,59.9622,56.9137,60.5786,12,53.0303,51.3481,54.1609,28,61.7413,59.6523,62.7678,12,28.2973,25.5402,32.0569,20,35.8761,33.2878,39.1537,44,35.937,34.5761,37.3067,8,45.5768,40.7249,49.4568
Greece,GRC,2009,8,72.2612,71.2095,73.2985,2.089,28,67.7005,66.7098,68.7917,17,45.4943,41.237,48.389,12,46.7256,45.6479,47.8225,28,65.3651,64.4469,68.8515,19,68.6361,64.3106,69.7962,18,75.4075,74.16,76.8541,50,48.7429,47.5685,49.9099,8,68.8735,64.167,72.8895
Greece,GRC,2010,8,70.3275,69.3809,71.2622,1.8813,28,67.6773,66.8423,69.0467,19,47.822,46.1531,49.1309,12,45.7277,44.6861,46.8172,28,64.7788,64.553,69.1088,19,58.3974,56.3029,62.3406,18,72.8385,71.6884,74.2537,50,46.9097,46.6991,47.1204,8,68.7277,62.0237,70.7073
Greece,GRC,2011,8,69.2592,68.184,70.3191,2.1351,28,67.0665,66.1198,68.1938,19,47.9409,45.9895,49.12,12,43.873,42.86,44.9662,28,64.941,64.2918,68.5584,19,57.183,51.1482,58.2811,18,68.945,67.8282,70.3992,50,46.6644,46.4648,46.864,8,68.2413,59.3825,69.9942
Greece,GRC,2012,8,66.2279,65.2664,67.1768,1.9104,28,66.5748,65.5229,67.6869,19,47.6768,46.4092,48.8122,12,45.8441,44.7137,46.8566,31,64.6028,63.9194,65.4007,20,45.949,44.8715,49.2925,18,67.1091,66.0112,68.5521,50,46.0768,45.9036,46.25,8,61.0627,56.9543,67.1898
Greece,GRC,2013,8,64.6077,63.8353,65.3718,1.5365,28,66.0425,65.0797,67.1442,19,47.9377,45.9117,48.8001,12,47.7722,46.6467,48.8022,31,63.5514,62.8601,64.3636,21,41.5095,39.582,42.6839,18,60.1,58.9345,61.7311,50,43.0399,43.0034,43.0764,8,63.9653,61.2463,68.7241
Greece,GRC,2014,8,65.5703,64.891,66.2431,1.3521,28,66.5907,65.558,67.8093,19,48.9451,48.0254,50.3679,12,50.6587,49.6399,51.5895,31,64.6605,63.9519,65.568,21,38.3419,36.6844,39.7889,18,58.7771,57.5269,60.2733,50,45.1346,45.0038,45.2654,8,67.5362,62.3303,68.8348
Greece,GRC,2015,8,66.7788,66.0786,67.4724,1.3938,28,66.4369,65.3419,67.5599,19,52.1637,50.0182,52.8216,12,53.4546,52.5494,54.3281,31,64.8346,64.1896,65.6482,21,39.9436,37.6672,40.6297,18,54.3888,53.2589,55.9253,50,49.7643,48.5953,50.951,8,67.6789,64.1427,70.765
Greece,GRC,2016,8,66.349,65.5007,67.1873,1.6866,28,65.5846,64.4864,66.5937,19,54.1175,52.2149,54.6071,12,52.2722,51.3285,53.1899,31,64.7926,64.1253,65.623,20,39.8773,35.6951,43.0149,18,53.3744,52.3226,55.0208,50,48.667,47.5575,49.9201,8,66.3643,63.3182,69.6366
Greece,GRC,2017,8,66.8477,65.7266,67.9517,2.2251,28,65.8343,64.8394,66.961,15,53.9389,49.8729,57.5308,12,52.9321,52.0168,53.8491,31,64.7533,64.0624,65.4903,21,37.9311,36.3089,42.8301,16,56.4041,53.756,58.6822,50,51.1069,49.8246,52.5027,8,66.0815,59.1856,67.2753
Greece,GRC,2018,8,66.5719,65.4001,67.725,2.3249,28,65.9528,65.0608,67.0854,15,54.5789,50.1491,57.3318,12,49.5421,46.6897,52.1392,31,63.4624,62.4221,64.1875,21,40.6219,38.6276,44.9878,16,56.3431,53.9078,58.4909,50,48.9902,47.7543,50.1751,8,66.9732,62.625,71.3214
Greece,GRC,2019,8,66.4914,65.4138,67.5531,2.1393,28,65.9989,65.0956,67.1582,15,54.0939,51.9881,58.3481,12,48.482,45.6037,51.0458,31,64.0094,62.9161,64.7619,22,42.659,40.7793,44.4014,16,55.0166,52.8251,56.9358,50,49.6966,48.4389,51.0043,8,65.8213,57.3252,66.2623
Greece,GRC,2020,8,65.88,64.8501,66.8954,2.0453,28,66.0366,65.1193,67.3015,12,55.6454,52.5938,59.4274,12,46.2928,45.889,51.5643,31,63.8919,62.8235,64.6046,22,46.4659,44.4209,47.8609,16,58.7456,56.9086,60.463,44,44.3667,44.3434,44.3899,8,59.5265,59.2503,67.0802
Greece,GRC,2021,8,66.9475,65.7941,68.0828,2.2887,28,66.7959,65.8519,67.9424,13,59.1449,57.1044,63.1617,12,46.6902,44.8513,50.5103,31,65.0876,63.9857,65.8349,14,44.9403,42.2654,46.0102,16,59.6984,58.1338,61.1283,44,47.1401,47.0386,47.2417,7,58.6184,49.2444,60.5535
Greece,GRC,2022,8,68.9503,68.1051,69.786,1.6809,30,69.3767,67.4931,71.0528,14,63.5125,59.4144,64.1211,12,48.9191,46.7566,49.726,29,66.0867,63.9009,66.4323,14,44.7491,42.0544,45.4415,16,62.6586,61.4157,63.8937,44,47.595,47.473,47.717,8,59.3046,53.717,61.9504
Greece,GRC,2023,8,69.0113,67.9322,70.0748,2.1426,30,67.7603,66.0599,69.7411,14,63.0647,60.2236,65.09,12,49.1264,46.8985,49.801,29,65.9664,64.3525,67.0214,14,44.7784,42.6028,45.5472,17,63.063,59.4879,68.0464,43,47.8189,47.6868,47.951,7,60.7165,52.9264,62.302
Greece,GRC,2024,8,69.6158,68.7246,70.4965,1.7719,30,67.7609,65.8026,69.4997,16,62.5694,61.1076,63.8465,12,49.4788,47.1153,50.1226,29,66.1565,64.971,67.5543,14,45.2626,43.3686,46.5354,20,64.0588,61.56,65.2066,43,49.1354,48.9441,49.3267,7,62.2646,52.7353,62.3465
Greece,GRC,2025,8,68.3029,67.4065,69.1884,1.7819,30,68.2426,66.3466,70.0822,16,62.8516,60.8949,63.6267,12,46.9941,44.6353,47.5734,29,65.9472,64.2619,66.6357,14,44.9136,42.3275,46.2902,20,62.9045,60.7254,63.9699,43,46.473,46.4015,46.5446,7,58.9043,53.5943,62.7235
Guatemala,GTM,2009,8,63.3772,61.8815,64.8417,2.9602,27,44.2716,41.192,44.9808,17,63.0759,57.103,64.3429,12,41.6519,40.6708,42.7815,29,66.1577,65.3967,67.2119,15,54.3698,44.9342,57.1237,10,47.5216,43.5257,55.2942,49,35.8291,35.0267,36.6362,10,62.6546,61.6023,63.482
Guatemala,GTM,2010,8,61.2609,60.1155,62.3874,2.2719,27,43.5928,41.0876,44.8206,19,59.6242,56.5056,60.3185,12,39.7686,38.8062,41.0087,29,65.6192,64.9787,66.5674,16,47.8546,42.5067,52.3395,15,48.6387,47.0748,54.6398,49,35.0134,34.2171,35.803,10,62.4286,61.2346,63.2309
Guatemala,GTM,2011,8,62.4092,61.3313,63.4707,2.1394,27,43.4131,40.8645,44.4617,20,57.6533,57.0681,58.1043,12,36.7448,35.5941,37.8484,29,65.5651,64.9312,66.4715,15,52.2015,47.0968,57.3061,15,56.0757,52.3915,59.7599,49,35.4843,34.717,36.2522,10,62.6363,61.4889,63.4674
Guatemala,GTM,2012,8,60.2798,59.3837,61.1643,1.7806,27,43.5523,40.7091,44.249,20,56.6176,55.9189,57.1223,12,37.8967,36.9176,38.8269,29,65.1126,64.5597,66.2186,16,45.6258,42.1516,49.0999,15,49.9684,48.6688,55.8261,49,36.5709,35.7132,37.3906,10,61.6593,60.5168,62.5875
Guatemala,GTM,2013,8,61.137,60.2921,61.9716,1.6795,27,42.3574,40.9181,44.5104,20,56.4856,55.8004,56.9992,12,41.3335,40.1934,42.3678,29,64.2162,63.5139,65.0506,19,45.0593,42.4677,48.4454,15,53.846,50.7778,57.8708,49,36.8459,36.0794,37.6121,10,62.5356,61.8913,63.6189
Guatemala,GTM,2014,8,62.6502,61.8634,63.4282,1.5648,27,44.1369,41.1931,44.7176,20,57.2846,56.6738,57.821,12,44.6539,43.7062,45.7258,29,64.0731,63.3457,64.9478,19,44.0255,41.7802,47.3138,15,55.6306,51.4241,58.6002,49,40.4476,40.3674,40.5277,10,63.0945,62.3078,64.0773
Guatemala,GTM,2015,8,62.5498,61.7229,63.3669,1.644,27,44.0205,41.6647,45.2717,20,56.5739,56.0245,57.133,12,47.7271,46.8054,48.5502,29,63.6178,62.9521,64.471,19,44.9132,41.1124,46.9209,15,51.3441,50.8594,58.6787,49,41.5262,41.4946,41.5578,10,63.3394,62.5997,64.3419
Guatemala,GTM,2016,8,63.3219,62.4653,64.1682,1.7029,27,45.1452,42.1158,45.8712,20,55.8793,55.1813,56.4132,12,46.2084,45.2719,47.207,29,63.0504,62.4017,63.8859,13,46.4461,43.0205,50.5821,15,58.2384,52.761,59.221,49,40.1608,40.0678,40.2539,10,63.2291,62.4803,64.1899
Guatemala,GTM,2017,8,63.9443,62.7707,65.0987,2.328,27,44.1704,41.8956,45.5264,15,56.4373,49.9893,58.1148,12,45.5838,44.6322,46.6404,29,62.1539,61.6865,63.1693,15,49.8605,45.5197,52.7316,14,58.6658,58.2182,64.2569,49,42.2959,42.2928,42.2989,9,62.9273,59.7803,66.0743
Guatemala,GTM,2018,8,63.6577,62.1232,65.1595,3.0363,27,44.3444,42.1046,45.678,15,55.0224,47.3274,56.2548,11,46.297,42.4828,57.9192,29,63.3488,62.3508,64.1302,18,49.2578,46.7229,52.2,14,61.7072,59.8372,64.2852,49,40.3042,40.2176,40.3908,9,60.2489,55.5607,60.9943
Guatemala,GTM,2019,8,60.6611,59.4941,61.8084,2.3143,27,41.2332,40.6104,44.1897,15,46.8074,45.583,54.2434,12,45.0377,41.3579,47.2115,29,63.2267,62.2091,63.773,19,48.2022,46.5024,51.1421,14,61.8959,58.4814,62.206,49,39.0185,38.874,39.1629,9,56.4665,52.9557,58.6604
Guatemala,GTM,2020,8,61.4467,59.821,63.0348,3.2138,27,41.3879,40.4146,44.0884,12,54.3642,44.2577,54.8282,11,40.722,40.6186,54.3773,29,61.9214,60.7932,62.452,19,48.5859,46.8403,51.5564,14,63.3211,62.1386,65.5016,43,37.1414,35.9207,38.455,9,57.7425,54.8025,60.6824
Guatemala,GTM,2021,8,61.862,60.3379,63.3533,3.0154,27,42.3472,39.8523,43.8806,13,51.7118,44.8923,52.937,11,44.0962,39.599,53.1792,29,62.0848,60.9817,62.6687,12,49.5968,48.0892,51.7318,14,64.495,62.6994,66.1793,43,38.823,37.6535,39.9528,8,55.8479,51.6987,60.9944
Guatemala,GTM,2022,8,59.9612,58.8355,61.0686,2.2331,28,39.3983,38.533,42.6338,15,48.0414,43.8185,51.4862,11,41.6726,39.2417,46.6655,29,59.7861,59.1505,61.3586,13,49.9456,48.1546,51.5927,14,65.3091,64.6615,67.7123,43,34.3623,33.1262,35.5738,9,57.9747,53.5834,58.6964
Guatemala,GTM,2023,8,59.1773,57.7175,60.6061,2.8886,28,39.2512,35.9808,40.469,15,45.9595,42.693,50.5903,11,42.5199,39.744,46.814,26,60.2292,58.2779,61.1436,12,49.9891,47.9061,51.6761,14,62.7726,59.0935,69.8297,41,33.8149,32.3707,35.1391,8,57.3786,53.3217,59.5873
Guatemala,GTM,2024,8,60.0711,59.0438,61.0832,2.0394,28,36.8953,34.5634,39.5842,17,48.5252,44.4092,48.9056,12,44.5548,42.3251,44.9317,26,60.498,59.2109,61.9934,12,47.5985,45.7955,49.4015,17,64.8681,62.4314,68.4097,41,37.1913,35.7352,38.5284,8,56.9272,53.3298,60.0707
Guatemala,GTM,2025,8,60.2642,59.254,61.2595,2.0055,28,39.5113,37.6808,42.3102,17,48.207,44.2808,49.0297,12,42.433,40.8328,43.4663,26,59.2126,58.7634,60.9747,12,49.4546,47.4153,51.072,17,67.2082,64.2326,70.1263,41,38.3528,37.0197,39.7058,8,54.6283,54.3017,61.2018
Guinea,GIN,2009,8,43.3133,39.9339,46.5024,6.5685,27,25.4506,23.9086,27.476,10,52.3322,43.7778,56.6165,4,49.6339,38.8678,54.7502,18,48.7057,41.8305,52.7105,10,28.0146,27.0731,41.139,8,33.8756,28.3384,39.8357,42,17.0182,15.6099,18.722,9,48.1184,44.007,51.9442
Guinea,GIN,2010,8,42.7531,39.2584,46.0436,6.7852,27,25.1876,23.6895,27.3315,10,51.9105,43.4045,55.9281,4,50.5288,39.0081,55.0771,18,47.8996,43.4672,52.3224,10,32.7702,26.9834,40.7169,8,33.2392,28.182,40.2651,42,16.476,14.829,18.1361,8,42.5936,42.0946,52.2595
Guinea,GIN,2011,8,47.3223,44.1533,50.3306,6.1773,27,30.5711,27.1786,31.0933,10,56.0232,50.1583,61.8882,4,48.6202,38.7708,53.9537,18,48.2605,45.2499,54.0747,10,33.368,25.6718,39.8084,8,36.9453,29.4233,40.5783,42,17.2098,15.602,19.0044,8,52.0939,41.0686,52.576
Guinea,GIN,2012,8,42.9509,39.5762,46.1352,6.559,27,29.5489,28.0065,31.7702,10,52.2484,43.9921,56.2154,4,45.7663,38.2774,55.3213,18,51.2139,45.6473,54.6163,10,28.4538,26.8296,39.9696,8,33.3529,31.2976,43.0766,42,17.8816,16.3171,19.4092,8,43.5429,38.3177,47.1731
Guinea,GIN,2013,8,44.6555,42.3734,46.8507,4.4773,28,29.6754,28.001,31.1071,16,53.2603,49.2401,57.2804,11,46.3523,45.4824,47.2221,26,51.1449,49.8575,53.3738,15,25.636,24.8929,34.4501,9,38.5957,30.3623,39.4,42,18.5303,16.81,20.124,8,47.0976,38.9148,51.2107
Guinea,GIN,2014,8,46.4246,44.6384,48.1581,3.5197,28,31.4127,30.642,33.8671,15,56.4719,53.924,63.0691,11,58.9664,57.9274,60.1734,26,47.7341,46.528,49.1783,15,27.7224,25.2461,35.1011,13,35.8529,35.199,40.4378,42,15.2463,13.8057,16.7616,9,46.862,43.6468,49.4371
Guinea,GIN,2015,8,44.4913,42.8779,46.0606,3.1827,28,31.9715,31.0962,34.5384,15,56.6684,53.0021,61.533,11,51.855,50.4206,52.4108,27,45.2423,44.2035,46.984,16,28.2872,24.8881,31.1234,13,38.2619,35.5381,41.6765,42,13.7296,12.284,15.3521,9,44.3815,40.7898,46.6894
Guinea,GIN,2016,8,45.9901,43.9498,47.9616,4.0118,28,35.6132,32.5086,35.7999,15,61.7106,54.0805,62.9565,11,48.385,47.3538,49.7614,27,45.9258,44.517,47.3478,7,27.7392,21.8088,35.3054,15,39.7212,38.5219,42.3382,42,14.0887,12.4897,15.5894,9,44.3268,40.9128,46.6497
Guinea,GIN,2017,8,44.5293,42.0944,46.8654,4.771,28,33.8891,33.0006,36.1984,14,59.4939,55.0054,64.0926,11,45.7936,44.7979,47.0724,27,45.4947,44.2134,47.5582,8,25.9707,22.2932,36.0063,14,36.4153,33.7076,42.7942,42,16.2047,14.6584,17.7569,8,46.8146,44.1786,53.8449
Guinea,GIN,2018,8,48.0577,46.2291,49.8322,3.6031,28,35.9038,35.1027,38.591,15,58.2338,54.5038,63.6839,11,49.4855,48.3527,56.9968,26,47.6648,45.0755,48.4155,14,26.7503,24.7081,34.2412,15,43.0534,42.2176,44.6723,42,30.924,29.4195,32.7028,9,38.0469,37.7735,43.5139
Guinea,GIN,2019,8,47.1138,45.2319,48.9378,3.7059,28,37.6547,34.5979,38.0556,12,56.404,54.7308,63.7584,11,57.5827,51.8581,59.3102,26,41.7161,39.9043,43.7362,14,28.2102,24.3679,34.1005,15,40.6557,39.4158,41.6182,42,30.6574,29.0021,32.5047,9,34.5936,34.3216,40.0197
Guinea,GIN,2020,8,51.4331,49.8725,52.9554,3.0829,28,38.0347,35.4858,38.7846,12,66.3926,59.4953,67.4374,12,66.4119,65.7744,71.0807,26,44.2618,42.2136,45.9387,15,28.6499,26.1882,35.9298,15,44.2727,43.4574,45.7546,40,27.3407,27.2134,27.468,9,33.8551,30.2883,35.5059
Guinea,GIN,2021,8,47.4524,45.0861,49.7281,4.642,28,37.2027,35.1226,38.6914,13,59.8294,56.7874,65.2819,11,68.6835,64.9134,82.0231,26,39.8246,37.6322,41.3495,11,28.2353,25.2102,30.8927,15,42.9582,42.0189,44.5212,40,20.7539,19.6154,21.7233,8,31.9629,19.5806,32.311
Guinea,GIN,2022,5,47.7439,45.9462,49.489,3.5428,27,35.9377,33.1128,39.1009,,,,,,,,,,,,,10,30.718,27.095,34.6465,15,45.4213,44.3529,46.5513,17,17.4733,16.902,18.0446,7,32.4172,17.5539,32.5844
Guinea,GIN,2023,5,44.4735,42.1295,46.7257,4.5962,27,35.3743,32.4436,38.4357,,,,,,,,,,,,,9,29.5419,27.3556,37.2347,14,42.4537,34.4164,48.4154,15,22.157,21.7964,22.5175,7,16.9904,10.328,23.6529
Guinea,GIN,2024,5,45.9375,43.9207,47.8871,3.9664,28,39.5911,35.5016,40.851,,,,,,,,,,,,,9,30.2677,28.8092,37.7429,15,41.8724,40.8477,49.2112,15,18.9289,18.4231,19.4347,7,23.5352,18.8291,32.1798
Guinea,GIN,2025,5,47.2872,45.3146,49.1964,3.8818,28,40.3422,36.789,42.0937,,,,,,,,,,,,,9,31.072,29.1977,39.0687,15,41.7353,37.0583,47.3986,15,20.6578,20.2298,21.0858,7,27.2578,21.0504,33.4419
Guinea-Bissau,GNB,2009,6,49.874,43.945,55.2773,11.3323,26,30.4235,27.5504,31.2349,6,47.7497,47.2632,57.6011,,,,,7,62.1217,55.996,62.4055,6,35.5911,32.6885,41.4717,6,35.4765,32.2618,42.8396,,,,,6,42.5953,27.0783,49.0062
Guinea-Bissau,GNB,2010,6,50.0854,45.3237,54.503,9.1793,26,29.4795,28.1004,31.7349,6,52.381,49.3375,58.0916,,,,,7,59.5919,56.3774,61.3131,6,34.0175,32.45,43.1016,6,37.7395,31.9415,42.9825,,,,,6,41.4176,28.6224,49.999
Guinea-Bissau,GNB,2011,6,49.1974,42.9939,54.8236,11.8297,26,31.4224,28.3361,32.4355,6,55.4351,48.0236,57.089,,,,,7,57.1859,55.91,61.3376,7,38.4369,32.5926,41.6125,6,36.1298,33.9193,43.7625,,,,,6,34.5366,27.7328,49.3536
Guinea-Bissau,GNB,2012,6,52.279,46.3717,57.6765,11.3048,26,30.9435,27.8483,31.7322,6,55.8461,48.0683,57.3923,,,,,7,58.4011,56.3052,61.1103,7,36.2934,31.9752,41.3795,6,42.6725,34.0714,43.931,,,,,6,42.6128,27.3448,49.7976
Guinea-Bissau,GNB,2013,6,52.1353,46.8223,57.0319,10.2096,26,27.199,25.2563,29.2158,6,55.0652,48.2671,56.9763,,,,,7,57.6666,55.4069,60.691,8,42.5403,32.767,42.7393,6,41.2102,32.1122,42.9016,,,,,6,43.2214,28.9598,52.19
Guinea-Bissau,GNB,2014,6,51.0721,46.3491,55.4597,9.1106,26,28.9646,27.3057,31.1217,6,50.791,47.6591,55.7233,,,,,7,56.9387,55.0709,60.0281,8,40.5573,32.6896,43.1607,6,38.9903,34.2134,43.8577,,,,,6,48.3457,32.1857,53.4433
Guinea-Bissau,GNB,2015,6,50.9019,45.8092,55.6061,9.7969,26,28.0942,27.2819,31.1881,6,53.725,45.8366,56.4494,,,,,7,59.0394,54.4809,59.5484,8,37.9916,33.2461,43.1437,6,39.1719,32.9185,43.079,,,,,6,42.8776,26.8409,50.4603
Guinea-Bissau,GNB,2016,6,49.3208,44.125,54.1062,9.9812,26,30.1535,27.7746,31.6688,6,49.452,46.2816,56.3197,,,,,7,58.087,54.4238,59.6851,8,37.9457,32.9729,39.4569,6,39.3953,34.6342,44.647,,,,,6,40.6115,25.548,51.27
Guinea-Bissau,GNB,2017,6,48.2747,43.3041,52.8646,9.5605,26,30.0681,28.4452,32.3192,5,53.5924,45.729,55.2288,,,,,7,53.8397,53.5836,59.0864,8,36.801,32.8073,39.643,7,38.9002,30.0941,47.4173,,,,,5,39.7396,27.0092,42.7096
Guinea-Bissau,GNB,2018,6,42.6902,36.689,48.1117,11.4227,26,30.5354,28.8002,33.2062,5,44.7035,41.4676,47.9395,,,,,7,55.3032,51.2291,58.1546,8,36.3275,33.1242,39.5238,7,31.7526,28.4322,46.1364,,,,,6,30.118,17.094,33.8952
Guinea-Bissau,GNB,2019,6,47.832,42.5465,52.6869,10.1404,26,32.6983,29.7008,33.4205,5,45.8123,42.3528,49.2718,,,,,7,57.7952,52.644,58.7698,8,38.8281,32.4664,39.4254,7,47.0908,38.324,55.8577,,,,,6,32.006,19.1272,35.7269
Guinea-Bissau,GNB,2020,6,45.8699,39.4613,51.6431,12.1818,26,33.036,30.1822,34.4144,5,46.9211,43.238,50.6042,,,,,7,55.4808,52.1249,58.9039,8,41.7246,38.0735,45.3757,7,42.0333,29.5165,45.9301,,,,,6,24.8063,15.4536,32.4602
Guinea-Bissau,GNB,2021,6,45.4399,40.2853,50.1739,9.8886,26,33.7505,31.7668,35.2537,5,48.0299,44.1232,51.9365,,,,,7,55.1874,51.2844,59.053,5,42.238,39.717,48.1471,7,37.8839,29.7023,45.7775,,,,,6,25.6083,14.5608,29.6923
Guinea-Bissau,GNB,2022,6,47.6384,42.6693,52.2244,9.5551,26,35.4015,31.2311,37.5657,5,49.1387,45.0084,53.2689,,,,,7,58.208,51.3206,59.2003,5,45.5134,40.3863,47.5766,7,39.8928,28.5756,46.5807,,,,,6,22.8452,14.6637,30.1037
Guinea-Bissau,GNB,2023,6,47.4507,40.5008,53.671,13.1702,26,29.6388,26.4418,32.8359,5,50.2474,48.2435,56.9511,,,,,7,56.5929,49.3157,58.5057,5,44.4108,39.7131,47.0671,7,45.2435,41.1775,51.6347,,,,,6,22.6762,14.7727,29.5172
Guinea-Bissau,GNB,2024,6,46.7911,39.9745,52.8998,12.9253,26,32.1315,28.6668,35.1693,6,52.465,46.3381,55.9399,,,,,7,51.7447,50.0055,58.6926,5,43.1341,39.5691,47.4663,7,45.0807,38.3623,49.2941,,,,,6,22.8671,13.4682,29.952
Guinea-Bissau,GNB,2025,6,44.1577,37.3805,50.2153,12.8348,26,32.9991,30.3381,36.1967,6,52.465,46.3381,55.9399,,,,,7,52.1321,51.032,58.3376,5,41.4654,39.4499,46.5565,7,38.7577,33.499,44.0164,,,,,6,21.2808,16.8122,31.324
Guyana,GUY,2009,8,61.72,59.9149,63.479,3.5641,27,47.2014,46.1963,48.9202,11,63.8384,56.7302,64.1695,10,67.665,67.0798,68.8642,22,54.9169,53.7068,60.1785,12,41.0446,36.1158,46.6604,8,46.5439,44.8223,52.3878,41,31.8958,29.8932,33.7902,6,57.1021,52.797,66.1618
Guyana,GUY,2010,8,57.5051,55.2436,59.6919,4.4483,27,48.7653,46.5446,49.5727,13,60.326,56.0902,61.0134,10,65.8,64.8966,66.7967,22,56.9296,54.166,59.92,12,32.9843,30.2614,39.0018,8,45.4068,41.9373,51.9225,41,30.2029,28.1808,32.1374,6,45.1615,44.1203,64.031
Guyana,GUY,2011,8,60.4258,58.7459,62.0652,3.3193,27,48.8481,47.9174,50.9222,14,57.805,57.0389,61.9266,10,62.7494,61.694,63.8048,22,58.395,55.0445,60.9073,12,36.6128,31.142,39.0415,8,44.4305,43.0611,51.1221,41,32.6451,30.7282,34.7206,6,61.1061,51.14,65.1503
Guyana,GUY,2012,8,61.6034,59.9367,63.2307,3.294,27,49.6121,48.1899,50.9559,14,59.1289,57.0181,62.1475,10,64.3775,62.9582,64.9757,22,59.5139,55.7804,61.0682,12,37.2812,30.8694,39.6498,8,48.1641,43.6591,51.9258,41,38.4133,38.2416,38.585,6,54.2943,50.3075,64.0005
Guyana,GUY,2013,8,62.8841,60.9085,64.8053,3.8968,27,50.3375,49.0393,52.035,14,60.338,57.6743,62.2967,10,66.7137,65.2343,66.9154,22,57.3303,55.9513,61.7381,12,39.1118,32.6003,47.6526,8,48.3929,43.4861,51.1477,41,37.5462,37.3354,37.7569,6,59.3268,49.6075,64.0213
Guyana,GUY,2014,8,64.3362,62.5493,66.0792,3.5299,27,51.9775,49.7399,52.5445,13,63.8483,59.0889,64.0716,10,63.5271,62.5727,64.5654,22,60.9899,57.3871,63.4969,13,43.4441,34.3432,46.0626,8,44.3035,42.4723,50.5017,40,43.0756,43.0375,43.1137,6,56.6709,51.0688,66.404
Guyana,GUY,2015,8,63.2906,61.5716,64.9683,3.3967,27,50.5472,50.1491,53.0354,13,59.3451,58.8249,63.7614,10,58.6033,57.4706,59.3117,22,59.6263,57.4407,63.5435,13,46.9852,38.926,49.4584,8,45.8201,42.0016,50.6155,40,41.9483,41.9357,41.9609,6,57.7902,51.0217,64.2403
Guyana,GUY,2016,8,63.8856,62.3719,65.3675,2.9956,27,54.2992,52.1222,55.113,13,61.7008,58.777,64.1002,10,54.0184,52.8742,55.1077,22,59.4666,56.6377,62.7058,12,48.7535,46.6179,52.596,9,46.8837,42.6518,51.1497,38,38.4756,38.3067,38.6445,6,60.6188,52.4669,65.7423
Guyana,GUY,2017,7,65.4345,63.5924,67.2302,3.6378,26,52.951,51.4027,54.4994,,,,,10,53.4649,52.1089,54.2435,22,63.8098,57.8009,64.0884,9,47.6562,44.1614,51.7556,9,55.9599,39.8623,58.6613,17,43.4333,43.3791,43.4875,6,55.5054,52.7131,64.3171
Guyana,GUY,2018,6,64.2058,62.2386,66.1197,3.8811,26,54.6968,53.4738,56.987,,,,,,,,,15,63.3591,60.8331,67.3571,8,52.0283,45.6217,52.9722,9,56.5792,41.0513,57.8879,17,33.7203,33.3374,34.1032,6,50.5802,42.8214,58.2733
Guyana,GUY,2019,6,62.5481,60.4536,64.5813,4.1277,26,55.1279,54.4606,57.4898,,,,,,,,,15,65.676,60.1344,66.6599,8,49.4046,45.6558,53.5076,9,53.2331,39.1926,58.3194,17,29.1134,28.5232,29.7036,6,47.3621,40.3126,54.3653
Guyana,GUY,2020,6,60.7155,58.7637,62.6132,3.8495,26,56.2267,54.6349,58.0235,,,,,,,,,15,64.539,60.4029,66.8768,9,45.1047,44.9026,52.4488,9,53.2905,43.9374,58.0564,16,26.2763,26.0474,26.5053,6,43.4617,33.9001,49.7436
Guyana,GUY,2021,6,61.4241,59.0805,63.6906,4.6101,26,56.9129,54.5649,58.1499,,,,,,,,,15,64.458,59.6153,66.3536,10,48.0662,44.4654,51.6169,9,50.7022,38.827,58.5446,16,31.8788,31.8556,31.902,4,41.7393,36.2253,54.5573
Guyana,GUY,2022,5,61.448,59.7248,63.1291,3.4043,27,57.0729,54.5318,59.4785,,,,,,,,,13,61.9941,59.901,67.4355,10,49.517,45.1536,51.8191,9,58.1333,48.9584,67.3081,16,25.439,25.1724,25.7057,,,,
Guyana,GUY,2023,5,60.1957,58.6227,61.7331,3.1104,27,57.1893,54.4523,59.5578,,,,,,,,,13,61.9677,59.6287,66.351,10,48.5021,45.9876,52.9179,9,53.7642,41.3305,57.5515,15,22.6592,22.2675,23.051,,,,
Guyana,GUY,2024,5,58.8791,57.4582,60.2705,2.8123,28,52.4423,50.6505,55.0013,,,,,,,,,13,63.4828,58.9512,65.9294,10,50.0519,46.4333,54.155,10,42.7216,35.4816,47.7412,15,25.7449,25.4921,25.9978,,,,
Guyana,GUY,2025,5,57.9847,56.6639,59.2797,2.6158,28,51.8026,49.9048,54.7413,,,,,,,,,13,61.7954,59.5261,66.5856,10,50.7651,47.3276,53.8145,10,40.8132,34.1977,46.1067,15,23.6352,23.2874,23.983,,,,
Haiti,HTI,2009,8,46.391,42.5645,49.9834,7.4189,26,31.8189,30.1888,34.2667,9,47.3952,45.766,59.3323,4,50.7467,39.1735,56.131,17,46.676,41.6976,51.3379,8,44.2046,31.7467,52.4567,9,28.5471,20.8681,35.3156,40,10.8357,9.0335,12.8264,7,58.7033,54.9475,62.243
Haiti,HTI,2010,8,45.8977,42.4354,49.1662,6.7308,26,33.4352,30.0479,34.3575,9,50.3461,44.762,59.1271,4,54.2362,39.1709,55.9153,17,42.3161,39.9528,49.716,9,37.4058,30.7433,45.0536,9,31.4566,23.2641,37.0415,40,10.5602,8.5823,12.5446,7,57.9748,56.0692,62.1888
Haiti,HTI,2011,8,48.1552,44.9225,51.2224,6.2999,26,30.2969,29.3128,33.3467,9,51.0205,42.0096,55.1288,4,53.4711,38.2016,54.0402,17,43.7513,38.1744,47.8582,9,40.7789,29.157,42.835,9,35.4748,23.7291,39.1141,40,13.7759,11.5653,15.5896,7,59.5055,55.6688,63.1386
Haiti,HTI,2012,8,47.2107,45.1656,49.1877,4.0221,27,29.4803,27.9491,31.5284,15,50.9847,46.1763,56.5099,11,54.5302,54.3314,54.729,24,43.3365,41.3585,46.4995,12,38.4775,35.5619,44.6764,10,33.9224,27.6688,38.947,40,13.8843,12.0167,15.7925,8,58.7221,56.599,60.0155
Haiti,HTI,2013,8,43.3438,41.0413,45.5565,4.5152,27,28.9696,27.9414,31.2849,15,47.8582,46.7591,56.4633,11,52.4684,51.1498,53.223,24,39.9374,39.3438,45.1154,13,37.3808,35.7462,42.711,10,34.4897,28.5626,40.1755,40,10.1389,8.2883,11.997,8,53.6739,47.5352,56.4949
Haiti,HTI,2014,8,46.0205,43.9175,48.0505,4.133,27,29.6063,28.4585,31.794,15,58.3693,53.1818,62.5634,11,47.4312,46.7644,48.8886,24,37.7779,35.1461,40.4711,13,41.0616,36.9894,44.323,10,34.0569,29.4324,39.7925,40,12.903,11.2244,14.6912,8,54.8062,47.2674,56.6313
Haiti,HTI,2015,8,44.5682,42.509,46.5564,4.0474,27,29.7951,28.351,31.5028,15,54.1281,52.1609,60.8144,11,46.1368,45.2145,47.2428,24,34.0612,33.7634,40.1023,15,40.5983,37.564,44.8052,10,35.8949,29.3251,40.2995,39,13.3903,11.2958,15.3095,8,55.918,51.17,57.4285
Haiti,HTI,2016,8,40.7026,38.2448,43.0551,4.8103,27,30.1915,27.8803,31.225,15,48.3755,44.446,55.0723,11,42.0726,41.0359,43.584,24,31.3199,30.4508,36.4793,12,40.4247,38.4385,45.5611,10,34.1962,29.4311,41.1549,39,10.7717,8.7188,12.8542,8,55.1472,50.4819,58.6893
Haiti,HTI,2017,8,36.4033,32.8543,39.7258,6.8715,27,30.218,28.046,30.7504,15,45.206,40.3468,50.0653,11,41.07,39.9844,42.2993,24,30.3417,29.4347,35.8414,11,41.6458,37.927,45.1185,8,24.4313,14.1812,37.1628,39,9.4781,7.3883,11.4674,7,51.6506,44.264,52.0953
Haiti,HTI,2018,8,33.256,29.8722,36.425,6.5528,27,28.7809,27.5728,30.8637,14,39.1863,38.686,49.1077,11,36.9901,33.8015,40.5821,24,30.5432,27.2453,34.0259,12,41.4767,37.4967,44.7088,9,26.1012,14.0187,30.4213,39,7.6029,5.4245,9.8678,7,50.7102,44.5291,52.8032
Haiti,HTI,2019,8,34.9441,31.6973,37.9969,6.2996,27,29.2834,27.9215,30.6938,14,42.873,41.9859,52.2055,11,33.9368,29.1179,36.3361,24,34.7056,33.712,37.9586,12,42.6651,38.1464,45.8991,9,30.0686,21.5881,38.5491,39,6.8848,5.0353,8.6436,7,46.6447,42.1554,50.4651
Haiti,HTI,2020,7,33.8897,30.4277,37.1291,6.7014,27,28.3364,26.8778,30.3853,11,45.1953,44.2473,57.4156,11,30.3372,23.825,32.4466,24,33.2942,31.3264,35.6628,12,43.0011,39.0289,46.1137,11,27.749,11.3299,28.3069,,,,,7,47.0843,40.2185,48.7751
Haiti,HTI,2021,,,,,,27,28.2058,27.0493,29.704,,,,,,,,,,,,,8,42.7273,42.3325,50.1372,11,19.0117,9.3373,26.7541,,,,,6,44.7776,39.5403,49.0185
Haiti,HTI,2022,,,,,,27,24.9598,24.7793,30.0542,,,,,,,,,,,,,7,46.0105,43.428,51.6467,11,27.2091,18.8358,35.5823,,,,,6,41.566,36.8997,45.9006
Haiti,HTI,2023,5,40.7113,37.3109,43.9135,6.6026,27,22.8029,22.1206,28.0376,6,63.2548,53.3493,73.1602,,,,,,,,,7,43.703,42.1876,49.6646,7,38.3581,27.5904,40.0206,,,,,6,48.1731,38.6074,48.5991
Haiti,HTI,2024,5,36.4367,32.8454,39.7962,6.9508,28,23.9658,21.8778,26.1265,6,53.1243,32.6716,54.0038,,,,,,,,,7,46.2597,42.7011,50.7001,8,34.3416,29.4159,39.2673,,,,,6,41.9163,38.1477,46.5818
Haiti,HTI,2025,5,33.1464,29.0997,36.8893,7.7896,28,24.5926,22.4667,26.6769,6,42.9939,33.416,56.2696,,,,,,,,,7,45.6863,43.0599,51.3004,8,29.815,23.9522,32.2735,,,,,6,44.7553,39.4217,48.287
Honduras,HND,2009,8,58.3761,56.5912,60.1144,3.5232,28,40.5142,38.7111,41.5164,17,67.8622,62.0979,70.6149,12,41.1846,40.3328,42.0382,27,59.6221,58.7995,61.3341,17,36.2215,32.0095,44.8911,10,45.6686,43.0371,54.832,45,28.7179,27.3494,30.3383,9,63.7266,61.5649,64.465
Honduras,HND,2010,8,56.5868,55.1814,57.9628,2.7814,28,37.8971,36.6439,40.058,19,67.1923,64.501,68.5452,12,41.592,40.7186,42.5948,28,58.8967,58.2824,59.9479,17,34.3094,31.0085,40.8532,10,45.0492,43.6062,54.2274,45,28.6602,27.2039,30.2561,10,59.0918,57.7416,59.9941
Honduras,HND,2011,8,56.0164,54.8647,57.1481,2.2834,28,39.1637,37.1899,40.3055,20,65.4583,64.849,66.0625,12,40.585,39.6599,41.6144,28,59.3102,58.846,60.5313,18,33.8328,31.612,39.0442,14,46.1578,41.5245,50.7911,45,28.4501,26.9539,29.6998,10,56.958,55.6559,57.9738
Honduras,HND,2012,8,57.4865,56.4259,58.5303,2.1044,28,39.9451,37.8429,41.0526,20,64.0932,63.5231,64.6829,12,43.1846,42.3093,44.1259,28,60.3234,59.6672,61.4069,18,35.5922,32.743,40.0803,14,48.4427,47.643,56.4264,45,33.7444,32.4165,35.146,10,54.2909,52.8385,55.3593
Honduras,HND,2013,8,56.2761,55.2108,57.3243,2.1135,28,37.4457,35.4056,38.5714,20,62.1289,61.4751,62.7469,12,46.6783,45.7858,47.5801,28,59.1033,58.5826,60.0225,18,34.6564,32.1682,41.2619,16,48.4553,44.3996,50.5542,45,30.4941,29.0636,32.111,10,53.5493,52.6246,55.0681
Honduras,HND,2014,8,57.3923,56.3372,58.4309,2.0937,28,39.7111,37.8063,40.4112,20,61.0236,60.4107,61.6719,12,48.4968,47.5882,49.231,28,58.5668,58.0237,59.8293,18,37.6804,31.2289,40.2153,16,50.0412,45.5854,51.8969,45,29.9979,28.8045,31.5886,10,54.3953,53.3728,55.8145
Honduras,HND,2015,8,59.4711,58.5095,60.4192,1.9097,28,40.2385,38.1689,41.0298,20,61.1489,60.5131,61.8135,12,56.1514,55.275,56.914,28,59.906,59.4178,61.2407,18,34.4802,31.5503,40.3064,16,49.2819,45.839,51.4784,45,37.3429,37.1231,37.5628,10,55.3688,54.2952,56.8995
Honduras,HND,2016,8,60.1009,59.1491,61.0396,1.8905,28,39.2699,37.6612,40.574,20,60.1458,59.5553,60.7533,12,57.8267,56.9165,58.6851,29,60.1624,59.3182,61.0899,15,34.0678,25.7351,35.5368,17,52.2704,50.8396,54.1673,45,39.4772,39.3534,39.6011,10,54.9264,53.8991,56.5093
Honduras,HND,2017,8,58.0689,56.7628,59.3499,2.5871,28,39.1272,37.7098,40.549,16,57.142,55.3374,62.3032,12,54.8335,53.9169,55.5964,29,57.8115,57.121,58.8754,14,29.2056,27.637,36.4747,16,55.6954,54.2461,56.6153,44,37.2748,37.0519,37.4977,9,55.199,50.7576,58.3795
Honduras,HND,2018,8,56.6644,55.3135,57.988,2.6745,28,40.1324,38.4073,41.0274,16,58.1488,51.396,59.4383,12,44.1911,40.911,46.7488,29,56.5031,55.2996,57.1199,15,35.3093,30.9212,38.5165,16,56.3875,55.2259,57.4139,44,34.2058,32.5104,35.8619,9,51.7328,49.9528,56.5301
Honduras,HND,2019,8,57.4169,56.2561,58.5577,2.3016,28,39.6671,37.7679,40.8563,16,56.5661,51.8053,59.5327,12,43.5151,40.6215,46.0742,29,57.7305,56.4913,58.2784,15,38.791,31.9844,40.0926,16,56.3499,55.2383,57.4483,44,36.7746,36.5291,37.02,10,51.5902,50.5469,52.7357
Honduras,HND,2020,8,54.352,53.0042,55.6719,2.6677,28,39.4987,37.5924,40.4807,13,56.7432,48.8165,58.1536,12,40.8952,40.0829,45.9772,29,56.8239,55.6891,57.4779,16,35.9083,33.0604,41.0118,16,60.3881,59.3017,61.3024,44,21.6505,20.123,23.2411,10,50.2654,49.118,51.526
Honduras,HND,2021,8,48.6499,47.0316,50.2258,3.1942,28,39.0666,37.1128,40.1221,14,44.4724,39.1456,49.5302,11,33.3652,30.1944,35.5656,28,51.0797,49.9869,52.1464,13,33.5645,31.3703,35.8742,16,60.1664,59.1929,61.0555,43,22.1381,20.6571,23.7897,9,49.1324,43.013,50.237
Honduras,HND,2022,8,48.8679,47.2262,50.4661,3.2399,29,39.9178,37.5092,41.6503,15,44.7378,37.8276,49.1522,11,36.1338,34.09,36.7298,27,49.792,48.1672,51.0361,13,33.8296,31.9119,36.0526,17,61.6248,60.7111,62.653,42,20.3013,18.7287,21.9045,9,48.3273,42.822,49.8486
Honduras,HND,2023,8,47.6705,45.8066,49.478,3.6714,30,42.5096,39.5294,43.7888,15,41.4622,36.2834,46.6288,11,35.656,33.4111,36.3484,27,48.8901,47.2557,49.9536,13,33.0244,31.1435,35.5393,17,57.8495,56.3636,65.3781,41,20.3539,18.7386,22.1003,8,49.8378,44.5213,52.3955
Honduras,HND,2024,8,48.7846,47.2417,50.289,3.0473,30,39.9082,38.8687,43.248,17,46.5498,45.2309,53.7556,12,35.2857,33.4822,36.3056,27,48.7272,46.8126,49.5062,13,34.7462,31.4869,36.6201,20,59.5645,57.1106,60.7182,41,21.2115,19.634,22.6635,8,47.9412,45.2814,53.3938
Honduras,HND,2025,8,50.5345,49.0266,52.0063,2.9797,30,43.4103,40.9158,45.2078,17,47.6074,43.3023,52.6663,12,33.4113,31.2632,33.9769,27,48.1675,46.2334,48.8771,13,35.638,32.3246,37.0369,20,59.6372,57.7862,61.4683,41,21.3715,19.8461,23.1062,8,54.1949,47.6179,55.0574
Hong Kong,HKG,2009,8,98.5795,97.6355,99.5141,1.8786,26,85.9084,85.2495,89.118,16,93.1331,89.1119,93.4908,11,81.9388,77.1928,84.3981,30,95.5188,94.4982,96.6103,19,89.9127,85.5571,96.1075,14,99.2738,92.8315,100.0,46,77.656,75.9911,79.3639,8,90.0199,86.9777,97.7331
Hong Kong,HKG,2010,8,99.0925,98.2179,99.959,1.7411,26,87.2096,84.4379,88.4365,18,93.8136,92.5986,94.2096,11,83.3792,78.5076,85.9639,30,95.5788,94.1335,96.1264,19,86.5034,78.2832,89.0983,14,95.0152,91.195,98.7487,46,78.0055,76.192,79.7124,8,99.104,90.2966,100.0
Hong Kong,HKG,2011,8,97.7502,96.8258,98.6654,1.8396,26,86.7893,84.2599,87.9583,18,92.3728,91.9474,93.8322,11,81.7456,76.3322,83.1332,30,95.4485,94.1254,96.1282,19,85.5219,79.8187,88.8276,14,97.0506,90.6873,98.8016,46,77.6382,75.982,79.3511,8,89.0611,83.9838,94.1384
Hong Kong,HKG,2012,8,97.4008,96.5305,98.263,1.7325,26,86.4451,83.6119,87.5234,18,92.8814,92.1271,93.8112,11,81.8939,76.8314,84.1325,30,95.7217,94.7152,96.8303,19,80.7328,76.2146,84.9606,15,93.5014,88.7331,96.119,46,80.315,78.4743,82.0833,8,90.7685,89.3199,98.4932
Hong Kong,HKG,2013,8,98.6266,97.8446,99.4022,1.5576,26,84.82,82.9863,86.5482,18,93.2076,92.2266,93.8125,11,83.9573,80.4126,87.4722,30,96.3549,95.034,97.0686,20,81.1053,77.0654,85.7116,15,95.0261,88.7127,96.8131,46,81.1861,79.2533,82.9678,7,98.2886,92.2089,98.2886
Hong Kong,HKG,2014,8,98.3193,97.5556,99.0768,1.5212,26,84.9667,82.7716,86.3243,18,93.2204,92.1643,93.775,11,85.9312,80.9037,88.8866,30,97.39,96.3113,98.4289,20,78.6504,74.5507,81.1537,15,90.3886,86.9113,95.3333,46,87.3554,85.4766,89.0776,8,93.7248,91.8425,98.2886
Hong Kong,HKG,2015,8,98.5297,97.7585,99.2946,1.5361,26,84.1776,82.4219,85.9632,18,93.0841,91.8746,93.5562,11,85.4227,79.9883,87.8622,30,97.2238,95.7698,97.9244,20,85.4376,80.6789,86.4186,15,89.0793,84.5784,92.7974,46,83.1341,81.4077,84.9503,8,95.1974,89.7991,96.8769
Hong Kong,HKG,2016,8,98.3324,97.5067,99.1509,1.6442,26,84.3915,82.0222,85.2493,18,93.2944,92.1695,93.8565,11,85.9482,82.1662,89.3754,30,96.2936,94.9347,97.0428,21,84.5671,80.3666,90.7591,15,89.3025,85.8348,92.8237,46,83.4793,81.6265,85.2589,8,93.8165,88.5783,95.1021
Hong Kong,HKG,2017,8,98.635,97.6902,99.5705,1.8803,26,83.8314,81.3975,85.0283,14,91.6578,90.105,94.6272,11,89.42,81.7073,89.6287,30,97.0798,95.4879,97.6447,20,88.7666,84.219,95.5393,12,82.291,77.7823,86.8626,46,86.914,85.3273,88.5723,7,94.3614,88.8368,94.969
Hong Kong,HKG,2018,8,97.9158,96.6979,99.118,2.4201,26,82.8451,80.6253,84.2378,14,91.867,89.7235,94.0243,10,92.8865,76.5812,98.3371,30,96.5983,95.4488,97.5697,21,84.058,78.4252,89.3256,13,80.3635,79.1357,86.4318,46,88.6812,86.7516,90.6971,8,90.4709,85.427,92.2633
Hong Kong,HKG,2019,8,95.6185,94.441,96.7811,2.3401,26,81.5445,79.6792,83.2489,14,93.3543,89.9334,93.8803,10,80.9605,76.1878,93.85,30,96.4955,95.2218,97.3069,21,74.7569,73.4009,84.3038,13,82.5949,79.0117,86.1484,46,90.1715,88.457,92.0367,8,84.3721,82.7198,89.6043
Hong Kong,HKG,2020,8,96.28,95.0875,97.4573,2.3698,26,79.1848,77.3937,80.7238,11,91.8813,90.4901,94.3395,10,92.5631,76.3396,95.5392,30,96.0439,94.7577,96.8378,21,75.0357,74.62,84.33,13,85.8412,82.1093,88.6376,40,91.6914,89.3071,93.9617,8,79.7816,78.9233,86.9786
Hong Kong,HKG,2021,8,95.0432,93.7652,96.3035,2.5383,26,74.3446,72.597,76.5137,12,90.6773,90.2951,93.7677,10,87.9968,75.0549,98.5771,30,94.4363,93.1957,95.2674,14,69.8802,67.7851,71.4993,13,86.4477,82.9105,90.2785,40,88.3319,86.0824,90.4123,7,86.3248,81.3216,88.2827
Hong Kong,HKG,2022,8,93.993,93.0316,94.9443,1.9127,27,68.717,65.2396,70.5844,13,90.1123,89.9869,92.7301,10,83.5719,75.7695,89.4029,29,93.5262,92.0354,94.4916,14,68.1294,64.9806,70.0508,13,90.0171,85.9803,92.6166,40,85.8703,83.8527,87.8527,7,86.7084,81.8142,89.1344
Hong Kong,HKG,2023,8,94.2533,93.2336,95.2616,2.028,27,64.3308,62.1529,67.3206,13,90.8567,89.1827,91.9173,10,79.3325,73.2376,87.4568,29,93.8223,92.498,94.8444,14,70.2896,68.0118,72.5674,14,97.5102,89.9875,100.0,39,85.1434,82.7022,87.6142,6,86.196,81.2061,89.1075
Hong Kong,HKG,2024,8,94.2322,93.1264,95.3247,2.1983,27,63.646,61.5176,67.0772,15,91.7742,90.1597,92.2577,10,75.564,71.3065,89.2835,29,95.1107,93.4412,95.7454,14,70.0429,65.2678,70.2585,17,95.9952,91.0534,95.9952,39,87.3285,85.0261,89.714,6,87.0391,81.7683,90.2446
Hong Kong,HKG,2025,8,94.5375,93.6094,95.4563,1.8469,27,64.0884,62.5677,67.3961,16,91.6224,90.9772,92.3582,10,81.249,72.9476,88.6078,29,94.6011,93.4472,95.7505,14,68.6618,65.9188,70.4461,17,95.9952,92.2957,95.9952,39,89.1527,86.9563,91.3682,7,85.1473,80.0662,86.7666
Hungary,HUN,2009,8,70.9127,69.5384,72.2622,2.7238,28,74.237,73.2408,75.4003,16,51.1845,48.4114,55.5627,12,55.2809,54.1019,56.1973,31,75.3337,74.3624,76.1455,20,45.6404,45.4948,56.7521,16,49.6064,48.4523,55.3766,50,46.7422,45.74,47.6297,9,79.7089,77.1982,87.7714
Hungary,HUN,2010,8,70.7376,69.8338,71.6305,1.7967,28,73.2608,72.3655,74.607,18,53.8244,51.8021,55.0566,12,54.3916,53.2801,55.3294,31,75.3787,74.4917,76.1131,22,40.4816,37.5752,45.5888,16,51.8574,48.9825,56.3367,50,49.0437,48.0026,50.0296,9,78.0465,76.4679,80.4789
Hungary,HUN,2011,8,69.524,68.5687,70.4671,1.8984,28,70.2514,69.2573,71.4692,18,55.4807,52.4657,55.568,12,50.2392,49.0551,51.2269,31,75.2873,74.403,76.136,22,36.4816,34.8639,45.9908,18,51.6922,50.7239,52.9367,50,49.5191,48.6125,50.4841,9,77.4765,76.2175,79.7267
Hungary,HUN,2012,8,69.1373,68.302,69.9633,1.6613,28,67.8772,66.8479,69.1826,18,56.3641,52.7165,56.5356,12,46.868,45.6814,47.8338,31,75.0403,74.1351,75.9144,22,36.8244,33.6688,42.0266,18,51.5108,50.589,52.7245,50,50.2963,49.2954,51.2428,9,77.8482,74.5469,78.9278
Hungary,HUN,2013,8,67.6909,66.9339,68.4402,1.5063,28,66.9015,65.8499,68.1608,18,54.2145,52.0214,55.4273,12,46.3523,45.3206,47.3249,31,73.1653,72.267,74.0581,23,35.4667,33.0701,39.8683,18,49.0128,48.0193,50.2658,50,48.3233,47.3472,49.183,9,79.1503,77.6291,81.5502
Hungary,HUN,2014,8,68.3985,67.5433,69.2438,1.7005,28,66.8974,65.9392,68.0826,17,59.0207,53.5524,59.238,12,44.7693,43.623,45.6966,31,72.9081,72.0149,73.7187,23,34.1685,30.8672,38.2418,18,50.5379,49.6255,51.7228,50,48.2304,47.3291,49.1364,9,80.1325,77.7666,81.5066
Hungary,HUN,2015,8,68.0172,67.1598,68.8646,1.7048,28,65.9609,64.8639,67.0913,17,60.8341,57.8421,63.8262,12,45.0398,43.9449,45.9319,31,72.23,71.3443,73.0443,23,30.7216,29.2894,36.7686,18,48.8744,47.9419,50.0288,50,49.1804,48.3074,50.0629,9,80.9275,79.3571,82.7473
Hungary,HUN,2016,8,66.6133,65.734,67.4821,1.7481,28,64.9383,63.8819,66.0211,17,61.0615,56.3567,62.236,12,40.7601,39.7612,41.7679,31,70.7773,69.9134,71.6968,19,30.2346,27.6506,35.6889,18,50.3291,49.4645,51.4318,50,44.4266,44.3277,44.5255,9,80.7345,79.4659,82.5757
Hungary,HUN,2017,8,66.3446,65.0246,67.6409,2.6163,28,64.2547,63.3279,65.4827,13,54.713,51.5688,61.8575,12,38.631,37.5165,39.8179,31,67.3186,66.5499,68.1138,23,31.5225,30.6521,38.9938,17,51.357,50.41,52.5826,50,42.4341,42.4249,42.4434,9,91.5314,85.9903,94.3106
Hungary,HUN,2018,8,65.9508,64.819,67.0651,2.2461,28,63.3767,62.2923,64.5197,13,60.1445,52.9991,61.9308,12,41.802,37.1735,42.9522,31,61.4032,60.1861,62.171,23,33.4129,32.7278,37.5575,17,55.8865,54.9998,56.9199,50,44.4638,44.3632,44.5644,9,79.1838,76.4087,83.6963
Hungary,HUN,2019,8,65.9638,64.8544,67.0563,2.2019,28,61.9704,60.9147,63.1202,13,58.487,54.212,63.1459,12,42.2321,37.4044,43.656,31,63.5392,62.3739,64.305,23,33.4284,32.5201,36.3632,17,57.2154,56.2801,58.27,50,46.89,45.9692,47.8666,9,76.057,73.4494,79.7419
Hungary,HUN,2020,8,66.9073,65.8488,67.9506,2.1018,28,60.7416,59.7478,61.9148,10,62.777,54.9303,65.0662,12,39.043,36.6704,42.4738,31,63.3522,62.1124,63.9926,23,34.702,32.6931,35.9208,17,63.3057,62.4124,64.3218,42,47.7501,47.5414,47.9587,9,73.5071,70.8074,74.9037
Hungary,HUN,2021,8,67.9611,66.912,68.9954,2.0834,28,60.4237,59.4565,61.5943,11,61.5017,58.4463,66.1656,12,41.4938,37.9144,44.2145,31,64.7946,63.6627,65.496,15,31.9913,30.553,33.3261,17,65.1182,64.2282,66.094,42,49.9745,49.866,50.083,8,77.5547,73.3712,81.7492
Hungary,HUN,2022,8,68.9764,68.1091,69.8336,1.7245,30,62.7543,61.0155,64.3447,12,63.5862,59.5347,66.9037,12,43.2499,41.3517,44.2283,30,66.0908,65.0043,67.5709,15,31.0013,30.3065,32.9831,17,67.9299,67.0095,68.8456,42,51.7925,51.7658,51.8192,9,74.2484,71.8134,78.2675
Hungary,HUN,2023,8,69.7047,68.7247,70.672,1.9473,30,61.223,59.4578,62.9723,13,66.4143,62.597,68.3181,12,41.9875,40.5211,43.3241,30,68.4959,66.4054,68.8428,15,30.5116,29.2688,31.9255,18,66.9868,66.4557,74.9171,41,53.9705,53.8992,54.0418,8,75.1014,71.0986,77.9213
Hungary,HUN,2024,8,69.8609,69.0786,70.6351,1.5565,30,61.4239,59.7634,63.0787,15,65.962,63.436,66.8152,12,42.4026,40.9563,43.5145,30,68.4626,66.895,69.3531,15,29.1716,28.4514,31.1321,21,68.049,66.2134,69.2126,41,53.4815,53.4322,53.5308,8,77.0095,73.5876,81.9783
Hungary,HUN,2025,8,67.3343,66.4788,68.1799,1.7011,30,61.8496,59.9882,63.3654,15,63.7747,61.9171,65.777,12,39.5405,37.6824,40.3059,30,66.949,65.1601,67.8784,15,28.9701,27.6995,30.8468,21,66.5214,64.6495,67.7011,41,43.8721,42.672,45.1555,8,76.445,72.6746,80.5633
Iceland,ISL,2009,8,90.9233,89.9019,91.933,2.0311,26,92.7178,91.3399,94.3256,18,81.9583,80.5107,84.4759,12,79.496,78.5606,80.3114,31,98.3245,97.0548,99.1123,17,79.2837,76.54,87.897,12,70.2898,66.2334,75.328,46,75.7886,74.1217,77.4548,8,65.4095,60.6249,69.9365
Iceland,ISL,2010,8,89.1567,88.1128,90.1883,2.0755,26,91.7982,90.5968,93.3721,20,84.2818,83.7526,84.8711,12,80.6911,79.7154,81.5552,31,97.4112,96.1032,98.1512,17,74.5223,67.2756,78.7077,12,62.843,61.2644,70.3776,46,72.3176,70.891,73.8465,8,62.8337,62.3799,71.8364
Iceland,ISL,2011,8,87.858,87.0055,88.7022,1.6967,26,90.2858,89.2507,92.4197,20,83.6934,83.045,84.3052,12,79.3978,78.4299,80.2271,31,96.7811,95.6042,97.5482,18,61.7569,60.3886,67.4091,12,64.5112,59.7623,69.2058,46,69.8858,68.3664,71.4742,8,68.7151,63.1279,71.0362
Iceland,ISL,2012,8,87.9909,87.1865,88.7879,1.6014,26,90.9608,88.6999,91.8289,20,83.2351,82.6689,83.8236,12,80.5415,79.5619,81.3127,31,96.9839,95.7222,97.6445,18,60.3316,58.5394,64.3595,12,71.4082,64.5068,72.9365,40,66.7393,64.5372,69.1798,8,66.5044,62.1501,70.1629
Iceland,ISL,2013,8,87.0351,86.1372,87.9238,1.7866,26,90.4422,89.7484,92.6598,20,82.5735,82.0115,83.1822,12,82.5413,81.5333,83.3945,31,96.3193,95.1381,97.0694,19,60.3183,55.3591,61.0389,12,65.2798,60.9153,70.7319,40,66.9632,64.8593,69.1895,8,64.0037,61.9729,71.1008
Iceland,ISL,2014,8,87.0274,86.2349,87.8126,1.5777,26,90.9685,89.6951,92.5541,20,83.0186,82.4427,83.6005,12,83.8874,82.8104,84.8134,31,96.003,94.69,96.7786,19,55.6229,52.9126,57.9658,12,68.3674,62.0711,70.7352,40,64.2891,61.7491,66.6694,8,66.5183,62.8956,70.1386
Iceland,ISL,2015,8,86.2234,85.3583,87.0798,1.7215,26,90.0845,89.561,92.7399,20,83.4476,82.8509,84.0562,12,84.4091,83.4279,85.2577,31,95.4311,94.2403,96.166,19,56.7059,53.3497,58.4401,16,65.872,58.8125,66.7461,40,65.9444,63.7926,68.2308,8,59.8149,59.3322,69.3278
Iceland,ISL,2016,8,88.1139,87.4109,88.8113,1.4004,26,91.4074,90.0376,93.0624,20,84.2959,83.7282,84.9074,12,86.6521,85.6143,87.5653,31,94.8566,93.6565,95.6715,20,56.9413,51.3612,58.5049,18,69.0848,67.8991,70.6226,40,70.0643,67.8115,71.9744,8,65.7231,61.9013,69.5844
Iceland,ISL,2017,8,89.7565,88.9854,90.5208,1.5354,26,90.6485,90.2421,93.3379,16,83.7436,81.172,86.86,12,88.0604,86.9629,89.018,31,95.4004,94.3341,96.1905,21,55.4225,53.5068,60.5163,15,74.3793,73.2502,77.6269,40,75.9144,73.8242,78.4123,8,70.6795,65.2146,71.6522
Iceland,ISL,2018,8,89.0995,88.2846,89.9068,1.6222,26,90.8454,89.5045,92.4811,16,85.2196,81.4473,86.6649,12,86.1882,80.6792,86.9028,31,95.3458,94.1053,96.2017,21,53.2802,52.7149,59.9127,15,76.6597,74.062,78.1649,40,73.9653,71.6301,76.1622,8,66.6253,64.7486,71.1496
Iceland,ISL,2019,8,88.0283,87.2635,88.7865,1.523,26,91.1782,89.6942,92.9073,16,83.338,81.5773,87.0673,12,81.2508,78.5306,83.9604,31,94.4512,93.2408,95.2913,21,57.1778,53.643,60.4456,15,75.2024,73.1437,77.0862,40,71.2531,68.9539,73.4554,8,64.2538,63.9987,69.3049
Iceland,ISL,2020,8,88.5415,87.808,89.2689,1.4609,26,91.3996,89.6262,92.6886,13,82.2966,81.8058,87.1404,12,83.6885,79.24,84.9231,31,94.3358,93.287,95.1888,21,55.3687,53.749,60.816,15,78.9979,76.1683,80.0551,40,71.8326,70.0524,73.5052,8,65.4702,63.1276,67.9427
Iceland,ISL,2021,8,90.0692,88.5247,91.587,3.0623,26,90.6317,89.5539,92.3177,14,82.9201,81.6133,86.0769,12,85.7305,82.9282,88.5327,31,94.3716,93.2846,95.2679,13,60.3557,57.5871,63.2546,15,79.5676,77.2688,80.9699,40,74.856,72.9448,76.5985,6,68.5332,44.4521,69.527
Iceland,ISL,2022,8,89.8167,89.0211,90.6051,1.584,27,90.3246,88.5902,93.3622,15,86.5898,83.6324,86.6612,12,82.5464,80.4365,83.8986,30,91.8853,91.0062,93.4659,13,58.2109,56.7143,61.4632,15,81.4447,78.9897,83.0499,40,74.0863,72.2033,75.8098,8,68.9383,59.5548,70.1435
Iceland,ISL,2023,8,88.9496,87.9242,89.9631,2.0389,27,89.9793,88.207,93.1113,15,84.2387,83.1767,86.1503,12,80.6231,77.5779,81.0749,30,91.5241,89.8761,92.2842,13,61.8661,59.3545,64.3777,17,79.1366,75.2247,84.6441,39,70.8057,68.8403,72.7986,7,67.6677,58.2027,70.7384
Iceland,ISL,2024,8,87.0525,85.6387,88.4434,2.8047,27,90.2997,87.9726,92.69,17,83.6377,82.9896,84.2883,12,81.6543,78.8988,82.0696,30,92.0667,90.4919,92.9584,13,57.9816,57.1285,63.2357,20,82.4823,78.8701,83.8066,39,70.8815,68.8525,72.9665,7,51.1524,50.0825,70.7827
Iceland,ISL,2025,8,88.5131,87.5992,89.4175,1.8183,27,91.5655,88.1151,93.8099,17,83.3194,82.6774,83.9653,12,78.3535,75.6435,78.7687,30,89.4699,89.1155,91.3913,13,57.1583,55.9408,61.6143,20,82.7238,78.9062,84.0195,39,68.6061,66.4499,70.6976,7,71.2913,60.5074,72.5984
India,IND,2009,8,67.6503,66.9575,68.3367,1.3792,28,49.9285,48.6459,51.1302,17,65.1502,64.725,70.5139,12,54.6209,53.832,55.5749,31,68.2483,67.5272,68.9756,23,60.7797,60.2123,64.7976,18,50.8866,50.1179,51.7458,51,52.0594,51.1109,53.1057,10,46.3345,44.3966,47.363
India,IND,2010,8,66.994,66.4974,67.4871,0.9897,28,49.6351,48.4178,50.7896,19,63.8404,62.4999,64.5987,12,52.6437,51.8539,53.5228,31,67.8439,67.115,68.573,23,54.9779,53.8117,57.8369,18,51.4294,50.6103,52.3389,51,52.224,51.2667,53.3531,10,51.012,49.5561,51.8744
India,IND,2011,8,65.0521,64.536,65.5644,1.0284,28,49.6563,48.2258,50.7989,19,61.9988,60.7715,63.3599,12,46.8108,45.8484,47.7429,31,67.3769,66.664,68.1168,23,51.1537,50.8231,54.7907,18,51.6147,50.8138,52.4073,51,49.6029,48.649,50.6107,10,51.984,50.6052,52.8478
India,IND,2012,8,65.4198,64.9196,65.9166,0.997,28,49.5107,48.0262,50.6154,19,61.9133,59.9421,62.2958,12,47.2807,46.4352,48.1479,31,67.6483,66.9724,68.3332,23,51.3235,49.0395,53.0268,18,51.4767,50.6649,52.3088,51,52.5278,51.493,53.5294,10,51.1919,49.7695,51.9938
India,IND,2013,8,65.0518,64.6236,65.4776,0.854,28,50.1271,48.5345,50.9744,19,60.3437,59.355,61.5175,12,48.1686,47.3508,49.0329,31,66.8455,66.1093,67.5286,24,51.0032,49.4092,51.8229,18,51.5942,50.7531,52.4825,51,51.4544,50.465,52.5476,10,51.4017,50.2896,52.4295
India,IND,2014,8,65.1969,64.7521,65.639,0.8869,28,50.1559,48.6279,51.2358,19,61.9417,59.9789,62.3115,12,47.8365,46.9131,48.6651,31,66.8288,66.0292,67.5751,24,48.1517,46.8049,49.4496,18,51.5784,50.7757,52.3615,51,51.4333,50.5385,52.5276,10,53.7588,52.7209,54.6818
India,IND,2015,8,64.6169,64.156,65.0747,0.9187,27,50.6536,49.203,51.8171,19,62.3653,60.4414,63.0131,12,44.1153,43.141,45.1455,31,66.2024,65.5303,66.939,24,48.2448,47.2539,49.853,18,50.0791,49.2953,50.9333,51,51.6615,50.5979,52.6665,10,54.1774,53.1608,55.0656
India,IND,2016,8,63.7191,63.1684,64.2656,1.0972,27,51.1722,49.8,52.1128,19,59.8978,59.7224,63.5436,12,38.993,37.9396,39.9689,31,66.194,65.5393,66.9905,23,48.7535,47.1807,50.57,18,50.3711,49.6006,51.2579,51,51.969,50.8932,53.0588,10,54.2015,53.2066,55.1885
India,IND,2017,8,67.8289,67.1393,68.5119,1.3726,27,51.4812,50.4482,52.7623,16,63.2626,58.3986,65.0029,12,44.3794,43.4884,45.3457,31,68.4904,67.7578,69.249,24,50.4142,48.5806,51.6039,17,53.0002,51.9663,54.2568,51,63.3664,62.1622,64.7157,10,55.4158,54.2526,56.3742
India,IND,2018,8,68.7748,67.659,69.8739,2.2149,27,51.115,49.5409,52.2244,16,61.9748,56.8048,64.1169,11,53.7064,48.2593,61.0536,31,74.6154,73.5299,75.1593,24,49.7709,48.0969,51.2867,17,54.2138,53.1989,55.3709,51,62.0303,60.9156,63.2163,10,49.674,48.3228,50.6179
India,IND,2019,8,67.9322,66.8193,69.0285,2.2092,27,52.6041,51.1817,53.4555,16,59.358,58.1132,64.7742,11,51.5792,48.4625,62.1711,31,75.1576,74.1246,75.7251,24,49.8776,48.3207,51.2889,17,54.6736,53.5608,55.8436,51,63.6549,62.6293,64.7686,10,45.1253,43.7929,46.208
India,IND,2020,8,65.9861,64.81,67.1431,2.3331,27,52.223,50.6465,53.1093,13,57.8779,55.2257,61.648,11,43.0341,39.8038,53.3992,31,71.4668,70.5267,71.9631,24,51.9908,49.5922,53.1907,17,59.7362,58.7876,60.83,45,65.9266,64.6193,67.1594,10,36.5899,34.4211,38.0884
India,IND,2021,8,62.4608,61.1294,63.7671,2.6377,27,52.5635,50.4119,53.3874,13,50.9532,47.4843,54.4222,11,34.9984,28.509,41.0166,31,67.2716,66.2388,67.7614,16,55.5997,53.7658,58.0709,17,60.9829,60.0672,62.0306,45,55.5794,55.4593,55.6995,9,37.5133,33.9442,41.5577
India,IND,2022,8,60.5934,59.7247,61.4511,1.7264,29,50.0818,47.3275,52.1488,14,51.6825,49.6226,55.1157,11,29.3555,28.1016,33.8176,29,64.3959,63.4671,67.0005,16,53.4889,50.8585,54.2594,17,62.5026,61.5959,63.4996,44,52.5992,52.345,52.8534,10,38.3929,36.9777,39.5844
India,IND,2023,8,60.209,58.8939,61.4992,2.6053,29,50.1273,46.7892,51.6404,15,53.4722,49.6879,55.4331,11,27.6099,24.8906,30.0252,29,63.9601,61.6515,65.0328,15,55.215,50.3693,58.0438,17,62.2378,60.6037,69.1792,42,51.2894,50.9763,51.6026,9,35.699,31.2464,37.6949
India,IND,2024,8,59.6124,58.5042,60.7028,2.1986,29,48.9678,46.0671,50.304,16,53.952,50.7098,54.3788,11,26.3721,24.1607,29.2266,29,62.8973,60.4638,63.6582,15,56.5078,52.3749,58.7227,20,63.0324,60.604,64.4727,42,51.1291,50.8087,51.4494,9,32.7342,31.4047,38.8994
India,IND,2025,8,59.1287,57.991,60.2475,2.2565,29,49.2945,46.3527,51.0046,16,54.3558,51.6287,55.381,11,22.1065,20.6483,25.7489,29,59.9523,58.0083,61.5477,15,54.6393,51.6013,58.31,21,64.2548,62.1233,65.5611,42,49.6033,47.8081,51.6162,9,38.0915,36.043,42.3987
Indonesia,IDN,2009,8,67.1815,66.2512,68.1001,1.8489,27,48.1262,46.2201,49.1956,17,64.3959,61.0453,66.317,12,60.8751,60.0273,61.6728,28,66.3515,65.3239,67.2858,22,57.0109,55.4094,60.2137,16,40.1386,38.9626,44.0293,52,44.989,44.8648,45.1132,9,62.2073,54.7324,62.3302
Indonesia,IDN,2010,8,67.2452,66.674,67.8119,1.1379,27,48.0495,46.3044,49.0406,20,63.6879,63.1216,64.2245,12,61.6676,60.8283,62.4998,29,67.3692,66.63,68.6009,23,52.7246,50.9965,53.9927,16,41.8757,40.8406,46.7498,52,48.6526,47.7839,49.6095,10,61.1547,59.9376,61.9776
Indonesia,IDN,2011,8,66.813,66.2167,67.4044,1.1877,27,49.1717,47.4855,50.1951,20,63.8574,63.2296,64.4253,12,57.8968,57.0636,58.6957,28,69.0633,67.8485,70.0402,23,50.8887,49.6208,52.916,16,42.6757,41.4197,47.1426,51,49.0704,48.0867,50.1344,10,59.4862,58.3208,60.3385
Indonesia,IDN,2012,8,66.0927,65.4363,66.7432,1.3069,27,50.5128,47.7361,51.0093,20,64.037,63.475,64.5576,12,56.4746,55.6382,57.2394,28,68.6265,68.1318,70.3699,23,48.8011,47.6057,50.6235,16,45.9114,42.3659,49.103,51,47.3698,46.3696,48.3119,10,55.9238,54.5617,56.7616
Indonesia,IDN,2013,8,67.0657,66.546,67.5817,1.0357,27,51.4051,48.5878,51.5672,20,64.7311,64.1508,65.26,12,58.6547,57.7955,59.3987,28,69.3843,68.371,70.4574,24,49.0281,47.8251,50.3249,18,45.7367,44.9772,46.5663,51,47.1294,46.1487,48.1048,9,58.3474,55.0364,59.732
Indonesia,IDN,2014,8,68.881,68.4763,69.2835,0.8072,27,50.2568,48.79,52.1856,20,66.9505,66.396,67.5253,12,61.7775,60.8994,62.5837,29,70.8109,70.4195,72.7671,25,47.4529,46.1986,48.358,18,47.6444,46.8804,48.4016,51,52.4399,51.4023,53.4021,10,59.675,58.6949,60.5487
Indonesia,IDN,2015,8,70.5797,70.2003,70.9572,0.7569,27,53.4956,51.4899,54.1191,20,68.3892,67.8225,68.9489,12,63.1835,62.32,63.9891,29,73.5248,71.2431,73.6483,25,49.4233,48.1493,50.3605,18,48.3291,47.5188,49.1551,51,54.2318,53.1677,55.2882,10,59.0146,58.0157,59.8436
Indonesia,IDN,2016,8,69.6878,69.2567,70.1164,0.8597,27,54.9753,52.7278,55.6506,20,68.6395,68.0892,69.1632,12,60.7892,59.8925,61.4867,29,71.6672,70.7336,73.0532,24,48.8804,47.3612,50.6734,18,49.3493,48.6287,50.097,49,50.9789,49.7996,52.0835,10,58.0862,57.0428,58.9922
Indonesia,IDN,2017,8,70.3243,69.6423,71.0001,1.3578,27,55.9595,53.5339,56.6805,16,64.929,62.3907,69.0108,12,62.4833,61.6712,63.2535,29,72.305,71.6763,73.9499,25,51.094,49.951,52.6107,17,54.2944,53.4399,55.1667,49,53.4605,52.2779,54.5968,10,54.6533,53.5498,55.7582
Indonesia,IDN,2018,8,71.2179,70.4518,71.9764,1.5246,27,56.1334,54.382,57.1874,16,65.2101,63.274,70.0897,12,60.4764,57.241,63.5547,28,76.9254,75.6755,77.6473,25,49.4757,48.4128,50.9907,17,56.4242,55.5535,57.2271,49,58.253,57.0699,59.3612,10,52.5726,51.4073,53.4923
Indonesia,IDN,2019,8,71.5436,70.8277,72.2528,1.4251,27,56.6421,54.8809,57.9458,16,67.5329,64.6947,71.0409,12,61.2928,58.0442,64.1083,28,78.1104,76.9953,79.3024,25,49.3451,48.221,50.7656,17,55.3763,54.6741,56.405,49,56.9722,55.746,58.1363,10,52.198,51.1146,53.1912
Indonesia,IDN,2020,8,71.9401,71.2451,72.6287,1.3836,27,56.3826,55.1571,57.9077,13,69.9472,64.8642,70.7971,12,61.8983,56.9929,62.83,28,78.1181,77.1621,79.4169,25,48.8719,47.8257,50.1753,17,58.8933,58.0761,59.844,43,55.155,53.6807,56.5486,10,50.7767,49.6111,51.9863
Indonesia,IDN,2021,8,71.3458,70.2212,72.4539,2.2327,27,55.9973,54.3207,57.1856,14,64.6695,64.3171,71.9246,12,59.1109,59.0094,65.0143,28,80.2353,79.0474,81.6431,17,49.8045,48.73,50.8395,17,59.7556,58.9818,60.7511,43,59.0953,57.4954,60.6884,8,47.6192,40.517,51.4464
Indonesia,IDN,2022,8,75.1909,74.6074,75.7701,1.1627,29,53.5437,51.0163,55.2208,15,74.1862,70.7887,75.0694,12,67.4673,65.3616,68.072,26,84.1473,82.5151,85.7795,17,49.3068,48.0718,50.2988,17,62.2478,61.4492,63.2845,42,66.2024,64.2802,67.9776,10,46.8139,45.4702,47.8871
Indonesia,IDN,2023,8,75.1068,74.2616,75.943,1.6814,29,52.0102,49.9782,53.9305,15,74.4763,72.4957,76.6653,12,66.491,64.228,66.9359,26,83.2039,81.4836,85.1501,17,49.158,48.1621,50.2506,18,62.6286,58.7412,67.0795,41,70.0487,67.804,72.1775,9,45.1678,42.9244,47.2173
Indonesia,IDN,2024,8,76.283,75.6546,76.9065,1.2519,29,51.1528,49.0343,52.852,17,77.0506,76.4332,77.7203,12,70.4187,68.293,71.1306,26,84.2983,83.1978,86.5291,17,49.3685,48.309,50.359,21,62.2858,60.5605,63.5059,41,72.4336,70.2524,74.5816,9,45.0506,42.3161,47.7199
Indonesia,IDN,2025,8,75.2001,74.607,75.7887,1.1817,29,51.7741,49.7111,53.5183,17,77.7214,77.1158,78.3589,12,67.5931,65.3896,68.1531,26,83.5344,80.806,84.0716,17,47.9245,46.7796,48.8423,21,62.1291,60.4363,63.2776,41,65.4025,63.382,67.2253,9,46.9951,44.8552,49.7536
Iran,IRN,2009,8,52.9793,49.5193,56.2595,6.7402,27,26.0068,25.3324,28.1805,14,63.3317,59.3205,66.7872,5,50.5472,35.2157,55.0168,20,50.9455,46.6693,55.7983,9,58.0249,46.4974,65.0119,6,53.3959,44.6445,58.2108,47,28.4988,26.9156,30.165,8,21.2033,11.4229,28.9283
Iran,IRN,2010,8,49.5334,46.0466,52.8311,6.7845,27,25.2711,24.1266,27.1511,14,64.3812,58.5722,66.781,5,35.918,34.5624,53.8424,20,50.439,46.0517,54.5205,8,52.8845,46.1927,62.7839,6,57.3325,44.0569,58.6312,47,30.0926,28.5335,31.5708,8,15.8124,14.9216,29.8721
Iran,IRN,2011,8,49.0286,47.1509,50.8499,3.699,28,24.2608,23.5419,25.9549,20,64.9651,64.4041,65.5115,12,33.8046,32.6391,34.7843,28,53.5094,52.7532,54.6678,12,51.1537,43.4546,55.4465,7,51.4747,45.0939,55.8239,46,29.4828,27.7376,30.8098,10,19.6629,14.6603,23.2892
Iran,IRN,2012,8,48.8533,47.0987,50.5583,3.4596,28,26.1182,24.7247,27.3093,20,64.8334,64.2324,65.3711,12,27.995,26.7671,29.3186,28,54.344,53.5896,55.3579,14,50.2503,42.4062,53.1895,7,48.8452,45.6522,56.7638,46,30.8926,29.3208,32.3652,10,23.7876,19.9279,26.4611
Iran,IRN,2013,8,50.1416,48.2667,51.9607,3.694,28,26.5316,25.2783,27.8558,19,66.2783,63.7511,67.1153,12,31.5609,30.4147,32.807,28,53.9389,53.3481,54.9648,14,47.957,41.1365,49.6162,7,50.3698,45.4573,57.6592,46,32.1151,30.473,33.513,8,25.5803,17.0995,27.9876
Iran,IRN,2014,8,47.6263,45.6471,49.5418,3.8947,28,26.752,25.2368,27.7731,19,64.5862,62.2369,65.6375,12,30.8557,29.7529,31.9969,28,53.1882,52.299,54.0578,14,44.8819,39.5037,49.4019,7,51.387,42.9776,54.6396,46,29.8398,28.2327,31.2903,8,20.3285,18.8429,29.3889
Iran,IRN,2015,8,49.36,47.3202,51.3334,4.0132,28,27.5829,25.8683,28.4402,19,61.5926,60.6485,64.0918,12,30.2436,29.0322,31.5352,28,53.1805,52.0486,53.9695,14,47.0326,42.8322,51.233,7,54.9202,49.0107,60.8296,46,31.7229,30.1555,33.1858,8,25.0377,16.351,29.3551
Iran,IRN,2016,8,48.0877,46.144,49.9702,3.8262,28,28.0264,27.267,29.7132,19,63.786,60.7734,64.223,12,29.9451,28.8441,31.2278,28,52.9556,52.2689,53.9233,11,47.1848,41.8277,50.414,7,47.1358,42.7317,54.3127,46,30.7563,29.0372,32.3958,8,24.4098,17.6498,29.2428
Iran,IRN,2017,8,49.6595,48.0459,51.2315,3.1856,28,29.682,28.3625,30.8358,15,65.7381,57.2414,65.9251,12,30.6228,29.4272,31.9061,28,52.751,52.0403,53.7736,12,44.9949,43.1001,50.5511,6,49.531,47.9308,52.3422,46,37.733,37.5307,37.9353,9,22.2908,17.6259,26.9557
Iran,IRN,2018,8,50.5815,48.6986,52.4084,3.7098,28,29.9207,28.6652,31.0554,15,58.2795,54.8702,64.2246,11,34.6177,30.9321,38.0025,28,55.4987,53.9953,56.1925,9,45.6252,43.1258,51.4874,4,48.4906,46.502,51.4739,46,37.9346,37.7414,38.1278,9,28.9258,19.1297,29.9552
Iran,IRN,2019,7,50.5571,48.6449,52.4117,3.7668,28,28.8182,28.0726,30.5921,15,56.2802,52.1492,61.8426,11,34.5197,29.4277,37.0726,28,54.4212,53.1584,55.238,9,50.0351,43.2065,52.2693,,,,,46,38.6085,38.4456,38.7714,9,27.9688,18.5694,29.3011
Iran,IRN,2020,7,42.1166,39.9991,44.1569,4.1578,28,27.4731,26.7716,29.1896,13,42.99,42.4615,53.5688,11,26.4871,25.652,35.0799,28,50.9896,49.6032,51.9344,9,47.4105,43.2216,52.8117,,,,,34,38.595,36.6136,40.7709,10,16.4363,13.5725,18.1304
Iran,IRN,2021,6,38.8961,36.9821,40.7442,3.7621,28,27.2048,25.8329,28.3504,14,47.1584,43.4551,52.6468,11,26.7699,22.2061,31.0559,31,48.9915,47.6067,49.846,,,,,,,,,34,38.549,36.2414,40.7396,8,0.0,0.0,14.7602
Iran,IRN,2022,6,40.372,37.0256,43.5256,6.5,29,23.5869,21.4945,25.2216,14,49.2445,40.5424,52.0491,11,22.7286,20.4895,26.0914,27,46.5004,45.1071,47.6496,,,,,,,,,34,35.4658,32.9369,37.9386,7,15.4146,0.0,22.8676
Iran,IRN,2023,6,40.9921,37.8623,43.9537,6.0914,29,23.1069,20.4062,24.7776,12,54.0505,38.5525,54.7419,10,22.0755,19.4915,24.0804,23,46.3305,44.8,49.7856,,,,,,,,,28,45.3037,44.8162,45.7912,7,5.0508,1.1103,23.2284
Iran,IRN,2024,6,38.929,35.9982,41.7082,5.71,29,21.6864,19.9151,23.7408,14,54.2397,45.1673,57.4247,10,22.2003,20.1044,26.3407,23,44.6022,43.6475,48.8587,,,,,,,,,28,38.5848,34.8537,42.4944,7,4.7686,3.348,22.9808
Iran,IRN,2025,6,39.3306,35.9895,42.477,6.4875,29,22.1335,20.6889,24.554,14,47.5344,43.2773,56.2221,10,20.4995,18.4055,23.1183,23,46.5764,43.3129,48.4297,,,,,,,,,28,37.742,34.4418,41.2644,7,13.6983,2.2705,23.6285
Iraq,IRQ,2009,7,49.1972,45.8366,52.3812,6.5446,25,24.9833,23.19,27.171,10,47.8199,42.2192,53.4205,4,41.308,38.9163,54.4497,13,51.8636,46.9038,54.4306,12,46.4096,33.118,53.0051,6,42.0063,36.543,46.8115,,,,,7,41.4343,34.146,47.8413
Iraq,IRQ,2010,7,51.6408,48.452,54.6742,6.2222,25,25.6298,23.3614,27.2292,10,54.9323,47.0243,59.5081,4,42.9677,37.9329,54.3117,13,51.4357,46.924,55.6788,13,49.7491,41.9405,57.5577,6,43.9431,36.9222,46.7101,,,,,7,39.443,31.6442,47.0503
Iraq,IRQ,2011,7,48.5706,45.3159,51.6584,6.3425,25,25.256,24.0133,28.0637,11,56.7376,48.6962,58.2319,4,43.3005,38.0,54.5065,13,53.6973,47.3359,56.3666,12,35.3227,28.4162,44.6634,6,45.489,36.6234,47.2142,,,,,7,32.5361,30.1896,44.0161
Iraq,IRQ,2012,7,48.6989,45.5575,51.6846,6.1271,25,26.5433,24.5614,28.4079,11,55.5176,48.2195,59.2953,4,42.5466,39.0542,54.6796,13,52.9305,48.5442,56.2413,12,33.7347,26.6968,41.7472,6,41.6519,36.4597,46.4328,,,,,7,40.2535,27.2719,42.4125
Iraq,IRQ,2013,7,48.4284,44.9491,51.7172,6.7681,25,26.3801,24.7043,28.3374,11,54.7739,49.1997,58.7898,4,42.6462,38.953,54.4784,13,55.9586,48.3652,56.2859,12,29.6766,25.171,39.3881,6,40.0571,37.5552,46.443,,,,,7,42.1521,21.3967,43.9687
Iraq,IRQ,2014,7,49.8234,46.3962,53.0684,6.6722,25,26.6016,24.1928,28.1294,11,56.4182,48.4765,59.4867,4,47.6247,39.377,54.0296,13,56.3056,52.4154,60.1958,12,30.8686,23.6063,36.4637,6,44.7043,37.0106,47.7753,,,,,7,36.9995,19.7913,41.6623
Iraq,IRQ,2015,7,48.0019,44.9623,50.8946,5.9323,25,25.2212,24.1432,28.3835,11,52.4094,47.4275,57.8305,4,43.432,38.7286,53.7789,13,49.6848,48.2999,55.8125,15,29.0897,22.9547,33.0391,6,45.9007,38.1317,47.3473,,,,,8,44.6299,29.0895,45.2729
Iraq,IRQ,2016,7,48.3927,45.7516,50.9225,5.1709,25,26.7544,24.8008,28.8129,11,54.6621,46.8481,57.98,4,42.3324,38.2246,53.5778,13,55.2958,47.2031,55.3436,8,28.4382,25.4207,31.4395,11,48.0329,45.3048,50.9424,,,,,8,36.6137,29.3939,43.654
Iraq,IRQ,2017,6,49.4578,47.1822,51.6514,4.4692,25,26.5268,25.3097,29.1244,,,,,4,42.2515,37.9564,53.9869,13,52.4822,47.3451,55.3867,7,30.3647,26.4699,32.4888,13,50.895,47.9007,56.3711,,,,,7,39.2831,30.5068,42.4395
Iraq,IRQ,2018,5,50.2033,48.5191,51.8426,3.3235,25,27.1918,25.157,28.9639,,,,,,,,,9,54.5605,51.5461,59.5298,6,28.3486,26.4982,32.6673,13,53.1487,48.759,58.0777,,,,,7,39.0697,31.8862,41.5674
Iraq,IRQ,2019,5,50.4012,48.7241,52.0338,3.3097,25,29.8939,27.9242,31.8636,,,,,,,,,9,56.1307,51.3685,58.5525,7,29.27,25.7581,32.1291,13,51.5463,45.9862,55.3509,,,,,7,35.7837,30.2458,40.4528
Iraq,IRQ,2020,6,50.7099,48.9642,52.4074,3.4432,25,27.4079,26.303,30.2305,,,,,,,,,9,54.9427,51.5133,59.2276,8,31.7945,27.336,34.4292,13,54.3359,49.4897,58.7204,31,36.8286,36.4662,37.1911,7,33.9991,28.636,39.5158
Iraq,IRQ,2021,6,50.4282,48.1968,52.5814,4.3846,25,28.859,25.313,29.7726,,,,,,,,,9,54.1627,51.2596,59.292,7,28.3821,22.776,33.1895,13,58.4849,49.4431,60.5363,30,35.3818,34.9542,35.8094,6,31.9629,27.0292,41.4011
Iraq,IRQ,2022,6,51.9743,49.8793,54.0013,4.122,26,26.6746,25.3428,30.5762,,,,,,,,,9,57.4711,51.5356,58.9802,7,29.4229,25.5288,35.457,13,57.7228,51.0937,60.9408,30,35.6414,35.2256,36.0573,6,36.2158,26.904,40.9259
Iraq,IRQ,2023,6,51.7036,49.2166,54.095,4.8784,26,25.0186,23.3488,29.4047,,,,,,,,,8,55.0461,50.9003,59.1118,7,29.3829,25.333,36.1808,13,55.1106,48.4816,65.3325,29,40.0556,39.8384,40.2729,6,35.8342,27.4792,40.8167
Iraq,IRQ,2024,7,51.5367,48.7948,54.1627,5.3679,26,28.0662,24.3194,30.4199,6,63.6995,55.5863,63.9717,,,,,8,49.4571,45.1311,53.7831,7,32.7063,26.8404,36.0745,13,57.6834,46.3342,64.8031,29,40.2373,40.0282,40.4464,6,31.5218,26.9172,40.6759
Iraq,IRQ,2025,7,52.0435,49.8683,54.1456,4.2773,26,27.8484,26.1217,32.7877,12,63.6995,55.5863,63.9717,,,,,15,47.9737,46.8523,51.5366,8,32.7398,28.3993,37.1661,16,56.0452,49.8269,59.3257,29,41.5216,41.3703,41.6729,7,36.2551,26.6536,40.9921
Ireland,IRL,2009,8,94.7205,93.606,95.8216,2.2156,27,92.0458,91.0417,93.7444,17,83.8677,81.2004,85.3491,12,69.338,68.4553,70.2266,31,95.0254,94.0062,95.7933,17,91.6989,83.8508,94.5407,15,87.7869,77.3759,90.9948,49,76.3772,74.9975,77.8945,8,80.8604,80.0388,89.9817
Ireland,IRL,2010,8,91.925,90.8048,93.0314,2.2266,27,91.6913,90.6559,93.2015,19,82.5889,81.8484,83.3521,12,70.4434,69.5634,71.2496,31,94.2544,93.2292,94.9599,17,78.4752,69.8237,81.084,15,76.23,71.8843,84.6419,49,72.5068,71.2017,73.9233,8,84.633,81.2162,91.7236
Ireland,IRL,2011,8,89.268,88.2177,90.3057,2.088,27,91.5192,90.141,92.8918,19,81.9463,81.3925,82.9369,12,68.9078,67.9605,69.6747,31,93.8772,92.8281,94.6101,17,69.5301,64.4045,74.9844,15,69.9694,63.8636,77.8457,49,68.5188,67.3305,69.9068,8,82.2222,79.0092,85.08
Ireland,IRL,2012,8,89.4882,88.4755,90.4893,2.0138,27,91.3215,90.0151,92.681,19,82.1265,81.4798,82.9297,12,73.2233,72.3281,73.9686,31,94.2009,93.0768,94.8914,18,67.4951,60.7184,69.6252,15,68.9954,63.8077,78.1203,49,71.4802,70.0871,72.87,8,80.3683,76.7578,81.9072
Ireland,IRL,2013,8,89.143,88.1054,90.1685,2.0631,27,91.0798,89.9834,92.9166,19,82.4387,81.6896,83.2893,12,79.5725,78.6023,80.3584,31,94.1995,93.165,95.006,19,65.1752,56.9701,68.2717,15,59.7145,57.5868,69.5162,49,72.0363,70.7874,73.4214,7,82.2835,77.8548,84.3409
Ireland,IRL,2014,8,89.6116,88.6939,90.5197,1.8258,27,91.4422,90.2323,93.0146,19,83.3629,82.7306,84.2414,12,80.133,79.1459,80.7795,31,94.3616,93.2207,95.0684,19,61.7911,56.6683,64.3441,15,63.4774,58.6835,71.0975,49,73.2283,71.8704,74.648,8,83.2718,79.4471,85.9614
Ireland,IRL,2015,8,89.3103,88.665,89.9508,1.2858,27,91.8868,90.9189,93.406,19,84.0624,83.4133,84.9401,12,80.8239,79.8466,81.6079,31,94.2244,93.2071,94.9629,19,59.6751,55.9572,63.0564,17,58.4606,56.6597,60.0492,49,73.9612,72.4813,75.5762,8,85.2778,82.2506,88.9161
Ireland,IRL,2016,8,90.2047,89.4416,90.9612,1.5196,27,91.6992,90.3424,93.0112,19,84.357,83.9579,85.3731,12,83.5398,82.4588,84.2919,31,93.6417,92.6266,94.4093,20,63.6988,58.1073,67.9668,17,57.3612,56.561,60.081,49,75.6668,74.2276,77.0309,8,86.6192,82.8951,89.6024
Ireland,IRL,2017,8,89.595,88.7001,90.4808,1.7807,27,89.4365,88.9893,92.0487,15,80.9979,80.7384,86.3783,12,83.148,82.1401,83.9256,31,93.7263,92.6869,94.46,21,58.712,57.7634,67.9944,16,57.8439,55.986,59.1086,49,77.67,76.3035,79.2126,8,89.6939,83.3378,91.745
Ireland,IRL,2018,8,89.0813,88.1781,89.9753,1.7972,27,90.3743,88.7661,91.9433,15,81.2215,79.0841,84.2289,12,81.213,76.0724,81.737,31,92.9686,91.718,93.7112,21,65.6447,59.1289,69.496,16,57.4217,56.4275,59.1871,49,74.3048,72.9973,75.7057,8,83.146,78.3679,85.5058
Ireland,IRL,2019,8,86.832,85.9694,87.686,1.7166,27,90.9822,89.261,92.0799,15,80.8022,79.2415,83.8677,12,78.5706,73.2008,78.9643,31,92.9169,91.7698,93.6267,21,57.2154,55.7793,65.2474,16,57.0609,55.8316,58.3368,49,72.2477,70.934,73.6898,8,76.959,74.878,81.9054
Ireland,IRL,2020,8,86.4772,85.6502,87.2962,1.646,27,87.0318,85.3985,88.6651,12,82.4758,79.6672,84.197,12,80.3403,74.3781,80.4549,31,92.1015,90.9549,92.9372,21,57.2173,55.129,63.4906,16,59.2984,58.0964,60.4144,43,71.1466,69.3353,72.8369,8,73.1925,69.8965,76.4884
Ireland,IRL,2021,8,86.3995,85.6167,87.1752,1.5585,27,89.1358,87.3723,90.5893,13,80.3435,79.7505,84.1493,12,77.3795,72.7091,78.6837,31,91.8353,90.7215,92.7077,12,58.781,56.1197,59.9518,16,59.0946,57.9434,60.1276,43,69.6674,68.1677,71.2823,7,76.14,71.4519,80.4675
Ireland,IRL,2022,8,86.9358,86.2591,87.6073,1.3482,29,92.7464,90.7729,94.6193,14,82.0669,81.4237,84.8834,12,76.1664,73.6229,76.8394,30,91.7904,90.5402,92.7917,12,56.0374,53.0362,58.4502,16,60.5603,59.4196,61.7297,43,72.5241,70.8018,74.1887,8,76.0971,72.4868,79.596
Ireland,IRL,2023,8,85.9413,85.0504,86.823,1.7726,29,93.1325,90.9501,95.1894,14,81.8254,81.6667,85.1021,12,74.1965,71.7515,75.041,30,91.5667,90.2718,92.2997,12,52.7319,50.6259,56.3197,17,56.1677,50.4463,59.7915,42,73.0188,71.2705,74.8786,7,76.6546,71.7473,80.0498
Ireland,IRL,2024,8,85.6403,84.8445,86.4287,1.5842,29,93.4191,91.5209,95.8568,16,82.1646,81.4831,82.9591,12,75.3352,72.5353,75.9757,30,91.1212,89.8397,92.0771,12,54.1993,49.6654,55.6808,20,53.3061,50.2459,54.4228,42,71.7737,69.9893,73.5199,7,75.3579,73.5558,82.7667
Ireland,IRL,2025,8,85.0005,84.23,85.7641,1.5341,29,93.705,91.6057,95.7696,16,82.1985,81.5488,83.0985,12,73.7025,70.2986,73.7504,30,90.2096,88.8305,90.9881,12,53.0359,48.1073,54.6522,20,54.1045,50.9023,55.0383,42,68.8081,67.3144,70.5986,7,75.2564,73.6886,82.1504
Israel,ISR,2009,8,83.3899,82.2895,84.4759,2.1864,27,70.9559,70.2089,72.7774,17,74.2965,71.0712,77.7667,12,48.5808,47.7469,49.6086,30,86.6925,85.0499,87.7465,19,77.3645,75.5184,82.7865,13,73.1883,68.4755,82.0454,48,70.2001,68.7915,71.6039,9,68.6795,65.0061,69.3193
Israel,ISR,2010,8,83.8055,82.8998,84.7016,1.8018,27,71.3068,70.6702,73.2459,19,74.022,73.3366,77.0974,12,51.3953,50.547,52.4131,30,87.8028,86.028,88.9672,19,75.2139,70.5594,77.286,13,74.2715,68.8711,80.4896,48,70.2504,68.8488,71.5924,9,69.6496,65.9622,70.3225
Israel,ISR,2011,8,83.2654,82.2925,84.227,1.9345,27,71.6644,70.9582,73.4399,19,73.3329,73.0827,77.0394,12,51.5504,50.6444,52.5954,30,88.6165,87.0379,89.9754,19,68.292,66.8672,74.4001,13,73.2485,70.2327,82.7907,48,73.3033,71.9571,74.7178,9,70.0111,66.8653,70.7094
Israel,ISR,2012,8,83.8272,82.8926,84.7516,1.859,27,72.7489,71.4237,73.7892,19,75.7092,73.6759,77.4727,12,53.5516,52.7442,54.45,30,88.7716,87.3666,90.2505,19,66.461,63.9368,69.9697,13,73.4674,70.276,82.7017,48,75.0546,73.5512,76.5399,9,69.3678,66.7476,70.0142
Israel,ISR,2013,8,83.7915,82.9134,84.6605,1.7471,27,73.1355,71.8083,74.3675,19,76.8601,74.9686,78.7517,12,54.8592,54.0845,55.8514,30,88.3061,86.7136,89.1224,20,66.0538,63.2669,68.9812,15,78.6032,69.6424,79.8437,47,71.4327,70.0479,72.9352,8,65.7555,61.7456,68.8882
Israel,ISR,2014,8,82.2555,81.315,83.1854,1.8704,27,72.7981,71.5199,74.321,19,76.054,74.1372,78.2434,12,53.6016,52.7662,54.5206,30,86.76,86.418,89.3335,21,62.5586,59.7156,64.7016,15,71.763,70.4483,81.7272,47,67.9055,66.619,69.2528,8,70.2882,64.4681,70.6426
Israel,ISR,2015,8,82.2736,81.3953,83.1427,1.7474,27,74.2132,72.3304,75.1604,19,76.3145,74.5165,78.4524,12,51.0562,50.1341,52.077,30,88.0676,86.4152,89.4844,21,61.9561,56.4996,63.1583,15,78.5534,70.5172,80.9738,47,65.7641,64.2212,67.2618,9,66.105,63.9736,67.388
Israel,ISR,2016,8,83.0472,82.1826,83.9029,1.7203,27,74.036,73.0301,75.8679,19,77.2379,75.6463,79.3628,12,52.5974,51.7073,53.5599,30,88.4387,86.7827,89.6128,22,64.6134,61.3165,68.149,16,77.5682,71.634,82.3237,47,66.9159,65.1221,68.4501,9,66.9105,65.3006,68.1888
Israel,ISR,2017,8,86.032,85.2294,86.8271,1.5977,27,75.3789,74.3631,77.0209,16,80.7807,76.3209,81.3335,12,59.7502,58.8868,60.5571,30,89.4755,88.0894,90.696,23,66.1811,64.1579,71.073,14,73.8882,67.0416,76.0911,47,79.0874,77.6537,80.8706,9,70.2946,68.3807,71.3801
Israel,ISR,2018,7,86.6242,85.8294,87.4117,1.5823,27,74.9999,74.0484,77.0185,16,80.6751,76.1244,81.1495,,,,,30,92.4258,91.6373,93.9224,23,66.4306,64.2222,71.5447,14,72.6475,68.1419,76.7772,47,80.5533,78.8605,82.2613,9,66.5866,65.5618,68.6999
Israel,ISR,2019,8,87.0462,86.1772,87.9064,1.7292,27,75.7929,74.0073,76.7481,16,80.6079,76.4592,81.756,12,72.6925,66.1169,72.9843,30,91.761,90.8447,93.154,23,65.4939,62.7302,69.6246,14,73.4267,68.013,76.7026,47,80.1954,78.5358,81.7895,9,65.3713,62.827,66.2399
Israel,ISR,2020,8,86.7422,85.889,87.5871,1.6981,27,75.2293,74.3476,77.0212,13,82.5966,77.1537,82.8523,12,72.9941,68.163,74.9724,31,91.8619,90.701,92.6719,23,62.1958,61.4554,67.1254,14,75.6159,70.9842,79.9559,41,77.6158,75.6867,79.6929,9,64.2391,61.886,65.1535
Israel,ISR,2021,8,86.9891,86.1188,87.8505,1.7317,27,75.0407,74.2749,77.0943,14,80.9197,77.5862,82.406,12,70.4337,69.039,75.3603,31,91.5395,90.468,92.2716,15,68.088,65.2579,69.7786,14,75.1148,71.6068,80.1229,39,78.7591,76.5099,80.8673,8,64.3286,58.7907,65.4479
Israel,ISR,2022,8,86.9431,86.1242,87.7542,1.63,29,78.8432,77.069,80.8029,15,80.7602,77.6014,81.095,12,67.2233,64.6714,68.1633,27,92.1731,89.456,94.046,15,65.9125,62.9364,67.921,14,79.1587,73.6541,82.9271,39,76.0982,73.9583,77.9904,9,64.2695,61.0104,64.9909
Israel,ISR,2023,8,86.6006,85.5689,87.6201,2.0512,29,78.1431,76.3472,80.2816,15,80.2287,77.1996,81.055,12,66.0781,63.6871,66.6368,27,90.3712,88.671,92.537,15,65.6757,62.4038,66.9769,15,81.6309,71.7128,85.9507,38,74.7031,72.5742,76.5393,8,64.5444,59.9146,65.4559
Israel,ISR,2024,8,85.4627,84.4625,86.4513,1.9888,29,75.4481,73.636,77.5729,16,78.1882,77.3311,80.8667,12,66.8747,64.2575,67.4344,27,90.4964,88.1639,92.4947,15,64.2044,61.7003,66.5611,15,75.6881,72.3203,85.2035,38,74.6394,72.6928,76.527,8,65.5037,60.3238,66.4238
Israel,ISR,2025,8,88.6943,87.8858,89.4953,1.6095,29,74.8044,73.2813,77.0101,16,81.2083,80.6463,83.8822,12,79.334,76.5607,79.8437,27,88.8012,87.7466,91.3039,15,61.6575,59.026,64.1128,18,81.2198,76.219,86.039,38,87.4121,84.8614,90.0101,8,67.1252,63.1234,67.6488
Italy,ITA,2009,8,72.7846,71.8307,73.7268,1.8961,28,70.7146,69.7747,71.8724,17,62.4769,58.6005,64.604,12,32.8298,31.533,34.0043,30,71.4107,70.5993,72.3871,19,59.8757,57.9261,65.0617,17,66.2074,65.622,68.6151,50,45.3602,45.2193,45.5011,8,77.5046,73.0483,80.8184
Italy,ITA,2010,8,71.6053,70.8329,72.3699,1.537,28,70.6252,69.6641,71.7477,19,58.7797,55.8444,59.0585,12,31.1039,29.9745,32.3038,30,71.9494,71.011,72.7546,19,57.5509,52.8454,59.519,18,67.5013,66.3617,69.0671,50,44.869,44.7502,44.9879,8,75.8563,72.7706,79.4672
Italy,ITA,2011,8,71.3586,70.5085,72.1992,1.6907,28,70.9146,69.843,71.9615,19,58.8012,57.2728,59.7964,12,30.0365,28.6947,31.3198,30,72.8055,72.0414,73.9143,19,54.8869,49.7239,57.092,18,66.0892,64.9896,67.6355,50,47.9741,46.9406,48.9486,8,75.1462,71.0991,78.4152
Italy,ITA,2012,8,72.3584,71.6435,73.0666,1.4231,28,70.6279,69.785,71.8455,19,59.2987,56.5095,59.6201,12,31.599,30.4197,32.8845,30,73.2582,72.6261,74.4196,20,55.0713,52.9865,57.5485,18,65.2539,64.0943,66.6978,50,52.5628,51.5296,53.6576,8,76.485,72.9555,80.0145
Italy,ITA,2013,8,72.4751,71.9117,73.0344,1.1227,28,71.54,70.5408,72.6498,19,59.5984,57.5841,59.9538,12,31.906,30.732,33.1463,30,72.9064,72.2803,74.167,21,58.8439,55.4947,58.9353,18,63.7212,62.56,65.2915,50,51.2128,50.1239,52.207,8,75.2491,71.0945,75.8388
Italy,ITA,2014,8,72.374,71.8191,72.9249,1.1058,28,71.6382,70.6304,72.9155,19,59.8523,57.9805,60.9753,12,34.2087,33.103,35.1942,30,73.5939,72.4677,74.7637,21,56.1889,54.2698,57.5211,18,63.6146,62.5321,65.1202,50,52.2651,51.3,53.3098,8,73.3317,71.559,76.0045
Italy,ITA,2015,8,73.8143,73.2703,74.3545,1.0842,28,72.1508,71.3315,73.5433,19,60.3784,58.5712,61.3735,12,37.4347,36.3419,38.6035,30,73.8269,73.1668,75.2896,21,60.2031,57.9237,61.5151,18,62.5511,61.5776,64.0972,50,54.7822,53.8864,55.777,8,74.317,71.9534,76.2008
Italy,ITA,2016,8,73.217,72.4395,73.9866,1.5471,28,72.5972,71.4855,73.7313,19,61.1486,59.4144,62.1873,12,36.8237,35.7493,37.9308,30,74.4465,73.7786,75.9181,19,53.9672,48.7804,57.1889,18,63.8572,62.7298,65.4257,50,55.7906,54.8202,56.6956,8,72.9211,71.6905,76.0698
Italy,ITA,2017,8,74.0555,73.1062,74.9933,1.8871,28,73.2629,72.2227,74.5007,15,63.3335,58.7648,64.807,12,38.786,37.6946,39.8303,30,76.7005,74.4458,76.7293,20,52.011,48.9272,57.3134,16,63.2709,61.5398,64.7109,50,59.568,58.5564,60.6961,8,71.1179,67.2402,73.3964
Italy,ITA,2018,8,72.9473,71.9568,73.9252,1.9684,28,73.5794,72.4792,74.7733,15,60.4703,57.819,63.9596,12,39.3892,36.6358,42.5057,30,72.986,72.1054,74.2452,20,51.4655,48.9139,57.0632,16,65.9245,64.5608,67.4121,50,58.8051,57.7968,59.8646,8,68.3133,65.3727,72.1126
Italy,ITA,2019,8,73.7222,72.7592,74.6733,1.9141,28,73.4189,72.2597,74.6063,15,62.3518,57.5412,64.608,12,39.5239,35.6681,41.1455,31,74.0826,73.155,74.7129,20,50.6592,46.4984,53.0956,16,67.0489,65.8261,68.5521,50,58.1297,57.0287,59.2483,8,70.9731,64.6021,71.1328
Italy,ITA,2020,8,72.8091,71.7981,73.8069,2.0088,28,73.3312,72.1554,74.5453,12,63.0537,58.6368,65.216,12,41.2242,37.5903,43.5392,31,74.3255,73.4012,74.9274,20,48.7821,46.6914,53.745,16,72.4864,71.2714,73.7957,45,52.9402,51.5203,54.3686,8,63.4899,63.0436,70.109
Italy,ITA,2021,8,74.6539,73.6579,75.6373,1.9794,28,73.8454,72.6676,74.9008,13,63.4193,60.4581,66.5215,12,42.0913,39.2001,45.2024,31,76.8951,75.8961,77.5355,12,49.0144,46.5726,51.8189,16,75.0484,73.8723,76.2153,45,57.0378,55.6616,58.4411,7,66.2166,57.6333,67.4244
Italy,ITA,2022,8,77.5589,76.8003,78.3104,1.5101,30,76.0258,74.2951,77.6371,14,67.401,65.8147,70.6732,12,49.3023,46.8307,49.6518,30,77.8468,77.6692,79.782,12,49.177,47.8699,52.4936,16,77.7885,76.6323,79.0451,45,63.3059,61.8958,64.813,8,66.2577,60.8938,67.806
Italy,ITA,2023,8,79.136,78.1346,80.1252,1.9906,30,75.7024,73.9105,77.95,14,72.3543,69.1018,74.2542,12,52.4156,49.9164,52.8623,30,80.8252,79.2106,81.5641,13,49.0385,47.4829,52.6881,17,77.7997,75.6867,84.7327,44,67.3072,65.6693,68.7505,7,63.741,58.8208,67.6744
Italy,ITA,2024,8,79.0761,78.3331,79.8123,1.4792,30,75.5446,73.7255,77.4429,16,71.1884,70.5708,72.539,12,54.2861,52.0382,54.7849,30,80.4325,79.4194,81.7827,13,51.6996,48.6286,53.1261,20,79.4314,77.2818,80.8957,44,65.9931,64.615,67.3975,7,60.4625,59.5314,67.6542
Italy,ITA,2025,8,78.4301,77.604,79.2477,1.6437,30,74.9954,73.1659,76.8881,16,71.337,69.914,72.1526,12,53.1544,50.1501,53.4104,30,78.5353,77.0803,79.3074,13,49.7385,46.8307,51.942,20,79.4815,77.2046,80.9201,44,59.0824,57.6392,60.513,7,66.8429,59.0805,67.8591
Jamaica,JAM,2009,8,64.6811,63.2619,66.0726,2.8107,26,61.276,59.611,62.5157,17,65.1829,64.0338,69.5635,12,43.9592,43.1328,44.974,29,62.4676,62.1316,64.4496,19,51.8946,43.1158,53.3069,11,51.0088,46.4083,53.9159,49,34.5135,33.5486,35.4677,8,58.7016,51.6192,62.178
Jamaica,JAM,2010,8,64.9282,63.9172,65.925,2.0078,26,61.3717,59.4477,62.5273,20,66.7073,66.1056,67.246,12,45.2196,44.3361,46.2548,29,64.9605,62.1463,65.0929,21,47.0382,45.4215,53.067,12,50.4029,46.6349,54.09,49,33.5193,32.5719,34.3995,9,61.1653,56.2529,62.5187
Jamaica,JAM,2011,8,63.9334,62.7836,65.0647,2.2811,26,61.9068,59.9588,63.0652,19,64.2798,64.093,68.156,12,43.0961,42.2233,44.201,29,62.9023,62.5367,64.9039,21,48.2102,44.875,53.3663,12,49.0467,45.9948,53.9905,49,32.9502,32.0959,33.9016,9,61.7594,55.9672,62.2534
Jamaica,JAM,2012,8,64.0164,63.1298,64.892,1.7622,26,61.0314,59.762,62.3009,19,67.2841,64.9631,68.1859,12,44.9482,44.0425,45.94,29,63.917,63.1841,65.8238,23,43.4685,42.1324,45.1523,12,52.2841,46.8739,54.2897,49,34.2129,33.3722,35.1414,9,57.5669,54.2006,60.2174
Jamaica,JAM,2013,8,64.3673,63.1848,65.5304,2.3456,26,62.9304,61.6653,64.488,19,67.3845,64.9556,68.0515,12,49.539,48.6685,50.5183,29,63.5733,63.2328,65.5994,23,42.8654,41.0761,48.4455,12,51.2843,45.5923,53.4391,49,33.9054,33.2031,34.6985,8,56.5686,50.99,59.8458
Jamaica,JAM,2014,8,65.4081,64.3937,66.4082,2.0145,26,64.2346,62.9357,65.7368,19,67.3884,65.2817,68.4894,12,52.9198,52.0892,53.7124,29,65.2195,63.7861,66.3796,23,39.1191,37.3919,44.6561,12,49.758,45.4491,52.8683,49,37.4671,36.6188,38.3645,9,59.6639,55.1422,60.9601
Jamaica,JAM,2015,8,66.2055,65.2324,67.1655,1.9331,26,65.4727,64.0642,66.7776,19,67.1756,66.1737,69.1509,12,53.6568,52.8283,54.5484,29,64.5542,64.2621,66.8067,24,39.7229,37.664,44.6723,12,50.2561,44.6272,52.365,49,39.704,39.5903,39.8176,9,61.163,58.1728,64.101
Jamaica,JAM,2016,8,66.5828,65.4657,67.6829,2.2172,26,66.5927,65.0657,67.7247,20,67.7318,67.0988,68.2831,12,53.1041,52.2746,53.8485,29,66.1025,64.7788,67.5428,18,39.8773,32.4215,43.5315,12,51.1738,46.6401,53.703,49,38.2654,38.0871,38.4438,9,61.3025,59.1926,64.4099
Jamaica,JAM,2017,8,67.4154,66.1436,68.6653,2.5217,26,67.7666,66.391,68.9412,16,67.8203,64.436,70.7068,12,55.5991,54.7535,56.4376,29,66.7637,65.7599,68.8705,19,38.1596,34.9523,42.896,11,53.4808,43.4209,54.1683,48,42.5861,42.57,42.6022,9,58.7193,56.2426,61.8157
Jamaica,JAM,2018,8,66.7031,65.1182,68.2539,3.1357,26,68.4246,66.3979,69.2746,16,66.7012,63.3272,70.1548,11,53.8193,49.1194,63.6574,29,67.1327,66.3197,68.741,20,39.9025,38.2754,44.217,12,53.9506,42.6134,54.3055,48,42.9265,42.8951,42.9579,9,53.4278,53.0236,58.8272
Jamaica,JAM,2019,8,67.0435,65.5393,68.5173,2.978,26,68.3226,67.1116,69.7149,16,67.0843,64.5756,70.8897,11,50.7643,49.2883,63.2384,29,69.534,68.0603,70.4838,20,43.5846,38.3319,44.6411,12,52.1556,45.3638,56.2497,48,44.8796,44.7603,44.9989,9,51.5693,50.6972,56.4571
Jamaica,JAM,2020,8,68.3726,66.9316,69.7859,2.8543,26,70.1518,68.2654,70.8497,12,68.3915,64.1195,71.1749,11,50.1509,47.447,60.836,29,68.8049,66.9159,69.2028,23,42.9823,40.2228,44.5809,12,56.3115,46.9222,57.1201,42,45.825,45.7827,45.8674,9,54.8056,48.0899,55.1103
Jamaica,JAM,2021,8,67.2365,65.4544,68.9759,3.5215,26,70.2955,69.0907,71.6832,13,68.913,65.429,71.6519,10,50.4571,46.9904,60.4088,29,67.9335,66.9619,69.2603,15,41.1918,39.181,44.8705,12,52.269,46.4844,56.959,42,46.614,46.5361,46.6918,6,52.1211,41.2134,56.1547
Jamaica,JAM,2022,8,66.0627,64.5846,67.5111,2.9265,26,69.8676,67.9347,72.2973,13,70.3437,66.0282,71.6533,10,54.0997,46.6701,57.8194,28,66.7813,65.4627,68.2853,15,41.2265,38.8794,44.8629,12,50.1772,48.4831,58.9715,41,45.6661,45.6309,45.7013,7,44.0397,42.958,52.5292
Jamaica,JAM,2023,8,65.0173,63.5882,66.4182,2.83,27,71.076,68.5586,72.4049,14,65.8697,64.5845,69.7574,11,50.437,46.8657,56.3328,28,63.5653,62.2982,65.4641,15,40.4391,36.8155,40.7554,12,53.9985,51.5859,62.8992,40,39.338,39.0884,39.5875,7,50.8459,48.2484,57.2131
Jamaica,JAM,2024,8,66.2616,64.889,67.6086,2.7196,27,69.2947,67.2868,71.3769,16,66.8172,64.4342,67.8292,11,50.4321,48.4085,57.8698,28,63.3517,62.1055,65.4061,15,40.0414,38.8533,42.4248,15,52.237,50.3856,56.2091,40,41.3458,41.1866,41.505,7,59.5762,46.9642,60.1282
Jamaica,JAM,2025,8,65.4218,64.2491,66.5755,2.3264,27,69.7866,68.2405,72.0342,16,67.3774,65.4295,68.7311,11,48.5703,45.0339,53.7534,28,61.2295,60.981,64.1225,15,40.1158,38.6796,42.3233,15,53.9118,51.1178,56.6727,40,38.2768,37.9795,38.5741,7,58.1222,50.8039,60.7062
Japan,JPN,2009,8,92.2685,91.5948,92.9372,1.3424,27,89.9616,88.3126,91.1717,18,83.9566,82.1615,86.1975,12,59.4323,58.4452,60.1939,30,88.6394,87.7916,89.5397,19,82.5406,81.2556,88.4773,12,90.3412,87.2922,94.8108,47,83.7192,82.2151,85.2867,9,75.4933,73.8051,76.4178
Japan,JPN,2010,8,92.189,91.5606,92.8131,1.2525,27,90.1765,88.5323,91.2502,20,83.7066,83.1182,84.258,12,58.4548,57.5294,59.2451,31,89.3297,88.5022,90.3068,19,79.516,74.9959,82.2362,12,92.7527,86.7711,93.982,47,84.4016,82.661,85.8669,9,75.2096,73.6246,76.112
Japan,JPN,2011,8,91.7425,91.0995,92.3809,1.2814,27,89.7232,88.5318,91.2,20,83.2719,82.6717,83.8515,12,56.7614,55.7459,57.5309,31,89.6487,88.7262,90.5815,19,79.0662,74.8405,82.0975,12,90.6943,87.7947,94.9223,47,84.9148,83.3443,86.6084,9,75.045,73.7901,75.9616
Japan,JPN,2012,8,91.5143,90.927,92.0977,1.1707,27,90.0758,88.4094,91.2303,20,83.1868,82.6232,83.7209,12,57.4884,56.4861,58.2843,31,90.2226,89.297,91.207,19,76.7069,71.2936,77.6792,12,90.6054,88.3601,95.1701,47,84.8858,83.2518,86.367,9,74.1191,72.4947,74.9633
Japan,JPN,2013,8,91.0993,90.4612,91.7328,1.2716,27,89.7204,88.1789,90.9317,20,82.3686,81.8059,82.9069,12,58.3239,57.406,59.1146,31,89.8542,89.0006,90.7632,19,76.3598,72.195,78.839,12,91.3645,87.7401,95.5153,47,83.6301,82.0972,85.0483,9,72.0364,70.749,73.0713
Japan,JPN,2014,8,91.8267,91.259,92.3908,1.1318,27,89.6356,88.68,91.3595,20,83.658,83.073,84.217,12,60.2573,59.2415,61.0618,31,89.9581,89.0746,90.8566,19,78.0037,73.7369,79.7188,12,90.1695,87.3498,94.0565,47,85.7877,84.2079,87.3123,9,72.9003,71.7935,74.1208
Japan,JPN,2015,8,93.1974,92.6755,93.7163,1.0408,27,90.1813,89.1559,92.1172,20,85.0166,84.4225,85.6193,12,62.5186,61.6161,63.2901,31,90.5063,89.6173,91.4131,20,81.6563,78.9693,84.1649,12,89.9164,85.3774,91.5542,47,90.9872,89.2902,92.6056,9,72.7221,71.3475,73.8992
Japan,JPN,2016,8,93.7524,93.1662,94.3348,1.1686,27,90.4952,89.029,91.7452,20,85.4008,84.8467,85.9873,12,61.5087,60.5395,62.3064,31,90.0816,89.1738,90.9242,21,88.3875,83.2439,91.4476,13,89.9616,87.3914,92.5454,47,89.7565,88.1901,91.3371,9,72.6778,71.4965,73.8023
Japan,JPN,2017,8,93.312,92.4467,94.1691,1.7224,27,89.9175,88.8804,91.4426,16,83.535,83.5202,87.7703,12,60.4804,59.455,61.2622,31,89.7477,88.8811,90.696,22,89.3859,84.0254,92.4169,12,88.4001,80.9629,92.6286,47,90.8649,89.2105,92.4566,9,71.8392,71.5521,73.9575
Japan,JPN,2018,8,93.9795,92.8316,95.1131,2.2815,27,89.8816,88.7045,91.4535,16,87.1207,82.707,87.4066,11,67.8165,59.209,77.2947,31,88.8659,87.7841,89.5847,22,89.8119,83.6222,91.4703,12,86.3705,80.4862,91.3044,47,90.4934,88.8423,91.9795,9,70.4336,70.2199,72.4757
Japan,JPN,2019,8,92.8177,91.7395,93.883,2.1435,27,89.9577,88.7689,91.6194,16,87.2437,84.2506,88.1375,11,69.2809,60.4922,75.9342,31,88.9681,87.8117,89.677,22,79.1722,78.335,85.747,12,80.6664,75.4826,85.8503,47,93.5512,91.7448,95.266,9,71.6762,70.3161,72.6617
Japan,JPN,2020,8,92.2485,91.2373,93.2484,2.0111,27,90.0841,88.6215,91.2549,13,86.2787,83.1118,87.4214,11,64.4071,58.0521,73.0187,31,87.3723,86.3989,88.1173,22,79.5787,78.4586,85.094,12,84.6703,83.9695,93.8092,41,92.1022,89.9857,94.1796,9,70.5349,69.2845,71.4927
Japan,JPN,2021,8,90.5342,89.458,91.5974,2.1394,27,90.2847,88.7943,91.4641,14,84.557,83.7469,87.2139,11,57.6897,53.0985,70.0295,31,85.665,84.62,86.3481,13,72.4358,70.8291,74.4332,12,92.4333,83.507,93.1071,41,87.5967,85.2197,89.6681,8,68.624,64.8679,69.3783
Japan,JPN,2022,8,89.0082,88.0966,89.9104,1.8138,29,89.9363,87.7501,92.1482,15,85.8915,83.2673,85.9054,11,55.2173,50.2281,62.1919,30,82.3813,81.3154,83.046,13,71.2976,69.7979,73.7993,12,88.1425,83.248,93.0287,41,83.0578,80.8645,85.0464,9,68.8762,67.1612,69.7239
Japan,JPN,2023,8,89.582,88.6413,90.5127,1.8714,29,90.2383,87.8772,92.0049,15,84.9344,82.6542,85.5304,11,59.8193,53.2361,66.4025,30,80.2927,79.2435,80.9703,13,71.1475,69.8318,74.5667,12,94.0743,92.285,100.0,40,80.6824,78.6349,82.4344,8,69.7315,66.1831,70.2637
Japan,JPN,2024,8,87.9626,87.1445,88.773,1.6285,29,89.9409,87.4803,92.1506,17,82.6486,82.0602,83.2132,11,45.1101,44.264,56.909,30,79.3448,78.2298,79.9946,13,74.1383,71.2926,75.9246,15,94.7024,91.4323,95.9952,40,79.1038,76.8789,81.0942,8,69.872,66.8573,70.4988
Japan,JPN,2025,8,87.4693,86.5725,88.3569,1.7844,29,90.9006,88.3724,92.9669,17,82.5676,81.9258,83.1379,11,40.8282,40.6054,53.1765,30,78.1406,77.0675,78.9342,13,72.6937,70.8281,76.0521,15,95.2901,89.8354,95.9952,40,79.6021,77.0846,81.7958,8,70.4727,67.1433,71.2255
Jordan,JOR,2009,8,71.7269,70.8501,72.5938,1.7437,28,50.3777,49.4604,51.4663,18,65.8123,64.2747,70.338,12,56.2676,55.4248,57.1151,30,65.6044,64.9988,66.5602,21,60.3748,57.8677,63.0284,10,63.1315,57.33,65.5827,47,50.2476,49.0492,51.3933,10,65.0594,63.9264,66.0238
Jordan,JOR,2010,8,70.151,69.3604,70.9334,1.573,28,50.4017,49.4739,51.5523,20,64.1366,63.4754,64.6782,12,54.5208,53.7818,55.3743,29,65.3588,63.9102,65.9073,21,52.8154,51.4988,56.3837,11,64.5318,56.0266,65.4885,47,48.8049,47.6999,49.8081,10,65.3787,64.2255,66.3283
Jordan,JOR,2011,8,67.8674,67.2219,68.5073,1.2854,28,50.6045,49.6034,51.6991,20,63.2088,62.5559,63.7529,12,48.007,47.09,48.9828,29,64.5904,63.5063,65.3981,21,51.9265,48.4161,52.8115,13,59.6854,57.0568,63.2537,47,47.2902,46.1251,48.3969,10,64.0064,62.8757,64.9097
Jordan,JOR,2012,8,67.1051,66.4667,67.738,1.2713,28,52.0536,51.2624,53.1433,20,62.7884,62.202,63.4017,12,48.5158,47.5745,49.4885,29,64.5492,64.1448,66.3128,21,46.3905,45.1693,49.917,13,61.3815,57.8717,64.0249,47,46.7446,46.5414,46.9479,10,62.514,61.2649,63.3834
Jordan,JOR,2013,8,68.566,67.9661,69.1612,1.1951,28,52.764,51.9353,54.0333,20,63.7846,63.1911,64.3589,12,54.3796,53.5676,55.2993,29,65.3845,64.6866,67.0241,22,45.9806,44.4054,47.8772,13,61.9123,57.3301,63.2289,47,49.3695,48.0932,50.6722,10,62.2787,61.3903,63.2434
Jordan,JOR,2014,8,68.6672,68.064,69.2654,1.2014,28,53.1076,52.0853,54.0922,20,64.6401,64.0424,65.1931,12,54.2805,53.5035,55.1869,29,65.8705,64.8,67.0454,22,45.2377,42.1798,45.9542,13,59.6175,56.0053,62.2702,47,49.5614,48.4225,50.6777,10,64.0529,63.1538,65.0255
Jordan,JOR,2015,8,71.409,70.8091,72.0042,1.1951,28,53.7958,52.8907,54.9263,20,66.8626,66.2746,67.5106,12,58.1064,57.2585,58.9563,29,68.6076,67.006,69.4822,22,48.3628,45.8402,50.561,13,57.2236,55.4606,61.1091,47,57.2429,56.0245,58.4164,10,65.8855,65.0003,66.816
Jordan,JOR,2016,8,70.2898,69.4461,71.1242,1.6781,28,54.1683,53.3478,55.5306,20,66.826,66.2737,67.3669,12,55.0685,54.2339,55.8773,29,67.4311,66.6704,69.2755,17,46.8889,45.3234,55.5575,18,59.4174,58.5824,60.5165,47,52.9478,51.7007,54.19,10,65.0457,64.154,65.9884
Jordan,JOR,2017,8,70.7457,69.8252,71.6551,1.8299,28,56.0682,54.9705,57.1369,16,66.6927,61.5039,68.3641,12,56.5802,55.808,57.5106,30,67.2642,66.5957,68.1657,19,48.1868,46.8257,55.8335,17,59.8641,58.8,60.9114,47,54.7627,53.4312,56.2031,10,62.5013,61.5384,63.6272
Jordan,JOR,2018,8,69.9856,68.6553,71.2925,2.6372,28,56.5143,55.5926,57.556,16,65.4933,61.3634,67.5977,11,58.4379,51.0158,67.6314,29,66.9854,66.0937,68.3564,19,46.8806,43.0966,50.6646,17,60.5386,59.4946,61.8505,47,52.8066,51.629,54.0715,10,59.437,58.5021,60.4945
Jordan,JOR,2019,8,70.5937,69.3743,71.7936,2.4193,28,57.1988,56.2034,58.1314,16,63.5645,62.349,68.4406,11,58.7391,52.1024,66.5518,30,69.4821,67.7692,70.0326,20,51.7329,47.9051,54.8122,17,60.8707,59.83,62.241,47,52.7905,51.4783,53.9632,10,57.1462,56.1827,58.2214
Jordan,JOR,2020,8,72.1194,70.9168,73.3032,2.3864,28,57.2618,56.3676,58.446,13,68.537,62.8026,69.3454,11,63.1636,55.411,70.7092,30,70.7445,70.0014,72.0614,20,51.573,48.9762,55.5861,17,64.2269,63.1973,65.382,40,52.1996,51.8703,52.5288,10,54.646,53.5451,55.711
Jordan,JOR,2021,8,73.703,72.5198,74.8683,2.3485,28,56.6195,55.5703,57.5742,14,66.2781,64.6643,69.9986,11,66.8514,58.1505,74.8072,30,73.4872,71.9776,73.9896,15,52.8065,50.3772,54.5197,17,64.9535,64.024,65.9114,40,57.5433,56.0269,59.0959,9,56.1076,51.3079,56.6415
Jordan,JOR,2022,8,73.8433,72.8668,74.8075,1.9407,30,58.1406,56.351,59.779,15,66.9332,66.6809,71.2398,11,60.1379,58.2948,70.9666,26,76.3755,74.4634,77.9334,16,51.9248,49.39,52.7776,17,67.4118,66.4129,68.3843,40,60.6577,58.8043,62.462,10,53.7842,52.5344,54.8275
Jordan,JOR,2023,8,75.2456,74.0793,76.3947,2.3154,28,57.7052,55.2956,59.5444,15,70.4981,66.5319,71.2369,11,66.2161,60.184,72.4662,26,76.1532,75.6147,79.0635,15,53.2039,49.2911,53.868,18,65.8725,64.0716,72.5597,39,60.9789,59.2961,62.7506,9,55.2184,51.5044,56.1625
Jordan,JOR,2024,8,78.3142,77.3554,79.2617,1.9063,28,56.7051,55.0282,58.9653,17,73.2031,72.5166,73.7969,11,75.9748,69.6139,82.2821,26,79.9578,79.3921,82.6481,15,51.6276,50.7203,55.8648,21,66.8409,65.061,68.2144,39,69.7397,67.9932,71.8775,9,56.3478,54.3175,59.6532
Jordan,JOR,2025,8,78.4232,77.4807,79.3548,1.8741,28,59.3508,56.8766,60.8931,17,73.9621,73.2297,74.5541,11,76.159,67.0741,79.867,26,79.4917,77.3814,80.3347,15,50.8992,49.6143,53.8604,21,66.1756,64.2116,67.6022,39,65.4123,63.489,67.2517,9,60.0033,57.132,61.7517
Kazakhstan,KAZ,2009,8,59.8003,58.7159,60.8677,2.1518,27,35.0265,32.685,36.504,17,67.6861,62.2588,68.2617,12,53.6068,52.7279,54.4611,30,69.9448,69.2424,70.7845,18,48.851,44.3428,51.3764,12,26.4281,22.5761,30.5665,46,37.4859,37.2725,37.6994,10,51.9585,50.5814,53.2291
Kazakhstan,KAZ,2010,8,57.7904,56.8339,58.7334,1.8995,27,36.0848,32.9733,36.7118,19,66.0441,64.4933,67.8329,12,53.8123,52.9669,54.6311,30,69.1363,68.4146,69.9062,19,39.0645,35.835,41.6904,13,26.7743,25.8047,33.8202,46,36.2023,35.9312,36.4735,10,52.706,51.3492,54.0057
Kazakhstan,KAZ,2011,8,56.0761,55.0416,57.0944,2.0528,27,34.0147,33.3742,37.2,19,64.6129,63.2173,66.0085,12,51.3739,50.4911,52.1095,30,68.1871,67.4232,68.7954,19,37.3977,36.0363,41.822,13,28.3596,23.8658,31.9277,46,33.9588,32.5406,35.6109,10,51.3531,50.0361,52.3068
Kazakhstan,KAZ,2012,8,56.7348,55.7897,57.6665,1.8768,27,36.6304,33.4611,37.186,19,66.5481,64.4881,67.1342,12,52.6104,51.7856,53.482,30,67.4179,66.7804,68.2333,19,38.549,35.8574,41.5738,15,28.39,23.0763,30.1672,46,34.0229,32.5822,35.466,10,49.545,48.0945,50.5048
Kazakhstan,KAZ,2013,8,61.1322,60.3177,61.9372,1.6195,27,36.2951,35.1137,38.9612,19,66.9182,65.9123,68.5213,12,67.091,66.1561,67.9212,30,68.8046,68.0513,69.6359,20,37.5584,35.4348,40.3552,15,29.8643,25.5662,32.8594,46,43.3707,43.3193,43.4221,10,52.5276,51.5174,53.5963
Kazakhstan,KAZ,2014,8,62.411,61.589,63.2234,1.6344,27,35.8079,34.9413,38.6187,19,66.2236,65.5267,68.1399,12,66.4833,65.5776,67.3923,30,68.3829,67.0567,68.5114,20,41.5188,38.8336,44.2041,15,36.4301,29.5475,36.7065,46,42.0181,42.0087,42.0276,10,53.4881,52.4913,54.4057
Kazakhstan,KAZ,2015,8,62.78,61.949,63.6012,1.6522,27,39.4757,36.4693,40.1563,19,66.643,64.9972,67.7721,12,65.0906,64.2135,65.9341,30,67.2461,66.5354,68.128,20,41.8059,38.7204,43.918,15,34.5854,31.6256,39.3746,46,44.4753,44.3742,44.5764,10,54.2984,53.3066,55.1924
Kazakhstan,KAZ,2016,8,62.8694,61.6602,64.058,2.3978,27,40.3575,37.5674,41.335,19,66.5206,65.5583,68.1749,12,64.6541,63.8332,65.445,30,66.9146,66.3558,67.9499,17,41.294,36.6105,48.0551,15,33.656,29.6496,37.6624,46,47.3024,47.0741,47.5308,10,53.9377,52.9166,54.8149
Kazakhstan,KAZ,2017,8,62.6334,61.4789,63.769,2.2901,27,41.6232,38.7246,42.4003,15,67.0218,61.8002,70.0942,12,65.3401,64.4577,66.1573,30,66.3413,65.7645,67.5991,21,38.7224,37.7542,44.1142,13,33.8043,32.062,39.4216,46,45.8976,45.7325,46.0627,10,54.7576,53.6189,56.1275
Kazakhstan,KAZ,2018,8,59.4647,57.9934,60.9046,2.9112,27,42.1706,40.1171,43.7068,15,64.5627,60.4771,68.912,11,54.187,51.4384,64.032,30,67.9957,67.0542,69.0284,22,37.4751,34.4644,39.186,13,34.3134,30.6497,37.9772,46,40.4257,40.3446,40.5069,10,51.4242,50.3337,52.582
Kazakhstan,KAZ,2019,8,61.2382,59.9753,62.4784,2.5031,27,40.7227,40.0404,43.5841,15,69.1737,60.9176,69.2726,11,53.6308,49.9908,59.6927,30,68.2415,67.0573,69.1938,22,37.166,35.2252,38.5357,13,40.0291,36.3885,43.4871,46,43.8872,43.8126,43.9618,10,50.0403,48.926,51.1621
Kazakhstan,KAZ,2020,8,61.5621,60.2621,62.8381,2.576,27,43.5154,40.6252,44.2956,12,63.4001,62.3427,70.6985,11,57.3305,50.3619,60.5576,30,67.8177,66.3623,68.2374,22,35.9732,34.0284,37.875,13,45.1465,40.6968,48.0408,43,44.484,44.4661,44.502,10,49.5987,48.4102,50.6736
Kazakhstan,KAZ,2021,8,59.9713,58.4085,61.4988,3.0903,27,42.3893,41.3422,44.7489,13,65.0381,58.6337,65.9479,11,52.0873,46.1617,55.6073,30,64.6482,63.7821,65.745,14,33.995,31.3553,34.8408,13,49.7133,44.3594,52.4857,43,40.3202,40.1149,40.5255,8,48.3352,38.8062,50.5776
Kazakhstan,KAZ,2022,8,55.3268,54.0702,56.5596,2.4894,27,42.7114,39.9796,44.9201,14,55.2308,54.1673,61.6089,11,45.1273,41.6514,46.9344,27,58.7337,57.2878,61.7469,15,33.1732,31.4848,34.0038,13,53.4995,47.6753,55.6034,43,31.1376,29.7821,32.6152,10,50.0698,49.2505,51.1382
Kazakhstan,KAZ,2023,8,55.5156,53.8677,57.1227,3.255,27,41.1073,40.6932,46.0699,14,61.0219,54.9929,61.5705,11,46.0679,42.0238,46.9373,27,56.2641,55.342,60.0657,15,32.298,30.6751,33.2709,14,48.3038,45.1708,59.2784,40,33.0942,31.5152,34.6993,9,51.6407,48.162,52.5152
Kazakhstan,KAZ,2024,8,56.6216,55.4002,57.8207,2.4205,28,42.0992,40.5762,44.7864,16,58.739,55.948,60.5941,11,46.7382,41.5128,47.8874,27,56.5551,55.0349,59.0017,15,33.2487,31.2691,34.0443,17,52.4879,48.8666,57.2924,40,34.3081,32.6952,35.7862,9,52.8265,49.5103,53.7644
Kazakhstan,KAZ,2025,8,56.4427,55.0968,57.7615,2.6647,28,42.7464,41.1594,45.2428,16,59.8795,55.109,60.6062,11,41.1179,39.8681,47.6338,27,55.4353,53.9432,58.8228,15,32.4342,30.3262,33.0093,17,54.1239,45.5099,55.0386,40,35.2204,33.6895,36.7733,9,54.5617,51.4398,55.1788
Kenya,KEN,2009,8,61.8238,60.1892,63.4206,3.2314,29,42.0694,41.1818,42.9781,18,60.037,55.8431,61.8194,12,69.7304,68.6654,70.615,27,60.7164,60.3536,63.456,15,43.2345,40.2814,56.9877,14,38.6826,36.6835,43.7494,44,41.3392,41.2991,41.3792,10,54.3914,52.9727,55.2383
Kenya,KEN,2010,8,60.6039,59.1895,61.9895,2.8,29,41.9055,40.9819,42.8524,20,57.0374,56.4234,57.6344,12,65.6493,64.7592,66.5142,27,61.25,60.4849,63.2711,17,38.6806,33.1647,48.7259,16,41.7535,39.0923,43.3887,44,41.7553,41.734,41.7766,10,54.7547,53.5133,55.6012
Kenya,KEN,2011,8,59.9145,58.8448,60.9677,2.1229,29,47.413,46.5537,48.3346,20,57.6453,56.9583,58.2326,12,57.5283,56.5499,58.3308,28,62.8859,61.5782,64.879,16,33.6451,32.9874,43.9243,16,40.7751,39.8145,44.0951,44,44.8757,44.7566,44.9948,10,54.4427,53.2198,55.3041
Kenya,KEN,2012,8,61.5987,60.8868,62.3032,1.4164,29,47.9985,47.1267,48.9346,20,58.7064,58.1229,59.2026,12,58.7444,57.8349,59.641,27,63.5013,61.5743,64.4131,17,36.4865,32.9797,39.4206,16,44.6997,41.6446,45.5643,43,46.2844,46.1019,46.467,10,53.4753,52.1655,54.3279
Kenya,KEN,2013,8,61.3614,60.5564,62.157,1.6006,29,49.3986,48.4984,50.3332,20,59.4535,58.8458,60.0625,12,60.2065,59.2237,61.1035,27,63.9864,61.928,65.1619,18,32.6185,30.1147,36.1777,16,45.8801,42.5621,45.9714,41,43.8664,43.7927,43.9401,9,53.4137,48.6657,53.6824
Kenya,KEN,2014,8,61.4209,60.7173,62.1174,1.4001,29,49.4325,48.548,50.4673,20,61.6195,60.973,62.1302,12,58.6922,57.8016,59.4984,27,62.9815,62.7383,65.8548,18,29.9516,26.5209,32.9595,16,46.4382,44.1221,47.5098,41,44.7012,44.5899,44.8125,10,55.1411,54.162,56.0265
Kenya,KEN,2015,8,62.8952,62.1837,63.5994,1.4157,29,50.1011,49.1719,51.1307,20,62.9489,62.3064,63.5296,12,58.196,57.3403,58.9795,27,64.1214,63.6132,66.7325,18,30.0029,27.0258,33.3876,16,47.7388,45.7482,49.3369,41,49.4186,47.9721,51.0561,10,55.96,54.9267,56.7948
Kenya,KEN,2016,8,61.9989,60.9126,63.0683,2.1557,29,50.8004,49.9184,51.7739,20,63.2985,62.7627,63.8696,12,51.7198,50.762,52.4866,27,63.3721,63.157,66.0726,16,28.7038,22.3392,34.5352,16,49.0421,47.9322,51.1839,41,48.8234,48.5266,49.1201,10,56.5114,55.5129,57.3581
Kenya,KEN,2017,8,62.097,60.7666,63.4023,2.6357,29,52.0476,51.1776,53.0307,16,66.7367,61.4327,68.2343,12,50.4583,49.561,51.3129,27,64.3649,63.8484,66.9772,17,29.701,23.4011,34.5619,16,42.592,37.9501,45.1534,41,50.5154,48.8772,52.2768,10,55.9197,54.7728,56.8725
Kenya,KEN,2018,8,62.2488,60.7805,63.6867,2.9062,29,53.5749,52.6318,54.5445,16,65.7982,61.175,68.0373,11,53.3765,48.5434,59.1656,28,63.7375,62.8542,65.0153,17,29.4893,24.5301,35.2462,16,43.9255,37.7449,45.4203,41,52.1282,50.5195,53.7708,10,52.4963,51.2906,53.3688
Kenya,KEN,2019,8,61.9031,60.5527,63.2277,2.675,29,53.7587,52.863,54.7265,16,68.2353,62.8087,68.9108,11,51.4849,49.0308,59.3042,28,64.2739,63.4307,65.6029,18,29.7829,22.9797,31.7257,16,43.7956,38.747,46.1753,41,50.7004,48.9913,52.4912,10,49.6882,48.4214,50.5878
Kenya,KEN,2020,8,61.3938,60.2089,62.5586,2.3497,29,54.4054,53.5335,55.3532,13,68.7936,61.065,69.1535,12,50.3965,46.1958,52.3368,28,63.9273,62.5651,64.8762,19,30.4178,25.8618,32.0878,16,44.52,42.6753,49.7481,42,49.34,49.1395,49.5405,10,46.6977,45.2633,47.6658
Kenya,KEN,2021,8,60.0992,58.9684,61.2115,2.2431,29,55.5606,54.6262,56.5895,14,63.158,60.046,66.2207,12,48.858,44.4003,50.4042,28,63.0264,61.1337,63.6395,14,29.8922,28.6766,31.3249,16,49.4794,43.1913,50.4632,42,45.8144,45.7725,45.8563,9,45.6736,40.8759,47.469
Kenya,KEN,2022,8,59.2006,58.2898,60.0992,1.8094,31,57.824,56.3765,59.3737,15,62.2334,60.9156,66.3305,12,47.4875,45.6806,48.2573,26,59.1829,58.1199,61.7185,15,29.9891,28.704,31.0983,16,49.5495,45.5329,52.633,42,45.4757,45.449,45.5023,10,45.1508,44.062,46.1669
Kenya,KEN,2023,8,57.8709,56.6748,59.0459,2.3711,31,58.05,56.5877,59.8235,15,61.561,58.7834,64.3387,12,45.4425,43.4177,46.2547,27,58.8068,56.8369,59.3958,15,29.168,27.7397,30.1771,16,46.2055,43.747,53.0682,41,46.1389,46.0824,46.1954,9,43.5068,37.7656,44.5426
Kenya,KEN,2024,8,58.7037,57.9008,59.497,1.5962,31,56.6745,55.1825,58.4866,17,63.1177,62.4773,63.636,12,46.5568,44.3645,47.434,27,59.2106,57.8586,60.738,15,30.346,29.079,31.3702,19,48.1223,45.3151,49.2737,41,46.9908,46.8959,47.0856,9,42.4666,38.6302,45.2803
Kenya,KEN,2025,8,57.796,57.0441,58.5394,1.4953,31,56.6024,55.0374,58.2074,17,63.0707,62.429,63.6005,12,43.683,41.7241,44.7746,27,58.6995,56.0,59.0375,15,28.96,27.715,30.0779,19,45.2089,42.7695,46.9328,41,43.0991,43.0188,43.1794,9,47.9154,42.765,48.1566
Kuwait,KWT,2009,8,68.0909,67.2505,68.9218,1.6713,27,59.2926,58.645,62.0286,18,57.5563,55.0223,60.8953,12,51.0939,50.1095,51.843,29,58.3211,57.2903,59.0735,15,67.8877,63.9515,71.513,17,52.8414,51.6598,54.0896,40,39.8592,39.7526,39.9659,10,66.4134,65.1362,67.4989
Kuwait,KWT,2010,8,67.3729,66.7626,67.9781,1.2155,27,61.092,59.4088,62.7859,20,57.5408,56.7938,58.0186,12,49.6628,48.7374,50.487,29,59.8285,59.2942,60.7917,15,58.8,56.63,63.1403,17,54.2974,52.9894,55.4612,40,40.2579,40.1692,40.3466,10,67.4893,66.2306,68.7327
Kuwait,KWT,2011,8,67.1733,66.5776,67.7641,1.1865,27,61.6386,59.2744,62.7825,20,57.7617,57.0306,58.2383,12,44.9533,44.0431,45.8348,29,60.5036,59.9107,61.4286,15,58.5316,55.3843,61.4355,17,54.3453,52.9457,55.4049,40,42.4691,42.4583,42.4799,10,67.0947,65.7432,68.1661
Kuwait,KWT,2012,8,66.1901,65.5655,66.8093,1.2438,27,60.3578,58.2471,61.6948,20,57.3635,56.6692,57.8285,12,44.617,43.7178,45.5403,29,60.6138,59.7274,61.24,15,53.9462,51.39,57.5617,17,56.4133,55.2383,57.3932,40,41.7355,41.7133,41.7577,10,65.5677,64.3431,66.6867
Kuwait,KWT,2013,8,64.5358,63.8408,65.224,1.3832,27,60.1381,58.2534,61.6052,20,56.7802,56.0986,57.2802,12,45.031,44.119,45.9122,29,59.3484,58.7421,60.2636,16,51.1296,46.2744,52.2528,17,56.8589,55.9359,58.1544,40,37.1862,36.9592,37.4131,9,63.2453,58.5535,63.5198
Kuwait,KWT,2014,8,65.0831,64.5162,65.6456,1.1294,27,60.013,58.2376,61.6673,20,57.7603,57.0339,58.1977,12,43.3377,42.3797,44.177,29,59.1137,58.295,59.8781,16,52.9774,50.2162,55.7385,17,59.1836,58.3521,60.3939,40,36.346,36.0813,36.6108,10,64.1411,63.1987,65.2002
Kuwait,KWT,2015,8,65.4612,64.8763,66.0414,1.1651,27,60.551,58.1504,61.6112,20,58.7689,58.1024,59.2571,12,41.8384,40.9259,42.7333,29,58.8964,58.2144,59.8902,18,55.0331,54.8013,60.7121,17,60.5132,59.7691,61.8269,40,35.3665,35.0577,35.6753,10,64.1248,63.2182,65.2132
Kuwait,KWT,2016,8,68.4786,67.6613,69.2868,1.6255,27,60.5027,58.609,61.6098,20,60.5277,59.8779,61.0361,12,40.5762,39.7252,41.4588,29,59.5284,58.9417,60.5094,18,64.9163,61.7901,71.6184,18,65.4147,64.4669,66.593,39,39.8416,39.7342,39.949,10,63.8391,62.9226,64.8815
Kuwait,KWT,2017,8,70.5488,69.4915,71.5915,2.1,27,59.9792,57.8587,61.1789,16,64.3247,55.5166,64.7336,12,38.4316,37.5119,39.4788,29,59.2679,58.6382,60.4925,19,70.4943,64.2771,73.3094,16,70.1558,69.0128,71.3818,39,42.9665,42.9333,42.9997,10,63.3124,62.134,64.603
Kuwait,KWT,2018,8,68.9084,67.7622,70.037,2.2748,27,60.2007,58.1395,61.3964,16,59.4744,55.3042,62.5497,11,40.0571,38.4012,49.3538,29,62.6739,61.3734,63.5918,19,64.4973,61.9618,69.935,16,69.6439,68.5965,70.8818,39,40.7347,40.6675,40.8019,10,60.8992,59.776,62.1384
Kuwait,KWT,2019,8,70.7018,69.4745,71.9093,2.4348,27,60.7976,58.9492,62.0991,16,62.6701,58.1139,64.8795,11,45.0644,40.8497,54.6793,29,66.0916,65.0753,67.2296,20,64.2937,61.3449,69.3517,16,68.2543,67.1542,69.456,39,45.8194,45.6578,45.9809,10,58.2101,57.1331,59.4689
Kuwait,KWT,2020,8,71.8709,70.6241,73.0975,2.4734,27,60.8783,58.7423,62.0109,13,65.3526,59.7947,66.6791,11,44.8778,42.5386,56.7507,29,67.2529,66.4481,68.4599,21,63.3766,61.1016,66.364,14,71.7504,64.5912,72.7427,39,49.9858,49.7562,50.2154,10,56.179,55.1368,57.4667
Kuwait,KWT,2021,8,72.9272,71.5495,74.2806,2.7311,27,59.7214,57.4023,60.78,14,64.83,62.2776,68.1875,11,45.5949,44.5041,59.518,29,68.0864,66.5155,68.8356,13,67.3148,64.6259,70.0919,14,73.5624,67.4277,75.0232,38,52.6415,52.2924,52.9906,8,55.4982,51.0724,59.7681
Kuwait,KWT,2022,8,72.1867,70.9108,73.4415,2.5307,27,59.4841,55.7694,61.0214,15,62.9158,61.4361,67.1532,11,50.828,44.2111,55.2153,27,66.3988,65.3215,70.1246,13,65.4327,62.6487,68.7951,14,70.6659,68.8793,78.2559,38,49.5031,49.2952,49.711,9,57.2861,51.9781,58.0357
Kuwait,KWT,2023,8,72.6009,71.4109,73.7726,2.3617,27,58.6206,54.7968,59.8667,15,64.6619,61.9855,66.9551,11,49.6893,42.0751,51.9219,27,67.5017,65.0069,69.8352,13,66.2968,61.9649,67.5507,17,73.9286,68.57,76.781,36,45.1889,45.1752,45.2026,8,58.6339,52.162,59.0716
Kuwait,KWT,2024,8,71.8225,70.6769,72.951,2.2741,28,59.8114,56.6724,62.312,17,64.1074,63.3887,64.6148,11,49.7731,44.1446,56.5754,27,67.606,63.7446,68.0495,13,65.7914,61.0636,67.0061,20,71.2069,68.2564,72.5022,36,42.527,42.421,42.6331,8,58.1596,51.9005,59.3184
Kuwait,KWT,2025,8,69.5226,68.304,70.7214,2.4174,28,60.2425,56.7374,62.2062,17,63.5979,62.8953,64.1278,11,48.242,41.4136,53.0486,27,63.6488,62.6655,67.3104,13,58.416,55.2413,61.5908,20,71.5299,69.0384,73.1405,36,36.2347,34.3336,38.2249,8,60.8427,53.3451,60.8766
Kyrgyzstan,KGZ,2009,8,48.119,45.7736,50.376,4.6024,28,32.1936,29.1602,32.7294,16,45.8736,43.5827,50.0872,12,53.9518,53.1352,54.8628,29,51.0345,50.2378,52.0323,11,35.1429,28.6057,43.2619,6,22.0883,17.7921,33.0248,46,23.6285,22.2013,25.2368,10,64.9302,63.6165,65.9154
Kyrgyzstan,KGZ,2010,8,46.1274,43.7263,48.434,4.7077,28,29.9982,29.2647,32.5677,18,43.0119,41.3214,46.2436,12,50.8344,49.9618,51.802,29,49.362,48.3763,50.3698,13,30.3773,24.9659,39.8807,6,26.4478,19.2586,34.5725,46,22.515,21.0441,24.1361,10,66.2129,64.8941,67.3879
Kyrgyzstan,KGZ,2011,8,47.2703,45.7751,48.7287,2.9536,28,34.1109,31.1766,34.5573,18,45.8579,42.844,47.8769,12,49.6558,48.8289,50.5374,29,50.3157,49.3637,51.3977,12,30.1714,24.5276,33.0205,11,26.3079,18.5192,27.5467,46,22.0491,20.5688,23.5211,10,66.3595,64.9603,67.4439
Kyrgyzstan,KGZ,2012,8,49.1188,47.7768,50.4317,2.6549,28,35.7839,33.1447,36.512,18,47.1994,45.4392,49.7001,12,60.4562,59.6224,61.3374,29,51.7261,50.8562,52.8647,12,24.9837,24.2057,32.9204,12,25.8866,23.5924,31.6767,46,23.7363,22.2544,25.2657,10,66.2137,64.8421,67.4168
Kyrgyzstan,KGZ,2013,8,49.3769,47.834,50.8816,3.0476,28,34.2993,33.716,37.0124,18,45.9743,42.9814,47.7052,12,61.9133,61.0303,62.7039,29,50.1697,49.1449,51.2126,13,26.3032,23.1458,32.0107,12,27.8666,25.443,34.4746,46,25.3056,23.8627,26.8626,9,65.7555,63.9998,69.9626
Kyrgyzstan,KGZ,2014,8,51.8088,50.4673,53.1221,2.6548,28,36.7218,35.1703,38.7176,18,47.5644,45.1436,49.8571,12,57.9264,57.0559,58.6814,29,52.2615,51.4142,53.3764,13,26.8048,24.1592,32.4223,12,34.4558,28.4276,37.2798,46,27.4303,25.851,28.9487,10,67.3837,66.3825,68.576
Kyrgyzstan,KGZ,2015,8,54.4325,53.1672,55.6733,2.5061,28,37.9892,37.3001,40.9207,18,51.5716,48.7152,52.9431,12,60.3395,59.5118,61.1893,29,55.4599,54.7966,56.4342,13,28.9626,25.7763,33.1072,12,34.7214,31.8107,41.7689,46,30.1631,28.6776,31.695,10,65.733,64.782,66.845
Kyrgyzstan,KGZ,2016,8,54.5564,53.3334,55.7566,2.4232,28,38.9315,38.2309,41.653,18,52.0844,49.6314,53.3866,12,58.674,57.7816,59.3521,29,55.5215,54.8374,56.5438,12,27.2731,25.2934,33.5997,12,41.07,34.9696,43.7741,46,28.0478,26.6964,29.6963,10,64.2024,63.3261,65.5243
Kyrgyzstan,KGZ,2017,8,55.8103,54.4521,57.1408,2.6887,28,40.6135,39.8748,43.4785,15,50.6746,46.8972,55.2761,12,57.018,56.1649,57.6852,29,55.9324,55.2626,56.9065,12,31.8447,26.5174,34.9411,11,38.9002,37.6881,45.476,44,31.3584,29.825,32.7956,10,66.905,65.889,68.2335
Kyrgyzstan,KGZ,2018,8,55.5892,53.9683,57.1705,3.2022,28,41.4259,40.739,44.1651,15,51.8699,45.5201,54.722,11,50.061,46.1963,57.2727,28,56.7429,55.7164,58.0923,12,33.8943,29.1859,36.9325,11,41.6674,40.9077,47.4902,44,31.9801,30.5354,33.5286,10,63.6343,62.6876,64.808
Kyrgyzstan,KGZ,2019,8,56.7037,55.1294,58.2411,3.1117,28,44.7217,42.1064,45.5771,15,54.971,48.2981,57.1149,11,50.0327,47.3617,58.5602,28,58.1214,56.6926,59.0061,14,32.442,29.6288,37.1146,11,43.3003,40.118,47.2451,44,32.8796,31.2708,34.3736,10,61.7829,60.7327,62.8943
Kyrgyzstan,KGZ,2020,8,56.9263,55.3762,58.4407,3.0645,28,43.9025,43.1902,46.7562,12,55.8282,47.3162,55.9107,11,48.6713,45.8051,56.7567,28,57.816,56.6383,58.8126,15,33.8952,29.9218,37.3668,11,47.7454,42.6556,49.6878,46,31.7293,30.4468,33.1264,10,59.5771,58.4705,60.6724
Kyrgyzstan,KGZ,2021,8,56.8036,54.9599,58.597,3.6371,28,45.7639,43.3228,46.8342,12,51.4379,46.2208,55.7595,11,54.1181,47.0894,61.7073,28,58.0306,56.8943,59.1046,10,30.9633,29.9951,39.0269,11,46.6557,43.9194,50.5495,46,34.7632,33.4736,36.2637,9,58.8102,55.4239,61.1788
Kyrgyzstan,KGZ,2022,8,56.8791,55.3605,58.3634,3.0029,28,42.9365,39.3772,44.7535,13,53.3009,44.7151,53.8145,11,50.2781,49.0214,56.6199,27,54.5902,53.332,55.9825,10,37.0738,29.9623,38.7441,11,49.2275,44.6235,51.0903,46,32.9038,31.4491,34.3686,10,59.2055,58.0989,60.2845
Kyrgyzstan,KGZ,2023,8,55.0865,53.0119,57.0964,4.0845,28,40.6658,38.1321,43.3212,13,50.8209,45.7225,54.2027,11,48.7418,46.2759,53.1966,28,53.3126,51.3287,54.0318,10,30.4585,28.6475,37.0079,11,51.0144,37.0553,54.3969,45,32.1682,30.6363,33.7561,9,61.9172,58.6768,63.0605
Kyrgyzstan,KGZ,2024,8,56.4904,54.9192,58.0247,3.1055,28,37.3768,35.5626,41.0441,15,52.7976,49.8498,55.4526,11,49.4813,48.2479,55.6596,28,53.9064,52.3347,54.8519,11,34.69,30.0615,37.6303,14,48.9553,40.9391,52.0811,45,35.3547,33.7941,36.6833,9,63.4394,60.4091,64.5168
Kyrgyzstan,KGZ,2025,8,56.957,55.1689,58.6979,3.529,28,38.3854,35.9942,40.9391,15,54.8562,49.6981,55.9344,11,47.7112,46.4866,56.9095,28,53.9899,52.1015,54.9074,11,35.4562,29.2241,38.4501,14,45.6023,38.6785,51.747,45,36.7967,35.4176,38.4038,9,65.5591,61.8817,66.6265
Laos,LAO,2009,8,52.0549,49.1779,54.8052,5.6273,25,25.1949,22.0943,26.1233,13,63.5678,57.6436,67.965,5,35.3797,25.7139,45.5344,19,55.8893,51.9752,60.9463,6,37.5885,31.1637,44.0132,4,41.4828,32.5789,44.5435,43,38.6393,38.4778,38.8009,8,47.0944,41.2601,50.4471
Laos,LAO,2010,8,53.8274,51.09,56.452,5.362,25,23.9567,22.1909,26.2345,12,61.2441,59.7142,69.8111,5,39.5701,27.3194,46.3453,19,58.3002,52.9406,60.6136,7,44.7969,39.1718,49.9094,5,39.4007,36.4331,45.114,43,38.1671,37.9843,38.3498,7,48.9466,41.3565,54.3525
Laos,LAO,2011,8,52.5498,49.741,55.2385,5.4975,25,25.0554,23.1018,26.9679,12,62.1146,58.4122,68.2624,5,39.5075,25.9569,47.3721,19,58.6996,53.0883,60.9227,8,43.0014,38.3673,46.805,5,39.4914,36.1395,45.1263,43,37.1809,36.9537,37.408,8,42.591,40.6313,52.8526
Laos,LAO,2012,8,51.8616,49.0517,54.5504,5.4987,25,25.002,23.0782,27.0012,12,64.5027,58.7241,67.3474,5,25.9724,15.8594,36.0855,19,58.4519,53.6331,60.8641,6,45.1108,39.0427,50.146,7,39.9643,36.949,45.6898,42,37.3716,37.153,37.5902,8,45.4312,39.1713,52.3298
Laos,LAO,2013,8,55.1785,52.512,57.7394,5.2274,25,25.5586,23.4031,27.5643,12,65.7991,58.7198,68.8564,5,40.1421,27.167,47.1896,19,58.5226,54.0241,61.1873,5,44.9711,39.0998,52.0101,7,39.0919,32.5162,43.7171,42,39.2436,39.1093,39.3779,8,48.5538,42.6974,53.7657
Laos,LAO,2014,8,55.1387,53.6186,56.6239,3.0053,26,26.4573,24.8037,28.0951,18,65.8606,62.4952,66.3172,12,40.9251,39.2492,43.8315,27,59.1137,57.0851,59.571,9,44.9417,36.3808,47.8475,9,38.5312,35.2816,43.8221,42,36.9445,36.7067,37.1823,9,48.9328,46.3342,51.905
Laos,LAO,2015,8,55.9556,54.8286,57.0634,2.2348,26,27.3133,25.3235,28.8171,19,66.2769,63.5461,66.8034,12,42.4063,41.3343,43.5366,27,58.3634,57.3868,59.9383,11,45.8042,42.7824,49.1961,9,37.61,34.2603,43.8437,42,39.0573,38.9145,39.2,10,50.0244,49.0041,51.419
Laos,LAO,2016,8,53.0748,51.4892,54.6216,3.1324,26,27.3133,25.2081,28.6444,19,65.7116,63.6505,67.0176,12,38.4934,37.4245,39.5786,27,56.7612,55.7604,58.3695,9,42.7848,32.7631,44.9943,9,36.4536,33.224,43.203,42,32.454,30.66,34.192,10,49.9787,49.0955,51.4718
Laos,LAO,2017,8,52.295,50.4864,54.0529,3.5665,26,28.0065,26.3824,29.7906,15,62.2348,59.242,66.9567,12,37.8333,36.7249,38.8129,27,57.035,55.3,57.8413,13,41.6197,36.774,49.8685,6,34.6703,32.443,42.3641,42,35.3274,35.0169,35.638,10,49.7451,48.5684,51.0787
Laos,LAO,2018,8,53.5041,51.5487,55.401,3.8523,24,26.7855,24.8092,29.7782,15,59.8859,58.0544,65.2956,12,33.6065,32.5096,38.0528,26,56.7429,54.6356,57.4053,13,52.6189,46.1279,59.11,6,40.8135,33.6012,43.712,42,36.7993,36.5549,37.0436,9,45.4099,44.2697,51.0437
Laos,LAO,2019,8,52.7189,50.6435,54.7281,4.0846,24,27.1204,23.9649,28.9654,15,64.9977,56.7994,65.6335,11,35.7503,31.7439,41.0059,27,55.5325,54.066,56.1954,13,42.7715,37.2198,48.8585,6,40.4885,33.2602,42.818,42,35.2502,34.9362,35.5642,9,46.408,44.07,50.5546
Laos,LAO,2020,8,52.4426,50.3994,54.4214,4.022,24,26.7397,23.3867,28.2234,12,59.5787,56.3398,64.5882,11,36.9549,31.7829,41.1312,28,56.8444,55.0803,57.2462,13,40.211,36.5029,48.9893,6,44.0002,38.8335,49.1669,42,40.3469,40.1427,40.551,9,43.5687,41.9093,47.6857
Laos,LAO,2021,8,50.5575,48.0988,52.9218,4.823,24,24.9848,23.7218,28.5146,13,59.9217,57.3027,64.7561,11,35.2142,31.6222,40.0983,28,58.01,56.18,58.2056,9,40.5069,34.6275,43.7958,6,32.848,32.4814,44.0384,42,42.3432,42.2289,42.4575,6,43.1872,30.8063,48.4695
Laos,LAO,2022,8,51.1132,49.2987,52.876,3.5773,24,27.3159,24.1504,29.8048,14,64.1539,58.242,64.9258,11,34.269,31.6951,37.4087,26,55.8625,55.5509,57.8396,9,38.1402,34.0511,43.6257,6,39.2438,32.7808,43.2395,42,39.8271,39.5996,40.0547,8,41.4485,35.3572,43.3214
Laos,LAO,2023,8,49.0225,46.803,51.1636,4.3606,24,28.6462,24.1805,30.2915,14,62.7203,58.4709,65.2524,12,29.2718,27.4463,30.0466,26,56.716,55.9659,58.5918,9,34.8506,30.452,39.2049,8,34.383,26.5205,41.0408,41,42.0195,41.8906,42.1484,8,40.7042,32.3619,43.1692
Laos,LAO,2024,8,51.7132,49.799,53.5703,3.7713,24,28.4193,25.9498,31.8061,16,63.4558,61.6339,65.1362,12,32.8307,30.8658,33.3163,26,58.9251,58.2814,60.7554,9,32.9565,31.8576,40.7082,11,39.6396,29.3405,41.232,41,46.8164,46.7294,46.9034,8,41.1678,33.9038,44.4496
Laos,LAO,2025,8,52.9575,51.0537,54.8055,3.7518,24,30.7555,26.753,33.6719,16,66.4173,63.2573,67.1334,12,31.5108,29.8193,32.3198,26,58.1742,57.5885,60.0366,9,34.1428,30.2325,39.4042,11,36.3348,28.2046,40.7025,41,49.6665,49.4513,49.8818,8,44.0391,36.7574,48.044
Latvia,LVA,2009,8,75.6554,74.1207,77.1605,3.0398,27,70.8896,69.0825,71.9922,17,67.5731,61.9668,67.649,12,61.2233,60.5169,62.1094,31,76.53,75.7448,77.339,16,60.739,45.3457,64.8168,13,54.2276,49.9534,58.3533,48,48.5107,47.5014,49.3775,9,70.2684,66.3058,72.569
Latvia,LVA,2010,8,73.9265,72.4746,75.3516,2.877,27,72.2771,71.317,73.6223,19,66.0441,65.197,66.7791,12,62.5558,61.7648,63.4293,31,77.1569,76.2684,77.9414,14,52.369,45.228,62.5497,13,49.5766,46.9722,55.5158,48,47.3085,46.262,48.2893,9,70.4621,68.2021,74.6717
Latvia,LVA,2011,8,74.6227,73.2736,75.9487,2.6751,27,73.5184,72.6119,74.8412,19,65.2215,64.4519,65.9549,12,59.4953,58.7294,60.2781,31,78.9454,78.011,79.7318,16,52.143,47.1365,63.258,13,54.2317,48.6713,57.1709,48,47.6758,46.6572,48.73,9,71.7984,69.8205,75.4443
Latvia,LVA,2012,8,76.2044,75.0142,77.3769,2.3627,27,74.2692,72.9221,75.2246,19,65.9168,65.1457,66.6836,12,61.463,60.6684,62.2586,31,79.5424,78.5644,80.276,16,59.6595,47.6994,63.4152,18,51.8625,50.7938,53.1163,48,50.4754,49.488,51.5719,9,71.8835,69.2345,75.0416
Latvia,LVA,2013,8,76.0165,74.9992,77.0207,2.0215,27,75.5122,74.1549,76.5621,19,66.6977,65.3981,67.0236,12,64.6491,63.8163,65.4802,31,80.1252,79.0972,80.8345,17,53.1299,43.8584,57.4536,18,52.6849,51.7044,53.9001,48,51.2759,50.2,52.2762,9,70.5206,69.287,73.3229
Latvia,LVA,2014,8,76.1387,75.2224,77.0445,1.8221,27,76.6802,75.8016,78.0246,19,66.6203,65.81,67.3164,12,68.3237,67.4876,69.0998,31,80.3248,79.3738,80.9614,17,47.8191,41.8493,54.1218,18,54.8,53.926,55.9726,48,50.3275,49.3008,51.279,9,71.5754,69.7638,73.8118
Latvia,LVA,2015,8,77.298,76.262,78.3206,2.0586,27,77.8158,77.0277,79.2472,19,67.0669,66.3575,67.85,12,71.5412,70.6692,72.3446,31,80.9653,79.9546,81.675,17,45.8042,42.2922,56.7516,18,55.4987,54.6356,56.6511,48,54.4451,53.5213,55.3957,9,73.1991,71.6603,75.5423
Latvia,LVA,2016,8,78.0869,77.2154,78.9489,1.7335,27,78.925,77.4001,80.0198,19,67.0031,66.7914,68.3804,12,69.7026,68.7912,70.5971,31,80.6167,79.5801,81.3931,17,50.9122,46.8163,58.5252,18,57.4839,56.6836,58.6148,48,51.6458,50.721,52.5977,9,75.8567,74.0002,77.7132
Latvia,LVA,2017,8,77.6614,76.7631,78.5497,1.7866,27,78.9208,77.9318,80.3169,15,67.4465,62.0433,68.0867,12,68.61,67.6976,69.4717,31,79.6673,78.5961,80.4213,20,52.8241,51.2249,61.4767,16,57.8528,57.0194,59.0849,48,51.2808,50.2954,52.3901,9,72.1302,69.42,73.3962
Latvia,LVA,2018,8,75.0902,74.2506,75.9208,1.6702,27,79.5518,78.4283,80.7901,15,62.8141,61.1015,67.191,12,64.9426,62.1364,67.0352,31,75.8969,74.7908,76.6491,20,50.384,49.57,56.7441,16,58.9279,57.7288,59.9237,48,48.3062,47.2402,49.3817,9,68.966,67.6259,71.5966
Latvia,LVA,2019,8,76.2157,75.4293,76.9942,1.5649,27,80.3462,78.7784,81.3465,15,66.7052,63.3314,69.4943,12,65.0476,61.6348,67.3537,31,77.7109,76.631,78.4138,20,50.3579,49.5808,55.5363,16,58.5198,57.5769,59.4873,48,52.361,51.2955,53.4353,9,67.1335,63.9742,68.2327
Latvia,LVA,2020,8,77.1,76.3659,77.8274,1.4615,27,80.6478,79.3898,81.7432,12,69.0676,65.6473,71.9794,12,68.0,65.3133,70.6866,31,78.1444,77.0874,78.8203,20,50.0277,47.8989,52.1752,16,60.413,59.1134,61.3144,42,53.6575,52.4322,54.9497,9,65.3182,62.0786,67.0594
Latvia,LVA,2021,8,77.0706,76.2337,77.8988,1.6651,27,80.7757,79.7777,82.1925,13,69.3986,68.7274,74.0526,12,64.0183,62.9477,68.7737,31,78.21,77.0613,78.9474,12,51.6357,48.3555,54.4355,16,61.3533,60.1962,62.2165,42,54.929,53.4791,56.196,8,64.3286,59.6388,66.1149
Latvia,LVA,2022,8,77.2863,76.5064,78.0586,1.5522,27,81.9276,77.9099,83.4874,14,70.4825,69.6519,74.2444,12,64.0981,62.5275,65.3302,30,78.3881,76.5956,78.9089,12,51.5106,48.0463,54.4425,16,62.1859,61.1584,63.087,42,55.1717,53.7925,56.461,9,62.7936,61.0767,66.7159
Latvia,LVA,2023,8,74.7119,73.7759,75.6368,1.8609,27,79.9074,76.9591,83.2786,14,67.0103,65.808,70.2746,12,56.6059,54.4774,57.2187,30,75.8851,74.6238,77.2062,12,50.7495,46.7832,53.1368,17,62.1196,59.1226,66.5964,41,48.7507,48.5766,48.9247,8,64.6832,60.7064,66.5436
Latvia,LVA,2024,8,72.6673,71.8978,73.4291,1.5313,27,81.3302,77.7749,82.9853,16,65.7309,63.8994,65.9055,12,52.6414,50.286,53.1041,30,74.9839,73.1312,75.5042,12,51.198,46.6476,52.5043,20,59.459,56.8348,60.6035,41,42.2371,42.118,42.3562,8,62.5925,60.1584,66.2643
Latvia,LVA,2025,8,71.3686,70.524,72.2039,1.6799,27,81.6679,78.4714,84.0973,16,65.5771,63.829,65.9575,12,50.4904,47.6406,50.6951,30,73.9544,72.4251,74.6908,12,47.3384,46.3432,53.2084,20,59.3071,56.3186,60.3908,41,40.2601,40.052,40.4681,8,62.1446,60.861,66.7059
Lebanon,LBN,2009,8,69.4559,67.0306,71.8044,4.7738,26,41.0785,38.1049,42.2788,12,61.6996,55.8614,66.8073,5,58.0992,42.3479,62.3167,18,63.8667,58.569,65.2706,14,62.9626,57.6714,71.0077,9,61.6522,54.4117,72.8651,48,40.2459,40.1567,40.3351,8,68.6191,61.5127,70.4182
Lebanon,LBN,2010,8,69.2429,66.7431,71.6609,4.9178,26,39.4985,37.3871,41.7608,12,61.7527,56.451,67.2732,5,53.4612,41.4385,62.8694,18,61.8134,59.204,65.4386,14,60.2989,51.9597,66.0042,9,66.4849,54.4118,71.9391,48,39.6219,39.5046,39.7392,8,73.1398,62.9419,73.5971
Lebanon,LBN,2011,8,68.3113,67.1202,69.4835,2.3633,27,40.1545,37.2127,40.6102,19,61.5364,58.3717,64.5893,12,49.5895,49.1701,50.009,26,60.1635,59.0507,61.4733,18,52.7814,48.8213,58.0226,11,71.9587,63.408,73.8308,46,41.5077,41.4753,41.5402,10,72.5212,71.2179,73.3666
Lebanon,LBN,2012,8,68.362,67.2731,69.4349,2.1618,27,40.1852,37.1756,41.0458,18,64.7599,61.1919,66.5255,12,50.1562,49.1834,51.1607,26,61.0259,60.0485,62.6412,18,53.0986,45.2456,54.9014,15,65.7124,63.529,71.9699,46,44.2673,44.1756,44.3591,10,70.8986,69.6307,71.823
Lebanon,LBN,2013,8,66.1144,65.0971,67.1175,2.0204,27,40.1644,37.7059,41.4463,18,60.2888,58.9978,64.5277,12,51.0379,50.0796,52.0622,26,61.2459,59.8662,62.4501,18,45.7463,44.4626,52.8707,17,64.8409,61.9618,66.2524,46,43.3781,43.3264,43.4299,9,69.1348,67.2959,72.7143
Lebanon,LBN,2014,8,64.8666,63.8772,65.8424,1.9652,27,38.4323,36.9634,40.9784,18,60.0099,58.8839,64.4238,12,50.9012,49.9218,51.8382,26,60.5768,59.5698,61.6654,20,41.9285,40.5421,48.6197,17,63.1615,61.2686,65.2895,46,43.2148,43.1704,43.2592,9,69.0685,67.5658,72.096
Lebanon,LBN,2015,8,63.7218,62.777,64.654,1.877,27,38.0625,37.1502,40.8963,19,60.9506,58.2707,63.9847,12,48.3465,47.3548,49.3172,26,59.0584,58.383,61.1964,20,41.8918,40.1038,48.2186,17,62.4065,61.7067,65.4233,46,40.6439,40.5726,40.7152,10,67.8841,67.0659,68.9514
Lebanon,LBN,2016,8,65.1666,64.4395,65.8864,1.4469,27,38.0264,37.3445,41.091,19,67.8452,66.4401,71.3283,12,46.4376,45.5024,47.4295,26,59.844,58.8388,61.4367,18,42.5444,40.6049,45.2884,17,65.6854,62.6297,66.4597,46,40.7741,40.7086,40.8396,10,66.3737,65.3666,67.398
Lebanon,LBN,2017,8,67.4622,66.4467,68.4637,2.017,27,41.0871,37.4189,41.1622,16,63.1274,62.3535,70.1112,12,48.9206,47.9715,49.943,26,61.9341,60.341,62.7396,18,48.87,41.5859,49.7388,16,66.3951,64.7991,67.5422,46,48.1936,47.9252,48.462,10,66.3062,65.2706,67.4161
Lebanon,LBN,2018,8,66.7361,65.4091,68.0392,2.6301,27,40.4626,37.7416,41.5748,16,64.9837,61.0799,68.7557,11,54.8975,48.3877,61.5576,26,65.0272,63.8365,66.7064,18,40.5485,39.0153,47.5687,16,64.2154,63.1143,65.5689,46,46.2325,46.0523,46.4127,10,63.7429,62.7705,64.8616
Lebanon,LBN,2019,8,66.1651,64.8726,67.4348,2.5622,27,38.721,37.5857,41.3883,16,69.3375,63.2192,70.0656,11,52.8036,46.99,58.0203,26,64.9645,62.7025,65.8744,19,41.1976,36.566,44.2166,14,59.5573,53.1923,60.9625,46,46.2494,46.0685,46.4303,10,61.9662,60.9379,63.0683
Lebanon,LBN,2020,8,65.4591,63.8417,67.0407,3.199,27,37.5648,36.0616,39.6729,13,68.0926,58.6403,69.0669,11,52.5606,47.0463,59.8111,26,63.0399,61.5197,64.5727,19,39.3554,36.2788,44.1257,14,62.389,57.8664,66.9117,41,47.7501,47.6211,47.8791,10,59.7485,58.6102,60.8212
Lebanon,LBN,2021,8,61.844,60.1872,63.4619,3.2747,27,35.7931,34.3947,38.0868,14,66.5033,60.2893,68.481,11,47.1466,46.004,58.6359,26,60.5444,60.1685,63.0933,11,36.7506,30.9377,39.2457,14,53.0899,50.2106,58.8577,41,45.6233,45.59,45.6566,9,60.6197,56.9257,63.1644
Lebanon,LBN,2022,8,58.8934,57.3716,60.3815,3.0099,27,30.8238,29.1229,35.1869,15,65.4496,56.1956,65.9277,11,50.511,46.0855,52.754,25,58.2146,57.4278,61.4513,12,33.9473,29.0324,36.5988,14,48.1934,46.5454,54.8819,41,36.7248,35.4415,38.2,10,62.6828,61.7819,63.6538
Lebanon,LBN,2023,5,56.7815,54.9693,58.5449,3.5756,27,29.7697,28.217,33.822,,,,,,,,,,,,,9,33.6391,27.9482,39.1555,10,47.112,34.0197,50.1133,15,26.9735,26.1676,27.7795,8,63.9898,59.0832,64.5194
Lebanon,LBN,2024,6,53.6827,51.3053,55.9745,4.6692,27,32.6402,27.4925,33.6509,8,60.6466,59.333,73.5188,,,,,,,,,9,36.2148,26.9229,37.5949,11,29.942,17.922,33.6641,15,27.3312,26.5413,28.121,8,60.5461,59.6532,64.218
Lebanon,LBN,2025,6,55.3951,53.0096,57.6959,4.6863,27,31.2842,27.2666,33.2205,8,71.0726,57.4998,74.1747,,,,,,,,,9,30.9045,27.2817,37.3918,11,24.8387,14.9021,28.9074,15,34.0965,33.6111,34.5819,8,63.4062,59.9022,64.9062
Lesotho,LSO,2009,8,56.2518,53.7934,58.621,4.8276,27,50.3,49.2658,52.9024,15,61.0688,55.902,64.6111,12,68.1852,67.0912,69.0417,29,53.9975,53.4463,55.2701,15,32.2865,25.7343,40.8812,6,34.3386,24.7769,38.5403,43,26.7015,25.2215,28.4821,7,51.3644,40.4978,56.1206
Lesotho,LSO,2010,8,56.0255,53.7453,58.2287,4.4834,27,51.7335,49.045,52.5688,17,57.5765,52.7971,58.8105,12,67.6876,66.6256,68.6314,30,54.2518,53.4052,55.0179,15,32.5689,23.7629,39.2233,9,36.7394,33.9117,42.4963,43,24.0925,22.5298,25.7003,7,52.9065,43.144,58.2875
Lesotho,LSO,2011,8,56.9322,55.1451,58.672,3.5269,27,49.4829,48.8766,52.6393,17,56.3482,51.7367,58.3093,12,64.2471,63.2908,65.1399,30,53.9902,53.1407,54.7436,15,33.5883,22.6467,35.7004,10,41.1064,35.5721,44.1773,41,25.826,24.179,27.4334,8,57.5596,49.3396,59.4619
Lesotho,LSO,2012,8,54.2967,52.4888,56.0549,3.5661,27,50.6442,49.2293,52.9274,17,54.5676,51.7554,58.1164,12,62.1896,61.2336,63.1512,30,53.9004,53.2965,54.8285,15,28.1396,21.6953,33.5969,10,40.347,37.2928,45.7239,41,25.1423,23.619,26.702,8,52.7297,47.9937,57.3799
Lesotho,LSO,2013,8,51.2889,49.614,52.9196,3.3056,27,50.3143,48.5105,52.0583,17,53.7647,51.5557,57.9279,12,57.2058,56.2301,58.1324,29,53.5328,52.8655,54.4787,16,25.0528,20.2623,29.9821,10,39.7951,38.1874,46.8609,41,20.8808,19.4825,22.3436,8,49.9445,47.3954,54.6566
Lesotho,LSO,2014,8,53.5464,51.7866,55.2588,3.4722,27,51.3902,49.2065,52.8695,17,57.8756,54.3165,60.8442,12,53.9325,53.0372,54.7701,29,54.9973,54.3605,56.0143,16,25.6187,22.8618,34.2962,11,41.9764,37.8865,46.9713,41,28.9045,27.3298,30.3229,8,48.017,47.5918,56.3782
Lesotho,LSO,2015,8,54.8652,53.2935,56.3994,3.1059,27,52.1734,49.267,53.2134,17,57.8852,55.0314,60.778,12,52.5527,51.6074,53.3908,29,56.1446,55.5324,57.0626,17,25.5031,21.616,31.0151,11,42.4479,37.8212,46.4341,41,33.2898,31.8428,34.8891,8,50.3419,48.295,56.9114
Lesotho,LSO,2016,8,53.8018,52.2514,55.3154,3.064,27,51.208,49.7638,53.3718,17,58.6795,54.739,60.6012,12,45.2144,44.3386,46.0711,30,56.8468,56.1847,57.7287,11,23.7285,18.6877,29.3196,11,45.0813,37.8921,46.1527,40,30.4729,28.8836,32.2965,8,51.7387,48.7641,55.7941
Lesotho,LSO,2017,8,53.3467,51.6243,55.0235,3.3992,27,51.4945,48.5223,52.1757,14,56.5644,56.2006,66.126,12,39.683,38.6613,40.7699,30,55.8007,55.1288,56.6553,12,23.7059,17.309,27.1196,13,47.8259,45.9989,52.0089,39,30.1321,28.5024,31.9218,8,55.0334,48.6313,56.7385
Lesotho,LSO,2018,8,49.7973,47.7046,51.8207,4.1161,27,52.2308,49.3865,53.2589,14,55.0158,53.0961,63.4637,11,31.2803,25.2892,35.0541,29,56.4256,55.259,57.3024,13,23.5695,16.6361,26.8057,13,49.7805,47.5184,53.1285,39,26.9414,25.183,28.729,8,45.3748,44.9843,53.0909
Lesotho,LSO,2019,8,52.5563,50.7199,54.3406,3.6207,27,51.8136,48.3597,51.8631,14,60.68,53.977,63.1847,11,33.0248,26.0834,35.3182,29,57.8525,56.7691,58.8002,14,21.636,15.3514,25.3296,13,48.9821,47.0942,52.9711,39,32.9984,31.2602,34.7917,8,47.9833,45.7405,52.6531
Lesotho,LSO,2020,8,51.7756,49.8187,53.6731,3.8544,27,51.6922,48.9059,52.4368,11,58.6798,52.1293,62.7732,12,31.6538,24.8589,32.232,29,55.9229,54.6846,56.7274,14,18.6445,14.7149,25.0783,13,54.6923,51.7012,57.6766,40,31.884,30.5643,33.2851,8,48.094,42.7922,50.6249
Lesotho,LSO,2021,8,46.935,44.7309,49.0598,4.3289,27,51.5021,49.9821,53.5465,11,53.6423,50.0015,59.6679,11,26.3717,19.717,30.4164,29,52.5077,51.1735,53.3765,12,12.0676,8.4901,18.3629,13,56.9532,54.0261,59.3413,40,27.2795,25.77,28.7025,7,46.2486,45.2404,54.0884
Lesotho,LSO,2022,8,45.7493,43.5804,47.8405,4.2601,27,50.3365,48.3452,53.3162,12,51.3145,48.2399,57.9845,11,21.5462,20.0857,26.7055,26,50.223,48.313,51.5273,11,9.5722,7.1299,17.9215,13,58.2415,55.1689,60.5355,39,25.2116,23.7389,26.7437,8,53.7164,45.2587,53.8054
Lesotho,LSO,2023,8,46.4675,44.267,48.5887,4.3217,27,49.2001,47.5084,52.8605,12,54.109,47.9768,57.307,11,21.8082,18.9318,25.0028,26,49.257,47.5939,50.8817,11,11.658,7.7657,16.8193,13,60.9746,55.6792,66.2701,38,28.4481,26.8216,30.1431,7,48.0981,42.5351,52.141
Lesotho,LSO,2024,8,46.526,44.5995,48.3913,3.7918,27,48.7096,47.0248,52.3178,14,54.8929,52.3859,59.5442,11,21.1236,18.3666,25.215,26,47.1768,45.5811,48.9804,11,10.7501,7.1537,17.3883,16,61.3552,59.1465,64.5326,38,28.0357,26.4925,29.914,7,51.5869,43.4605,52.2775
Lesotho,LSO,2025,8,48.2355,46.3851,50.0305,3.6454,27,49.4964,46.7621,51.5233,14,59.3491,52.7779,60.6353,11,22.4202,19.2888,24.8673,26,47.3631,46.1029,49.5067,11,12.5046,7.1741,16.7704,16,59.3245,57.9705,63.9005,38,28.4676,26.8448,30.4176,7,52.8328,45.9227,54.7182
Liberia,LBR,2009,8,52.8908,49.6384,55.9837,6.3453,25,42.8463,39.948,44.2602,10,54.6954,46.2017,59.011,5,46.1421,36.4568,57.0746,19,49.5742,42.45,51.9442,10,40.7588,34.669,47.042,8,31.4994,23.4649,35.3447,37,35.8002,35.5109,36.0894,6,54.8533,45.271,60.4263
Liberia,LBR,2010,8,50.5066,47.0476,53.7814,6.7338,26,42.2231,40.0152,44.3753,10,56.6749,48.8357,59.6626,5,42.1048,37.2877,57.5274,19,51.4858,42.8674,51.5762,9,34.8473,29.9607,44.2827,8,31.8752,24.1716,37.5649,37,34.0534,32.0972,35.7626,6,49.2485,44.8059,61.2891
Liberia,LBR,2011,8,50.9547,46.9582,54.7083,7.7501,26,40.717,39.9806,44.2395,10,48.2124,47.7407,59.5163,5,45.4114,37.6482,59.9157,19,52.9693,43.9162,53.1129,10,33.5133,30.0449,38.892,8,32.836,23.7703,35.0572,37,34.0646,33.6973,34.432,6,58.0789,48.1563,75.5856
Liberia,LBR,2012,8,51.715,48.257,54.9911,6.7341,26,40.3889,39.824,44.0545,10,51.4854,46.6067,58.7367,5,57.4984,38.3398,58.1762,21,52.96,47.4602,55.8176,9,33.3054,29.4859,40.1965,8,27.3857,22.8414,35.2237,37,36.2508,35.9818,36.5198,6,51.6539,44.7878,65.72
Liberia,LBR,2013,8,54.1103,51.485,56.6321,5.1471,27,43.4776,42.3108,45.6748,17,52.9147,50.0152,55.8142,12,59.088,59.0268,59.1491,29,53.0254,52.3658,54.2372,13,32.877,30.4267,36.675,9,36.5215,28.6187,37.9297,37,35.0891,34.7679,35.4104,8,52.1491,46.0707,71.5168
Liberia,LBR,2014,8,52.0934,49.6114,54.4807,4.8693,27,42.0171,40.8466,44.8543,17,52.0087,49.0688,54.9486,12,71.9922,71.1467,72.7262,29,51.0911,50.2154,52.0334,13,28.1121,26.7144,33.1219,9,32.3877,28.8289,38.1366,36,27.7623,25.9813,29.5076,8,49.6693,44.5852,66.1371
Liberia,LBR,2015,8,51.8535,50.2349,53.4312,3.1963,27,41.7338,41.1334,45.0595,17,55.27,51.7523,57.8778,12,69.6967,68.8228,70.5125,29,50.382,49.6587,51.3968,14,27.4412,25.1785,31.1337,9,33.806,27.5581,36.2691,36,27.1321,25.4032,28.8457,8,47.6247,38.7346,49.1652
Liberia,LBR,2016,8,49.2632,47.3194,51.1466,3.8272,27,42.4766,41.1312,44.9052,16,56.8074,52.7865,58.2842,12,57.617,56.6279,58.6085,29,49.8126,49.0466,50.8847,11,28.1083,21.7254,30.5464,9,32.5955,25.0811,35.0397,36,30.4539,28.4611,32.4946,8,40.4898,32.3738,44.1023
Liberia,LBR,2017,8,43.0948,40.1362,45.9063,5.7701,27,43.7952,41.2208,45.5718,14,53.6223,49.1055,57.5955,12,53.0651,52.0954,54.0193,29,49.974,49.4992,51.402,12,23.6874,21.4116,30.8348,8,15.9451,2.4338,20.2361,36,29.1789,27.0688,31.608,7,38.4903,31.9003,44.3894
Liberia,LBR,2018,8,43.4428,40.6986,46.0604,5.3618,27,44.6379,42.8216,47.288,14,54.1075,47.3523,55.9429,12,58.4705,54.2855,60.8091,28,49.1987,48.1455,50.2856,13,24.4549,20.672,27.9444,9,17.568,1.723,19.4382,36,24.3123,22.6684,26.2647,7,37.189,29.0175,39.4456
Liberia,LBR,2019,8,43.0853,40.2292,45.8039,5.5747,27,44.9427,42.8554,46.7438,15,46.1725,45.6894,55.9697,11,66.0833,59.9991,67.676,28,51.0965,49.8508,52.2425,13,23.2399,20.8513,29.072,10,18.6532,3.2554,21.6985,36,25.1924,23.218,27.046,8,35.0667,32.5699,40.7684
Liberia,LBR,2020,8,43.7608,41.1301,46.2754,5.1453,27,41.6947,40.7527,44.3861,12,53.6584,46.1991,55.3775,11,63.1683,61.3646,69.826,29,51.3429,50.1077,52.068,13,24.8472,19.3354,27.5483,12,20.6495,4.9072,21.7287,38,27.5394,25.7503,29.486,8,28.8016,28.356,34.8986
Liberia,LBR,2021,8,41.4086,38.454,44.2137,5.7597,27,43.0224,41.8424,45.7212,12,51.1605,45.9661,54.5749,11,73.0837,68.6215,77.5459,29,48.7557,47.4377,49.6336,10,22.0075,18.3488,24.0376,12,15.1238,1.6843,19.2585,38,26.4236,24.5229,28.3906,7,23.3695,20.0549,32.7163
Liberia,LBR,2022,8,41.7836,38.8432,44.5765,5.7333,27,44.4905,41.3996,47.4102,12,50.1368,45.838,54.2247,10,69.4684,63.8324,73.5251,27,47.718,46.4956,49.1214,10,23.1384,19.28,25.6361,12,17.8393,3.8359,20.2522,38,27.8445,26.0291,29.6662,7,24.3472,20.3984,33.2698
Liberia,LBR,2023,8,49.3399,46.9172,51.6697,4.7525,28,44.9822,43.4496,47.8153,13,52.2599,46.4241,55.4943,11,81.6,74.2003,85.3302,27,51.1497,49.4521,52.161,11,21.453,18.0208,24.0549,12,22.7312,14.9956,26.5614,38,41.4255,41.2699,41.5811,7,28.3414,18.6333,32.762
Liberia,LBR,2024,8,48.6396,46.2239,50.9622,4.7383,28,43.8306,42.8738,47.5192,13,53.2318,46.174,54.9951,11,77.1018,75.3363,85.5609,27,51.0694,49.6011,52.1791,11,20.5444,17.7777,24.1886,12,24.5097,18.924,30.0954,38,40.5843,40.3908,40.7778,7,28.5257,18.4987,34.044
Liberia,LBR,2025,8,45.068,42.8387,47.2147,4.376,28,46.3765,44.5468,49.591,14,48.0938,47.5876,54.7131,11,74.7047,74.0455,84.8698,27,51.7371,49.8749,52.634,11,20.0549,18.5721,25.1367,15,16.3946,11.5608,18.5818,38,34.5863,32.6614,36.4479,7,29.9206,23.7399,35.8274
Libya,LBY,2009,8,35.6849,31.9795,39.1418,7.1623,24,24.1067,21.6316,26.1579,10,53.8728,48.0099,55.9543,10,21.7958,20.3887,23.1248,16,48.6941,40.0357,50.7187,13,32.2631,29.9771,43.01,10,41.2703,33.6231,44.1784,43,26.2788,24.6246,27.9183,9,19.3198,18.3621,35.6184
Libya,LBY,2010,8,33.8475,30.4144,37.0615,6.6471,24,22.1431,20.66,25.1373,12,52.7004,50.2048,57.0873,10,20.9499,19.9325,22.4177,16,36.4104,35.7583,49.1704,13,28.7872,24.5575,34.7937,10,44.1658,36.5714,47.208,43,23.3489,21.6319,24.9888,9,32.1067,26.3057,37.6816
Libya,LBY,2011,8,29.2391,25.7709,32.4702,6.6993,24,21.45,19.6083,24.3193,12,48.9634,48.3935,55.0814,10,17.687,16.3618,18.9061,16,38.491,35.2671,46.7878,14,26.15,23.0428,31.2118,10,39.3547,38.1816,48.2154,43,18.2773,16.4244,20.258,9,32.2768,27.739,39.5079
Libya,LBY,2012,8,28.8147,25.2376,32.1388,6.9012,24,19.7301,18.2518,22.8612,12,47.9052,47.33,53.7232,10,19.6268,18.4963,20.9732,16,40.663,34.893,44.6886,14,24.8968,22.1188,30.9389,10,43.0776,38.7482,48.9969,43,19.0099,17.4335,20.8546,9,26.3988,18.587,33.067
Libya,LBY,2013,8,34.4651,31.2,37.5329,6.3329,24,27.5382,23.5242,28.5758,12,53.4411,47.9687,55.0381,10,24.618,23.5316,25.8933,16,45.0966,40.3099,48.972,14,24.9103,21.1949,29.1906,10,34.5238,29.0652,39.9825,42,19.9279,18.0411,21.6684,8,33.4087,23.1582,38.9577
Libya,LBY,2014,8,32.944,29.6965,35.9926,6.2961,25,22.096,21.6056,25.5477,12,46.9395,44.7546,52.3281,10,26.7972,25.7432,28.1127,16,41.0185,34.6774,43.8014,14,25.2867,19.3521,29.9608,10,40.6646,35.931,46.7431,41,15.185,13.4573,17.3641,8,39.3535,28.6272,41.8134
Libya,LBY,2015,8,25.1349,21.2504,28.7075,7.4571,25,21.9914,18.4581,22.7167,12,42.4639,40.9979,48.3387,10,27.3508,26.2226,28.4758,16,31.7683,27.1247,36.4119,14,22.6997,20.7008,31.7189,10,39.4692,36.0836,47.1505,35,11.0035,8.4601,13.5774,8,34.2613,31.8576,41.9895
Libya,LBY,2016,8,33.5713,30.0695,36.8445,6.775,24,22.1593,17.6547,22.9176,6,49.9852,39.8917,54.5273,10,27.0852,26.1214,28.4852,16,32.7989,30.1344,39.9296,6,20.8131,17.576,24.0501,10,41.625,38.5643,49.3748,12,22.8762,22.0054,23.7471,8,43.5219,33.806,43.9458
Libya,LBY,2017,8,33.8583,29.5964,37.7875,8.1911,24,20.6384,17.3468,22.2942,5,39.5493,37.4706,52.4973,10,27.6249,26.3803,28.6537,16,29.4628,24.7137,34.2118,6,24.6439,21.32,28.3538,8,40.6392,21.4496,42.6009,12,38.1343,37.95,38.3185,7,43.7651,32.3868,44.2562
Libya,LBY,2018,7,28.7342,23.9298,33.0919,9.1621,24,22.4283,17.9209,22.9054,5,31.4133,25.1291,37.6975,,,,,11,33.89,19.8266,34.0407,6,25.4138,22.9666,29.545,9,34.1589,19.6351,40.3674,12,38.8386,38.6861,38.9912,7,32.9164,29.8274,41.7522
Libya,LBY,2019,7,25.687,19.817,30.8763,11.0593,24,19.1287,18.0401,22.6448,5,32.9494,26.8038,39.095,,,,,11,33.2666,16.2671,33.9786,6,28.7503,24.4424,31.5343,9,40.073,31.3218,48.8242,12,26.3249,25.6092,27.0406,7,26.4213,20.5932,40.9178
Libya,LBY,2020,6,23.2544,16.9192,28.7776,11.8584,24,19.406,16.6017,21.5432,5,34.4855,28.4786,40.4924,,,,,11,28.6107,17.1903,33.2617,6,27.2468,26.4766,33.9751,9,32.795,22.1405,40.8398,,,,,7,30.178,18.969,39.3633
Libya,LBY,2021,6,22.3824,15.9876,27.9409,11.9533,24,16.7157,16.2998,21.5439,5,36.0216,30.1533,41.8899,,,,,11,31.5958,18.1294,33.4009,7,24.5209,20.7606,28.2676,9,32.2954,24.2927,42.208,,,,,5,27.8409,26.4751,48.0244
Libya,LBY,2022,6,20.2836,14.6617,25.2299,10.5682,24,18.409,15.7114,23.5298,6,37.4068,35.6134,47.3831,,,,,11,31.7049,20.9955,34.0482,7,24.6504,22.9623,30.5654,9,37.1773,23.0296,38.8383,,,,,8,14.1912,1.6701,15.309
Libya,LBY,2023,6,16.3829,10.0609,21.8128,11.7519,24,18.1306,14.3849,22.3231,6,38.8078,36.2736,47.4053,,,,,11,24.4641,17.7236,32.852,7,24.9394,23.7148,31.0114,9,30.6821,21.4762,39.3139,,,,,8,15.7611,5.293,17.9216
Libya,LBY,2024,6,16.4563,10.8425,21.3572,10.5147,25,15.5356,12.516,18.989,7,41.0078,36.019,47.4234,,,,,11,30.7777,19.8581,33.7736,8,26.8152,24.6027,32.4424,10,21.2655,14.198,25.961,,,,,8,15.5557,7.722,19.2627
Libya,LBY,2025,6,21.7752,16.9626,26.0952,9.1326,25,13.4729,12.5754,18.6457,7,42.0093,37.1366,47.4476,,,,,11,33.0558,18.9509,34.1044,8,28.8535,24.5577,32.5112,10,29.9091,23.7451,36.0732,,,,,8,18.0131,11.9418,22.5112
Lithuania,LTU,2009,8,74.3803,72.8041,75.925,3.1209,27,75.3176,73.5576,76.2896,17,65.9079,64.4883,69.7579,12,60.9896,60.2172,61.7745,31,76.6441,75.9279,77.3998,14,51.6436,39.8295,60.0712,18,50.1537,49.1604,51.2979,46,51.446,50.0908,52.6697,9,70.0897,67.8548,73.7424
Lithuania,LTU,2010,8,72.6387,71.2481,74.0043,2.7562,27,75.0204,73.1545,75.9201,19,65.978,64.8798,67.319,12,59.9558,59.2192,60.6435,31,77.3597,76.6593,78.1254,14,44.7132,37.9033,55.4957,18,46.7049,45.6934,47.8639,46,50.4214,48.8952,51.7901,9,69.0223,67.9675,73.7848
Lithuania,LTU,2011,8,72.4871,71.1509,73.8002,2.6493,27,76.1627,74.3142,77.1683,19,66.6336,64.6277,66.8679,12,57.2392,56.4149,58.0397,31,78.3057,77.551,78.9863,16,41.8098,37.8545,54.5788,18,44.163,43.2389,45.4272,46,50.1288,48.7136,51.4311,9,73.2949,68.2688,73.8629
Lithuania,LTU,2012,8,73.4257,72.1536,74.6771,2.5235,27,76.0322,74.4466,77.2144,19,66.3541,65.3628,67.6433,12,56.7885,56.0185,57.6768,31,78.7605,77.9315,79.395,16,46.1081,36.3903,52.5873,18,47.0298,46.066,48.0327,46,51.1701,49.7959,52.3647,9,72.3196,67.3628,73.018
Lithuania,LTU,2013,8,72.8949,71.7107,74.061,2.3503,27,76.1668,74.9641,77.6066,19,67.993,66.5486,68.3242,12,58.8163,58.0225,59.6509,31,79.2295,78.4371,80.0406,17,40.2087,35.6026,50.7919,18,45.7773,44.8268,46.8796,46,52.7683,51.3413,54.2156,9,70.1005,66.8458,71.701
Lithuania,LTU,2014,8,73.4419,72.3515,74.5171,2.1656,27,77.1125,75.5045,78.4297,19,68.2736,66.5126,68.5081,12,60.2405,59.4189,61.0486,31,79.8086,78.9509,80.5642,19,40.7048,33.0586,46.5894,18,47.1284,46.2029,48.0862,46,53.8399,52.5401,55.3809,9,68.4596,66.4879,71.9348
Lithuania,LTU,2015,8,72.8284,71.6795,73.9604,2.2809,27,77.5572,76.3138,78.9515,19,66.9314,66.12,68.3245,12,59.2224,58.4315,60.0587,31,80.3353,79.4802,81.1599,19,37.6204,33.6839,48.108,18,46.9147,46.0308,47.8797,46,55.8495,54.5117,57.3618,9,67.0935,67.0272,71.5057
Lithuania,LTU,2016,8,73.5491,72.8117,74.2796,1.4679,27,78.5563,76.8014,79.6381,19,68.769,67.1042,69.5958,12,56.642,55.8278,57.41,31,80.116,79.2659,80.8863,16,36.8486,33.2459,40.6393,18,48.7928,47.9328,49.7829,40,56.3266,54.0969,58.5865,9,70.5211,67.3159,71.3978
Lithuania,LTU,2017,8,73.6313,72.7956,74.4581,1.6625,27,78.5136,76.9797,80.3396,15,65.871,63.399,69.7914,12,55.5664,54.8061,56.3898,31,79.7523,78.854,80.5054,17,36.8017,33.6677,40.8276,16,52.6732,51.3753,53.6908,40,58.145,55.9304,60.323,9,70.4652,69.1594,72.972
Lithuania,LTU,2018,8,72.6775,71.8407,73.5052,1.6645,27,78.5597,77.0269,79.9108,15,65.8206,62.8152,69.101,12,52.4387,50.4291,56.5633,31,78.7183,77.7527,79.4002,20,36.6664,33.0544,38.039,16,53.6256,52.6691,54.5394,40,55.9496,53.8948,58.0939,9,68.6656,67.5338,71.7135
Lithuania,LTU,2019,8,73.1398,72.3135,73.9573,1.6438,27,78.7845,77.1525,80.0134,15,69.3486,63.7496,69.7987,12,55.1639,53.3752,59.185,31,79.9163,78.9994,80.5914,20,36.2633,33.4604,38.8551,16,52.9707,51.9761,53.826,40,54.5472,52.5839,56.5991,9,66.5469,65.2655,69.2171
Lithuania,LTU,2020,8,74.3006,73.4526,75.1394,1.6868,27,78.8684,77.2797,80.3136,12,69.0457,64.6996,71.7032,12,59.9183,57.2223,63.0348,31,81.8737,80.7597,82.5273,20,34.5898,32.1738,36.7877,15,55.9596,54.52,57.3266,41,53.9508,52.4952,55.5266,9,68.4635,65.0594,69.0839
Lithuania,LTU,2021,8,75.386,74.5433,76.2196,1.6763,27,79.9025,77.926,80.9286,13,71.5163,67.4978,72.791,12,59.8874,59.5341,65.6327,31,83.8119,82.8539,84.5578,12,33.5399,32.3223,38.5345,15,56.7815,55.3124,58.1327,41,56.9088,55.4126,58.2898,8,68.5134,66.242,71.4161
Lithuania,LTU,2022,8,76.1568,75.4028,76.9036,1.5008,28,81.236,79.1759,84.2036,14,70.5452,69.5942,74.6451,12,59.6947,57.9111,60.7621,30,83.6352,82.6339,84.8644,12,38.4992,33.7861,39.7124,15,58.3599,56.6117,59.565,41,56.3679,54.8492,57.7415,9,68.6616,67.5831,72.1535
Lithuania,LTU,2023,8,77.1452,76.2257,78.0541,1.8284,28,81.9044,79.2551,83.8755,14,74.5318,71.7147,76.4881,12,60.3901,58.1912,60.977,30,85.5138,84.0277,86.3564,12,35.6225,35.407,40.8988,16,55.3334,50.6308,60.0359,40,59.336,57.8783,60.8311,8,71.627,67.0694,72.3535
Lithuania,LTU,2024,8,78.5304,77.742,79.3111,1.5691,28,81.2079,78.2498,83.0554,16,74.837,73.4125,75.3838,12,63.3633,60.904,63.9533,30,87.0095,85.9413,88.2824,12,37.0703,35.57,42.9746,19,58.0371,54.4476,59.5415,40,63.4495,61.8498,64.9966,8,70.483,67.1474,72.4157
Lithuania,LTU,2025,8,79.5934,78.6829,80.4939,1.811,28,80.6851,78.9828,83.9609,16,74.5932,73.294,75.7844,12,64.0979,62.0788,64.8306,30,87.2407,87.0762,89.2952,12,43.7667,38.0327,48.0357,20,57.4206,53.3167,58.5736,40,63.0383,61.4604,64.7391,8,72.5912,67.4338,73.1185
Luxembourg,LUX,2009,8,94.1557,93.0786,95.22,2.1414,28,89.4846,88.2388,90.8768,16,88.3137,86.8193,91.2166,12,69.692,68.777,70.4585,28,89.0844,88.2671,94.3255,18,90.0998,87.0567,95.593,13,82.3906,81.1858,86.578,46,70.9595,69.1576,72.6495,6,90.0659,80.5,93.9922
Luxembourg,LUX,2010,8,96.0152,95.102,96.9193,1.8173,28,89.5671,88.4839,91.2078,18,90.2473,89.8467,92.7187,12,71.6279,70.6981,72.3144,30,93.5278,91.6038,94.2377,18,92.9433,89.2781,96.6084,18,84.3966,82.8604,86.0943,46,75.5945,74.0679,77.3888,6,89.8302,83.3082,97.2926
Luxembourg,LUX,2011,8,96.0516,95.1892,96.9061,1.7169,28,89.9522,88.672,91.341,18,92.1729,89.5115,92.4032,12,69.976,69.038,70.7792,30,92.9092,92.1884,95.4281,18,84.6539,81.9831,89.7257,18,86.7506,85.0418,88.6249,46,77.3183,75.6976,79.339,6,94.4854,85.3377,97.3092
Luxembourg,LUX,2012,8,95.8535,95.0865,96.6142,1.5277,28,89.7001,88.6555,91.2966,18,90.7818,89.1931,92.0921,12,70.5887,69.6875,71.4051,30,92.8706,91.6839,94.3157,19,84.8491,81.1485,88.4261,18,87.1409,85.4582,88.9091,46,76.1274,74.4962,77.8907,6,94.3775,85.2758,95.521
Luxembourg,LUX,2013,8,95.73,95.0439,96.4111,1.3672,28,90.1071,88.8678,91.6055,18,91.1288,89.1669,92.1319,12,72.5019,71.5767,73.2384,30,93.7705,91.8033,95.4062,20,84.4149,78.7714,85.0946,18,88.7079,86.9269,90.6936,46,73.8004,72.0719,75.5219,6,91.0137,85.2038,92.917
Luxembourg,LUX,2014,8,95.9834,95.2783,96.6832,1.4049,28,89.6893,88.6181,91.0392,18,92.1004,90.0093,92.9521,12,75.0563,74.1235,75.8331,30,95.4585,92.4818,96.2303,20,79.5275,75.4712,80.97,18,88.1264,86.4717,90.1156,46,75.4633,73.7106,77.2781,6,92.6358,85.1778,94.6527
Luxembourg,LUX,2015,8,96.1731,95.5198,96.8217,1.3019,28,89.9621,88.8615,91.5044,18,90.3932,90.3615,93.2972,12,78.6632,77.7426,79.4351,30,95.782,92.9517,96.5471,20,79.3484,75.9092,81.1498,18,86.2434,84.7368,88.1562,46,80.4037,78.8155,82.1597,6,90.2064,88.4716,96.9676
Luxembourg,LUX,2016,8,96.7351,95.7657,97.6943,1.9286,28,90.1438,88.9039,91.614,18,92.4833,90.7275,93.8095,12,80.9828,79.9957,81.7883,30,93.423,92.9502,96.5229,18,76.0553,75.9196,91.005,18,87.6052,86.1189,89.4901,46,79.6841,78.0804,81.5515,6,96.2735,90.5829,98.0072
Luxembourg,LUX,2017,8,96.2346,95.3732,97.088,1.7148,28,90.1262,88.8528,91.5194,14,89.4418,89.3557,94.248,12,80.2241,79.23,81.0524,30,95.6729,93.7966,97.2297,20,75.6884,74.3409,86.0944,16,88.0007,86.5282,89.6207,46,81.0531,79.2514,82.7471,6,91.991,87.8602,94.7303
Luxembourg,LUX,2018,8,96.2429,95.4274,97.0512,1.6238,28,89.8728,88.785,91.4178,14,89.2697,88.821,94.087,12,85.831,83.001,88.661,30,93.6215,91.7479,94.4153,20,75.1605,74.0856,84.4352,16,88.3989,86.9737,89.8561,46,79.6941,78.0,81.57,6,91.2048,86.9,93.6792
Luxembourg,LUX,2019,8,96.1288,95.3125,96.938,1.6255,28,89.718,88.6858,91.3058,14,92.1257,89.6656,94.3999,12,80.7939,78.72,84.4473,30,93.2923,92.4371,94.9145,20,75.3525,71.741,81.7477,16,87.5507,86.0979,88.978,46,81.3813,79.6976,83.0735,6,90.8177,85.0399,92.2541
Luxembourg,LUX,2020,8,96.2193,95.3984,97.033,1.6346,28,90.0091,88.6705,91.3159,11,90.4256,90.1955,94.9247,12,84.6204,81.663,86.9746,30,94.1604,92.6702,95.0584,20,73.2249,71.5483,79.9963,16,90.3946,89.0033,92.1103,40,80.051,78.034,81.8356,6,89.8442,85.875,94.4995
Luxembourg,LUX,2021,8,95.214,94.525,95.8978,1.3728,28,90.1093,88.8913,91.6426,12,93.4854,90.248,94.4107,12,84.8072,81.9674,87.647,30,92.5718,91.1175,93.4346,12,69.0485,66.2464,70.1834,16,90.385,89.0293,92.0406,40,77.9882,75.9008,80.0742,5,84.6006,78.7701,86.5845
Luxembourg,LUX,2022,7,93.3349,92.8427,93.8245,0.9818,29,89.5424,87.7594,92.1326,13,89.7863,89.571,94.2634,12,82.942,79.5637,83.271,29,92.012,90.4062,92.7541,12,67.8466,66.2331,69.2521,16,91.2744,89.8323,92.7345,40,73.7388,71.7836,75.6171,,,,
Luxembourg,LUX,2023,8,93.4379,92.0963,94.7598,2.6635,29,89.715,87.8208,92.1761,13,93.8072,90.7657,94.2067,12,82.5012,80.9127,84.0897,29,92.8635,91.3622,93.7843,12,66.6673,64.7792,67.589,17,94.3311,87.7572,96.4484,39,74.3407,72.3051,76.5865,5,71.8503,70.7927,91.8684
Luxembourg,LUX,2024,7,93.2931,92.8069,93.7766,0.9697,29,89.7997,88.6498,92.7848,15,93.1499,90.8789,93.9071,12,84.3962,81.0198,84.5032,29,93.4348,92.0726,94.3969,12,66.8532,65.0782,68.2531,20,91.663,88.9567,93.2627,39,73.6998,71.6687,75.8837,,,,
Luxembourg,LUX,2025,7,92.4717,91.9881,92.9527,0.9646,29,91.2184,89.3119,93.6254,15,93.511,90.9495,93.8254,12,81.0306,77.6928,81.228,29,90.9264,89.7115,92.0128,12,65.8424,63.5874,67.0449,20,92.4604,89.6839,93.9273,39,70.3103,68.4666,72.4242,,,,
Madagascar,MDG,2009,8,47.3118,45.2151,49.3369,4.1218,28,37.4585,36.5424,38.9861,16,43.6842,36.9782,44.7642,11,60.3492,59.7219,61.9263,27,55.2868,55.1181,58.737,15,29.0098,23.9386,39.2306,12,26.0137,21.9782,30.0492,50,24.106,23.3243,24.905,10,51.7663,50.3888,52.619
Madagascar,MDG,2010,8,48.9107,46.9148,50.8428,3.928,28,33.2377,32.3912,34.6318,18,45.124,40.2375,45.614,11,59.4722,58.6311,61.0354,27,54.9761,54.1996,57.907,15,29.6263,24.0639,39.6665,12,36.0525,28.8632,37.369,50,23.6522,22.6848,24.5481,10,52.5796,51.3405,53.5897
Madagascar,MDG,2011,8,44.8268,42.6957,46.882,4.1863,28,32.1896,31.2124,34.1717,18,42.9269,40.0912,46.3584,11,52.0882,51.6959,53.6878,27,53.6262,53.1321,56.9189,15,27.7458,25.4289,41.4172,11,30.5166,27.923,35.8956,50,24.5719,23.7245,25.3699,10,50.0276,48.6875,50.9891
Madagascar,MDG,2012,8,45.5234,43.3097,47.656,4.3463,28,33.3958,31.8892,34.8409,18,41.0995,39.5944,44.5679,11,49.1143,48.164,50.2783,27,54.0368,52.6841,56.3677,15,32.3855,27.3348,44.2827,11,34.6571,28.2954,37.1977,50,24.804,23.9691,25.6667,10,47.7958,46.2238,48.762
Madagascar,MDG,2013,8,46.6289,44.6337,48.5589,3.9252,28,33.1259,31.9228,34.9855,18,41.36,39.3747,45.7723,11,52.5937,51.7593,53.7637,27,52.56,51.8625,54.9232,16,38.1303,27.7381,42.6044,11,31.849,28.1792,36.1607,50,24.1443,23.34,25.0508,10,48.9554,47.8401,50.0853
Madagascar,MDG,2014,8,48.7274,46.6664,50.7203,4.0539,28,35.3934,34.4179,37.4323,18,44.0546,40.7226,47.4208,11,54.1094,52.9424,55.0354,27,52.5452,52.0315,55.2155,16,34.4921,28.6257,44.7964,11,34.6949,29.7497,38.1136,50,27.7585,26.9042,28.5187,10,51.1343,50.0164,52.1153
Madagascar,MDG,2015,8,49.86,47.7836,51.8681,4.0845,28,35.8094,34.9781,38.3228,18,45.7655,41.3351,48.2877,11,51.0658,49.9392,52.1395,29,51.7397,51.0168,52.6997,16,39.3664,28.4896,45.5852,11,38.1522,30.9763,39.6152,50,28.0132,27.2173,28.7826,10,49.7001,48.6196,50.802
Madagascar,MDG,2016,8,47.476,45.7992,49.1068,3.3076,28,39.5928,37.598,40.7233,18,44.8844,41.6853,49.0381,11,46.4953,45.5561,47.531,29,50.1548,49.4529,51.1564,12,38.6225,34.0631,44.9187,12,36.0536,32.8611,40.4916,50,22.4154,21.5933,23.285,10,49.3964,48.1905,50.3954
Madagascar,MDG,2017,8,46.5557,44.827,48.2351,3.4081,28,39.1231,38.4806,41.7238,16,42.9768,39.1671,47.9789,11,45.8214,44.9228,46.8127,29,48.6544,47.4762,49.5728,14,38.793,33.1378,44.4482,12,39.5089,34.5144,39.5515,50,23.7008,22.859,24.5389,10,45.0151,43.7145,46.2067
Madagascar,MDG,2018,8,45.2205,43.2447,47.1313,3.8866,28,41.6347,38.5969,42.0557,16,44.6111,41.7136,50.5929,11,43.0189,38.9148,47.373,29,49.0305,47.954,50.3148,14,33.556,26.3484,37.485,14,38.1216,35.164,40.1019,50,24.9755,24.0785,25.8419,10,42.5086,41.0112,43.4969
Madagascar,MDG,2019,8,45.0106,42.985,46.9678,3.9828,28,39.5379,38.8665,42.2924,13,45.041,41.7423,52.1142,11,43.2495,39.3123,47.5744,28,49.5541,48.3549,51.0147,14,32.7815,26.9643,37.8907,14,38.7606,34.5522,39.2192,50,24.9822,24.1588,25.8052,10,41.981,40.6596,43.2687
Madagascar,MDG,2020,8,41.1886,39.0278,43.268,4.2402,28,41.1207,38.5272,42.0099,13,41.0168,40.5024,51.3689,11,40.4765,39.7875,48.8015,27,49.3717,48.7031,51.6578,15,30.7767,26.2926,36.0683,14,40.2564,37.5864,42.135,43,14.7117,13.8043,15.5326,10,40.3913,38.8874,41.3669
Madagascar,MDG,2021,6,42.8696,39.9437,45.6512,5.7075,28,41.4884,39.2086,42.5927,7,50.6514,42.8169,57.8753,,,,,,,,,11,31.2425,23.6162,34.7123,14,40.0832,38.133,42.7664,19,13.6754,10.0791,17.5274,7,37.5133,36.775,51.1945
Madagascar,MDG,2022,6,39.7996,37.216,42.2659,5.0499,28,39.9265,36.0853,42.1687,7,41.6229,34.1467,49.0991,,,,,,,,,11,28.5513,24.2897,34.3678,14,40.5654,38.7431,43.7678,19,14.1464,10.7496,17.8323,9,37.0452,34.9869,37.9389
Madagascar,MDG,2023,6,40.8193,37.7563,43.7208,5.9645,28,39.7176,36.6791,41.6779,7,50.5122,42.6964,57.959,,,,,,,,,11,28.2336,25.1895,33.6009,12,40.6884,34.2742,49.6931,18,13.2524,9.182,16.7961,8,32.7221,31.5068,38.5114
Madagascar,MDG,2024,6,38.432,35.5813,41.1384,5.5571,29,39.5151,36.6707,41.2633,8,40.2723,32.3298,48.2149,,,,,,,,,11,26.7701,25.867,34.2749,14,38.3852,37.2414,46.6809,18,13.3373,10.0892,16.7402,8,37.6416,33.82,39.9778
Madagascar,MDG,2025,6,43.1844,40.4322,45.8091,5.3769,29,41.0531,38.5557,42.6124,8,56.023,40.0578,56.4985,,,,,,,,,11,30.9704,27.4404,35.2766,14,33.7633,28.3562,39.1704,18,12.8275,9.1921,16.2591,8,40.2163,36.0056,41.3882
Malawi,MWI,2009,8,54.1608,52.0417,56.212,4.1703,26,51.6658,48.2082,53.8321,16,49.0771,48.6912,54.856,12,66.0322,65.0472,66.91,28,59.9867,58.8574,60.8305,14,36.1976,27.6705,45.0415,9,33.5389,28.8817,38.8618,47,27.1509,26.1921,28.1509,9,44.0019,38.2246,44.8398
Malawi,MWI,2010,8,52.2287,50.6196,53.7975,3.1779,26,52.7541,48.5475,54.2427,18,49.0737,47.9974,52.1964,12,64.2849,63.4049,65.1016,28,59.2617,58.1725,59.9958,15,31.0292,28.2039,37.119,10,33.5516,27.9825,39.6617,47,27.589,26.7454,28.4557,9,39.9652,39.3558,46.1292
Malawi,MWI,2011,8,52.5703,51.0485,54.0561,3.0076,26,52.9372,48.655,54.1575,18,49.0305,48.4714,52.4646,12,61.7734,60.8831,62.6459,27,59.6537,58.5864,60.6954,15,30.403,25.9412,34.4782,10,36.1194,30.2357,39.8724,47,29.1083,28.0518,30.1271,9,40.2998,40.0489,46.5046
Malawi,MWI,2012,8,53.321,51.7559,54.8483,3.0924,26,51.5698,48.9824,53.923,18,51.1403,47.8505,51.928,12,62.7555,61.8406,63.5826,27,59.6388,58.0698,60.5145,15,28.2361,25.2484,34.7327,10,34.2158,29.7,39.7511,47,31.507,30.3956,32.5503,9,43.9486,40.4666,47.5946
Malawi,MWI,2013,8,52.2751,50.7876,53.728,2.9404,26,53.3077,49.2723,54.4035,18,49.4322,46.7354,50.8297,12,60.9393,60.0344,61.7914,27,57.4203,56.1967,58.5543,17,30.5552,24.1909,33.1575,10,32.5025,29.9138,40.1752,47,27.6559,26.657,28.6545,9,45.6288,43.3785,48.5902
Malawi,MWI,2014,8,53.616,52.1669,55.0328,2.8659,26,52.5801,50.0569,54.9487,18,49.3694,46.9985,50.9805,12,60.8232,59.8825,61.5282,27,55.7227,55.3546,57.7836,17,29.6611,23.8242,32.9979,10,34.3973,30.5791,40.5236,47,29.3768,28.3818,30.2913,9,52.8785,48.4232,53.5082
Malawi,MWI,2015,8,53.4205,51.9176,54.8887,2.9711,26,54.5042,51.1544,55.5182,18,50.3178,46.7327,51.0831,12,60.1367,59.2592,60.9624,27,55.171,53.9898,56.4759,17,29.1114,23.1218,31.3459,10,31.3466,28.2746,39.1179,43,31.024,29.6201,32.3402,9,52.4946,48.5394,54.3206
Malawi,MWI,2016,8,50.7452,49.5066,51.9595,2.4529,26,54.9365,51.4444,55.716,18,48.799,45.9755,50.3231,12,54.2357,53.3998,54.9536,27,53.1171,52.2473,55.0187,12,28.4382,24.7343,32.956,15,33.5096,30.5994,35.1115,43,26.2714,24.9356,27.7372,9,49.9225,48.3792,53.5713
Malawi,MWI,2017,8,47.2895,45.6202,48.9131,3.2929,26,55.5337,51.3348,56.0582,15,46.8236,43.0552,51.9097,12,50.6257,49.7693,51.4967,27,51.2907,51.0089,54.0712,14,24.919,23.9442,31.437,15,28.1956,27.3836,30.3882,42,24.6225,23.2813,25.9763,8,49.3986,41.5093,49.7519
Malawi,MWI,2018,8,44.0887,42.272,45.8495,3.5775,28,54.9808,53.1724,56.4514,15,46.5507,41.2774,50.7361,12,41.6765,38.0429,43.7014,26,47.6648,46.44,49.5439,12,26.5184,25.079,33.0433,13,32.2616,29.623,34.2428,42,24.2978,22.7929,25.8921,9,41.3112,38.1648,43.9833
Malawi,MWI,2019,8,44.9025,43.1852,46.5703,3.3851,28,53.9706,52.8056,56.2325,15,46.455,41.9228,51.5299,12,40.2343,38.9585,44.4648,27,50.442,49.1664,51.7523,13,29.1035,26.78,33.8549,13,32.5002,30.4272,35.1394,42,26.1521,24.6921,27.677,10,39.7039,38.2053,40.6384
Malawi,MWI,2020,8,46.7725,45.2619,48.2454,2.9835,28,54.6205,52.3748,55.4377,12,50.0068,41.601,50.3199,12,42.7395,40.3374,46.0979,27,50.8447,49.4085,52.1497,13,33.1577,27.4466,34.5332,13,36.1666,35.4019,39.6194,43,21.4193,20.0631,22.7904,10,38.3084,36.4907,39.4057
Malawi,MWI,2021,8,46.6552,44.6347,48.6088,3.9741,28,55.313,52.8889,56.4036,12,47.3227,42.1379,51.6995,12,47.5206,42.7424,48.4404,27,52.4854,50.6321,52.922,11,29.7371,24.2847,30.8221,15,38.3212,37.1388,40.0822,43,23.4734,22.1819,24.9298,8,34.0153,29.1669,42.1245
Malawi,MWI,2022,8,46.4942,44.8618,48.0827,3.2209,29,54.9498,52.4055,56.6209,13,42.6049,42.074,53.3189,11,48.2867,46.2225,48.812,26,51.7681,50.4322,53.0522,12,28.1591,24.1876,30.4578,15,40.1793,39.1278,41.9524,43,26.3557,24.9974,27.6707,10,36.134,34.8339,37.3652
Malawi,MWI,2023,8,46.7,44.7761,48.5631,3.787,29,54.4027,51.8355,56.0628,12,53.0139,50.184,59.2209,11,47.7573,45.6486,48.3152,26,53.0608,51.633,54.2599,11,26.2719,21.9331,28.0763,17,36.0797,29.8449,40.3187,38,28.8395,27.0515,30.4,9,28.5545,26.0216,34.3639
Malawi,MWI,2024,8,49.15,47.6679,50.5966,2.9287,29,53.7708,51.3686,55.7542,14,53.5792,51.2854,57.8103,11,52.6782,51.2921,54.2316,26,55.0917,53.7695,56.278,11,26.2875,22.6728,28.8918,20,35.6355,34.0055,37.8118,38,30.7071,28.9604,32.33,9,32.7995,24.4853,33.6177
Malawi,MWI,2025,8,49.1566,47.6852,50.5931,2.9079,29,54.2327,51.8455,55.964,14,57.0789,51.9168,58.1188,12,51.6018,49.8874,52.5861,26,55.5297,54.0528,56.5359,11,24.3861,21.5493,28.5798,20,34.6195,33.05,37.0951,38,31.6991,30.0547,33.341,9,31.0575,25.2582,33.7985
Malaysia,MYS,2009,8,83.4861,82.9947,83.9747,0.98,27,50.8409,48.925,52.0911,18,84.5786,82.7017,86.9969,12,65.9528,64.9987,66.7793,31,83.9157,82.93,84.5745,24,72.4505,70.7794,74.4982,17,72.8916,71.4947,74.3287,49,65.6783,64.5707,66.8595,10,69.8754,68.6678,70.9456
Malaysia,MYS,2010,8,83.3482,82.8926,83.8013,0.9087,27,51.0561,49.3919,52.3284,20,83.9688,83.3853,84.6307,12,67.2341,66.3198,68.1489,31,83.6043,82.7302,84.2593,24,68.78,66.8026,71.1829,17,74.8179,73.1835,76.2902,49,66.9262,65.6232,68.1331,10,69.319,67.8242,70.5549
Malaysia,MYS,2011,8,82.9995,82.6048,83.3923,0.7875,27,52.5018,50.815,53.4714,20,84.2562,83.7096,84.9,12,66.4924,65.6455,67.4294,31,84.4783,83.5129,85.1374,24,66.2038,65.2407,68.6634,18,74.7264,73.411,76.3397,49,67.9719,66.8267,69.1494,10,66.6086,65.2145,67.7281
Malaysia,MYS,2012,8,84.4618,84.0396,84.8818,0.8422,27,52.4152,51.1915,53.9476,20,85.1373,84.5482,85.6878,12,71.4377,70.3836,72.3268,31,85.8779,84.834,86.5126,24,66.7631,64.6679,68.7584,18,75.65,74.4544,77.2262,49,74.2085,72.8751,75.688,10,64.8785,63.4833,65.9455
Malaysia,MYS,2013,8,85.1893,84.8257,85.5513,0.7256,27,53.5579,52.1261,54.5663,20,85.1881,84.6646,85.785,12,75.1501,74.0537,76.0623,31,85.0497,84.0984,85.7147,25,66.4582,65.0266,67.8345,18,75.8508,74.6149,77.4124,49,76.3532,75.0694,77.7129,10,65.9115,64.815,66.9795
Malaysia,MYS,2014,8,85.2009,84.8346,85.5657,0.7311,27,53.835,52.1693,54.8461,20,85.4463,84.8965,86.0907,12,75.6499,74.6304,76.6046,31,85.3,84.3596,85.9715,25,63.8099,62.3519,65.0805,18,76.8874,75.6014,78.4234,49,75.3475,73.8514,76.7842,10,67.4448,66.3021,68.4291
Malaysia,MYS,2015,8,86.5346,86.1813,86.8864,0.7051,27,54.7013,53.1029,55.7172,20,85.8021,85.2242,86.426,12,78.5308,77.3963,79.5368,31,85.5717,84.6143,86.2925,25,65.241,63.6865,66.4734,18,76.829,75.6184,78.2012,49,79.2256,77.8094,80.7968,10,69.9493,68.8745,70.8616
Malaysia,MYS,2016,8,87.8949,87.4263,88.361,0.9347,27,54.9998,53.3897,56.1712,20,85.6312,85.1307,86.2968,12,80.4837,79.41,81.4738,31,85.2525,84.3328,85.9971,23,72.0384,68.0252,73.4748,18,77.6847,76.4521,79.2301,49,81.3452,79.8843,82.9257,10,70.5533,69.4008,71.5924
Malaysia,MYS,2017,8,86.3861,85.7649,87.0028,1.2379,27,55.6436,54.1168,56.6656,16,85.3608,83.1923,87.8037,12,78.7383,77.5463,79.7475,31,85.1564,84.2195,85.8815,24,69.0073,65.7653,70.2887,15,76.2307,71.2446,77.7824,49,78.6437,77.0921,79.9797,10,66.0411,64.8776,67.5018
Malaysia,MYS,2018,8,86.6328,85.6156,87.6381,2.0225,27,56.8447,55.6523,58.0652,16,85.6656,83.1337,87.3627,11,81.2675,69.0686,84.6005,30,90.4724,89.2626,91.5302,24,70.3635,66.2677,72.1071,15,72.6845,71.5089,77.624,49,75.7027,74.4745,77.0096,10,63.6777,62.5777,65.095
Malaysia,MYS,2019,8,85.106,84.0585,86.1406,2.0821,27,59.6586,58.6928,61.0309,16,85.3721,82.9164,87.78,11,68.8252,68.3396,83.2553,31,89.8386,88.8479,90.6207,24,69.2212,65.8904,70.8791,15,71.2703,70.2816,77.9539,49,77.1059,75.7776,78.4797,10,61.7653,60.6486,63.076
Malaysia,MYS,2020,8,86.1058,85.0348,87.1635,2.1287,27,61.8463,60.8891,63.4089,13,86.2042,83.054,87.9244,11,69.3921,66.4896,83.4196,31,89.1231,88.0012,89.9488,24,69.1323,65.0435,70.8356,15,77.9592,74.9883,80.5102,43,78.181,76.2517,79.8361,10,60.7555,59.6855,62.0314
Malaysia,MYS,2021,8,83.8562,82.7826,84.9163,2.1337,27,62.6931,61.1826,63.7065,14,85.0601,82.3216,86.0774,11,73.8975,63.5045,79.2133,31,86.5,85.315,87.1106,16,63.8561,62.3506,65.0046,15,74.0251,73.6313,81.2063,43,71.5783,70.0052,73.0676,9,56.6828,52.164,58.1131
Malaysia,MYS,2022,8,80.2929,79.3714,81.2041,1.8327,29,61.6555,58.9456,63.2773,15,80.6961,79.7575,83.0009,11,63.7514,58.1355,70.3481,29,81.272,80.1721,83.2333,16,62.1036,59.5437,63.1611,15,79.7186,75.5512,82.5381,42,60.118,58.5931,61.6633,10,54.7679,53.5545,55.8654
Malaysia,MYS,2023,8,80.4785,79.5288,81.4173,1.8885,29,62.4111,60.1928,64.3591,15,82.2266,80.7156,83.5908,11,60.9352,55.4283,66.2573,29,79.8206,79.4139,82.5869,16,60.8674,59.2428,61.8764,16,82.9859,79.8577,88.3108,41,61.7047,59.9772,63.4083,9,54.7096,50.9472,55.6614
Malaysia,MYS,2024,8,81.4964,80.6509,82.3334,1.6825,29,64.4215,62.0242,66.2635,17,81.8565,81.2501,82.4812,11,68.4299,63.0659,73.794,29,80.1232,77.8736,80.9374,16,61.6154,58.6817,62.7245,19,81.2054,78.3412,82.5567,41,63.1928,61.4188,64.8791,9,54.5395,49.9321,55.3966
Malaysia,MYS,2025,8,79.1822,78.3028,80.0521,1.7493,29,65.6211,62.9304,67.145,17,81.4527,80.9205,82.0554,11,52.6073,50.3047,61.5467,29,77.8655,76.0115,79.3062,16,61.2025,57.6059,62.2614,19,82.6138,80.2744,84.3779,41,57.8682,56.2398,59.6091,9,55.8323,52.5737,57.0917
Mali,MLI,2009,8,52.7788,50.9073,54.5963,3.689,29,53.8055,52.9398,54.7679,16,59.8732,55.7014,64.8002,12,62.6583,61.6836,63.5827,27,58.8606,57.1382,59.8254,12,21.2393,18.9679,30.1497,10,39.4304,28.7443,40.0041,39,20.5342,18.776,22.5896,10,42.6919,41.0012,44.0392
Mali,MLI,2010,8,50.4108,48.7122,52.0638,3.3516,29,53.1532,52.2537,54.2187,18,58.0461,55.9485,61.029,12,57.8072,56.9115,58.7698,28,56.8885,56.5086,58.7913,12,19.9137,18.6333,29.0621,10,33.9674,27.4982,39.4262,39,22.6545,21.0778,24.5539,10,43.6029,42.0214,44.7407
Mali,MLI,2011,8,50.0448,48.5272,51.5256,2.9984,29,52.1497,51.2764,53.1352,19,58.7785,57.2418,60.0636,12,49.2578,48.3073,50.2328,29,56.9307,55.4666,57.2538,13,25.0288,19.3309,28.2872,10,35.1008,29.0088,40.5526,39,21.7546,20.0485,23.6984,10,43.4682,41.9452,44.5841
Mali,MLI,2012,8,49.9457,48.3866,51.4661,3.0795,29,51.0555,50.1212,52.0146,19,57.5072,56.8867,59.8259,12,51.0612,50.1128,51.9395,28,57.1176,56.3048,58.2516,13,22.525,21.0544,29.258,10,36.9267,29.6959,41.96,39,23.3895,21.7399,25.1258,10,42.7915,41.2282,43.8602
Mali,MLI,2013,8,51.1456,49.6363,52.619,2.9827,29,47.8744,46.9452,48.8811,19,57.0718,55.9413,58.6409,12,53.6942,52.7392,54.5742,28,55.5058,54.7788,56.6737,14,25.5736,21.3258,29.8275,10,38.6565,31.424,41.499,39,25.2384,23.4439,27.0985,9,44.8247,43.4887,49.7669
Mali,MLI,2014,8,51.8242,50.2559,53.3541,3.0982,29,46.0967,45.2308,47.0322,19,57.2264,55.5495,58.2062,12,54.0349,53.1183,54.9106,28,55.3552,54.6382,56.5718,14,25.5879,21.6253,29.8308,10,36.4208,31.5646,41.8404,39,23.6079,21.9422,25.4495,8,52.867,47.7639,56.3759
Mali,MLI,2015,8,52.2597,50.7268,53.7559,3.0291,29,46.655,45.7602,47.5869,18,54.5024,51.9076,57.0973,12,51.417,50.4729,52.3004,28,55.9045,54.7995,56.6623,14,24.7596,22.1837,30.5546,10,40.3423,31.0189,42.1626,39,27.5642,25.7983,29.2093,9,53.0786,47.6937,53.9549
Mali,MLI,2016,8,52.6942,51.0602,54.2868,3.2266,29,46.5757,45.6201,47.5376,18,58.7739,55.0609,60.6264,12,45.3728,44.4519,46.3379,29,54.5588,53.7911,55.5095,13,27.7392,19.8455,29.0895,10,43.6076,38.1136,49.1015,39,25.2371,23.4359,27.4114,9,53.3052,47.9343,54.3352
Mali,MLI,2017,8,52.28,50.3485,54.1538,3.8053,29,45.8424,44.8914,46.8253,14,57.6627,52.5661,62.5724,12,45.4004,44.5692,46.3156,29,54.5606,53.9783,55.5742,14,27.5464,21.98,31.0794,10,42.955,31.5796,46.373,39,27.9839,26.2126,29.7183,10,51.1929,49.7721,52.2828
Mali,MLI,2018,8,53.5873,51.5111,55.5979,4.0868,29,45.1348,44.2655,46.112,14,57.8906,50.5917,60.9571,11,42.2673,37.4512,46.1047,29,56.0085,54.6942,56.6383,15,32.5768,27.87,37.2836,10,46.5906,39.0686,54.1125,39,31.7234,29.9725,33.5042,10,47.7332,46.1257,48.7841
Mali,MLI,2019,8,50.1177,47.915,52.244,4.329,29,44.4434,43.561,45.4106,14,55.2262,50.4385,61.2783,11,39.6486,35.7325,43.0221,29,55.7065,54.5325,56.4908,15,28.8428,23.6033,31.464,10,41.7277,30.9821,46.2661,39,29.4543,27.9305,31.1989,10,45.8951,44.2632,46.9821
Mali,MLI,2020,8,47.0237,44.6829,49.2754,4.5925,29,43.3951,42.5086,44.3868,11,53.5385,49.1705,59.8532,11,40.2877,35.8403,44.1793,29,54.6227,53.3987,55.3325,15,25.1749,20.8905,29.4592,10,39.3199,32.3663,47.7349,39,26.1337,24.5441,27.6495,10,42.6721,40.877,43.8758
Mali,MLI,2021,8,44.7293,42.3757,46.9905,4.6148,29,41.9681,41.087,42.9651,12,53.3075,48.5354,58.0349,12,36.3503,35.8129,41.3498,29,54.2256,52.9742,54.8192,10,20.6593,17.8844,23.8823,10,37.9993,34.5781,48.6962,37,25.2137,23.4516,26.9554,8,43.4673,35.9215,46.0771
Mali,MLI,2022,8,46.7981,44.5551,48.9591,4.404,30,37.3307,36.2088,39.7257,13,52.4798,48.6078,57.4295,12,42.643,40.4966,43.2268,27,52.9491,51.7484,54.4716,11,20.9588,16.9096,22.9066,10,48.415,34.954,50.1425,36,26.5712,24.8621,28.28,8,42.2647,36.6847,46.7247
Mali,MLI,2023,8,48.2196,46.1607,50.2102,4.0495,30,37.1357,35.6853,39.1261,13,52.9269,49.318,58.5357,12,44.8415,42.6923,45.3795,26,54.4638,52.4283,54.9308,10,17.9008,13.881,20.5251,10,47.7366,38.3359,50.6128,35,31.4484,29.8436,33.487,8,44.7348,36.6374,46.8503
Mali,MLI,2024,8,48.6677,46.9018,50.3834,3.4816,30,35.8812,34.2577,37.9032,15,53.7767,49.8431,54.9609,12,49.1949,46.3852,49.2741,26,54.1378,52.9516,55.4447,10,19.7579,15.4556,22.4529,13,49.271,45.9262,54.7391,35,34.4353,32.7449,36.3884,8,37.5544,37.008,48.001
Mali,MLI,2025,8,51.5553,49.9854,53.0866,3.1012,30,38.7581,36.5865,40.2268,15,53.2763,50.8753,56.6598,12,49.946,47.2986,50.337,26,53.8697,52.3805,55.0298,10,19.1191,15.0937,21.653,13,50.9225,45.0466,53.9944,35,35.6566,33.9725,37.6006,8,48.4303,42.0647,50.7374
Malta,MLT,2009,8,85.4059,83.5363,87.2352,3.6989,26,75.5138,73.8771,77.9985,17,84.4642,80.5082,84.8598,12,69.8654,68.901,70.5552,30,79.2903,77.5876,80.8263,15,68.1392,66.969,79.1037,16,73.6634,70.1756,80.9973,40,53.1768,51.2767,55.2055,7,84.451,69.505,95.0901
Malta,MLT,2010,8,84.4023,82.6462,86.1226,3.4764,26,74.9753,73.5713,77.7772,19,80.0629,79.5326,81.1137,12,69.35,68.3702,70.1396,30,79.5797,78.3377,81.3493,16,73.0114,68.5758,78.0155,16,77.5796,72.2284,85.0257,40,55.2596,53.2562,57.2992,7,71.1192,66.2869,89.8835
Malta,MLT,2011,8,83.4538,81.9443,84.9366,2.9923,26,74.7365,73.7911,77.6738,19,79.9836,79.1646,80.6254,12,66.608,65.6524,67.3886,30,82.0456,79.7382,82.7124,16,70.587,66.3376,75.4151,16,75.7987,70.0243,80.4125,40,56.7871,54.7787,59.009,7,66.1168,65.8981,84.8338
Malta,MLT,2012,8,82.3884,81.3282,83.4351,2.1069,26,74.1299,72.9193,76.8146,19,78.6006,78.1315,79.7328,12,64.8906,64.0238,65.6904,30,81.0997,79.924,83.1186,18,66.5127,64.7359,70.1003,16,73.402,71.1448,82.5008,40,57.8932,55.9425,60.1793,7,67.3441,67.1257,77.2949
Malta,MLT,2013,8,83.9323,82.7826,85.0664,2.2838,28,73.8835,72.67,75.0328,19,77.9047,77.4785,79.0266,12,68.699,67.7293,69.4348,31,80.2962,79.396,81.2135,19,66.6258,63.3984,67.9221,18,77.4943,76.2227,79.1172,40,57.8758,55.7794,60.1043,7,74.4573,66.589,83.8221
Malta,MLT,2014,8,84.8018,83.9681,85.6274,1.6593,28,73.0043,72.1302,74.4668,19,79.0114,77.9968,79.6662,12,71.8968,70.9921,72.6514,31,81.5859,80.568,82.4255,19,65.837,61.9947,66.1122,18,77.3624,76.1138,78.8824,40,59.4228,57.4691,61.5917,7,76.4292,70.511,82.5083
Malta,MLT,2015,8,83.8773,83.052,84.6946,1.6426,28,72.6304,71.4872,73.8531,19,79.2206,76.6836,79.3026,12,68.0902,67.2242,68.7515,31,81.4042,80.3714,82.0702,19,64.867,62.3221,66.9066,18,75.8617,74.743,77.3855,40,60.1945,57.9447,62.5132,7,74.0233,70.6675,81.26
Malta,MLT,2016,8,83.7212,82.8656,84.5682,1.7026,28,72.9158,71.7981,74.1777,19,78.5548,75.9723,78.876,12,64.2151,63.2677,64.8885,31,80.9208,79.8687,81.7693,16,66.0214,62.0791,71.6768,18,75.7577,74.633,77.4585,39,56.5963,54.3736,59.1405,7,79.2571,74.3165,81.6002
Malta,MLT,2017,8,83.7962,82.7041,84.8742,2.1701,28,73.0109,71.8902,74.2193,15,75.4461,72.8804,78.8856,12,63.794,62.9183,64.4608,31,82.3641,81.2836,83.1787,20,65.0831,62.7846,69.2275,16,73.1081,71.7553,74.5129,39,60.9485,58.6565,63.5218,7,81.6105,77.3628,91.395
Malta,MLT,2018,8,83.2855,81.9905,84.5607,2.5702,28,72.6155,71.5366,73.8663,15,75.323,73.1961,78.8636,12,67.7644,63.0317,68.4883,31,81.9985,81.0771,82.7219,20,62.0366,61.2114,66.4202,16,73.1753,71.9104,74.5188,39,59.5826,57.2813,62.0619,7,79.1218,73.73,90.8901
Malta,MLT,2019,8,82.4417,81.2282,83.6376,2.4094,28,72.636,71.653,73.8586,15,75.755,73.423,78.8424,12,64.6846,61.0878,66.9531,31,81.4608,80.5303,82.1699,20,62.06,59.7603,66.5002,16,70.6748,69.3854,71.922,39,55.5781,53.4098,57.7844,7,80.9229,73.4075,88.5501
Malta,MLT,2020,8,82.8707,81.719,84.0066,2.2876,28,72.6456,71.4642,73.8237,12,74.6032,71.6831,77.5684,12,63.2027,59.9604,65.3562,31,80.2487,79.0473,80.9687,20,62.8357,59.9681,65.9824,16,73.1791,71.9844,74.4253,40,59.2678,57.9284,60.4392,7,81.7737,69.4652,84.4672
Malta,MLT,2021,8,82.2706,80.949,83.5714,2.6224,28,74.1053,73.0729,75.4472,13,76.2742,73.7165,78.9227,12,61.8335,59.12,64.897,31,80.149,79.076,80.8732,13,61.484,59.2623,62.2774,16,73.8979,72.686,75.2658,40,59.8446,58.6048,61.1674,6,75.5113,70.435,89.8795
Malta,MLT,2022,8,80.9991,79.5913,82.3831,2.7918,29,74.6759,72.8557,77.0722,14,72.7658,70.4428,75.5883,12,66.3734,63.2192,66.5604,30,78.3199,77.1528,79.5961,13,60.2538,57.5093,61.3376,16,73.942,72.9032,75.2596,40,56.0832,54.8408,57.4222,6,71.5331,71.1954,90.8153
Malta,MLT,2023,8,78.964,77.4443,80.4554,3.0111,29,74.17,72.409,76.1656,14,70.0091,68.604,73.4033,12,58.0302,55.485,58.4096,30,76.4101,75.8451,78.4118,13,59.8046,57.2751,60.8743,17,71.3494,66.7278,76.6578,39,51.8319,50.5148,53.1546,5,74.9611,63.4416,82.9108
Malta,MLT,2024,7,79.8759,79.3575,80.391,1.0335,29,73.2598,71.1632,75.2184,16,71.5746,69.8292,72.2587,12,58.9711,56.3419,59.41,30,77.3885,76.1252,78.6036,13,60.6401,57.4968,61.5946,20,71.7223,69.6198,73.3324,39,55.1001,53.5553,56.4353,,,,
Malta,MLT,2025,7,78.6055,78.0431,79.1639,1.1208,29,72.5575,71.0259,75.0092,16,70.7355,69.4759,71.6065,12,55.2552,52.8008,55.6742,30,75.4432,74.1382,76.3582,13,61.5321,56.5731,62.5206,20,71.5683,69.5535,73.4243,39,50.7661,50.5014,51.0308,,,,
Mauritania,MRT,2009,8,35.5886,31.7997,39.1178,7.3181,27,33.1534,32.6184,36.3039,14,42.7169,40.8627,49.533,11,31.582,30.5435,33.0779,25,18.923,12.5093,25.6281,12,27.9533,21.9999,36.7324,7,62.2801,54.543,69.5727,41,15.4685,13.765,17.1933,9,42.4954,39.586,48.3272
Mauritania,MRT,2010,8,36.4191,32.7003,39.8899,7.1896,27,32.8412,32.6645,36.4086,16,37.2681,34.1136,41.294,11,27.5826,26.7218,29.4113,25,23.0138,18.4576,28.1304,12,30.274,20.8561,36.2858,7,62.6959,52.5628,68.4674,41,18.4241,16.7683,20.0298,9,45.7635,35.9657,47.6142
Mauritania,MRT,2011,8,33.2048,29.8827,36.3197,6.437,27,34.8012,32.7022,36.4506,17,38.562,34.1587,41.0593,11,15.5188,13.7364,16.8411,25,24.06,20.0464,29.8969,12,29.5882,20.735,35.1359,7,60.9168,52.7491,66.0772,41,16.8175,15.2504,18.7203,10,43.4389,41.5942,45.0368
Mauritania,MRT,2012,8,29.1834,25.6189,32.4979,6.879,27,34.833,32.1649,35.9369,16,36.0113,35.5392,42.0781,11,11.2125,10.1851,13.0665,25,22.9341,16.5531,29.1495,13,30.2455,22.9422,34.9392,7,55.9361,51.5336,63.2772,41,14.5716,12.6357,16.3519,10,42.5991,40.7655,44.0646
Mauritania,MRT,2013,8,33.95,30.7623,36.9482,6.1859,27,33.8826,31.9883,35.9975,15,41.1277,34.1462,42.2018,11,16.8532,15.9818,18.6012,25,28.5866,21.8328,31.9776,14,29.1135,25.1878,38.112,7,53.3731,48.6476,59.7767,41,17.1459,15.548,18.6725,9,45.3536,42.1052,48.6979
Mauritania,MRT,2014,8,25.0497,21.2329,28.5646,7.3317,27,32.4902,30.2396,34.225,15,36.1208,30.2177,38.8065,11,9.4858,8.2128,11.4238,25,24.2402,19.9618,30.4969,14,30.8132,23.1817,36.5423,7,45.8179,38.2629,47.9758,41,11.6797,9.6123,13.2101,9,42.0133,37.258,44.1101
Mauritania,MRT,2015,8,21.8318,17.9963,25.3484,7.3521,27,32.1999,30.7578,34.7251,16,28.1213,27.9264,36.9974,11,15.8918,14.3143,16.9678,25,26.8522,20.1705,29.7676,14,25.1882,23.1036,35.5815,9,45.6776,44.8043,53.6757,41,10.0796,8.0282,11.8085,10,40.3019,38.7908,41.8539
Mauritania,MRT,2016,8,18.7996,14.8251,22.417,7.5919,27,32.6943,30.95,34.5415,16,27.1665,26.6947,34.5382,11,17.8033,16.5837,19.3333,25,18.8181,13.5402,25.6928,11,24.137,18.5872,27.6013,9,48.0537,42.8953,52.0343,41,6.8554,5.239,8.3716,10,41.0401,39.6498,42.452
Mauritania,MRT,2017,8,18.9486,13.7304,23.5685,9.8381,27,35.2711,32.3179,36.2482,15,26.6133,22.7335,32.8445,11,12.2177,11.1835,13.8856,27,22.1721,18.3962,28.7229,12,22.02,19.3563,28.1053,8,50.895,38.1487,56.0101,41,7.914,6.321,10.0115,8,39.9741,38.8557,48.7488
Mauritania,MRT,2018,8,17.0683,10.5843,22.6267,12.0424,27,34.249,33.7017,37.3125,15,19.7288,19.5992,28.6303,11,26.6658,16.2679,28.3082,26,15.5776,0.0,16.6718,11,24.2389,20.1534,28.9832,8,42.7023,38.639,57.1768,41,9.257,7.3214,11.2113,8,42.1638,38.612,46.696
Mauritania,MRT,2019,8,21.4526,16.0872,26.2097,10.1225,27,35.497,33.7394,37.722,15,26.5454,19.2721,29.2912,11,18.8863,17.7075,28.0521,27,14.4611,0.0,16.6213,11,26.8137,22.0078,29.6195,8,51.2885,40.4009,58.1475,41,12.436,10.2503,14.502,10,40.178,38.5541,41.4607
Mauritania,MRT,2020,7,23.5288,17.8077,28.5825,10.7748,27,35.3429,34.4201,38.3936,12,35.5084,23.552,36.0492,11,21.7073,17.936,28.8799,24,17.1776,0.0,19.7529,13,24.4472,22.7577,30.9386,8,47.5513,40.7972,58.111,,,,,10,37.1201,35.3415,38.3596
Mauritania,MRT,2021,7,20.5465,14.8517,25.5516,10.6999,27,34.9605,33.4306,37.2523,12,31.767,25.7314,36.0065,11,19.9623,18.2299,27.4095,24,25.4586,9.2524,27.2839,8,12.0676,7.4397,15.1746,9,49.6349,43.7361,59.5212,,,,,8,36.045,30.2168,42.1168
Mauritania,MRT,2022,,,,,,27,38.3815,36.8371,42.3885,,,,,,,,,,,,,7,8.1089,4.6925,11.792,9,53.8938,44.2672,60.6269,,,,,8,32.9289,29.7716,37.9759
Mauritania,MRT,2023,,,,,,27,39.1799,34.9562,40.2642,,,,,,,,,,,,,6,7.0841,3.5813,11.6849,7,54.2401,49.5002,66.1043,,,,,7,35.8792,27.5121,40.7885
Mauritania,MRT,2024,5,24.3043,19.7862,28.401,8.6148,28,35.8314,34.6142,39.4462,6,40.9522,29.3877,47.7484,,,,,,,,,6,4.6773,3.1937,11.5237,8,57.4168,48.1847,58.7526,,,,,7,36.6402,29.0152,40.8596
Mauritania,MRT,2025,5,24.1552,19.6937,28.2045,8.5108,28,33.8472,32.5592,37.5875,6,40.9522,29.3877,47.7484,,,,,,,,,6,9.0131,3.2133,11.2457,8,52.9812,49.1647,59.8032,,,,,7,37.3482,33.4794,43.5951
Mauritius,MUS,2009,8,79.1068,78.2513,79.9533,1.702,27,71.8825,70.6758,73.0774,18,75.769,71.9853,77.233,12,58.7886,57.9282,59.5171,30,78.9056,76.9244,78.9627,21,65.8526,64.648,68.9839,11,67.2117,61.7113,72.5248,45,47.2596,47.0332,47.486,10,69.8312,68.7534,71.152
Mauritius,MUS,2010,8,78.4193,77.6585,79.173,1.5145,27,71.4783,70.2301,72.3919,20,76.0371,75.3784,76.5399,12,57.8997,56.9699,58.6861,30,78.1653,76.7917,79.0605,21,60.5172,55.7015,60.641,16,69.3168,64.5249,74.8043,45,46.113,45.9382,46.2878,10,70.5674,69.1167,71.9048
Mauritius,MUS,2011,8,78.264,77.6211,78.9018,1.2807,27,71.8342,70.5959,73.0864,20,76.5448,75.957,77.1549,12,55.2085,54.3145,55.9145,30,78.6803,77.0391,79.1423,21,57.8653,54.2213,59.2737,16,71.7171,64.4353,72.0408,45,48.0059,47.746,48.2659,10,69.0723,67.5965,70.3637
Mauritius,MUS,2012,8,77.1279,76.3937,77.8553,1.4616,27,71.7361,70.3717,73.0453,20,76.1191,75.5007,76.731,12,54.253,53.3895,55.0645,30,79.0144,77.6417,80.1566,21,55.3812,51.7282,56.5766,16,66.7488,64.9235,73.589,45,49.6611,48.0401,51.3489,10,67.1592,65.7896,68.5692
Mauritius,MUS,2013,8,78.1448,77.4062,78.8767,1.4705,27,72.8034,71.3215,73.8981,20,76.5418,75.9644,77.1176,12,56.6767,55.7406,57.4573,31,78.2179,77.2045,78.8976,22,52.9267,51.2514,55.822,16,72.4605,64.8299,74.4668,45,51.5917,50.1291,53.1664,10,67.8109,66.7665,68.8809
Mauritius,MUS,2014,8,78.5447,77.7877,79.2947,1.507,27,72.0093,70.7958,73.3238,20,77.4527,76.8831,77.9606,12,58.1117,57.2065,58.8598,30,80.9176,79.5488,81.8632,22,51.7181,50.5498,55.0029,16,71.512,65.8976,75.9701,45,52.3168,50.6898,53.9696,10,67.7869,66.7446,68.8552
Mauritius,MUS,2015,8,78.506,77.8402,79.1663,1.3261,27,72.0655,70.8008,73.2246,20,77.842,77.1984,78.4051,12,59.4368,58.5788,60.0728,30,80.6356,79.4292,81.9917,23,52.9641,51.0354,55.1112,16,66.6354,63.7228,72.1239,45,54.9365,53.4567,56.4727,10,67.1305,66.0099,68.3193
Mauritius,MUS,2016,8,77.4876,76.5744,78.3904,1.816,27,72.1701,70.8303,73.1973,20,78.0013,77.4496,78.6663,12,54.8515,53.9997,55.4891,30,78.5579,77.7578,80.293,17,53.8427,53.3539,62.9839,16,69.4948,64.9381,73.9142,45,49.5476,49.2182,49.8769,10,66.5347,65.3952,67.6872
Mauritius,MUS,2017,8,77.1511,76.3902,77.9048,1.5146,27,72.6061,71.5123,73.6775,16,76.8227,75.4143,80.9261,12,56.0415,55.1544,56.806,30,78.6351,78.008,80.4464,21,53.7911,50.3116,56.2764,17,62.3425,61.1222,63.7508,45,54.3837,52.7338,56.0234,9,66.3011,64.2268,69.4798
Mauritius,MUS,2018,8,77.9869,76.8619,79.0962,2.2343,27,72.6698,71.2332,73.78,16,77.2975,75.3856,80.295,11,62.1681,50.3081,66.6524,31,75.0212,73.9965,75.7449,24,55.6585,54.5498,57.8162,17,63.921,62.7869,65.1339,45,54.9287,53.163,56.6929,9,66.7834,63.5079,68.9975
Mauritius,MUS,2019,8,76.0149,75.106,76.9135,1.8075,27,72.8499,71.519,74.0036,16,78.1842,75.8983,80.7983,11,51.7325,49.0708,61.507,31,73.9869,72.8212,74.7149,24,55.2853,53.3003,56.5124,17,62.8233,61.8741,64.0324,45,53.8464,52.0594,55.6081,10,63.278,62.1641,64.8373
Mauritius,MUS,2020,8,75.9602,74.876,77.0296,2.1536,27,72.2367,71.1358,73.6722,13,76.7361,75.9792,81.063,11,55.2563,48.5473,64.1493,31,72.4361,71.3157,73.0865,24,53.4286,51.4554,54.8341,17,66.5234,65.5095,67.5271,45,53.3253,52.1194,54.4793,10,62.4487,61.4302,63.9254
Mauritius,MUS,2021,8,76.8593,75.841,77.8647,2.0237,27,70.2698,69.8702,72.5282,14,80.939,77.2852,81.6603,11,60.3367,47.0804,61.0902,31,72.0288,70.9031,72.6517,16,55.5997,54.158,56.5212,17,67.7049,66.6912,68.7171,45,53.0201,51.8524,54.1674,9,58.9425,58.6714,64.4453
Mauritius,MUS,2022,8,75.7237,74.8808,76.5576,1.6768,28,66.7892,64.8209,69.4681,15,79.427,75.7931,79.7494,11,54.1663,48.9903,61.0546,30,70.754,69.2912,71.7875,16,54.782,53.7311,55.8138,17,69.2109,68.1819,70.4399,45,50.3624,50.1158,50.6089,10,63.1112,62.3188,64.2383
Mauritius,MUS,2023,8,74.0682,73.2291,74.8983,1.6692,28,65.7906,63.6976,68.7021,15,76.6326,74.5673,78.6993,12,49.6156,47.0406,49.8798,29,71.6012,69.6312,72.3285,16,53.3588,51.6953,54.0425,18,69.6626,64.9341,73.8774,44,47.3842,47.2717,47.4967,9,61.5253,60.7271,64.5999
Mauritius,MUS,2024,8,74.7655,74.2444,75.2831,1.0387,28,65.0266,63.1105,67.8657,17,76.0729,75.438,76.6254,12,50.6398,47.992,50.7585,29,72.6719,70.7071,73.282,16,53.2557,52.0231,54.3189,21,68.8073,66.8727,70.2966,44,50.5151,50.2617,50.7685,9,63.8429,61.3971,65.3829
Mauritius,MUS,2025,8,73.8984,73.3662,74.427,1.0608,28,65.0504,63.9404,69.4885,17,75.8957,75.2679,76.4157,12,46.954,44.7199,47.4731,29,70.8116,69.0326,71.4185,16,53.4556,52.1487,54.5645,21,68.5707,66.7942,69.9402,44,46.1814,46.1229,46.2398,9,66.7602,63.9943,67.6373
Mexico,MEX,2009,8,63.1771,62.3892,63.9563,1.5671,28,52.0319,50.8412,53.1119,18,68.4619,62.7529,68.4806,12,27.0221,25.839,28.1693,29,68.8239,67.7721,69.936,22,54.8904,53.0204,56.4604,17,47.1116,43.609,48.8647,51,33.6481,32.6945,34.5644,10,61.3389,60.1005,62.156
Mexico,MEX,2010,8,62.7017,62.0864,63.3116,1.2252,28,51.7531,50.7287,52.9056,20,67.1923,66.5475,67.7197,12,27.7893,26.7872,28.9165,29,69.0177,68.1531,70.5094,22,49.8927,48.0674,51.2837,17,47.5263,43.8388,49.0221,51,34.8798,33.8968,35.7747,10,62.712,61.3923,63.5904
Mexico,MEX,2011,8,61.7657,61.1727,62.3536,1.1809,28,50.7931,50.2696,52.6366,20,66.5232,65.867,66.9969,12,27.1748,26.075,28.3472,29,68.8205,67.9513,70.4096,22,44.0636,43.1143,46.0049,17,48.5319,44.8405,50.0246,51,35.6778,34.8383,36.5723,10,63.3827,62.2338,64.1487
Mexico,MEX,2012,8,62.9025,62.3241,63.4761,1.152,28,51.4893,50.2709,52.4562,20,66.0404,65.3942,66.5259,12,30.7903,29.6499,31.8973,29,69.2423,68.3068,70.9067,22,44.8991,43.3062,46.1143,17,47.5408,44.8256,49.8954,51,39.7556,39.6443,39.8669,10,63.3049,61.9726,64.0575
Mexico,MEX,2013,8,63.0932,62.537,63.645,1.108,28,51.7773,50.5442,52.7861,20,65.4184,64.7617,65.8719,12,35.331,34.3605,36.4109,29,68.2926,67.4498,69.9901,23,45.0986,43.7916,46.0812,17,47.8406,46.3158,51.0495,51,40.6702,40.6001,40.7404,10,60.7995,59.9653,62.4698
Mexico,MEX,2014,8,64.2621,63.7081,64.8117,1.1036,28,51.0337,50.1701,52.5124,20,65.3809,64.7504,65.8829,12,38.2833,37.3939,39.3164,29,69.1146,67.2875,69.7001,23,45.7361,44.0888,46.431,17,48.5861,47.5545,52.5955,51,43.0808,43.0425,43.1192,10,61.8108,60.991,63.5401
Mexico,MEX,2015,8,64.1,63.5617,64.6343,1.0726,28,51.2491,49.7821,52.1673,20,64.5981,63.9242,65.1157,12,39.1068,38.177,40.0416,29,66.4066,65.8304,68.4365,23,46.7759,45.3597,47.6796,17,49.8211,47.1996,51.7788,51,43.0875,43.0488,43.1261,10,61.4603,60.5371,63.2648
Mexico,MEX,2016,8,65.604,64.915,66.2865,1.3715,28,51.68,50.055,52.6989,20,63.6855,63.0178,64.2323,12,36.8423,35.6851,37.8999,29,65.4145,65.2121,67.4988,23,58.0074,54.3842,60.5473,17,53.0598,49.9081,54.0744,51,42.0443,42.036,42.0526,10,61.2741,60.3795,63.3339
Mexico,MEX,2017,8,66.6894,65.869,67.5006,1.6316,28,52.0694,50.5887,52.9996,16,61.6145,60.0468,66.5815,12,38.1621,37.1497,39.1913,29,65.5702,64.5358,66.799,24,58.189,54.7049,60.586,16,56.4041,55.1747,57.7786,51,44.8103,44.6941,44.9265,10,63.2687,62.1548,64.4442
Mexico,MEX,2018,8,64.6751,63.7935,65.546,1.7525,28,50.9354,49.6274,52.0527,16,60.0348,58.1749,65.0614,12,36.2893,33.9494,39.8761,30,63.4372,62.4024,64.3525,24,52.4207,49.9632,54.682,16,58.5108,56.8975,59.402,51,44.078,43.9948,44.1612,10,61.2415,60.1852,62.3911
Mexico,MEX,2019,8,65.5581,64.7307,66.3761,1.6454,28,49.9855,49.2117,51.5531,16,64.1031,59.1459,65.545,12,40.9197,37.9955,43.8439,30,63.7311,62.7637,64.5853,24,50.5441,48.0952,52.2074,16,58.2176,56.7783,59.137,51,44.832,44.7148,44.9491,10,60.2865,59.1523,61.4872
Mexico,MEX,2020,8,64.5095,63.6537,65.355,1.7013,28,49.3093,47.6874,49.9761,13,62.8923,57.6671,64.9862,12,35.9455,35.1921,40.8795,30,63.4364,62.4962,64.3258,24,48.2635,46.556,49.8697,16,62.7405,61.3765,63.6326,45,44.3667,44.1657,44.5676,10,58.4842,57.4173,59.5413
Mexico,MEX,2021,8,63.4382,62.4682,64.395,1.9268,28,48.2077,47.3542,49.6128,14,60.4039,54.9326,62.2406,12,34.0827,32.6564,38.383,30,62.9481,61.9263,63.6589,16,47.8643,46.5488,48.826,16,64.8963,63.653,65.77,45,41.3119,40.1557,42.6753,9,58.5275,53.5637,59.3667
Mexico,MEX,2022,8,61.7614,60.9448,62.5685,1.6237,30,48.6267,47.1266,50.6626,15,56.9651,53.9815,60.6283,12,34.1926,32.2458,35.2398,29,60.3381,59.0706,61.7749,16,46.98,45.7344,47.9468,16,66.7425,66.0796,68.1723,45,38.3232,36.988,39.6686,10,56.2139,54.7503,57.5541
Mexico,MEX,2023,8,61.9174,60.8009,63.0163,2.2154,30,47.4612,45.5887,49.3567,15,56.4388,51.8109,58.1257,12,33.87,31.7476,34.46,29,59.0703,58.0552,60.7901,16,47.2973,45.9842,48.2853,16,66.9441,62.1387,71.5094,44,36.8789,35.4392,38.2572,9,60.9913,57.4446,61.6145
Mexico,MEX,2024,8,62.5656,61.8354,63.2882,1.4528,30,46.015,44.5871,48.227,17,57.4287,56.3539,60.5731,12,36.5241,34.0627,36.859,29,59.6702,59.1393,61.7953,16,47.7078,46.5434,48.6307,19,65.5563,62.711,67.2017,44,39.0552,37.4983,40.5187,9,60.9391,58.1105,61.6666
Mexico,MEX,2025,8,63.0086,62.2834,63.7263,1.4429,30,44.1117,42.6383,46.3751,17,61.0048,57.0098,61.2533,12,34.5525,32.509,35.3693,29,59.3978,58.4554,60.9534,16,47.3566,46.1845,48.4393,19,66.638,64.1746,68.0666,44,39.3633,38.0969,40.7491,9,62.1218,58.4492,62.7965
Moldova,MDA,2009,8,58.6311,56.8579,60.3585,3.5006,28,48.6146,46.1703,49.5895,17,41.2629,38.4293,45.4835,12,75.2625,74.3436,76.0665,30,59.8456,59.0747,60.6897,14,31.6696,27.0757,41.0189,10,40.8642,31.833,43.7514,44,34.8121,33.0724,36.2171,10,63.2082,62.0713,64.1635
Moldova,MDA,2010,8,59.383,57.9454,60.7905,2.8451,28,49.2698,47.2526,50.2492,17,47.2528,43.8117,50.6939,12,73.7466,72.7711,74.461,30,59.7768,58.8823,60.359,14,29.1547,27.5118,40.141,15,42.109,38.7204,45.1986,44,35.1225,33.5339,36.71,10,62.9687,61.6506,63.9575
Moldova,MDA,2011,8,54.6807,53.2776,56.0537,2.7761,28,50.969,50.1489,53.2131,19,41.3257,40.3881,45.5091,12,56.2993,55.459,57.1557,30,58.5928,57.6704,59.4265,15,31.0648,28.22,40.0838,15,43.7167,38.7274,45.5348,44,30.2442,28.7253,31.693,10,58.6852,57.2443,59.6235
Moldova,MDA,2012,8,56.5142,55.177,57.8247,2.6477,28,52.8334,50.9072,53.8869,19,47.5355,43.8243,48.4283,12,55.4302,54.5612,56.253,30,60.4346,59.664,61.1867,15,31.4504,28.3264,39.1856,15,44.865,40.5022,48.1251,44,32.895,31.3209,34.3355,10,55.6084,54.0007,56.5476
Moldova,MDA,2013,8,55.6857,54.2536,57.0869,2.8333,28,52.4711,51.2796,54.1783,19,48.7308,44.2372,50.2923,12,57.0453,56.1694,57.7251,30,59.2231,58.5633,60.112,16,30.2917,28.1274,37.567,15,44.087,40.6706,48.1703,44,31.8224,30.123,33.3405,9,52.6596,49.1303,55.7161
Moldova,MDA,2014,8,55.9714,54.7272,57.1922,2.465,28,52.3256,51.2199,53.4894,19,48.0468,44.4031,49.3425,12,55.2566,54.4232,56.0257,30,57.3559,56.3918,58.2376,16,29.8283,28.2717,37.6899,15,47.7994,44.0944,51.2905,44,30.9027,29.4386,32.4315,10,56.4571,55.415,57.3802
Moldova,MDA,2015,8,56.9254,55.6684,58.1588,2.4904,28,52.7906,50.9611,53.5959,19,46.8872,45.3259,50.428,12,54.4695,53.6542,55.2247,30,58.8841,58.0133,59.6983,16,32.6738,28.8446,38.3893,15,46.1979,44.3706,52.5051,44,34.7213,33.2054,36.1585,10,57.0365,56.0011,58.0646
Moldova,MDA,2016,8,55.4903,54.2728,56.6854,2.4126,28,51.9602,49.8639,52.6531,19,47.36,45.8333,51.8308,12,50.3043,49.4293,51.1138,30,56.1453,55.254,57.0873,13,30.8706,24.1129,32.8176,15,51.6094,45.4948,52.2621,44,30.2353,28.7339,31.8738,10,56.3039,55.2698,57.3473
Moldova,MDA,2017,8,53.0843,51.6263,54.5095,2.8832,28,51.203,49.6492,52.3204,16,40.3508,38.9251,47.1177,12,46.7538,45.8821,47.6675,30,53.4459,52.6154,54.6279,14,29.7558,23.8989,32.644,13,55.3115,51.1144,58.1846,44,29.3508,27.8243,31.1089,10,55.8788,54.6885,57.0493
Moldova,MDA,2018,8,54.2665,52.652,55.8413,3.1893,28,52.5258,51.1159,53.2887,16,45.9846,42.3266,50.5972,11,45.1072,42.5253,54.4162,30,55.8137,55.5539,57.7188,14,28.0967,26.2967,33.3484,13,55.6403,52.7217,59.5963,44,30.3966,29.0177,31.9761,10,54.3905,53.3342,55.4574
Moldova,MDA,2019,8,57.9562,56.5061,59.3754,2.8693,28,52.1419,50.604,53.0386,16,49.5943,44.2591,52.5542,11,50.1549,44.4808,56.3334,30,58.5841,56.8041,59.2592,14,32.7019,29.5098,36.2411,13,58.0701,54.5639,60.7916,44,34.5475,33.0483,36.1728,10,53.4495,52.4224,54.6069
Moldova,MDA,2020,8,58.4678,56.9147,59.9856,3.0709,28,53.1345,52.1196,54.4161,13,48.8155,44.9417,53.1896,11,49.737,46.8666,60.2298,30,55.5814,54.158,56.6443,18,33.1577,29.0441,35.0428,13,64.4025,60.1912,67.5465,44,35.9637,34.743,37.1969,10,52.4699,51.495,53.7012
Moldova,MDA,2021,8,59.0761,57.4993,60.6167,3.1174,28,55.047,53.856,55.8961,14,51.0148,46.7314,54.5506,10,48.319,47.4677,58.9839,30,56.0089,54.3623,57.0559,11,31.2425,28.2783,34.8512,13,68.0991,64.1785,71.3638,44,36.1168,34.908,37.4777,8,51.3183,49.8651,56.2253
Moldova,MDA,2022,8,60.6272,59.3617,61.8696,2.5079,27,54.3367,51.6074,56.3795,14,50.5319,50.0896,59.531,11,48.2397,46.9471,51.7181,29,55.1404,53.9992,57.1262,12,31.5133,29.4471,34.5469,13,75.702,69.4987,76.2617,44,39.9076,39.6837,40.1315,10,51.7957,51.1285,52.8114
Moldova,MDA,2023,6,59.9683,58.1805,61.7101,3.5296,27,54.0998,52.1999,57.1932,,,,,,,,,19,55.3989,51.5006,61.0549,11,32.1939,27.751,34.6172,13,61.5766,57.5152,75.2834,19,47.9092,47.773,48.0453,8,51.8882,49.5681,53.9156
Moldova,MDA,2024,7,62.627,60.5647,64.6299,4.0652,27,56.5441,54.0245,58.7007,7,52.7024,50.5978,65.629,,,,,19,55.8052,51.3294,60.4022,11,29.559,27.5908,35.445,14,81.5133,74.7529,88.2737,19,43.8349,43.7878,43.8821,8,52.3162,50.0913,53.9479
Moldova,MDA,2025,7,66.0058,64.1591,67.8062,3.6471,27,59.8437,54.8537,60.1,7,55.6633,50.0926,64.8602,,,,,19,56.8106,51.2264,60.3633,11,36.1261,28.8657,36.1524,14,83.5506,72.0557,83.8764,19,48.5169,48.3533,48.6804,8,54.232,51.1737,55.5173
Mongolia,MNG,2009,8,58.9901,57.2733,60.6641,3.3908,29,50.3746,49.4403,51.4056,17,50.3485,45.4947,51.9823,12,58.511,57.5293,59.3956,31,64.0551,63.3737,64.7824,15,49.7821,42.6662,56.5866,9,44.3738,42.59,53.382,43,22.2633,20.2769,24.315,9,53.4034,50.4186,54.9964
Mongolia,MNG,2010,8,58.3329,57.0263,59.6144,2.5881,29,50.9492,50.0641,51.9937,19,49.0737,47.0198,50.1775,12,59.9202,58.8837,60.6974,31,64.3719,63.7446,65.0851,16,39.382,37.3618,45.9425,9,50.4675,42.6384,53.334,43,22.9916,21.0029,24.8835,9,53.2333,51.6385,56.2054
Mongolia,MNG,2011,8,58.0847,56.8502,59.2968,2.4466,29,51.0453,50.1948,52.0576,19,48.9717,47.163,50.3793,12,56.7126,55.7824,57.5767,31,64.9903,64.2561,65.7102,18,38.5381,34.1754,39.8167,9,48.7371,44.8063,56.4386,43,26.5502,24.4464,28.6704,9,53.2136,51.1081,55.5273
Mongolia,MNG,2012,8,57.8813,56.7267,59.0162,2.2895,29,51.5956,50.6082,52.6134,19,48.1154,47.8209,50.8205,12,57.5645,56.5761,58.3981,31,65.4548,64.6617,66.1399,18,32.924,29.6284,34.7609,10,52.221,48.0714,58.8245,43,29.0314,26.9426,31.1188,9,51.592,50.4901,55.1076
Mongolia,MNG,2013,8,58.5686,57.0197,60.0825,3.0628,29,51.9648,51.0306,53.0224,19,51.446,48.6433,51.6805,12,59.0089,58.1622,59.8317,31,64.8569,64.1089,65.6313,20,32.3206,27.6834,34.6602,9,51.1985,49.4636,60.1255,43,28.4996,26.2511,30.5723,9,53.0493,44.8783,56.0461
Mongolia,MNG,2014,8,57.8939,56.6101,59.1533,2.5432,29,52.8755,51.9757,53.9049,19,51.1552,49.0321,52.2515,12,58.965,58.0319,59.8141,31,64.9733,64.2683,65.6789,20,31.7601,28.7473,34.7729,9,57.6803,51.1338,62.9071,43,27.1138,25.1273,29.2244,10,44.4833,43.1665,48.0254
Mongolia,MNG,2015,8,56.9749,55.7089,58.2171,2.5082,29,54.0206,53.0406,55.058,19,51.8902,50.0755,52.9672,12,61.3604,60.298,62.2118,31,65.1634,64.4242,65.9078,20,23.8037,23.2884,28.8993,9,56.2997,52.3641,64.1311,43,30.8294,28.9614,32.7662,10,41.3636,39.8995,44.855
Mongolia,MNG,2016,8,56.4706,55.2074,57.7098,2.5024,29,55.7041,54.7605,56.7833,19,52.8786,51.4513,54.2696,12,60.0873,59.044,60.9629,31,63.8217,63.0996,64.4969,16,20.7389,16.5044,25.4754,12,57.7176,53.2656,62.1695,43,31.1767,29.1898,33.2417,10,40.1862,38.9227,43.7864
Mongolia,MNG,2017,8,58.3748,56.9633,59.757,2.7937,29,56.4706,55.4925,57.4125,15,52.9669,50.7402,58.5814,12,55.1923,54.2008,56.079,31,61.582,60.8039,62.3579,16,20.5909,17.6785,27.0033,15,57.8528,51.3896,59.1223,43,31.5638,29.6641,33.6397,10,56.6714,54.5572,58.8073
Mongolia,MNG,2018,8,57.1147,55.5888,58.6061,3.0173,29,56.4697,55.5776,57.5443,15,56.1262,50.2381,58.4253,11,51.6053,44.4332,54.296,31,56.9816,55.8982,57.7036,16,25.5334,20.7391,28.9734,15,55.3825,51.7494,59.0168,43,31.3246,29.2594,33.5572,10,51.3813,49.9616,52.9412
Mongolia,MNG,2019,8,56.9508,55.5055,58.3651,2.8596,29,56.2468,55.3613,57.3591,15,56.4114,50.8984,59.1744,11,46.6153,44.6106,54.8348,31,58.675,57.5508,59.3612,16,25.1452,22.8669,32.0792,16,58.0336,56.9595,59.2723,43,33.3999,33.0026,33.7972,10,48.8241,47.2898,50.3964
Mongolia,MNG,2020,8,57.5508,56.236,58.8401,2.6041,29,55.654,54.7679,56.6745,12,57.7356,48.5274,58.3422,12,50.7431,43.1865,50.7724,31,59.1167,57.8595,59.8073,19,28.3319,23.0508,29.226,16,58.4585,57.5055,59.7035,43,29.5499,28.2266,31.0336,10,47.0234,45.4757,48.6815
Mongolia,MNG,2021,8,54.7755,53.327,56.1921,2.8651,29,56.5152,55.5618,57.5045,13,48.6246,48.1847,57.5656,12,48.3882,43.7102,51.196,31,59.687,58.5971,60.4507,13,22.9559,22.8559,28.0076,16,57.2746,56.2373,58.467,43,31.0029,29.56,32.3965,9,47.6055,42.3161,49.5758
Mongolia,MNG,2022,8,54.2345,53.0446,55.4027,2.3581,28,52.6175,52.4253,56.6889,14,54.0188,48.0934,56.2121,12,42.5938,40.7882,43.3359,30,58.1523,56.943,59.1655,14,26.4464,21.7711,27.8124,16,58.5774,57.5689,59.788,43,29.3558,28.0465,30.9111,10,44.7569,42.7462,47.1635
Mongolia,MNG,2023,8,53.9512,52.3026,55.5583,3.2557,28,54.8957,51.4323,55.7386,14,53.8944,48.378,56.6973,12,39.385,38.4056,41.0379,30,58.115,57.03,59.7045,12,24.6149,20.3965,25.9895,16,53.4801,48.6463,59.2925,42,30.7992,29.4275,32.3708,9,49.8244,46.081,53.4733
Mongolia,MNG,2024,8,52.944,51.6283,54.2328,2.6045,28,54.5776,51.4001,56.1276,16,54.2397,50.4598,56.8138,12,39.5455,37.7322,40.4768,30,57.6974,57.0148,59.7537,12,22.5951,20.6386,26.5603,19,49.7287,47.6119,52.2586,42,29.4455,28.0679,30.9548,9,51.3134,47.5194,54.9725
Mongolia,MNG,2025,8,53.4907,52.1512,54.8025,2.6513,28,54.6141,51.8503,57.0085,16,55.1066,51.0351,57.5674,12,35.4883,34.3243,36.8301,30,57.9252,56.8176,59.5188,12,24.6179,21.1868,27.2484,19,50.8952,46.7469,51.6262,42,29.4635,28.0812,30.9836,9,53.3282,49.2965,56.7922
Montenegro,MNE,2009,8,73.2722,71.684,74.8282,3.1442,27,57.3908,56.8516,60.4873,16,67.8047,60.7557,69.4178,12,73.5102,72.5702,74.3115,30,70.1923,68.8805,70.9105,15,60.1193,56.3941,71.2491,15,47.6051,42.6396,51.1038,46,48.1365,46.9774,49.2998,8,65.771,57.5591,68.1321
Montenegro,MNE,2010,8,72.215,70.8975,73.5101,2.6126,27,59.602,58.3143,61.1533,18,66.326,64.7969,69.7693,12,71.7149,70.672,72.5156,30,70.3382,69.1755,71.3121,15,59.683,55.0572,68.4017,15,49.3811,42.7667,51.1147,46,47.5005,47.2632,47.7377,9,59.057,53.9814,62.6362
Montenegro,MNE,2011,8,71.6123,70.2554,72.9452,2.6898,27,60.2986,58.2518,61.1172,18,66.8153,65.1953,69.9906,12,67.4421,66.4957,68.2382,30,70.8961,69.3012,71.5237,15,62.9846,50.9513,65.5938,15,42.7776,39.5892,47.0261,46,48.9638,47.8295,50.279,9,58.3524,55.5065,61.8685
Montenegro,MNE,2012,8,69.8307,68.4505,71.1858,2.7353,27,60.3489,58.6689,61.4238,18,68.888,64.8804,70.338,12,66.1915,65.3015,67.0336,31,70.4,69.5845,71.1681,15,52.1791,48.4373,62.8649,15,43.8064,41.2733,49.1074,40,48.4556,48.1753,48.7358,9,55.7424,52.6917,59.8779
Montenegro,MNE,2013,8,68.2925,66.9722,69.5895,2.6173,27,61.6601,59.4613,62.4198,18,65.2625,64.1148,69.3171,12,63.913,62.9859,64.7166,31,70.2239,69.3807,70.8311,15,50.0949,46.4461,59.8635,15,39.2109,35.3836,43.0381,40,46.2673,46.0855,46.449,9,58.926,56.2011,61.3797
Montenegro,MNE,2014,8,69.4574,68.2257,70.6691,2.4434,27,62.0061,59.9245,62.8982,18,67.6587,63.2802,68.1033,12,60.8781,59.9434,61.5679,31,71.2143,70.3255,71.9834,15,49.9776,44.6007,57.0845,15,44.3112,42.8692,50.3822,40,46.6287,46.4307,46.8267,9,60.4471,57.321,62.6228
Montenegro,MNE,2015,8,68.4273,67.2347,69.6008,2.3661,27,62.3195,60.8268,63.165,18,65.4103,62.9659,68.6611,12,59.3692,58.4663,60.1793,31,71.1675,70.2772,71.8781,15,44.5813,42.7061,53.7067,15,44.7552,42.3744,50.2165,40,45.2123,45.078,45.3465,9,63.4287,60.8448,65.308
Montenegro,MNE,2016,8,67.5462,66.5004,68.5773,2.0769,27,62.3224,60.9072,63.4636,18,63.8506,62.9585,68.0224,12,54.3228,53.4364,55.14,31,70.6195,69.7114,71.3393,10,44.1836,37.7479,46.883,15,48.0329,44.6152,51.9989,40,41.3141,41.2729,41.3552,9,65.0177,61.7588,66.1054
Montenegro,MNE,2017,8,66.1216,65.0547,67.1728,2.1181,27,63.3197,61.7719,64.1001,16,64.9734,59.68,66.4883,12,48.3342,47.451,49.0993,31,69.3092,68.4828,70.1274,12,42.4312,38.7181,45.9634,13,51.6218,49.3384,56.7393,40,40.0661,39.9688,40.1634,9,59.77,57.5568,61.9681
Montenegro,MNE,2018,8,66.7723,65.5184,68.0048,2.4864,27,62.9961,61.5736,64.2138,16,63.3817,58.5344,65.4711,12,52.9849,48.2856,54.132,31,68.5557,67.4494,69.2761,11,39.9318,35.6219,44.2417,13,58.6138,53.6036,62.4857,40,41.1722,41.1247,41.2197,9,57.8539,55.3863,59.7813
Montenegro,MNE,2019,8,69.2132,68.0993,70.3105,2.2112,27,63.1993,61.3651,64.0918,16,61.4838,60.1163,66.9527,12,55.3434,50.8321,56.2103,31,70.6234,69.5373,71.2759,12,48.513,44.389,50.6694,13,55.7515,55.4314,64.5473,40,47.1365,46.9156,47.3573,9,60.5028,58.4244,62.5812
Montenegro,MNE,2020,8,69.7144,68.5942,70.818,2.2238,27,63.4039,61.867,64.3196,13,62.5976,61.616,68.471,12,51.2052,48.586,54.3675,31,71.1637,70.0968,71.8729,12,46.9867,44.1661,51.2655,13,63.7858,62.1978,71.4754,40,49.6594,49.4445,49.8743,9,57.2807,55.3357,59.3522
Montenegro,MNE,2021,8,70.6073,69.5056,71.6931,2.1875,27,63.2858,61.7844,64.5015,14,63.9796,62.9816,68.4139,12,50.9274,47.2869,53.1023,30,70.5463,69.9948,71.9063,11,49.8045,47.3918,52.2046,13,68.2064,64.7368,73.9776,39,48.6223,48.4541,48.7906,8,56.7942,54.1932,62.3152
Montenegro,MNE,2022,8,69.0992,68.0716,70.1128,2.0412,26,63.4571,58.6933,64.2396,15,61.0538,57.7415,63.1416,12,47.8722,46.5117,49.0017,26,67.2029,65.2424,69.2102,11,49.706,45.8978,51.3709,13,70.6374,67.4395,75.1295,39,41.738,41.5964,41.8795,9,59.7696,57.0989,63.2635
Montenegro,MNE,2023,8,66.1152,64.6832,67.5193,2.8361,26,61.3692,58.6714,64.9583,14,58.6846,54.4823,60.7981,12,43.413,41.4285,43.9938,26,64.8788,62.4766,66.6601,11,47.6818,44.905,50.4355,14,71.17,60.5494,74.4096,38,34.8634,33.3006,36.4871,8,58.1124,57.3213,63.974
Montenegro,MNE,2024,8,65.6707,64.3277,66.989,2.6613,28,63.1071,59.9431,64.6703,15,56.6547,53.9205,60.441,12,42.3195,40.3361,42.8988,26,64.081,62.5134,67.0232,11,48.1103,45.4868,50.3179,14,65.6655,61.4547,73.1696,38,36.0184,34.5054,37.6631,8,61.6948,56.7707,63.779
Montenegro,MNE,2025,8,64.6508,63.2949,65.9813,2.6864,28,63.2695,60.6708,65.0783,15,59.1411,53.3022,60.4385,12,41.2483,39.258,42.0553,26,62.6246,62.1383,66.6654,11,47.8653,45.6973,50.8594,14,61.1271,60.7151,71.2772,38,34.7787,33.0744,36.4459,8,60.3403,58.1887,64.8392
Morocco,MAR,2009,8,58.184,56.6698,59.6645,2.9947,27,41.7564,41.0378,44.9002,18,62.5509,60.9391,66.7418,12,48.8985,47.9219,49.9149,30,53.9953,53.3146,55.132,17,51.0299,43.8844,54.8534,11,49.4041,42.9068,53.5538,49,34.5579,33.6052,35.4501,10,43.2859,41.2237,44.8338
Morocco,MAR,2010,8,58.1549,56.9313,59.3565,2.4252,27,44.9364,41.4666,45.0906,20,61.2441,60.6311,61.7279,12,47.7531,46.7636,48.6758,30,54.8974,54.2279,56.0915,17,43.6927,40.534,49.625,11,49.785,45.838,55.6855,47,36.7028,35.7445,37.6229,10,47.4678,45.9005,48.6978
Morocco,MAR,2011,8,60.6627,59.6507,61.66,2.0093,27,45.6917,42.4534,46.4493,20,61.2493,60.645,61.7995,12,46.3083,45.3441,47.3482,31,57.7806,57.022,58.629,19,45.7169,43.2106,50.2318,11,55.1615,48.3346,57.197,47,41.4264,41.3903,41.4625,10,48.5829,47.1167,49.5617
Morocco,MAR,2012,8,60.5451,59.7846,61.2972,1.5126,27,45.7369,42.6339,46.3655,20,61.5577,60.9256,62.0239,12,45.2727,44.468,46.2962,30,56.7609,55.9278,57.6003,20,45.464,41.9597,46.2401,14,54.4505,50.7694,57.5773,46,41.3548,41.3155,41.3941,10,50.4536,49.0552,51.3222
Morocco,MAR,2013,8,60.5817,59.7897,61.3645,1.5748,27,46.7051,43.2463,47.1908,20,61.5562,60.931,62.0924,12,43.7895,42.873,44.7678,30,56.9852,56.2646,58.0121,21,41.8559,41.7846,45.506,14,55.4553,51.6076,58.0848,46,42.6892,42.6685,42.7099,9,52.5338,50.8993,55.4768
Morocco,MAR,2014,8,59.2222,58.309,60.1231,1.8141,27,44.2,42.8903,46.9824,20,61.3723,60.7273,61.8507,12,41.8422,40.9011,42.7649,30,56.7595,56.1691,58.0219,21,41.8012,41.071,44.6949,14,55.2192,52.4027,59.7887,46,41.1771,41.1298,41.2245,9,49.9972,47.1461,52.9812
Morocco,MAR,2015,8,61.0736,60.219,61.9177,1.6987,27,44.9692,44.3934,48.4735,20,62.5184,61.9398,63.0116,12,42.2568,41.3688,43.2003,30,57.9963,57.3285,59.0066,23,41.8918,40.1344,42.9152,14,54.7577,52.6263,59.7256,46,44.6577,44.5484,44.767,9,54.7632,49.6572,55.8101
Morocco,MAR,2016,8,58.5271,57.6112,59.4306,1.8194,27,46.1946,44.8022,48.7504,20,62.583,61.9635,63.0883,12,35.0949,34.1713,36.0905,30,57.1059,56.3636,58.3017,20,40.0876,37.0215,41.549,14,57.4846,53.0435,59.6309,46,37.8059,37.6069,38.0049,9,51.1943,49.2287,55.07
Morocco,MAR,2017,8,57.8795,56.6192,59.1163,2.4971,27,46.1197,45.6781,49.4059,16,60.1407,58.28,65.5538,12,33.5161,32.3981,34.6084,30,57.4781,56.9765,58.7127,20,39.1213,37.2753,42.32,12,57.2484,52.4395,62.5098,46,38.6696,38.5094,38.8297,10,51.5928,50.3885,52.5892
Morocco,MAR,2018,8,59.1756,57.901,60.4265,2.5255,27,47.9178,47.0524,50.987,16,61.6568,58.2386,64.8486,11,38.0929,35.3933,42.8463,30,57.0916,55.9391,57.9453,20,40.6608,40.009,44.7155,12,58.0388,53.5041,63.502,46,40.1633,40.0704,40.2563,10,49.0227,47.8298,50.0166
Morocco,MAR,2019,8,62.5659,61.3092,63.8003,2.4911,27,50.8664,47.815,51.6032,16,66.3876,60.3579,66.6207,11,40.8277,37.5885,45.2537,30,57.7604,56.7251,58.6645,20,46.6567,43.7081,50.2949,12,58.9283,54.4288,63.7675,46,46.2867,46.1041,46.4693,10,46.6408,45.4927,47.6039
Morocco,MAR,2020,8,62.883,61.7461,64.0018,2.2557,27,50.9006,48.7935,52.5991,13,63.5015,61.1288,67.61,11,44.7224,40.1913,48.3944,30,58.6909,57.523,59.5463,20,47.1353,45.6958,51.3627,12,62.3132,59.7419,67.0358,40,44.09,44.0543,44.1257,10,45.7866,44.7392,46.7818
Morocco,MAR,2021,8,63.2668,61.9065,64.6011,2.6946,27,50.7575,49.3479,53.0106,14,64.8579,60.9895,66.8274,10,46.9961,39.5437,50.0736,30,58.7919,57.5834,59.6518,13,46.4059,45.6514,51.336,13,65.896,58.6781,66.7955,40,44.508,44.4911,44.5249,8,41.7393,39.3848,46.9794
Morocco,MAR,2022,8,60.5694,59.6234,61.5024,1.879,29,53.5213,50.4818,54.7654,15,62.791,58.6535,64.0743,11,38.3024,36.1954,41.5538,29,55.6454,53.4118,56.768,16,48.1077,46.6685,48.9149,14,65.4572,60.2924,66.8,40,38.893,38.6234,39.1625,10,40.0369,39.3118,41.0634
Morocco,MAR,2023,8,59.5116,58.2401,60.7596,2.5195,29,52.7569,50.5837,55.1181,15,59.4989,57.5169,63.4499,11,36.762,35.4234,41.1878,29,55.4998,53.0326,56.3539,15,46.3266,45.4219,48.155,15,63.665,62.2498,73.063,39,40.9511,40.7741,41.128,9,41.056,37.4387,42.0007
Morocco,MAR,2024,8,61.1105,60.241,61.969,1.728,29,55.2016,51.3443,55.5727,17,62.0456,61.5113,62.5856,11,38.4554,37.5297,43.3366,29,55.4556,53.788,57.3167,15,47.8957,45.7386,48.3747,18,63.257,61.3615,67.0079,39,43.7354,43.6838,43.7871,9,40.9233,38.1312,43.3888
Morocco,MAR,2025,8,61.8148,60.9178,62.7003,1.7825,29,53.9217,52.6996,56.5757,17,63.5039,62.8097,64.0597,11,39.6961,37.104,42.7586,29,55.5098,53.7701,57.15,15,46.5166,44.1211,47.5626,18,63.3822,61.6085,67.1744,39,42.118,41.9935,42.2424,9,46.1097,41.6856,47.331
Mozambique,MOZ,2009,8,49.7917,47.5411,51.9622,4.4211,28,49.9115,47.7409,51.0992,16,57.0551,53.0147,61.1568,11,50.0137,49.2768,51.3912,27,55.5284,54.4609,58.0451,14,29.794,22.462,38.0702,9,34.7694,30.0096,42.3093,44,20.8186,19.3913,22.1268,10,42.8622,41.1174,44.1223
Mozambique,MOZ,2010,8,47.6462,45.4695,49.7461,4.2766,28,49.2723,47.0452,50.4281,18,54.3429,52.4656,57.6593,11,46.4259,45.6876,47.8542,27,56.6343,54.1805,57.5258,14,23.3998,22.9298,38.4099,9,35.8831,31.7304,43.4523,44,20.9749,19.6567,22.4235,10,42.8297,41.1275,44.1107
Mozambique,MOZ,2011,8,46.6308,44.9256,48.288,3.3624,28,46.4556,46.1013,49.3229,18,52.655,52.2558,57.4632,11,38.8044,38.2644,40.6619,27,56.5699,55.9295,59.1548,15,26.4252,23.1735,32.3978,9,39.0263,34.1813,45.3025,44,22.4436,21.1671,23.8506,10,41.0679,39.2284,42.4333
Mozambique,MOZ,2012,8,48.5605,46.9139,50.1633,3.2494,28,47.2352,44.8797,48.4008,18,53.9086,51.366,56.723,11,39.4929,38.4963,40.6752,26,55.9842,54.7626,58.0263,15,30.3556,22.6177,31.1718,9,44.0354,33.7309,45.4257,44,21.8504,20.6024,23.3418,10,40.4646,38.6078,41.7554
Mozambique,MOZ,2013,8,47.1635,45.2751,48.9936,3.7185,28,46.8508,44.1121,47.473,18,53.3334,49.8808,55.0868,11,40.2568,39.6388,41.8239,26,54.6093,53.5014,56.8929,16,28.0691,21.9473,30.5286,9,39.8127,34.1969,45.8239,44,17.7705,16.476,19.2039,9,45.2262,40.9238,48.1699
Mozambique,MOZ,2014,8,47.2438,45.7376,48.7127,2.9751,28,45.2721,42.4473,45.7882,18,49.0022,48.7044,55.1163,11,39.0184,37.6903,39.8225,26,53.4334,52.1701,55.9042,17,27.0845,23.4181,30.5038,14,44.5058,40.8554,47.0094,44,21.351,20.1232,22.7326,9,47.2814,44.5029,50.8567
Mozambique,MOZ,2015,8,47.5242,46.2975,48.7262,2.4287,28,42.144,41.4827,45.015,18,53.6904,49.9165,54.5377,11,37.776,36.7102,38.8935,28,52.4956,51.719,53.6846,17,25.6428,24.6313,31.5978,14,45.6776,41.3647,47.8494,44,24.3443,23.0008,25.6764,10,45.4351,44.0105,47.6071
Mozambique,MOZ,2016,8,46.3422,44.8932,47.7564,2.8632,28,42.0724,41.5032,44.8662,18,50.8237,48.8675,54.1906,11,35.2625,33.9819,36.1177,29,52.1695,51.5819,53.2404,15,27.4476,21.4735,30.9269,14,45.7239,42.5649,48.9477,44,22.2884,21.0613,23.6929,10,45.4131,44.105,46.9994
Mozambique,MOZ,2017,8,45.3117,43.7196,46.8613,3.1417,28,42.3025,39.9274,43.3832,16,52.4469,48.2701,56.2969,11,34.5604,33.2927,35.5061,29,50.9544,49.711,51.5695,16,22.4913,21.0613,29.6928,14,39.3527,36.687,41.7327,43,23.404,21.9839,24.9407,10,50.4119,48.5444,52.4852
Mozambique,MOZ,2018,8,41.7285,39.8504,43.5453,3.6949,28,41.4732,40.4964,43.6838,16,52.3717,46.5861,53.9392,11,28.6259,25.5288,34.3515,28,48.914,48.3152,50.8594,16,22.5883,21.5185,29.1423,14,40.6597,38.4105,43.4103,43,20.61,19.1136,22.0823,9,43.1644,40.9894,47.0226
Mozambique,MOZ,2019,8,40.9971,38.9937,42.9303,3.9366,28,40.8419,38.3678,42.1003,16,50.335,46.3344,53.92,11,25.9273,23.5087,32.5202,28,51.4098,49.4857,51.8893,16,23.4768,20.7124,29.0545,14,40.7883,38.8053,43.7753,43,18.721,17.3115,20.2103,9,42.9957,38.4608,44.955
Mozambique,MOZ,2020,8,41.7465,39.8023,43.6252,3.8229,28,37.8148,37.1151,40.554,13,48.1066,44.2613,52.8161,11,28.1312,22.7481,32.0682,28,50.8288,48.7844,51.3271,16,22.8331,20.8818,28.6484,14,45.7734,43.2582,47.7507,43,26.1556,25.3319,27.0703,9,39.0165,35.5082,41.3451
Mozambique,MOZ,2021,6,42.7374,39.997,45.3506,5.3536,28,39.0983,36.4656,40.025,7,51.1752,43.857,60.2018,,,,,,,,,11,20.3943,19.2954,26.4957,14,45.7086,43.8575,49.2093,18,34.1104,33.6256,34.5952,7,34.5233,31.7312,44.388
Mozambique,MOZ,2022,6,41.5658,39.1189,43.9094,4.7905,28,38.9959,37.0654,41.7131,7,47.1061,42.5553,58.9676,,,,,,,,,11,23.2585,18.5787,25.7894,14,48.1776,45.2052,50.4761,18,31.8849,31.3,32.4698,9,30.6834,28.6418,32.4026
Mozambique,MOZ,2023,6,41.9852,39.1464,44.6867,5.5403,28,38.4568,35.8329,40.3788,7,55.9035,43.3936,57.6808,,,,,,,,,11,17.5949,17.2718,23.9311,13,46.5072,44.8965,60.3375,17,35.0379,34.5949,35.481,8,27.6329,23.017,32.6416
Mozambique,MOZ,2024,6,39.548,36.5322,42.4047,5.8725,29,37.003,34.3308,38.3916,8,48.2094,42.0695,58.6114,,,,,,,,,11,19.5279,17.447,24.0434,14,47.0704,44.8706,55.8309,17,28.316,25.1157,31.8283,8,30.1639,24.6783,33.0502
Mozambique,MOZ,2025,6,39.3717,36.2285,42.3422,6.1137,29,35.7588,33.0389,36.9528,8,41.3937,40.559,57.8128,,,,,,,,,11,20.6809,16.3194,23.1916,14,47.7537,42.7723,54.3618,17,29.3262,25.9962,32.4962,8,35.1692,27.061,35.973
Myanmar,MMR,2009,7,30.3529,26.045,34.3058,8.2608,22,8.785,6.294,11.7585,10,40.0375,33.9352,45.8477,,,,,14,45.3893,42.1643,52.8786,10,34.6844,29.6412,41.3903,8,27.5205,26.1939,38.2444,44,10.6078,9.1732,12.3329,6,37.6521,29.684,46.2655
Myanmar,MMR,2010,7,33.9783,29.4618,38.1232,8.6614,22,10.7384,6.8707,12.3872,9,42.6469,35.8802,47.3146,,,,,14,50.2876,40.8923,51.7483,10,37.2906,30.7525,41.4352,8,32.4931,26.9022,39.8619,44,13.1138,11.8114,14.6495,5,31.9802,22.3544,45.382
Myanmar,MMR,2011,7,34.6818,29.8148,39.1235,9.3087,22,13.597,11.3879,17.5245,9,44.1858,38.4238,49.5176,,,,,14,48.2402,43.4925,53.5609,9,34.9651,31.0151,44.066,8,36.4831,25.5418,39.427,44,12.0841,10.6589,13.4775,6,32.6508,17.4707,42.9872
Myanmar,MMR,2012,7,36.2246,29.8138,41.929,12.1152,22,18.7603,15.9262,21.7484,9,45.3332,39.8288,51.5159,,,,,14,50.0728,43.6411,53.9651,9,27.2828,20.898,33.6676,9,36.6283,27.2247,40.3852,44,13.4979,12.0185,15.2096,6,38.1721,3.6817,44.217
Myanmar,MMR,2013,7,37.0186,32.7262,40.9862,8.26,22,21.7109,17.3136,23.2315,10,50.7689,41.2107,51.7269,,,,,14,49.7155,43.2971,53.0294,11,26.5119,22.1525,34.3325,10,34.0047,27.1183,40.3368,44,12.881,11.3698,14.4534,6,37.3703,23.803,47.3366
Myanmar,MMR,2014,8,33.4703,30.5432,36.2358,5.6926,26,19.902,19.5762,23.2578,16,50.5437,49.8165,55.3445,10,40.4588,39.3302,41.2435,23,47.1604,44.1781,50.2216,15,19.1209,16.808,23.6753,11,35.4655,26.9489,37.4196,44,11.8826,10.3748,13.263,8,34.7587,31.4515,46.2553
Myanmar,MMR,2015,8,34.3152,31.6261,36.8688,5.2427,26,24.9322,21.6307,25.4904,16,56.1055,53.8672,58.7126,10,39.7625,38.8662,40.9014,23,46.4799,44.8633,50.3064,16,17.8438,15.2946,20.3929,11,33.5949,28.1596,38.1847,44,14.9141,13.4063,16.4616,8,29.8384,26.9829,41.1753
Myanmar,MMR,2016,8,36.5083,34.0441,38.8613,4.8172,26,27.1223,24.2493,28.2804,16,59.755,56.3084,61.4548,10,37.811,36.8151,38.8455,23,48.5514,45.2502,50.2085,14,16.2786,14.6756,21.0596,12,33.5096,27.2088,37.3796,42,15.7488,13.9528,17.627,8,33.2147,29.0732,40.954
Myanmar,MMR,2017,7,37.0311,33.0858,40.7005,7.6147,25,27.7862,27.4897,32.4682,,,,,10,37.7423,37.1448,39.3603,23,47.3,46.5356,51.553,10,25.0985,20.9203,30.4823,11,15.9451,0.0,20.109,22,28.2819,27.6543,28.9095,6,33.0197,26.1664,47.3753
Myanmar,MMR,2018,6,38.2524,34.0017,42.189,8.1873,25,31.6175,29.5493,34.7295,,,,,,,,,17,48.914,38.9904,49.5213,10,26.5326,23.1503,32.0212,11,13.8218,0.0,19.3805,22,29.337,28.7569,29.9171,7,33.6867,21.6624,45.711
Myanmar,MMR,2019,6,38.0468,34.2615,41.5804,7.3189,25,31.5176,30.3516,36.1318,,,,,,,,,17,45.9903,39.0646,48.6399,11,31.395,27.099,35.691,11,8.1969,0.0,21.7499,22,24.2941,23.4871,25.1012,7,41.384,34.6633,53.8111
Myanmar,MMR,2020,5,37.1653,33.7452,40.3765,6.6313,25,33.2053,32.4125,38.2319,,,,,,,,,15,46.8401,38.6793,49.0134,12,22.4806,18.2246,26.7366,11,17.1186,0.0,21.3905,,,,,7,36.9053,32.6106,44.2984
Myanmar,MMR,2021,5,36.2856,32.8581,39.5011,6.643,25,35.9724,33.5802,39.4797,,,,,,,,,15,46.8837,38.2154,48.7427,12,20.7698,17.7834,21.9471,11,15.6943,0.0,21.1147,,,,,6,34.9322,23.503,35.0569
Myanmar,MMR,2022,5,35.4159,32.1127,38.5197,6.407,26,37.1127,33.9903,40.7763,,,,,,,,,14,46.9031,36.2524,47.2749,5,20.8479,14.3961,22.022,11,17.3136,0.0,20.7819,,,,,7,29.5981,26.5456,34.0521
Myanmar,MMR,2023,5,32.5786,29.5967,35.3912,5.7945,26,34.5667,31.1651,37.4539,,,,,,,,,14,43.7621,36.5576,46.3355,6,17.4991,12.8192,20.6854,7,15.773,11.6512,24.7442,,,,,6,29.2921,24.2857,35.8135
Myanmar,MMR,2024,6,32.6085,28.8635,36.0902,7.2267,27,35.8599,30.7226,36.5424,8,55.8667,50.2481,61.8137,,,,,14,47.7418,36.051,48.2715,6,17.4256,13.7767,21.4255,8,11.1064,6.5651,16.5229,,,,,6,29.2201,23.6133,38.4378
Myanmar,MMR,2025,6,31.3154,26.7768,35.4664,8.6896,27,33.0229,31.5281,36.6312,8,59.2248,49.2594,61.4864,,,,,14,45.1511,35.8959,45.9096,6,17.0325,13.9361,21.3306,8,10.5337,5.787,16.6269,,,,,6,26.4682,25.0983,48.1613
Namibia,NAM,2009,8,67.3625,66.1582,68.5472,2.389,28,71.0929,70.0795,72.227,16,77.6808,71.7884,79.5689,12,36.0701,35.1014,37.2492,29,65.9942,64.9294,66.971,17,50.0636,46.3717,57.6817,12,60.2128,55.988,62.2889,49,33.2603,32.1216,34.35,10,52.5428,51.0492,53.7248
Namibia,NAM,2010,8,67.3231,66.2394,68.3908,2.1514,28,70.4214,69.5587,71.7905,18,79.0114,73.9279,79.6458,12,37.3298,36.4387,38.5441,29,66.4958,65.0442,67.2005,17,46.973,43.9331,53.7767,12,59.1475,55.1808,61.9597,49,33.2585,32.3075,34.1777,10,53.8045,52.2774,54.8565
Namibia,NAM,2011,8,66.6433,65.6863,67.5878,1.9015,28,70.3444,69.2501,71.486,19,75.9826,73.6623,78.1524,12,37.4304,36.5217,38.6099,30,65.9716,65.4214,67.063,17,47.5799,44.061,53.993,17,58.3831,56.7141,60.5972,49,35.887,34.9923,36.8648,10,50.9766,49.3341,52.0043
Namibia,NAM,2012,8,67.2056,66.2581,68.141,1.8829,28,69.923,68.8614,70.9973,19,76.082,72.0375,76.6587,12,37.8897,36.9787,39.0594,29,66.201,65.5186,67.2516,17,51.3361,46.567,56.1052,17,57.5571,55.7245,59.3896,47,37.681,36.6944,38.6212,10,49.5838,47.896,50.5535
Namibia,NAM,2013,8,64.5466,63.6281,65.4533,1.8252,28,70.0558,69.0345,71.1853,19,70.0296,69.7911,74.972,12,36.7958,35.9518,37.978,30,66.1229,65.4803,66.9003,18,42.1039,38.3447,46.9651,17,59.6834,59.1389,62.4739,47,36.2103,35.3011,37.22,10,48.7133,47.6383,50.1627
Namibia,NAM,2014,8,65.3058,64.4184,66.1823,1.7639,28,69.6003,68.4758,70.7142,19,72.1261,71.3262,75.3916,12,39.0629,38.2627,40.095,30,66.2626,65.5649,67.0599,18,40.9885,38.1907,47.0813,17,60.158,58.4656,61.8504,47,36.308,35.3174,37.3544,10,50.0711,48.9337,51.4745
Namibia,NAM,2015,8,65.6317,64.6674,66.5832,1.9158,28,69.051,67.9339,70.1864,19,74.0652,71.2191,75.9089,12,38.7774,37.9627,39.7804,31,65.8079,65.1749,66.5951,18,40.6339,37.8863,47.3199,17,62.2015,59.9378,63.4478,41,36.4593,36.1997,36.7189,10,49.4515,48.328,50.9264
Namibia,NAM,2016,8,66.3895,65.2676,67.4943,2.2267,28,69.6299,68.6344,70.7773,19,74.2998,71.6258,75.9075,12,39.9309,39.1363,40.8642,31,65.8997,65.2657,66.6532,15,40.4247,37.5973,50.8139,17,64.2584,62.6758,65.5466,40,37.3133,37.0921,37.5345,10,50.1312,48.9484,51.5235
Namibia,NAM,2017,8,70.1815,68.9581,71.3852,2.4271,28,69.5738,68.6628,70.8794,16,73.3834,70.133,76.5369,12,42.9518,42.1407,43.7217,31,65.4525,64.7922,66.2386,15,56.4447,49.5623,63.3271,17,64.5655,63.6036,65.8247,40,42.7243,42.702,42.7466,10,53.0798,51.8437,54.2042
Namibia,NAM,2018,8,67.3202,65.7277,68.8786,3.1509,28,69.4709,68.5266,70.6422,16,71.5251,68.8617,75.3269,11,47.9027,41.8852,55.285,30,64.3372,63.1472,65.0025,15,41.6408,39.0541,53.3163,17,64.9966,63.9855,66.1925,40,41.0656,41.0133,41.1179,9,48.9948,45.9412,51.9223
Namibia,NAM,2019,8,68.5737,67.5668,69.567,2.0002,28,69.4489,68.4095,70.6452,16,74.122,68.2846,74.9729,12,49.0045,45.2111,50.88,30,65.4535,64.3193,66.2895,17,42.659,39.9482,47.4019,17,64.864,63.8169,65.9965,40,44.0086,43.9285,44.0887,9,48.8025,45.5942,51.0048
Namibia,NAM,2020,8,67.1759,65.8341,68.4934,2.6593,28,67.9724,66.863,69.112,13,68.5396,68.087,74.2517,11,46.5462,44.8435,59.1792,30,66.6095,65.4865,67.3512,18,42.3377,40.3219,48.4974,17,67.712,66.7739,68.8542,41,43.4473,43.3827,43.512,9,45.812,43.907,49.7504
Namibia,NAM,2021,8,66.9664,65.636,68.2729,2.6369,28,68.1642,67.1682,69.3601,14,66.1166,65.8199,72.2391,11,47.1438,43.1958,56.3004,30,65.8988,65.0399,67.1184,11,45.6606,39.016,46.9825,17,67.5205,66.5506,68.7309,41,41.6395,41.4935,41.7854,9,45.6601,42.213,48.7317
Namibia,NAM,2022,8,67.3963,66.3057,68.4709,2.1652,28,67.0442,65.7281,70.3117,15,67.3332,64.1097,69.733,11,51.2468,44.7453,56.2576,29,65.7079,63.2493,66.184,12,44.8009,39.8236,46.1588,17,68.5852,67.5653,69.6346,41,38.0313,36.6624,39.4099,10,47.7435,46.7997,48.8765
Namibia,NAM,2023,8,66.5754,65.1845,67.94,2.7555,28,66.7213,65.0441,69.2904,14,65.8856,64.3387,71.3125,11,46.7547,43.9539,55.1666,30,67.3911,65.1964,67.5669,13,44.0692,39.8659,44.7731,17,65.2379,62.8277,73.2749,40,39.329,39.0791,39.579,9,48.9489,45.7648,50.9287
Namibia,NAM,2024,8,66.1572,64.9162,67.3773,2.4611,28,66.9294,64.0992,68.8809,15,63.6885,63.3455,70.7438,12,48.3584,46.4257,49.0917,30,65.8625,65.2818,67.5348,13,43.3349,37.4569,43.6589,17,64.2994,60.9548,71.545,40,38.316,38.0205,38.6116,9,51.2936,47.8573,53.0563
Namibia,NAM,2025,8,69.7154,68.9252,70.4973,1.5721,28,68.1915,64.4686,69.176,15,70.2986,67.9139,72.5308,12,54.8288,53.3012,56.2263,30,69.1179,67.1132,69.2849,13,44.0407,39.6218,44.7566,20,62.9665,60.7649,64.6528,40,44.9193,44.9177,44.9209,9,52.362,50.6421,55.0465
Nepal,NPL,2009,8,46.6984,44.5663,48.7562,4.1899,28,45.6388,43.5749,46.2761,16,50.7082,44.1552,52.022,12,24.5787,23.6172,25.8753,30,39.3831,38.1839,40.7122,14,56.9498,47.012,61.6075,10,45.6004,40.8192,49.5703,43,16.6381,15.0993,18.4033,8,42.6774,39.3315,43.4106
Nepal,NPL,2010,8,45.9573,44.0878,47.7688,3.681,28,45.2624,43.0184,46.3262,18,48.7927,45.3974,51.0189,12,24.1232,23.0137,25.4254,30,40.0112,38.8869,41.4971,14,58.2257,45.9834,58.7912,10,46.0611,41.7244,49.8652,43,13.8887,12.1982,15.6377,9,41.9846,40.039,43.0425
Nepal,NPL,2011,8,45.2008,43.248,47.09,3.842,28,45.3128,43.1919,46.2762,18,48.9045,45.1846,50.7148,12,21.848,20.7347,23.2218,30,43.907,43.0113,45.1182,14,48.2067,41.6252,54.9549,10,47.9964,42.1364,51.0506,43,16.8743,15.1874,18.5228,9,41.7321,39.9609,42.7271
Nepal,NPL,2012,8,44.0559,42.2211,45.8337,3.6126,28,46.5058,44.5882,47.5379,18,49.9794,45.8932,51.5333,12,22.4321,21.3223,23.8154,29,46.7367,45.8318,47.9119,15,37.7897,32.0615,42.2933,10,46.5412,41.4577,51.8058,42,19.76,18.0378,21.7575,9,40.1855,37.3302,40.4771
Nepal,NPL,2013,8,42.7279,40.4713,44.8977,4.4264,28,47.1098,44.9069,48.1779,18,46.1777,45.8743,52.3985,12,26.2099,25.2677,27.4285,29,46.5793,45.7457,47.7926,15,35.8344,31.733,47.4985,10,46.6902,42.3777,51.1548,42,19.3574,17.6269,21.0084,9,37.0688,35.7129,39.0513
Nepal,NPL,2014,8,45.2067,43.1016,47.238,4.1364,28,46.2723,45.1382,48.4397,18,50.6919,47.8496,52.812,12,26.4862,25.4867,27.8531,29,47.8174,47.1026,48.9738,15,32.6907,30.0318,44.6561,10,50.1998,40.6226,51.1787,42,21.7899,20.3107,23.505,9,40.2372,39.1831,42.2917
Nepal,NPL,2015,8,48.54,46.591,50.4278,3.8368,28,48.2974,45.8267,49.2014,18,49.2448,48.1939,53.0603,12,29.0069,27.9411,30.1682,29,49.7661,48.9868,50.9024,15,39.0935,29.9867,46.2746,12,50.1207,45.4119,52.2746,42,25.176,23.3751,26.9852,9,42.8376,41.4559,44.8299
Nepal,NPL,2016,8,48.776,47.3549,50.1644,2.8095,28,47.4333,46.825,50.3784,18,49.0584,48.5501,54.3234,12,28.197,27.0654,29.3286,29,50.2936,49.5777,51.2947,10,40.4247,34.8934,43.6222,12,48.7309,46.58,53.388,42,25.3462,23.7104,27.1639,9,44.7687,43.1406,46.3866
Nepal,NPL,2017,8,49.9798,48.3677,51.5504,3.1827,28,49.7317,47.3718,50.6791,15,48.2353,46.3308,55.534,12,27.8046,26.8185,28.9576,29,50.3883,49.9467,51.8081,12,42.1799,37.1429,47.5013,15,52.1558,50.4139,53.7312,42,27.1923,25.4042,29.0183,9,43.7088,42.4415,44.9667
Nepal,NPL,2018,8,53.2643,51.681,54.809,3.128,28,49.5403,47.0,50.5436,15,54.2535,47.3878,55.9012,11,30.4401,27.9325,35.7227,28,52.688,51.435,53.9081,11,40.9878,36.9132,47.0855,16,55.5429,53.2016,56.2972,42,30.8166,29.1419,32.517,9,44.4427,41.3979,44.4607
Nepal,NPL,2019,8,54.0513,52.5355,55.532,2.9965,28,51.4592,48.4561,52.0214,15,52.2529,47.4682,55.8898,11,32.2389,29.1052,36.3535,29,54.1755,52.7544,54.8172,11,45.4876,38.8929,48.7874,16,56.4528,54.5626,57.3868,42,31.474,29.7302,33.3233,9,40.4235,38.7951,41.7637
Nepal,NPL,2020,8,54.4628,53.0038,55.8894,2.8856,28,48.3147,47.6396,51.0682,12,48.6633,47.0539,56.7217,11,38.3503,31.9047,40.2372,28,54.5762,53.2986,55.3566,13,44.0461,39.9454,47.4554,17,61.0809,60.2223,62.2811,42,33.4151,32.0991,34.7859,9,38.6644,36.9585,39.9449
Nepal,NPL,2021,8,54.8708,52.934,56.751,3.817,28,50.283,49.2218,52.8232,13,51.5861,48.9934,57.0954,11,34.8656,32.7768,41.0106,28,54.9856,53.7826,55.7744,10,47.2272,38.5807,49.0872,17,62.8377,61.9796,64.022,42,32.9113,31.4736,34.5172,7,34.376,30.5977,43.0748
Nepal,NPL,2022,8,52.937,50.9936,54.8224,3.8288,29,48.2936,46.5537,51.0775,14,52.1672,49.3625,56.6625,11,32.616,31.5424,35.9897,26,53.2198,51.5292,54.2123,10,43.8657,39.7617,50.819,17,66.7735,65.8295,67.9051,42,30.5055,29.0327,32.004,8,30.3601,20.9932,34.8653
Nepal,NPL,2023,8,56.5914,54.9264,58.2152,3.2888,29,48.9819,46.0997,50.73,14,52.764,50.1696,57.1398,11,37.4071,32.373,37.6732,26,53.1955,52.2951,54.901,11,42.7206,37.8307,47.5911,17,69.4338,64.2232,73.3362,40,35.6563,34.1685,37.5927,7,39.2775,33.2574,41.8159
Nepal,NPL,2024,8,58.0746,56.5925,59.5245,2.932,29,50.4885,47.5349,51.8005,15,52.7316,48.7686,54.3947,11,39.0839,34.9483,40.1701,26,54.5197,52.324,55.2807,11,47.2945,37.6379,48.2134,20,67.834,65.0468,69.1972,40,34.8683,33.1728,36.5849,7,41.4312,34.4253,43.1954
Nepal,NPL,2025,8,56.2709,54.9775,57.5392,2.5617,29,50.5414,49.1361,53.7839,15,50.8832,48.7874,54.1485,11,31.7877,29.7197,35.9139,26,52.7215,50.7834,53.4594,12,47.4943,43.1322,48.5855,20,68.1489,64.956,69.0066,40,30.2858,28.5795,32.2947,7,44.9135,38.0493,46.2082
Netherlands,NLD,2009,8,94.4458,93.5594,95.3237,1.7643,27,93.9512,92.7584,95.4373,17,88.9762,86.2753,89.6503,12,63.0946,62.1216,63.9499,28,98.9842,94.4449,100.0,19,85.9881,83.7191,89.334,15,85.1695,82.6207,89.5243,45,79.4843,77.8885,81.4208,8,77.8719,76.7717,88.3618
Netherlands,NLD,2010,8,93.4284,92.5487,94.2996,1.7509,27,93.9898,92.4782,95.654,19,89.383,88.6874,90.1571,12,65.2795,64.3432,66.2681,28,95.5077,94.3075,100.0,19,80.3237,77.6669,82.9785,15,83.5951,79.1151,85.3641,45,77.8763,76.0877,79.6824,8,78.5464,77.6655,89.1974
Netherlands,NLD,2011,8,92.9362,92.1822,93.684,1.5018,27,93.9458,92.2607,95.245,19,89.352,88.5711,90.1959,12,65.8948,64.9321,66.8478,28,95.4809,94.4029,100.0,19,75.1157,70.7849,76.2678,15,82.6823,75.8996,83.6566,45,77.5286,75.9636,79.0011,8,80.0858,76.5808,83.6624
Netherlands,NLD,2012,8,93.6009,92.8134,94.3815,1.5681,27,93.5639,91.8559,95.0342,19,89.7045,89.0113,90.6121,12,69.5266,68.606,70.4044,28,99.6801,94.9719,100.0,20,71.3676,70.0305,74.6864,15,81.713,74.6503,82.5815,45,81.2179,79.5964,82.9004,8,79.8485,76.2046,86.132
Netherlands,NLD,2013,8,93.373,92.6,94.1394,1.5394,27,93.7499,92.1341,95.1445,19,89.8576,89.3498,90.869,12,72.9367,71.9943,73.7198,28,94.9362,94.5497,100.0,21,71.1055,69.952,75.0113,15,76.846,76.0094,82.8356,45,83.6493,81.9474,85.3965,8,82.2222,76.9573,85.7043
Netherlands,NLD,2014,8,93.1843,92.3329,94.0277,1.6948,27,92.672,91.4981,94.4922,19,89.9231,89.3529,90.9579,12,74.2829,73.3802,75.1777,28,96.0209,94.1008,100.0,21,72.7003,66.3573,72.7076,15,75.165,72.523,80.4731,45,81.5222,79.7798,83.1114,8,80.7617,76.2586,85.1239
Netherlands,NLD,2015,8,92.4712,91.7373,93.1991,1.4618,27,93.2118,91.5694,94.4129,19,89.8401,89.2178,90.7553,12,74.7101,73.7948,75.6212,28,94.9919,94.1054,99.6173,21,68.2161,66.6108,70.9253,15,74.5639,70.7558,79.0733,45,80.9054,79.3951,82.6409,8,80.4003,76.8977,82.6194
Netherlands,NLD,2016,8,93.1505,92.3132,93.9802,1.667,27,93.5019,91.9132,94.8367,19,89.8809,89.2376,90.7793,12,78.7111,77.6871,79.5012,28,96.5857,94.4228,100.0,19,67.791,63.0092,72.5986,15,76.0471,71.5921,78.8043,45,80.9971,79.4852,83.0043,8,80.1413,77.2811,82.846
Netherlands,NLD,2017,8,93.513,92.5821,94.4343,1.8522,27,92.8282,91.4697,94.2221,15,90.7661,86.4317,91.1476,12,81.1733,80.1475,81.9939,30,94.9295,93.8546,96.044,20,65.0743,63.5116,72.2113,13,71.7281,67.3682,73.93,45,86.7681,85.0763,88.5747,8,84.2122,80.8437,91.7481
Netherlands,NLD,2018,8,94.0487,93.1526,94.936,1.7834,27,92.6317,91.2158,94.2649,15,86.7721,86.7306,91.1021,12,79.6904,75.3523,80.9038,30,97.5919,96.6053,98.8694,21,68.9658,66.4825,74.5211,12,76.7191,71.1607,79.6588,45,86.4968,84.7597,88.2113,8,83.7688,76.5277,84.554
Netherlands,NLD,2019,8,92.223,91.4095,93.0291,1.6196,27,92.5517,90.7971,93.9884,15,88.9103,86.7058,91.0212,12,75.8416,73.6511,79.2995,30,97.4728,96.0481,98.2785,21,67.8614,64.3929,72.1907,12,72.5125,70.6553,79.3309,45,85.0719,83.4276,86.761,8,74.6212,74.1035,78.3351
Netherlands,NLD,2020,8,93.0995,92.2857,93.9059,1.6202,27,92.663,91.0934,94.0207,12,90.058,86.577,90.8934,12,79.8941,73.956,80.0238,30,97.0163,95.8968,97.8523,21,66.399,63.2043,70.0008,12,78.9288,71.2068,80.9254,39,86.1052,83.9541,88.0789,8,72.7676,71.6834,75.4778
Netherlands,NLD,2021,8,92.0319,91.059,92.9943,1.9353,27,91.6463,90.2293,93.2217,13,90.1757,87.9218,91.6623,12,75.5661,72.8254,78.6459,30,96.6379,95.1714,97.2238,13,65.2687,61.3361,70.0975,12,76.6356,71.0529,80.697,39,85.1392,83.0251,87.4643,7,71.9917,64.6194,73.5431
Netherlands,NLD,2022,8,91.3183,90.5806,92.0499,1.4693,29,93.4552,91.5037,95.7157,14,88.4532,87.3934,90.3834,12,75.5407,72.9655,76.1629,29,95.0165,93.3553,95.5911,13,61.5019,56.3454,64.0695,13,79.2667,75.4436,82.1387,39,81.4536,79.6259,83.6202,8,72.6353,68.1349,73.5368
Netherlands,NLD,2023,8,90.0805,89.1725,90.9793,1.8068,29,92.4585,90.3832,94.6569,14,88.9056,86.5802,89.4318,12,72.3163,69.5384,72.759,30,94.098,92.7929,94.8022,13,61.2723,56.7058,63.5909,14,78.0498,73.3534,84.4399,37,77.4963,75.1267,79.8544,7,70.5591,67.9937,74.4135
Netherlands,NLD,2024,8,89.7889,88.8271,90.7403,1.9132,29,91.851,90.0606,94.3908,16,86.2106,85.566,87.1085,12,72.1223,69.4144,72.7116,30,93.6613,92.5532,94.738,13,61.5485,57.1272,65.252,17,76.4818,73.4375,80.3557,37,79.0137,76.7635,81.0983,7,71.8909,67.6576,79.1796
Netherlands,NLD,2025,8,87.3966,86.5566,88.2286,1.672,29,92.0464,89.8367,94.2843,16,85.0922,84.5124,86.1022,12,68.8933,66.289,69.2001,30,91.202,90.0026,91.9127,13,57.9001,56.5776,65.3852,17,74.7759,74.4153,81.1751,37,70.6968,68.5388,72.9268,7,70.4698,67.5336,74.3328
New Zealand,NZL,2009,8,93.7662,92.5475,94.9686,2.4211,27,94.4177,93.2757,96.2904,18,95.2873,94.2869,96.279,12,72.7658,71.8214,73.7337,30,97.6152,95.8597,98.8379,16,74.584,67.1591,83.6921,10,82.8954,78.5388,92.1436,43,74.1354,72.0259,76.4748,9,75.9402,74.4115,77.0279
New Zealand,NZL,2010,8,93.8124,92.6186,94.9906,2.372,27,94.9921,93.6147,96.5588,20,95.7657,95.1583,96.4113,12,74.6039,73.6323,75.5729,31,97.5889,96.3231,98.318,16,72.7724,68.2329,84.8673,10,81.4956,79.0784,92.8118,43,75.6965,73.3174,77.9822,9,75.6214,74.0819,76.5581
New Zealand,NZL,2011,8,94.091,92.8959,95.2704,2.3745,27,94.8948,93.2968,96.2335,20,94.7035,94.1122,95.3893,12,72.3904,71.5213,73.3211,31,97.7714,96.485,98.5043,16,73.6239,66.1766,82.7382,10,88.7449,79.5376,93.0904,43,74.123,72.0418,76.1137,9,74.8991,73.3009,76.0619
New Zealand,NZL,2012,8,94.3597,93.1719,95.5322,2.3603,27,94.5187,93.1579,95.9865,20,94.368,93.7589,95.1027,12,74.9278,73.9828,75.8796,31,98.5636,97.2153,99.2885,16,76.5072,65.6393,82.2915,10,84.5114,80.7241,93.934,43,77.0077,75.0172,79.2475,9,73.4498,71.9743,74.5482
New Zealand,NZL,2013,8,94.376,93.2128,95.5244,2.3116,27,94.9916,93.5266,96.4843,20,93.7312,93.1281,94.3858,12,78.93,77.9132,79.9326,31,98.8462,97.4932,99.5997,16,74.4807,65.9291,81.7472,10,84.0143,80.3212,93.179,43,79.5276,77.4252,81.6854,9,70.5088,70.0481,72.5491
New Zealand,NZL,2014,8,95.368,94.325,96.3992,2.0742,27,94.8249,93.4499,96.358,20,93.3885,92.7635,94.0292,12,80.2687,79.2082,81.2337,31,100.0,98.6504,100.0,17,71.9249,64.8391,79.5599,10,94.337,88.0605,100.0,43,78.4643,76.3344,80.7493,9,71.7222,70.2982,72.818
New Zealand,NZL,2015,8,95.8052,94.6439,96.952,2.3081,27,94.796,93.516,96.6422,20,92.4259,91.8479,93.1564,12,79.7807,78.8487,80.7724,31,99.6945,98.2581,100.0,18,80.2265,68.5372,83.7899,10,90.8565,78.714,92.9511,43,78.9,76.6166,81.5852,9,72.0773,70.597,73.1152
New Zealand,NZL,2016,8,95.1775,94.194,96.1505,1.9565,27,94.9623,93.5886,96.5608,20,91.805,91.2133,92.5251,12,80.4009,79.3947,81.3342,31,98.9243,97.6075,99.6351,19,76.0553,74.4107,86.8267,10,87.8003,81.5331,94.2189,43,80.8689,78.6788,83.0196,9,72.4059,71.0306,73.3806
New Zealand,NZL,2017,8,94.8645,93.9364,95.7833,1.8469,27,94.9466,93.4263,96.4107,16,91.9747,90.3577,93.5903,12,82.1576,81.1246,83.154,31,99.8866,98.5162,100.0,20,79.5003,74.6987,86.5823,9,80.7199,77.0058,87.2515,43,81.0287,78.3648,83.5401,9,69.781,67.9637,70.9278
New Zealand,NZL,2018,8,93.3268,92.0491,94.5866,2.5375,27,94.8923,93.1551,96.16,16,92.1358,89.2287,92.978,10,77.3577,69.4169,85.9446,30,97.5099,95.7246,98.7299,20,75.5403,73.1693,85.5778,9,77.7851,74.8012,86.8167,43,81.3802,78.8389,83.6374,9,68.6012,66.7504,69.6852
New Zealand,NZL,2019,8,93.232,92.2182,94.2346,2.0164,27,94.7156,93.3194,96.1202,16,88.3987,87.7833,91.9057,12,79.864,76.902,82.8259,31,95.8415,94.7125,96.7453,20,74.4861,71.0394,82.7537,9,84.4979,76.1048,87.0645,43,78.7512,76.3058,81.3357,9,68.7996,67.1555,69.9609
New Zealand,NZL,2020,8,92.02,91.0302,92.999,1.9688,27,94.3735,93.006,96.0289,13,87.1244,86.2289,90.3244,12,75.7202,72.6608,78.7445,31,94.8076,93.5701,95.67,20,73.5855,70.9135,81.1119,9,85.4749,75.6324,87.6271,43,74.6784,72.7359,76.4977,9,67.808,65.8881,68.8708
New Zealand,NZL,2021,8,91.8339,90.7978,92.8581,2.0603,27,94.2944,92.6323,95.6234,14,86.1859,85.3248,88.4262,12,75.5524,72.195,78.7576,31,94.819,93.4698,95.686,11,76.0053,73.1199,82.1495,9,83.574,76.013,86.8281,43,75.2744,73.3983,76.9698,8,66.1614,59.9907,69.4133
New Zealand,NZL,2022,8,89.6018,88.6542,90.5392,1.885,29,91.9581,89.8192,94.0913,15,84.6894,82.918,85.4875,12,66.0992,64.0753,67.7313,30,92.5865,91.1067,93.5891,11,75.8832,70.791,80.8506,9,81.1355,76.38,86.6262,43,69.7653,67.7588,71.7263,9,67.5651,61.9373,68.0135
New Zealand,NZL,2023,8,88.568,87.4825,89.6401,2.1576,29,91.9987,89.7389,94.1155,15,83.715,81.5223,84.1447,12,64.7165,61.9746,65.1921,29,91.1262,90.443,93.8474,11,75.8699,70.6838,79.4847,9,84.4575,80.5045,93.5296,41,62.4793,59.9906,65.04,8,65.8188,60.7439,68.6099
New Zealand,NZL,2024,8,91.7636,90.7227,92.7924,2.0697,29,92.074,89.8838,94.0542,17,85.3151,84.7277,85.8885,12,75.0692,72.7284,75.9696,29,94.802,93.6793,96.8677,11,73.9658,69.9023,80.0949,12,84.7884,77.4872,88.7584,41,76.8692,74.59,79.389,8,68.0311,61.4742,69.7816
New Zealand,NZL,2025,8,90.2843,89.3033,91.2546,1.9513,29,91.4526,89.3648,93.4117,17,84.9355,84.2921,85.5155,12,74.0905,70.8487,74.5787,29,93.6832,90.9831,94.2423,11,69.1617,67.7997,77.1391,12,81.704,75.9531,86.6867,41,72.1301,69.7175,74.6837,8,69.798,63.1125,70.515
Nicaragua,NIC,2009,8,53.9368,52.033,55.7854,3.7524,27,32.3323,31.6698,34.3781,15,65.0996,59.45,68.2486,12,54.6762,53.732,55.4533,26,49.8785,48.615,54.7298,16,31.2348,27.4277,39.652,15,37.4122,34.6196,40.2048,41,23.2124,21.5452,24.876,8,64.2414,57.4978,66.7558
Nicaragua,NIC,2010,8,54.8728,53.3509,56.3596,3.0087,27,31.2056,30.6708,33.4673,18,63.8404,59.245,64.75,12,51.3781,50.4511,52.2858,26,50.7297,49.7993,55.0571,17,32.8432,27.5245,34.5691,15,41.8843,38.7434,44.6931,41,22.4413,20.7041,24.1887,8,68.3636,58.4966,68.8055
Nicaragua,NIC,2011,8,52.5192,51.0736,53.9322,2.8586,27,31.4535,29.4807,32.2052,18,56.3404,54.1109,60.4134,12,45.6682,44.7513,46.6528,26,53.8037,51.281,55.8701,17,32.2799,28.2634,35.1207,15,43.7396,39.4103,45.0393,41,22.0404,20.3734,24.0732,8,64.6166,59.0337,67.77
Nicaragua,NIC,2012,8,51.9967,50.3949,53.5585,3.1636,27,31.2477,29.305,32.0533,18,59.8492,55.0327,60.4715,12,44.2893,43.1902,45.1324,27,52.7428,52.1626,56.7082,17,30.8792,27.1312,33.6593,15,44.1188,40.6377,48.001,41,21.368,19.6207,23.1625,8,62.0806,57.0948,67.4062
Nicaragua,NIC,2013,8,51.7856,50.2482,53.2861,3.0379,27,30.6517,29.2465,31.8971,18,56.0279,54.9163,60.634,12,45.0031,44.0329,45.8989,27,53.0254,51.9048,55.7461,18,30.6367,28.6863,34.2703,15,45.8449,41.7455,47.0696,41,24.2728,22.5484,25.817,7,60.7703,56.1393,67.6922
Nicaragua,NIC,2014,8,53.1854,51.661,54.674,3.013,27,29.4991,28.2787,31.0525,18,55.8,55.6885,61.4231,12,47.241,46.2732,48.1644,27,53.2358,52.6771,55.5898,18,33.4711,31.0682,37.1631,15,43.6469,42.2465,48.9581,41,28.2677,26.5886,30.1583,7,62.7392,56.7932,67.5022
Nicaragua,NIC,2015,8,52.6324,51.1002,54.1281,3.0279,27,29.4854,27.5203,30.3753,18,57.7762,53.9208,59.6863,12,50.1925,49.275,51.0646,27,52.9938,52.0649,54.8673,18,34.2817,30.0327,36.6475,15,44.1108,42.5859,48.8349,41,28.1316,26.393,29.8547,8,54.205,53.6609,64.7968
Nicaragua,NIC,2016,8,49.2973,47.5931,50.9549,3.3618,27,27.8253,26.6627,29.4688,18,51.1651,47.4816,54.6679,12,44.4578,43.5189,45.3509,27,47.9797,47.2501,51.0229,13,30.5822,26.6405,34.4892,15,47.5118,45.1525,50.8016,41,22.8102,21.0253,24.7159,8,61.0471,53.7443,63.6092
Nicaragua,NIC,2017,8,50.2308,48.4293,51.9808,3.5515,27,26.8988,26.5597,29.4284,15,53.9344,44.9921,55.206,12,44.0314,43.0099,44.9964,27,47.7855,47.1029,50.3851,12,31.61,27.0795,35.1444,13,47.8285,44.0756,52.565,40,23.255,21.5206,25.1684,8,62.2071,57.6444,63.8873
Nicaragua,NIC,2018,8,52.5819,50.4266,54.6657,4.2391,27,27.2092,26.0467,28.6908,15,52.604,44.9883,54.6255,11,48.3904,44.4803,58.9139,26,49.7889,47.8316,50.8953,13,35.4608,30.0108,38.8914,14,49.8607,48.2709,52.34,40,27.2073,25.4874,28.8654,7,60.5225,53.7921,63.2187
Nicaragua,NIC,2019,8,51.5304,49.4522,53.5415,4.0893,27,22.2969,21.0727,23.7579,15,50.5455,44.3295,54.195,11,58.3475,50.922,65.7729,26,47.1015,44.3829,47.6424,15,34.0979,32.0085,37.8793,17,49.183,48.2139,50.0641,40,24.1054,22.483,25.8801,7,59.928,52.453,61.9626
Nicaragua,NIC,2020,8,45.8442,43.5354,48.0652,4.5298,27,21.3515,19.7757,22.4088,12,49.8165,40.7956,53.0972,11,44.4631,40.4461,53.5177,26,42.3589,41.5481,44.8557,15,34.5382,31.8332,37.2074,17,50.845,50.0367,51.7716,40,16.8807,15.5748,18.3829,7,54.4493,52.1185,61.4952
Nicaragua,NIC,2021,8,42.8497,40.4226,45.1766,4.754,27,20.0988,17.9413,20.8945,13,43.668,34.1366,45.8635,11,44.3592,38.0561,52.4981,26,41.858,39.7284,43.2195,12,31.9913,30.7268,35.4835,17,50.4699,49.5665,51.4158,40,16.597,14.9751,18.0208,7,52.1211,47.593,57.3576
Nicaragua,NIC,2022,8,38.2836,35.8143,40.6436,4.8293,28,17.0461,15.2336,19.9514,14,36.5591,28.7109,42.0074,11,37.9249,35.9191,41.859,25,38.0782,33.996,39.0531,13,35.5333,34.0424,37.1481,17,52.1182,51.2651,53.0235,40,12.1141,10.4306,13.8116,7,50.8431,47.9946,57.3252
Nicaragua,NIC,2023,5,45.8374,43.8593,47.7507,3.8914,28,12.2927,11.3064,16.0603,,,,,,,,,,,,,12,36.8977,33.5207,39.4387,16,51.314,44.4425,58.1854,14,38.6201,38.3383,38.902,6,57.9886,49.7427,60.9397
Nicaragua,NIC,2024,6,47.0256,43.9178,49.9783,6.0605,28,12.1616,9.0581,14.5268,7,46.4907,38.8651,61.1064,,,,,,,,,13,37.5341,34.7501,40.0014,17,61.0377,55.3329,63.585,14,33.5708,33.0617,34.0798,6,53.065,50.5499,61.1932
Nicaragua,NIC,2025,5,47.1991,45.7192,48.643,2.9238,28,9.9664,6.7303,12.086,,,,,,,,,,,,,13,38.1202,34.0343,39.3747,17,55.3198,53.3918,63.0741,14,39.1263,38.8672,39.3854,7,55.2563,52.5814,61.2081
Niger,NER,2009,7,52.606,48.6839,56.2978,7.6139,27,47.2257,44.3466,48.341,5,57.3494,55.6243,62.1199,,,,,8,62.9138,58.306,63.2196,8,29.6343,29.5036,37.5528,8,42.3366,33.0559,43.16,17,32.1684,31.7157,32.6211,9,36.7106,34.8713,44.5487
Niger,NER,2010,7,55.7365,52.1182,59.1638,7.0456,27,45.5614,42.4678,46.4302,5,59.1986,56.596,62.1169,,,,,8,61.5494,58.1422,63.0693,8,35.4049,29.9654,37.7102,8,38.6866,32.692,43.884,17,31.8326,29.6352,34.0008,9,46.3172,38.2505,47.5882
Niger,NER,2011,7,53.417,50.1241,56.5474,6.4233,27,45.3132,44.1153,47.8507,5,59.0057,56.3696,61.9363,,,,,8,60.6405,58.0254,63.3742,8,33.5849,28.9662,37.5572,8,43.2156,33.856,44.7247,17,28.4092,25.923,30.6388,9,40.5744,36.9668,47.3823
Niger,NER,2012,7,54.9576,50.8568,58.813,7.9562,27,46.3024,44.3739,48.4738,5,58.8128,56.1431,61.7557,,,,,8,60.0546,58.2567,63.6244,8,35.2941,29.7786,37.5929,8,44.2595,34.6902,45.0065,17,32.7795,32.3543,33.2047,9,41.8882,37.6591,46.4206
Niger,NER,2013,7,53.6385,49.7404,57.3112,7.5708,27,48.1931,45.2923,49.2193,6,59.09,55.4416,61.411,,,,,8,60.9405,58.1164,62.9399,9,32.3206,28.7937,37.9476,8,38.101,33.9944,44.5644,17,31.2772,28.8858,33.6564,9,39.8357,30.7622,44.0044
Niger,NER,2014,7,54.4,50.5155,58.0623,7.5468,27,47.0163,46.3614,50.1237,6,58.0489,54.9342,61.1382,,,,,8,62.5819,57.9094,63.2742,10,33.9227,28.9938,37.7933,8,40.2103,34.1741,45.4616,17,34.4049,34.0528,34.7569,9,40.8503,31.6061,45.0478
Niger,NER,2015,7,55.1051,51.0881,58.8867,7.7986,27,49.8501,46.5217,50.626,5,61.2943,53.0094,61.6784,,,,,8,61.2579,57.7369,63.0428,11,32.6741,28.9313,36.8223,8,45.0888,34.2905,45.2355,17,29.0222,26.4783,31.3647,9,40.6347,31.5632,43.8653
Niger,NER,2016,7,54.5614,50.3794,58.4874,8.108,27,49.7951,46.8157,50.8546,5,70.0185,68.5964,71.4406,,,,,8,60.7915,57.6628,62.5484,9,32.6446,29.0879,36.4946,9,40.0712,36.0057,46.2909,17,30.0146,27.5357,32.3477,9,35.9161,29.6989,43.4678
Niger,NER,2017,7,58.284,53.8978,62.3992,8.5014,27,48.5598,47.4476,51.3302,4,68.2548,66.6168,69.8927,,,,,9,62.718,57.2649,62.9714,8,34.9871,29.5419,36.4521,9,45.4068,30.5578,51.2885,17,32.156,31.7028,32.6093,9,43.1641,41.3104,47.3454
Niger,NER,2018,7,56.7501,52.6783,60.5839,7.9056,27,48.8879,48.2683,52.133,4,66.491,64.6373,68.3448,,,,,9,63.8324,61.0439,66.621,8,35.1957,29.7325,36.4893,9,46.3699,30.2106,50.598,17,28.5476,26.1871,31.1014,9,38.6012,36.4889,42.516
Niger,NER,2019,7,54.8079,49.9949,59.2857,9.2908,27,50.1587,47.8548,51.7422,4,64.7273,62.6577,66.7968,,,,,9,61.4889,58.2288,64.4215,8,38.382,34.4799,42.284,9,42.7961,29.1287,50.4962,17,25.0344,22.921,27.5815,9,36.8055,32.8703,39.2615
Niger,NER,2020,6,53.2332,49.4162,56.833,7.4168,27,48.7709,47.1216,50.7935,4,62.9635,60.6781,65.2489,,,,,8,62.1176,58.8836,64.9957,8,37.257,31.4623,38.59,9,47.1794,29.6014,50.7591,,,,,9,35.0628,28.6035,35.8876
Niger,NER,2021,6,53.9092,49.9134,57.6691,7.7557,27,48.8106,46.6089,50.5959,5,61.1998,58.6986,63.701,,,,,8,62.6146,59.1602,64.6332,5,36.6635,33.5354,40.3431,9,49.5835,30.9032,52.2594,,,,,8,33.0404,25.6472,36.1027
Niger,NER,2022,6,52.6716,48.542,56.5468,8.0048,28,47.8576,44.6827,49.2804,6,62.6063,60.1195,65.0932,,,,,7,63.0982,59.0548,64.686,5,39.512,33.3472,40.1975,9,38.3445,30.7013,52.5181,,,,,8,31.7052,21.116,35.1414
Niger,NER,2023,6,52.295,48.3559,56.0011,7.6452,28,47.996,45.3265,50.3842,6,58.3111,54.5351,60.2669,,,,,7,61.3901,58.2887,64.5145,5,33.209,31.1911,38.9301,9,49.7942,38.7033,55.94,,,,,7,36.5381,31.0314,42.2842
Niger,NER,2024,6,52.6839,48.609,56.5108,7.9018,28,48.6583,46.5362,51.3242,6,58.707,53.1481,59.1214,,,,,7,60.1018,58.2889,64.4233,5,30.312,30.1783,38.5647,9,48.6698,38.4651,52.9963,,,,,7,40.9357,31.6175,42.8114
Niger,NER,2025,6,51.2425,47.099,55.1262,8.0272,28,48.2827,45.3861,50.4606,6,52.0662,48.5714,55.5611,,,,,7,60.0043,57.4412,64.0551,5,32.866,30.0501,37.4083,9,48.7663,38.4203,53.1045,,,,,7,39.2836,37.2426,46.8253
Nigeria,NGA,2009,8,55.65,54.1143,57.1502,3.0359,26,38.2746,34.1734,39.1803,17,52.3154,48.3278,53.8933,12,67.7997,66.8525,68.4628,29,54.3519,53.6679,55.3053,16,51.7929,40.7805,53.5454,15,28.974,26.5635,31.6825,47,32.9885,31.5408,34.2744,9,45.924,44.7218,51.5841
Nigeria,NGA,2010,8,53.6417,52.3611,54.897,2.5359,26,38.1344,33.5715,39.0689,19,54.43,52.4119,55.5933,12,64.836,63.9238,65.7104,29,54.4287,53.7977,55.5512,17,37.1702,33.6274,40.9788,15,29.2378,27.1209,32.9403,47,30.9746,29.5344,32.1984,9,51.4873,45.4048,53.1022
Nigeria,NGA,2011,8,50.6913,49.3945,51.9614,2.5669,26,38.8137,34.3817,39.2477,18,52.8206,51.2923,54.0634,12,57.8355,56.8362,58.6614,29,53.7461,53.1617,54.9496,19,36.7815,36.3847,43.7861,15,29.6947,28.4062,33.9878,47,25.66,24.5264,26.7578,9,48.66,43.9333,51.6234
Nigeria,NGA,2012,8,52.1465,50.9039,53.3649,2.461,26,36.0349,34.9784,39.4428,18,53.7717,52.1284,54.8593,12,59.4901,58.6056,60.3709,29,54.6361,53.8175,55.6262,20,37.8378,34.0303,40.8043,15,32.3469,31.3075,37.37,47,31.6767,30.2775,32.952,9,45.894,43.3009,50.5121
Nigeria,NGA,2013,8,53.2359,52.035,54.4144,2.3794,26,35.3495,32.9119,37.7872,18,53.1837,52.1339,55.0362,12,58.8461,57.9051,59.6509,29,54.1997,53.5676,55.4563,22,37.2829,35.2403,39.2117,15,35.0442,34.092,40.1099,47,33.3447,31.9686,34.5145,8,50.3978,43.9031,53.246
Nigeria,NGA,2014,8,53.8782,52.8347,54.9049,2.0702,26,38.0595,36.5407,40.715,19,52.5062,50.8673,53.5712,12,60.2985,59.3681,61.1297,29,54.3032,53.483,55.196,22,34.2995,32.4047,36.4879,15,40.4405,36.9713,43.0878,47,30.2669,28.8105,31.7253,9,52.0547,47.4482,53.6881
Nigeria,NGA,2015,8,53.7656,52.7366,54.7782,2.0416,26,39.7185,37.4806,41.6706,19,49.9231,49.0659,51.9505,12,61.6169,60.7116,62.3832,29,53.5537,52.6823,54.455,22,34.9395,33.5082,37.4963,15,41.9306,39.3791,45.5772,41,30.8298,28.7946,32.8692,9,50.249,49.3561,55.4293
Nigeria,NGA,2016,8,52.7361,51.4355,54.0104,2.5749,26,40.1228,38.2016,42.6659,19,49.8377,49.5298,52.3715,12,57.8654,56.8792,58.6334,29,53.5427,53.031,54.7665,18,34.0678,29.4047,38.7128,15,41.9657,40.3318,45.7195,41,28.1103,26.285,29.8476,9,51.0328,49.4715,55.0103
Nigeria,NGA,2017,8,51.0253,49.7311,52.2929,2.5618,26,41.5691,38.1429,43.0242,16,50.0561,45.482,53.4748,12,55.9912,55.0617,56.7639,29,52.5991,51.8106,53.6722,23,32.5239,29.5999,35.7075,15,37.1099,35.9811,38.9302,41,32.212,30.3893,34.132,9,45.8041,45.025,49.9259
Nigeria,NGA,2018,8,48.7021,47.1732,50.1933,3.0201,26,40.9419,38.4438,43.261,16,48.6878,42.6698,51.2865,11,52.6719,48.9318,57.2716,28,55.5581,54.2143,56.3897,23,26.7051,26.0546,30.7692,15,36.6899,35.123,38.4244,41,29.8832,28.1246,31.6426,9,44.0391,43.5357,48.124
Nigeria,NGA,2019,8,47.8263,46.292,49.3222,3.0302,26,40.2295,38.7955,43.277,16,49.816,42.1785,51.1328,11,50.5238,46.1865,54.7009,28,53.7228,52.5468,55.0423,23,26.8778,25.7419,29.4844,15,37.0737,36.303,38.7926,41,29.993,28.2433,31.712,9,42.1175,38.5803,44.1273
Nigeria,NGA,2020,8,47.2188,45.712,48.6884,2.9764,26,41.0333,38.7115,43.0281,13,46.6585,39.664,49.3026,12,47.3119,45.0891,50.6069,30,54.8959,53.604,55.7891,23,27.1927,26.4536,29.4094,15,42.7555,41.4797,43.8667,41,26.2763,24.6834,27.9572,9,41.2816,36.9208,42.0522
Nigeria,NGA,2021,8,45.3232,43.3168,47.2626,3.9458,26,40.7835,39.3607,43.8345,13,46.3895,38.776,49.4078,11,47.7179,44.4468,53.0802,29,54.4632,53.3382,55.5598,15,22.9559,21.5714,24.0191,15,43.7323,42.8684,45.7283,40,24.1414,22.6149,25.6982,8,38.0931,35.2028,45.7372
Nigeria,NGA,2022,8,45.8148,44.1288,47.4536,3.3248,28,40.4904,36.1809,41.6779,14,46.1128,40.0149,48.5297,11,48.481,45.6512,51.3241,27,51.2917,50.2342,53.1513,15,22.8837,21.5738,23.9209,15,46.0857,44.5889,46.9145,40,24.2277,22.699,25.8838,8,41.4481,35.1803,44.7418
Nigeria,NGA,2023,8,42.1348,39.7178,44.4517,4.7339,28,38.8019,36.0317,41.2236,14,40.3072,38.2138,47.2238,11,46.2517,43.5394,50.1537,27,50.9156,49.4597,52.3536,15,21.7482,20.4203,22.8009,15,43.224,41.9967,52.4538,39,24.6637,23.0813,26.2331,7,37.9208,27.6301,41.0513
Nigeria,NGA,2024,8,43.385,41.3483,45.3512,4.0029,28,40.1974,35.544,40.6655,16,44.5248,39.9628,45.2006,11,44.3594,43.0637,49.9926,27,51.6472,50.3081,53.1934,15,22.0376,20.7709,23.1525,18,43.9349,42.7656,47.2918,39,26.9132,25.1185,28.6956,7,35.7351,28.2455,42.2159
Nigeria,NGA,2025,8,41.8579,39.7786,43.8624,4.0838,28,39.4333,36.5241,41.5788,16,43.7445,40.4376,45.6772,11,46.8663,41.4693,48.2091,27,50.2141,48.5998,51.5542,15,20.6379,19.0237,21.5231,18,42.8917,39.2111,44.144,39,24.1814,22.2236,26.0546,7,34.5063,29.7763,44.1166
North Macedonia,MKD,2009,8,65.4377,63.6867,67.1468,3.4601,25,51.0913,49.4566,53.9505,16,75.775,69.4726,77.7117,12,56.9869,56.1449,57.8534,31,69.3904,68.4542,70.3187,13,43.0351,39.9508,55.9094,15,37.5024,37.1106,43.9343,48,33.4611,32.5053,34.4948,8,63.1237,59.8464,68.7911
North Macedonia,MKD,2010,8,65.4142,63.7571,67.0337,3.2766,25,52.9673,48.7357,53.2533,18,74.022,70.994,76.1456,12,57.9427,56.9945,58.7886,31,68.2331,67.2673,69.1696,13,38.9417,38.3902,53.7854,15,44.143,39.3685,47.1345,48,32.3675,31.4112,33.3541,8,62.912,60.9247,69.9328
North Macedonia,MKD,2011,8,67.0176,65.395,68.6048,3.2098,25,49.3249,47.5836,52.0178,18,70.2088,69.17,74.5167,12,58.5134,57.6397,59.2033,31,69.1865,68.2666,70.011,13,46.6673,38.7112,54.231,15,46.7481,40.9699,48.7144,48,34.4687,33.5901,35.6229,8,66.5435,60.1647,69.1043
North Macedonia,MKD,2012,8,67.6316,66.0445,69.1849,3.1404,25,50.4754,47.0839,51.7572,18,70.6285,68.307,73.5074,12,61.1122,60.1394,62.0567,31,70.3757,69.4567,71.0197,13,44.8361,39.4125,54.6919,15,49.3123,42.3463,50.1421,48,37.66,36.6719,38.6374,8,62.427,59.928,68.5332
North Macedonia,MKD,2013,8,66.7691,65.3736,68.1382,2.7646,25,50.4539,47.8953,52.2443,18,68.3439,67.7176,73.1256,12,62.5473,61.6386,63.2874,31,69.9927,69.1347,70.6738,15,46.8613,38.2772,49.6619,15,46.0691,43.4499,50.9545,48,36.464,35.3704,37.5293,7,60.5222,57.6108,66.9613
North Macedonia,MKD,2014,8,69.4982,68.2811,70.6957,2.4146,25,47.0777,46.4866,50.9212,18,72.897,68.0894,73.2707,12,66.9191,66.0301,67.7639,31,69.5439,68.6117,70.3383,16,52.3003,48.1927,56.4079,15,51.7226,45.6465,53.912,48,41.8006,41.7813,41.8198,8,57.279,56.8404,66.621
North Macedonia,MKD,2015,8,70.1214,68.8651,71.3569,2.4918,25,48.3717,47.0198,51.2645,18,71.7275,68.4662,73.557,12,69.6187,68.6654,70.4265,31,71.4615,70.5894,72.1147,16,45.9332,41.1829,51.2822,15,50.1974,46.3069,54.4839,48,47.0054,45.9871,48.1126,8,60.7784,57.1075,65.8459
North Macedonia,MKD,2016,8,69.099,67.8262,70.3502,2.524,25,47.382,45.7128,50.017,18,69.0524,67.4709,72.401,12,67.83,66.8844,68.5683,31,70.0624,69.211,70.7331,15,46.5836,41.8601,49.0875,15,54.5047,49.7159,60.0886,48,44.8677,44.7489,44.9864,8,57.7466,56.4126,66.3392
North Macedonia,MKD,2017,8,71.0982,69.9271,72.2514,2.3243,25,48.6206,46.1395,50.3953,14,69.0716,63.1893,72.3408,12,67.6669,66.7614,68.4582,31,70.4731,69.5227,71.2199,17,48.0786,46.902,54.0166,13,57.2667,50.7885,58.1486,48,46.7105,46.5088,46.9122,8,64.4985,59.768,66.2102
North Macedonia,MKD,2018,7,68.8682,67.4076,70.3004,2.8928,25,51.097,48.2978,52.8033,14,64.6574,63.0372,72.6854,,,,,21,70.9488,70.5496,79.0592,16,51.8716,47.5932,54.4728,13,56.5441,52.5838,61.2688,48,46.715,46.5132,46.9169,8,60.2994,57.5528,64.6554
North Macedonia,MKD,2019,8,63.6997,62.2109,65.1576,2.9467,25,50.2293,48.8311,52.9514,14,59.5159,57.8659,67.305,11,40.5041,34.9784,46.4643,31,71.4688,70.221,72.1958,17,45.6031,43.5273,48.5655,13,54.8904,52.2577,59.9397,48,34.4776,33.2777,35.6615,8,62.9074,57.0449,64.0269
North Macedonia,MKD,2020,8,63.9568,62.4861,65.3974,2.9113,25,52.3769,48.9036,52.9549,11,61.1308,56.2365,66.2272,11,39.2534,34.7181,45.2358,31,71.0597,69.8813,71.8668,17,46.1165,42.1578,47.9772,13,57.9401,56.6006,63.4723,42,34.9492,33.6884,36.2298,8,58.9039,56.8472,63.5225
North Macedonia,MKD,2021,8,66.5304,65.1037,67.9293,2.8256,25,51.7918,48.45,52.5622,12,66.5461,58.6625,66.912,11,42.4292,34.8004,47.4105,31,71.6089,70.2955,72.4107,12,48.1982,46.4474,49.9401,13,62.5818,59.6119,67.1617,42,36.8164,35.5107,38.1222,7,58.4008,50.315,58.8781
North Macedonia,MKD,2022,8,64.7851,63.5451,66.0039,2.4588,25,48.3002,47.0757,53.5554,13,61.28,56.6882,64.0806,11,36.5708,33.9411,40.3266,30,71.0637,69.6276,72.2808,12,48.884,46.3462,50.6125,13,66.2823,60.0866,68.3633,42,36.2594,35.0237,37.6786,8,57.4379,52.5467,59.0845
North Macedonia,MKD,2023,8,63.9196,62.4586,65.3508,2.8922,25,53.9839,48.126,54.3345,13,55.8049,54.9338,62.7454,11,34.1063,31.4818,36.9577,30,71.4946,69.9884,72.7063,12,47.5935,45.2053,49.4862,14,64.7032,55.5508,67.1814,41,33.8943,32.4351,35.2815,7,60.5043,53.4184,61.4063
North Macedonia,MKD,2024,8,65.0784,63.8746,66.2622,2.3876,25,53.4028,48.3052,54.5972,15,56.658,52.6164,58.1418,11,41.6218,38.3041,44.9395,30,73.341,71.4344,74.0801,12,49.0872,46.041,50.5858,17,65.5712,63.0575,69.6071,41,31.8326,30.402,33.4814,7,58.4618,53.1464,61.7382
North Macedonia,MKD,2025,8,65.2643,64.1266,66.3841,2.2575,25,55.0247,50.3672,56.4571,15,59.6196,53.4097,59.9092,11,35.8247,32.7253,40.5062,30,73.5621,72.0943,74.7694,12,48.7975,46.4075,50.765,17,63.7112,60.8673,67.9299,41,35.3163,33.9522,36.7921,9,58.8343,55.4971,59.9699
Norway,NOR,2009,8,93.7506,93.1886,94.309,1.1204,28,97.3389,96.1673,98.9467,15,91.2096,87.37,91.5889,12,66.8937,65.8428,67.8606,30,95.7238,94.5813,96.5974,20,89.2857,85.8728,90.8389,13,74.8427,72.4802,77.6012,48,76.6037,74.9078,78.2234,9,75.6697,72.1238,76.4178
Norway,NOR,2010,8,93.2423,92.737,93.7448,1.0078,28,97.3584,96.0597,98.7411,17,88.8395,88.0391,91.8673,12,70.4946,69.4723,71.3427,30,95.8263,94.8412,96.7389,20,81.5362,78.7587,82.8153,17,77.5538,75.1544,79.6623,48,75.4737,73.4897,77.2505,9,76.8014,74.9006,77.8051
Norway,NOR,2011,8,92.8968,92.3835,93.4071,1.0236,28,97.3966,95.9612,98.8331,17,89.8418,87.1592,91.319,12,70.1618,69.2175,71.1384,30,96.073,95.0441,96.8876,20,77.6694,75.6088,79.8638,17,77.1532,75.1398,79.3415,48,76.7846,75.13,78.6878,9,75.6698,73.1573,76.5035
Norway,NOR,2012,8,92.3713,91.8897,92.8503,0.9606,28,97.0364,95.7054,98.4095,17,88.1631,87.0105,90.6865,12,74.1244,73.088,74.9928,30,95.9054,94.857,96.7743,20,73.5641,72.9344,76.6576,17,77.2945,75.2299,79.6242,48,76.4824,74.8543,78.1578,9,74.1388,72.3969,74.8862
Norway,NOR,2013,8,92.8174,92.3175,93.3145,0.997,28,97.0865,95.7319,98.5764,17,86.9726,85.8501,89.6961,12,78.5676,77.6043,79.4111,30,96.118,94.9794,96.9827,21,74.7547,72.2014,75.9375,17,78.6072,75.2691,79.8651,48,77.7504,76.0477,79.3514,9,71.8589,69.0614,72.6772
Norway,NOR,2014,8,92.98,92.515,93.4425,0.9275,28,96.3884,95.0843,97.7056,17,88.5019,86.7609,90.5699,12,81.1291,80.1255,82.0158,30,96.6914,95.4067,97.4184,22,70.9541,69.0008,72.2948,17,77.5969,75.3906,79.5962,48,78.8273,76.99,80.6375,9,73.1648,71.874,74.0961
Norway,NOR,2015,8,93.3082,92.852,93.7621,0.9101,28,97.019,95.7528,98.4389,17,88.499,86.8069,90.1533,12,83.0161,81.9915,83.9013,30,95.9176,94.8373,96.8228,22,70.9248,68.7962,72.0795,17,77.7958,75.5033,79.8504,48,79.5421,78.0431,81.159,9,74.1069,72.5547,75.0957
Norway,NOR,2016,8,94.4257,93.9138,94.9348,1.021,28,97.0761,95.6825,98.5585,17,89.641,87.2494,90.6713,12,87.7676,86.6878,88.6734,30,96.0399,94.9532,96.8474,22,71.5193,66.9513,72.4734,17,79.116,77.586,81.6324,46,82.7148,80.8905,84.6409,9,74.1569,74.0341,76.2403
Norway,NOR,2017,8,94.5993,94.0233,95.1717,1.1484,28,97.0215,95.8536,98.6463,15,89.1998,87.6151,91.5191,12,89.5161,88.3697,90.4194,30,96.4164,95.2649,97.14,23,68.8757,65.7469,71.4079,15,83.0033,81.5742,86.2151,42,84.4622,81.9583,87.2522,9,71.8788,69.9769,72.8589
Norway,NOR,2018,8,92.717,92.0968,93.3329,1.2361,28,97.214,95.8571,98.6607,15,90.9067,86.7531,91.1026,12,75.8733,72.8895,78.8451,30,94.8493,93.7954,95.9233,23,69.1787,64.738,70.0587,15,82.1257,80.7775,85.3512,42,81.5654,79.1984,83.9804,9,69.0947,67.3276,70.2077
Norway,NOR,2019,8,91.1907,90.4177,91.957,1.5393,28,96.7116,95.3647,98.1671,15,85.329,85.087,89.3833,12,75.8026,71.8898,78.14,30,93.8213,92.7234,94.8967,23,65.045,60.5811,66.0339,14,84.2397,78.6281,87.7867,42,78.0484,75.5548,80.4114,9,68.4937,66.5393,69.5409
Norway,NOR,2020,6,91.5017,90.7327,92.2641,1.5314,28,95.8458,94.7537,97.4633,,,,,,,,,20,93.9936,90.8519,96.3569,23,64.4551,59.9952,65.6372,13,84.1672,78.4005,88.4818,37,83.6976,81.189,86.3093,9,67.2533,65.2424,68.2107
Norway,NOR,2021,6,90.409,89.4635,91.3446,1.8811,28,95.4634,94.0019,96.8075,,,,,,,,,20,92.8399,90.1948,95.8713,12,64.1096,60.9194,68.4715,13,81.0198,78.2358,88.1317,37,82.3136,79.7864,85.1605,7,63.5439,56.7158,64.9169
Norway,NOR,2022,6,90.6516,89.8305,91.4651,1.6346,28,95.9106,94.1744,98.5709,,,,,,,,,19,93.292,90.2628,95.6384,12,63.9149,58.4589,66.9825,14,85.0493,80.3773,88.7575,37,79.5483,77.1284,82.226,8,63.7322,61.3323,65.4969
Norway,NOR,2023,6,89.189,88.2587,90.1094,1.8507,28,96.2061,93.5305,98.1422,,,,,,,,,19,91.9897,89.9474,96.1872,12,59.2155,57.3095,65.3932,15,81.2966,76.1603,86.1938,36,77.7593,75.4801,80.6637,7,61.9074,60.7337,66.5966
Norway,NOR,2024,6,90.2488,89.3757,91.1134,1.7377,29,95.0679,92.5344,96.9949,,,,,,,,,19,92.2756,89.2008,95.2462,12,63.9872,58.808,66.8703,16,79.6841,74.866,82.5858,36,79.9679,77.1476,83.1761,7,66.3122,61.2354,67.6162
Norway,NOR,2025,7,90.3065,89.5161,91.0899,1.5738,29,94.8704,92.5602,97.182,13,85.6427,84.1341,88.924,,,,,26,92.3627,90.6082,94.1172,13,61.7306,58.9529,66.9076,19,80.6687,77.7656,83.1286,36,80.3725,77.3105,83.3001,8,67.8155,64.7113,69.2789
Oman,OMN,2009,8,71.1924,70.085,72.2837,2.1987,26,53.6299,52.1409,55.0215,17,73.6526,68.2547,74.8065,12,44.9316,43.8953,46.1994,29,66.8645,65.4095,67.7958,17,65.5571,62.4055,69.6296,10,56.6413,48.2421,59.6287,39,45.7995,45.6388,45.9602,10,63.4272,62.1987,64.5123
Oman,OMN,2010,8,70.9089,69.9359,71.8694,1.9335,26,54.3761,52.853,55.7113,20,75.1049,74.4708,75.6612,12,42.9948,42.0072,44.1512,29,66.8326,65.5988,68.0772,17,62.0816,59.4383,66.8296,10,56.2205,48.8352,59.8177,39,46.5103,46.3176,46.703,10,64.2791,62.9925,65.3799
Oman,OMN,2011,8,69.9392,68.9945,70.8721,1.8776,26,56.2882,53.216,56.4371,20,76.3277,75.6962,76.9441,12,39.5348,38.5705,40.6384,29,68.3541,66.3009,68.8178,20,55.5931,54.0123,57.819,10,54.4667,47.6721,60.0521,39,46.4546,46.2644,46.6448,10,64.4791,63.214,65.5089
Oman,OMN,2012,8,70.392,69.4993,71.2741,1.7748,26,53.7202,52.6164,55.9982,20,76.8871,76.2765,77.4889,12,40.9301,40.0083,41.8816,30,66.4043,65.6493,67.9868,20,54.6327,50.9536,54.7533,10,56.1195,49.4009,60.4268,39,51.0466,50.6498,51.4435,10,65.0061,63.5436,66.0511
Oman,OMN,2013,8,69.2763,68.4077,70.1347,1.727,26,54.0862,52.5785,55.6817,20,77.6634,77.1247,78.2922,12,44.7822,43.7904,45.8472,30,66.9933,65.7442,68.0128,21,50.3129,48.9228,52.3617,10,54.2447,50.0182,61.0638,39,48.4079,48.1298,48.6859,10,60.8315,59.959,61.933
Oman,OMN,2014,8,69.578,68.75,70.3968,1.6468,26,53.9196,52.2692,55.5181,20,78.8357,78.2392,79.4746,12,45.4274,44.481,46.4291,30,66.3839,65.4918,67.6829,21,48.4097,47.0254,51.1649,10,56.6506,50.8268,60.8064,39,49.1972,48.8836,49.5108,10,60.7701,59.8887,61.9489
Oman,OMN,2015,8,66.9274,66.0355,67.8084,1.7729,26,54.2353,52.5238,56.1969,20,78.0684,77.4844,78.6261,12,42.9923,42.0357,43.9991,30,64.6787,64.1141,66.3318,21,47.2102,46.1785,49.2912,10,56.2013,50.3304,61.0117,39,40.5999,40.5266,40.6732,10,56.8964,55.8814,58.4375
Oman,OMN,2016,8,65.0874,64.1334,66.0287,1.8953,26,52.1193,51.7169,54.9114,20,78.6127,78.0138,79.2115,12,39.0218,38.0623,40.0907,30,64.5962,63.5143,65.6416,19,47.8089,45.1448,51.119,10,51.2604,46.0097,56.511,39,37.9797,37.7885,38.1709,10,55.7177,54.6657,57.2812
Oman,OMN,2017,8,68.2176,67.1037,69.3148,2.2111,26,53.8078,52.3942,55.7929,16,78.6115,76.5273,82.2091,12,42.8832,41.956,43.849,30,64.9692,64.4603,66.6898,20,49.2539,47.1091,52.5937,9,54.1332,51.6742,63.6381,39,45.2899,45.1522,45.4277,10,60.593,59.3262,61.7607
Oman,OMN,2018,7,70.0269,68.8406,71.1945,2.3539,26,54.2232,52.3129,55.8592,16,81.6995,77.1985,82.1181,,,,,20,64.4756,56.8678,65.3285,20,50.1356,47.5667,53.8915,9,55.8413,51.8788,62.7496,39,45.2785,45.1413,45.4157,10,59.0855,57.8708,60.292
Oman,OMN,2019,8,73.8986,72.348,75.4187,3.0707,26,54.1634,53.2332,56.3451,16,83.9762,80.5755,85.6928,11,61.7445,55.9682,74.4218,30,66.1858,64.7644,66.8029,20,51.7421,48.313,57.3767,9,59.0074,53.1597,63.4046,39,56.9564,54.7332,58.9064,10,58.8924,57.7149,60.1284
Oman,OMN,2020,8,73.3602,72.0328,74.665,2.6322,26,55.718,53.4171,57.1242,13,80.5627,80.3039,85.9275,11,60.7197,58.5749,74.278,31,66.3036,65.3681,66.8889,22,50.9162,48.2435,53.0821,9,58.3527,53.8565,63.7086,39,59.4342,57.5837,61.2759,10,57.6845,56.68,58.8502
Oman,OMN,2021,8,75.8761,74.3398,77.3829,3.0431,26,55.137,53.1576,56.7197,14,83.9992,81.1292,85.3145,11,67.8268,58.457,75.2858,31,67.4917,66.5012,68.0773,14,54.0468,51.4941,58.8333,9,61.1836,53.9023,64.9669,39,62.0852,60.3124,63.8545,8,57.0584,47.8708,58.4618
Oman,OMN,2022,8,75.4765,74.3534,76.5836,2.2302,25,53.0077,51.824,58.0846,14,84.638,81.4793,85.9542,11,74.6945,69.7912,75.9665,27,69.0735,67.0962,70.3994,14,54.6572,52.1381,58.3279,9,55.434,54.0136,64.9875,39,60.1426,58.4302,61.6445,9,53.867,50.7293,56.7831
Oman,OMN,2023,8,76.8951,75.7734,78.0012,2.2278,26,54.3885,52.3868,58.7117,15,84.6411,83.4199,86.7566,12,73.8204,70.5679,74.1476,27,69.194,66.8974,70.2996,14,52.8626,50.2935,54.295,9,64.8645,58.2887,70.5045,37,62.1895,60.1394,64.1819,8,55.2028,50.8901,58.5662
Oman,OMN,2024,8,79.7652,78.7538,80.7641,2.0103,26,55.9154,53.1997,59.1574,17,86.8603,86.3356,87.5698,12,77.4826,74.4866,77.9468,27,70.8252,69.8882,73.8613,14,54.7756,52.209,56.2696,12,68.6424,61.3648,71.4686,37,68.3773,66.1215,70.6741,8,57.6583,51.4611,59.5425
Oman,OMN,2025,8,80.0906,79.1055,81.0638,1.9583,26,58.7983,55.0635,60.6305,17,87.7844,87.207,88.501,12,74.6902,71.2371,75.1146,27,73.5376,69.599,73.7225,14,52.4094,51.6005,55.1139,12,68.8717,61.9273,72.4288,37,65.8322,63.592,68.0132,8,61.0604,54.2594,61.905
Pakistan,PAK,2009,8,48.708,47.5017,49.8906,2.3889,28,27.9631,25.1732,28.5526,18,55.1429,52.7438,57.953,12,42.174,41.1161,43.141,30,50.8305,49.4126,51.2186,24,48.5986,46.8001,50.225,13,32.2814,27.6767,36.8862,49,26.4677,25.4174,27.5615,10,45.196,43.4216,46.133
Pakistan,PAK,2010,8,49.4564,48.4899,50.4078,1.9179,28,29.9268,27.8021,30.9328,20,55.1929,54.5483,55.8162,12,40.2852,39.329,41.2822,31,51.3776,50.6748,52.2202,23,43.5034,42.4999,45.2593,13,41.0482,36.8491,45.2473,49,27.2543,26.1233,28.2434,10,44.7954,43.0748,45.7883
Pakistan,PAK,2011,8,47.6988,46.6113,48.7668,2.1555,28,31.672,29.4428,32.4555,20,55.9431,55.2804,56.536,12,36.1739,35.006,37.2501,31,52.3928,51.7253,53.1943,23,35.8995,35.1278,38.2767,13,40.1537,33.2523,42.8613,49,28.3416,27.2285,29.2792,10,43.9716,42.1832,44.8804
Pakistan,PAK,2012,8,46.3418,45.2869,47.3781,2.0912,28,30.6448,28.7077,31.8638,20,56.6101,55.9507,57.2536,12,37.5624,36.5695,38.5995,31,52.96,52.1882,53.8114,23,32.7839,31.3445,34.282,13,35.5905,34.0729,42.4646,49,30.3674,29.1764,31.4244,10,41.2072,39.0092,42.4649
Pakistan,PAK,2013,8,49.2468,48.2964,50.1825,1.8861,28,32.1132,30.0393,32.7895,20,57.1173,56.4412,57.7114,12,38.4186,37.4507,39.3746,31,53.1067,52.4493,53.9221,24,30.085,29.087,31.6594,13,39.1849,35.1857,43.4314,49,32.4804,31.2935,33.4546,10,50.453,49.39,51.5387
Pakistan,PAK,2014,8,47.8829,47.2067,48.5516,1.3449,28,31.8948,30.1275,33.0644,20,58.0214,57.3852,58.6048,12,35.6704,34.5923,36.6985,31,53.1147,52.4221,53.8849,24,27.3955,26.3901,28.8815,16,37.9704,37.4087,41.0546,43,30.7285,29.1553,32.4043,10,50.5902,49.5322,51.6677
Pakistan,PAK,2015,8,48.1512,47.5006,48.7948,1.2942,28,32.7203,31.0675,33.7458,20,58.8822,58.2533,59.4184,12,35.1067,33.9513,36.1793,31,53.8604,53.1493,54.7181,24,25.9622,24.8099,26.9156,16,38.7492,37.9507,41.4839,43,32.0501,30.3576,33.7969,10,49.5971,48.5161,50.6801
Pakistan,PAK,2016,8,46.4885,45.592,47.3715,1.7795,28,32.9096,31.7652,34.7018,20,59.6617,59.031,60.1776,12,29.3973,28.2791,30.5107,31,54.1838,53.5044,55.0229,19,25.8505,23.9431,30.4184,18,39.3906,38.6714,40.1483,43,27.0575,25.2315,28.8207,10,49.016,47.9212,50.1343
Pakistan,PAK,2017,8,44.7198,43.3682,46.0405,2.6723,28,34.6285,33.125,36.1057,16,58.4579,52.3474,60.0076,12,28.3229,27.2735,29.3904,31,54.5186,53.7408,55.3356,20,26.5547,24.6401,31.4879,17,37.5753,36.6286,38.6876,43,29.6549,28.0044,31.3167,10,39.9741,38.3998,41.5311
Pakistan,PAK,2018,8,47.9794,46.5729,49.3535,2.7806,28,36.1387,34.0935,37.2357,16,55.1679,53.997,61.4763,11,33.4776,31.9909,40.1994,31,60.0616,59.0053,60.6517,20,28.1223,27.7728,33.7381,17,39.4928,38.6552,40.6423,43,35.7054,35.4119,35.999,10,39.0802,37.3784,40.6265
Pakistan,PAK,2019,8,52.0486,50.8066,53.2663,2.4597,28,37.0473,34.5537,38.1366,16,60.229,56.3054,63.3783,11,45.3991,41.1724,49.6258,31,62.2594,61.2279,62.736,21,31.693,29.4368,34.9975,17,39.4533,38.6412,40.4702,43,38.1035,37.9178,38.2891,10,35.2815,33.3471,36.911
Pakistan,PAK,2020,8,53.1102,51.8476,54.3481,2.5005,28,37.3782,34.535,37.8809,13,61.0074,56.7898,64.3827,11,42.8788,36.5444,44.921,31,62.9618,61.8811,63.4861,21,33.4052,31.3557,36.7882,17,43.3169,42.4919,44.3249,43,40.6328,40.4416,40.8241,10,33.6205,31.7202,35.2814
Pakistan,PAK,2021,8,51.1348,49.6064,52.6264,3.02,28,37.2401,35.2494,38.565,14,62.8924,58.6068,64.844,11,34.5101,33.7276,40.8761,31,62.6551,61.5228,63.1179,16,31.2425,30.0155,32.3771,17,44.6908,43.8092,45.6834,43,38.1401,36.9462,39.3497,8,31.8364,24.2771,36.2152
Pakistan,PAK,2022,8,55.0821,54.1015,56.0481,1.9466,30,37.24,34.1899,38.8056,15,64.6649,62.3627,68.1569,12,42.1496,40.3,43.0965,30,64.0404,63.1141,64.9038,17,32.1018,30.9526,33.2515,17,45.6068,44.9293,46.5384,43,46.8168,46.7298,46.9038,9,33.5085,28.6154,35.2846
Pakistan,PAK,2023,8,52.9954,51.3529,54.5962,3.2433,30,34.6484,31.8745,36.2796,15,64.3486,61.4252,67.8199,11,41.4619,39.5919,47.8508,30,63.2629,62.3256,64.4141,16,30.2743,28.1371,31.1678,18,41.4213,41.4009,50.5731,42,46.0215,45.9703,46.0727,8,32.2689,24.5241,34.6129
Pakistan,PAK,2024,8,52.1496,50.9255,53.3502,2.4247,30,31.5249,30.1059,34.7972,17,65.4678,64.5606,66.0429,11,42.9964,40.7476,47.1871,30,61.7697,60.9441,62.9862,16,27.5447,25.5238,28.6774,21,43.9349,42.2906,45.0351,42,43.847,43.8003,43.8936,8,31.4167,25.4774,35.4868
Pakistan,PAK,2025,8,46.7984,45.3274,48.2336,2.9062,30,32.628,29.4767,33.5885,17,63.3748,62.0419,63.8791,11,36.5113,35.244,41.0672,30,57.5762,56.2779,58.2499,16,26.5186,23.9076,27.3682,21,39.7731,37.683,41.3313,42,29.6189,27.9231,31.1658,8,33.5799,25.2873,36.2452
Palestinian Territories,PSE,2009,,,,,,22,38.6425,36.7474,41.8088,,,,,,,,,8,60.2743,56.9482,62.5872,7,40.8811,35.0834,44.8633,,,,,,,,,,,,
Palestinian Territories,PSE,2010,,,,,,22,41.0572,38.6303,44.1921,,,,,,,,,8,62.3865,59.0752,64.0677,7,39.3343,34.5816,43.5147,,,,,,,,,,,,
Palestinian Territories,PSE,2011,,,,,,22,42.9335,41.2245,46.3871,,,,,,,,,8,61.7435,59.9464,65.0761,7,36.3823,34.4659,44.1242,,,,,,,,,,,,
Palestinian Territories,PSE,2012,,,,,,22,40.0395,39.4651,44.9589,,,,,,,,,8,62.7486,59.8092,64.5546,7,36.1478,34.6981,43.9738,,,,,,,,,,,,
Palestinian Territories,PSE,2013,,,,,,22,42.0547,40.4306,45.9199,,,,,,,,,8,64.2018,59.1025,64.4392,7,38.2313,34.1968,44.0413,,,,,,,,,,,,
Palestinian Territories,PSE,2014,,,,,,22,46.468,42.7818,48.6841,,,,,,,,,8,60.994,59.1741,64.1371,7,35.2266,33.6645,42.6732,,,,,,,,,,,,
Palestinian Territories,PSE,2015,,,,,,22,45.49,43.5508,49.1345,,,,,,,,,7,61.7637,59.7727,64.7923,7,36.6637,33.6806,42.772,,,,,,,,,,,,
Palestinian Territories,PSE,2016,,,,,,22,47.8613,43.7846,48.9125,,,,,,,,,7,61.1108,60.0494,64.5649,4,36.5775,33.0903,39.6313,,,,,,,,,,,,
Palestinian Territories,PSE,2017,,,,,,22,46.0276,44.8213,50.0927,,,,,,,,,7,62.0139,59.2099,64.3922,,,,,,,,,,,,,,,,
Palestinian Territories,PSE,2018,,,,,,22,49.6007,47.612,52.6551,,,,,,,,,7,64.4756,62.5894,67.0173,,,,,,,,,,,,,,,,
Palestinian Territories,PSE,2019,,,,,,22,49.1624,46.6203,52.416,,,,,,,,,7,62.9237,61.2084,66.2048,,,,,,,,,,,,,,,,
Palestinian Territories,PSE,2020,,,,,,22,50.8608,47.1209,52.7355,,,,,,,,,7,65.2223,61.4778,66.439,,,,,,,,,,,,,,,,
Palestinian Territories,PSE,2021,,,,,,22,48.614,44.7198,49.7755,,,,,,,,,7,64.5066,61.2559,66.3594,,,,,,,,,,,,,,,,
Palestinian Territories,PSE,2022,,,,,,23,48.3002,44.4066,52.5482,,,,,,,,,7,64.312,60.8922,65.8863,,,,,,,,,,,,,,,,
Palestinian Territories,PSE,2023,,,,,,23,48.0311,42.391,49.8796,,,,,,,,,7,62.5934,60.8103,65.9922,,,,,,,,,,,,,,,,
Palestinian Territories,PSE,2024,,,,,,23,45.4717,40.7444,47.9892,,,,,,,,,7,63.3198,58.3227,65.5578,,,,,,,,,,,,,,,,
Palestinian Territories,PSE,2025,,,,,,23,44.1529,38.5628,46.2389,,,,,,,,,7,64.2113,56.6303,64.2161,,,,,,,,,,,,,,,,
Panama,PAN,2009,8,72.4425,71.4586,73.4138,1.9552,28,54.5076,53.554,55.4988,18,71.1066,67.381,72.1848,12,43.8268,42.8978,44.745,28,75.72,73.5487,78.1227,17,60.9374,60.1021,67.8764,15,58.6843,57.1085,66.1837,46,42.6053,42.5884,42.6223,10,71.5639,70.4255,72.5244
Panama,PAN,2010,8,72.999,72.0273,73.9585,1.9312,28,54.7484,53.8728,55.8664,20,73.3111,72.6714,73.8199,12,44.4721,43.689,45.5042,28,77.9932,75.4526,80.5338,17,54.6205,53.8227,60.7226,15,62.4383,59.0939,69.5981,46,43.4006,43.3479,43.4533,10,72.112,70.8689,73.1208
Panama,PAN,2011,8,71.6305,70.8187,72.4336,1.6149,28,54.4758,53.5212,55.6016,20,73.2314,72.6046,73.7606,12,39.7463,38.7594,40.73,28,74.6517,72.2209,77.1611,18,54.7293,52.6395,57.9559,15,60.2438,59.0156,67.1846,46,44.9767,44.8531,45.1004,10,70.8537,69.5617,71.7593
Panama,PAN,2012,8,71.0453,70.2128,71.8686,1.6558,28,54.9311,53.9087,56.0061,20,72.9099,72.2812,73.4128,12,40.8106,40.0192,41.8572,28,73.3966,72.0324,77.0256,18,51.5137,49.2243,54.3361,15,62.6635,59.2742,67.7385,46,44.1698,44.0825,44.2572,10,68.9509,67.5301,69.9777
Panama,PAN,2013,8,72.8741,72.0935,73.6468,1.5533,28,55.0131,53.9209,56.018,20,73.3956,72.7677,73.8909,12,46.239,45.3798,47.1403,28,72.5409,71.1877,75.7109,20,57.0938,52.8507,57.3841,15,62.1914,59.9778,68.5476,46,48.4712,48.1903,48.7522,10,68.4055,67.5115,69.6102
Panama,PAN,2014,8,74.9057,74.1589,75.6454,1.4865,28,53.7527,52.7897,54.8514,20,74.1688,73.5277,74.7043,12,49.1044,48.3093,49.9885,29,78.0566,76.0588,80.4443,20,54.4199,52.5246,56.2001,15,69.1735,65.0835,73.2636,46,50.1723,48.8726,51.9856,10,69.4536,68.5262,70.5655
Panama,PAN,2015,8,73.961,73.4049,74.5132,1.1083,28,54.2031,53.2658,55.3702,20,73.6168,73.0107,74.1478,12,49.441,48.5614,50.4189,29,77.4584,74.8015,78.6846,20,56.1348,53.0476,57.1891,17,61.0304,59.2806,62.7802,46,49.4678,47.9628,50.9652,10,69.7303,68.8524,70.8278
Panama,PAN,2016,8,73.2896,72.8253,73.7512,0.9259,28,55.1486,54.1631,56.264,20,72.3121,71.7027,72.8302,12,48.0902,47.1846,48.9377,30,74.0507,73.3271,75.8394,20,55.6026,52.6028,56.7772,17,65.1442,63.5154,66.7755,46,45.8619,45.6984,46.0254,10,70.3774,69.5357,71.4081
Panama,PAN,2017,8,75.2327,74.5195,75.9394,1.4199,28,55.8248,54.8123,56.9567,16,75.2442,71.4531,77.5333,12,49.7227,48.8584,50.6643,31,75.0151,73.9141,75.7616,21,56.49,53.5555,58.2226,16,65.875,64.3377,66.9067,46,51.6617,50.2431,53.2489,9,71.5126,68.7456,72.9515
Panama,PAN,2018,8,71.7543,70.9593,72.5409,1.5816,28,55.5174,54.4098,56.6861,16,74.9896,69.9824,76.1732,11,40.486,36.8066,44.8013,31,69.9783,68.9078,70.5664,21,53.7097,52.1185,55.8743,16,65.8901,65.4051,67.6795,46,48.1725,47.905,48.44,10,66.2534,65.3647,67.1973
Panama,PAN,2019,8,69.7502,69.0488,70.445,1.3962,28,56.2713,55.0672,57.3075,16,70.9255,69.5944,75.0974,12,36.2627,34.6969,40.0582,31,67.7075,66.5898,68.4873,22,53.6751,50.2199,54.3853,16,66.3984,65.2853,67.5501,46,45.3388,45.1988,45.4787,10,64.4888,63.3816,65.5516
Panama,PAN,2020,8,70.447,69.7204,71.1665,1.4461,28,56.6641,55.4999,57.5092,13,74.0489,69.3881,74.9902,12,35.9484,33.4105,40.2987,31,66.9631,65.8793,67.6246,22,54.5523,51.9347,55.6086,16,70.139,69.1333,71.3496,42,45.043,44.8586,45.2275,10,62.4564,61.4724,63.4687
Panama,PAN,2021,8,71.601,70.8222,72.3718,1.5496,28,58.0811,56.9488,59.2629,14,72.8166,68.9526,74.852,12,36.801,34.7829,41.278,31,67.4525,66.3521,68.1721,15,57.8402,56.1956,58.9563,16,72.042,71.1746,73.2111,42,48.5955,48.5709,48.6201,9,61.2809,56.5918,62.0811
Panama,PAN,2022,8,70.6379,69.8236,71.4435,1.6199,29,60.077,57.8187,61.4177,15,70.5962,66.7917,72.3953,12,39.153,37.8467,40.781,30,65.5847,63.7962,65.9778,14,56.8064,52.5047,58.6483,16,73.8242,72.7227,74.8474,41,44.9883,44.8014,45.1752,9,58.2068,54.8865,59.8362
Panama,PAN,2023,8,67.6438,66.5751,68.697,2.1219,29,60.0665,58.0663,61.5697,15,67.8746,63.1413,68.5834,12,37.8097,35.4964,38.3112,29,62.5706,60.4654,62.8884,14,53.7259,50.9272,56.7475,16,72.4362,69.6493,77.2291,39,35.8306,34.093,37.5009,8,57.9371,52.3033,59.5465
Panama,PAN,2024,8,67.452,66.5413,68.3516,1.8103,29,61.1912,58.4514,62.2941,17,64.7347,61.9604,65.1452,12,39.3997,37.079,40.0592,29,61.0528,59.6898,62.1698,14,53.779,50.0792,56.2126,19,71.4137,68.321,72.8025,39,37.2424,35.5382,39.275,8,59.2368,52.6789,59.5989
Panama,PAN,2025,8,66.1135,65.1337,67.0801,1.9464,29,61.8434,59.7294,63.6343,17,64.9712,60.663,65.2525,12,38.1585,35.8599,38.9521,29,58.8778,57.8639,60.5732,14,50.31,48.277,53.8954,19,71.3325,68.3739,72.5781,39,34.9509,33.3983,36.6216,8,58.7483,54.9421,62.4619
Papua New Guinea,PNG,2009,6,59.9931,56.0685,63.703,7.6345,24,48.2916,45.0521,49.7459,6,61.5564,55.8022,63.2455,,,,,8,61.3898,58.3393,63.2367,8,38.7419,34.9743,49.5803,12,38.4005,36.7986,47.5217,,,,,7,57.4205,53.3203,61.9295
Papua New Guinea,PNG,2010,6,60.8898,55.8218,65.6079,9.7861,24,46.6378,43.7664,49.012,6,62.0183,55.5351,63.7241,,,,,8,60.7821,58.4822,63.7733,10,35.0975,31.8162,43.7405,12,45.1904,38.0167,48.0387,,,,,7,58.7328,52.7023,62.6719
Papua New Guinea,PNG,2011,6,59.8708,54.4502,64.8891,10.4389,24,47.0718,44.3773,48.9853,6,58.543,55.5527,63.1625,,,,,8,62.6883,58.7644,63.2345,10,42.7715,32.5442,43.7569,12,42.2513,36.7392,47.0057,,,,,7,56.4772,51.6273,61.6819
Papua New Guinea,PNG,2012,6,59.3316,55.3682,63.0748,7.7066,24,47.8697,44.432,49.1734,6,56.7424,55.8072,63.0339,,,,,8,63.6934,61.3708,66.016,10,37.5641,30.388,41.9233,12,38.0446,35.6973,46.2835,,,,,8,60.6344,50.3138,61.0923
Papua New Guinea,PNG,2013,6,60.0261,54.8035,64.875,10.0715,24,46.4573,44.7158,49.2467,6,61.1226,55.8883,63.4954,,,,,8,60.8106,58.4877,63.0399,11,37.5477,29.5807,40.5668,12,44.9915,35.6614,46.743,,,,,7,60.7703,53.5635,66.1847
Papua New Guinea,PNG,2014,6,59.8993,55.6178,63.9261,8.3083,24,47.2059,43.2685,48.2673,6,58.94,56.2526,63.6829,,,,,8,61.3292,58.444,63.6701,11,32.4715,29.76,39.8664,12,45.0893,36.0514,46.6116,,,,,7,61.9756,50.0411,69.6383
Papua New Guinea,PNG,2015,6,59.5214,55.3231,63.4737,8.1506,24,47.5787,43.9194,49.0372,6,59.8243,55.2568,63.4096,,,,,8,60.2442,59.1658,63.3538,11,35.1836,28.2907,40.2393,12,37.7379,35.3548,46.2779,,,,,7,67.3854,57.1198,77.651
Papua New Guinea,PNG,2016,6,60.0774,55.0999,64.7144,9.6145,24,47.7426,43.3715,48.6873,5,56.9955,54.0668,62.5002,,,,,8,62.6106,57.7716,63.2234,9,34.8575,29.5753,40.1397,12,43.2873,37.9161,47.6582,,,,,7,59.8799,45.5893,66.7368
Papua New Guinea,PNG,2017,6,58.9904,54.6711,63.0484,8.3773,24,45.6905,44.0081,49.3492,5,60.5672,55.1725,62.6512,,,,,9,58.6105,57.2139,62.4733,10,41.6193,35.5374,45.3682,11,42.592,35.32,44.8547,,,,,6,57.2639,49.4234,61.0201
Papua New Guinea,PNG,2018,6,59.3874,54.4267,64.0077,9.581,24,47.293,44.1411,49.053,5,60.1161,54.7719,62.3882,,,,,8,59.5429,57.6527,62.3925,11,44.2419,37.4413,47.4623,11,41.3411,35.0076,45.181,,,,,6,52.0151,48.7576,60.2206
Papua New Guinea,PNG,2019,6,59.2151,54.1025,63.9662,9.8637,24,46.0944,43.7107,48.8402,6,59.4991,54.7643,62.4106,,,,,10,61.5824,56.5975,62.0442,11,40.2108,37.8364,47.4496,12,40.6745,35.6016,43.759,,,,,7,57.3851,51.9107,61.4085
Papua New Guinea,PNG,2020,6,60.9323,57.0131,64.6392,7.6261,24,47.1675,44.3262,49.3087,6,59.5828,54.541,61.9985,,,,,10,59.5446,56.9235,62.0229,11,41.346,39.1866,47.939,12,45.3549,39.689,46.9081,,,,,7,59.3428,52.4952,62.5314
Papua New Guinea,PNG,2021,6,62.1817,57.3997,66.6546,9.2549,24,46.2826,44.5888,49.918,6,62.4228,58.2278,66.6177,,,,,10,62.2144,56.2323,63.0712,5,41.907,41.4163,49.325,12,46.1782,39.7191,47.3823,,,,,5,58.4008,50.7609,65.3188
Papua New Guinea,PNG,2022,6,58.1801,53.5811,62.4818,8.9007,25,48.9897,45.5051,51.0662,6,52.4513,48.4023,56.5003,,,,,7,58.2311,55.3616,61.4371,6,45.3277,41.2035,49.5802,12,45.6882,41.1331,48.2622,,,,,6,55.0892,51.7749,65.0528
Papua New Guinea,PNG,2023,6,58.5159,55.3294,61.5573,6.2279,25,48.8912,46.039,51.505,6,58.3221,52.6528,61.2297,,,,,7,56.1856,54.0902,62.299,6,42.5986,39.5344,48.1512,13,44.9215,36.6937,52.0027,,,,,6,55.3859,53.1566,67.1227
Papua New Guinea,PNG,2024,6,59.4464,54.8137,63.7811,8.9674,25,48.4182,45.9634,51.1191,6,56.4375,52.424,60.5114,,,,,7,58.2028,54.316,61.4904,6,45.2635,40.0157,48.7871,13,44.7289,38.1825,51.7113,,,,,6,57.9483,53.6742,67.5037
Papua New Guinea,PNG,2025,6,62.1375,57.9394,66.0954,8.156,25,50.1998,46.5472,51.9282,6,59.1106,51.9768,60.6574,,,,,7,60.5998,54.4513,61.8864,6,47.9211,40.4723,49.0589,13,49.8904,39.1859,53.795,,,,,6,57.1122,55.4879,70.418
Paraguay,PRY,2009,8,49.3127,47.6642,50.9177,3.2535,27,45.0508,44.5471,48.2394,17,47.6758,42.0733,49.6123,12,40.7448,39.6993,41.7259,28,50.564,45.6461,50.7926,17,41.97,38.1653,48.6626,14,35.4751,31.8646,39.0856,43,17.7777,16.0485,19.5882,10,57.2644,56.1081,58.2798
Paraguay,PRY,2010,8,46.6397,45.1319,48.11,2.9781,27,45.7036,44.6,48.6072,19,44.1201,41.7287,45.9349,12,37.6956,36.7159,38.7224,28,46.941,46.078,50.6569,18,33.1419,32.2959,41.0248,14,42.1821,36.8944,44.3223,43,16.7049,14.9787,18.3938,10,57.6793,56.5507,58.5964
Paraguay,PRY,2011,8,49.0052,47.7435,50.2411,2.4976,27,45.443,45.0547,48.8755,19,43.5669,41.379,45.2848,12,34.9611,33.977,36.0141,28,51.7118,50.8021,54.0251,18,37.1798,34.5445,42.6237,15,42.4162,40.5371,46.164,43,22.2741,20.6277,24.0156,10,58.0814,56.8347,59.1078
Paraguay,PRY,2012,8,51.7581,50.6439,52.8526,2.2087,27,46.331,44.7321,48.6283,19,47.0077,45.0963,48.3663,12,37.3226,36.304,38.398,28,54.1252,53.309,55.9246,18,38.0193,34.9168,41.5883,15,41.5381,40.1329,47.2581,42,29.8129,27.8817,31.5074,10,56.3727,55.2317,57.3697
Paraguay,PRY,2013,8,52.0806,51.0054,53.1375,2.1321,27,46.4821,45.1112,49.1441,19,44.7224,44.4412,48.3682,12,39.9196,38.9889,40.9853,28,53.3624,52.9303,55.5613,21,39.2705,35.1694,41.3118,15,42.7557,41.2676,47.5423,42,30.3038,28.5655,32.1865,10,56.242,55.2467,57.2322
Paraguay,PRY,2014,8,52.6831,51.5943,53.7534,2.1591,27,45.6484,43.3156,47.1205,19,48.7077,45.8414,49.7671,12,38.3932,37.3833,39.3304,29,52.3873,51.8291,53.5627,21,37.494,34.6788,41.674,15,44.9291,43.133,49.1123,42,29.7197,27.9013,31.6475,10,58.2366,57.3139,59.136
Paraguay,PRY,2015,8,52.97,52.0125,53.9133,1.9008,27,45.2091,44.2205,48.0159,20,49.4738,48.8173,50.1649,12,39.3557,38.3093,40.3898,29,52.882,52.2315,54.0078,22,36.0674,34.8754,41.058,15,44.4688,42.903,48.7045,42,29.9715,28.0695,31.76,10,59.5318,58.689,60.4796
Paraguay,PRY,2016,8,52.2566,50.9689,53.5184,2.5495,27,47.5298,45.6411,49.4508,20,49.0368,48.3248,49.6388,12,35.4117,34.317,36.3147,29,52.3768,51.7062,53.4469,14,35.5856,29.5789,40.557,15,47.3416,45.3214,50.9156,42,25.5847,23.7737,27.3688,10,60.2013,59.2609,61.1116
Paraguay,PRY,2017,8,51.3447,49.7543,52.8954,3.1411,27,48.4448,45.5678,49.6646,16,46.669,44.5273,52.7498,12,35.4121,34.3867,36.5682,29,52.7102,52.1834,53.9202,15,33.4227,30.3341,41.2526,14,49.531,46.2785,52.7835,42,27.4588,25.7596,29.2339,10,55.5118,54.5054,56.6618
Paraguay,PRY,2018,8,51.9435,50.3456,53.5017,3.1561,27,46.1342,45.0008,48.8405,16,46.3672,44.2577,51.6154,11,33.2359,30.5295,38.7123,29,52.1561,51.0674,53.2482,16,39.0498,31.3958,42.06,15,51.5226,49.4461,53.599,42,29.1208,27.285,30.7794,10,54.0389,53.0145,55.0361
Paraguay,PRY,2019,8,52.1985,50.974,53.3996,2.4256,27,50.1954,46.6283,50.6016,16,46.5282,45.6708,53.341,12,34.7072,30.4363,35.9447,29,53.128,51.8301,54.0814,17,35.2297,32.3809,38.1688,17,49.2198,48.262,50.1955,42,31.6803,29.9013,33.4226,10,53.7285,52.7801,54.821
Paraguay,PRY,2020,8,52.4936,51.3549,53.6121,2.2572,27,48.4533,46.3038,50.1337,13,49.399,45.1145,52.4993,12,34.2243,30.6366,36.5954,29,52.0859,50.739,53.0609,21,34.7778,32.6751,37.055,17,53.7414,52.9854,54.6613,42,29.3758,27.9324,30.9411,10,53.1692,52.204,54.1586
Paraguay,PRY,2021,8,53.2463,51.993,54.4752,2.4822,27,49.6708,46.8154,50.3861,14,51.5501,46.016,53.5728,12,35.6563,32.9419,38.7887,29,53.1805,51.4602,53.9691,13,31.9913,30.2461,34.3785,17,54.6753,53.9071,55.537,42,33.1551,31.8182,34.4912,9,50.1052,44.6918,50.948
Paraguay,PRY,2022,8,50.6631,49.4973,51.8074,2.3101,28,50.7312,48.4726,52.6803,15,46.6669,45.323,51.686,12,36.7056,34.0234,36.828,28,49.4268,48.5688,51.4897,13,31.8474,30.1738,34.1916,17,56.7176,55.9223,57.5933,42,26.3979,24.9111,27.9481,9,48.5631,45.0451,51.3902
Paraguay,PRY,2023,8,47.7992,46.1671,49.3879,3.2208,28,50.4794,47.8194,52.1301,15,43.5182,43.2234,49.8068,12,34.506,32.3667,35.0994,28,48.0366,46.4232,49.6624,12,31.1388,29.4063,33.2218,17,51.0179,50.0785,60.1253,41,22.6112,21.0003,24.4034,8,50.6216,45.8901,53.106
Paraguay,PRY,2024,8,49.3058,48.2121,50.3802,2.1681,28,48.53,47.9587,52.3524,17,46.2113,44.187,46.8021,12,37.2413,35.0064,37.801,28,48.2336,46.8245,49.7929,12,31.1422,29.6913,33.4579,20,52.1405,49.2681,53.0672,41,23.7633,22.0216,25.4598,8,51.8911,46.8958,54.0668
Paraguay,PRY,2025,8,49.6429,48.5672,50.6999,2.1327,28,50.5259,47.4563,52.0017,17,46.2872,44.6032,47.1322,12,35.4847,33.4065,36.0719,28,47.9737,45.3853,48.3087,12,30.9105,29.5795,33.7856,20,52.4552,49.9602,53.5786,41,22.7048,21.1747,24.3494,8,54.7406,48.7598,55.7576
Peru,PER,2009,8,65.0835,64.157,65.9981,1.8411,28,49.7144,49.2935,51.5363,18,67.0309,62.8714,67.7856,12,45.2544,44.3102,46.225,30,68.8153,67.8656,69.5416,20,52.9166,52.8951,58.2092,12,43.3034,40.7418,49.2363,50,34.2274,33.294,35.1451,10,66.0809,65.0597,67.0415
Peru,PER,2010,8,65.0399,64.3044,65.7679,1.4635,28,50.7493,49.6546,51.7357,20,63.8404,63.1399,64.3643,12,44.5319,43.6452,45.3576,30,68.8739,67.7592,69.3123,20,50.9045,47.5942,52.4446,12,49.4604,45.8447,53.0761,50,33.9514,33.142,34.8048,10,65.6971,64.6194,66.7047
Peru,PER,2011,8,63.4801,62.8351,64.1192,1.2841,28,51.4656,50.5291,52.4462,20,63.074,62.4243,63.5773,12,40.565,39.703,41.5557,30,68.7535,68.1864,69.7761,20,44.8202,43.5386,48.0773,17,48.8646,44.8232,50.107,50,35.9698,35.0447,36.9265,10,64.6061,63.479,65.6316
Peru,PER,2012,8,64.1358,63.4873,64.7784,1.2911,28,52.587,51.3255,53.5858,20,62.7156,62.0539,63.2009,12,39.8701,38.8877,40.8955,31,68.7092,67.8929,69.3947,20,45.8596,43.1296,47.9496,17,48.9685,45.8634,51.2764,50,40.2404,40.151,40.3299,10,63.9897,62.5988,65.073
Peru,PER,2013,8,62.7855,62.0033,63.5589,1.5556,28,53.2018,52.2059,54.3062,20,62.1335,61.4529,62.6267,12,38.6768,37.6469,39.7309,31,67.2734,66.5274,67.909,21,42.705,40.0689,45.4549,17,49.0913,46.1749,52.0218,50,38.4149,38.2433,38.5865,9,63.0117,60.072,64.7881
Peru,PER,2014,8,63.1739,62.5951,63.7481,1.153,28,53.7655,52.7289,54.849,20,62.7905,62.135,63.3181,12,38.6866,37.6798,39.6411,31,66.8857,66.1776,67.651,21,41.0014,39.1872,43.7707,17,51.2109,48.6875,53.2546,50,38.4125,38.2408,38.5842,10,64.4426,63.6289,65.4409
Peru,PER,2015,8,63.2888,62.7619,63.8117,1.0498,28,54.3745,53.1319,55.4131,20,62.1071,61.4948,62.5979,12,37.9481,37.0355,39.0202,31,66.1136,65.3824,66.666,21,43.5266,42.1734,46.0191,17,52.2643,49.8125,53.9978,50,37.9759,37.7845,38.1673,10,63.7797,62.9447,64.8115
Peru,PER,2016,8,62.439,61.6436,63.2254,1.5818,28,55.4127,54.218,56.2607,20,61.0328,60.3797,61.565,12,32.8884,31.8935,34.0238,31,65.0854,64.3372,65.8254,22,42.5444,38.8014,46.6984,17,55.8033,52.6582,56.5131,50,35.8756,34.9803,36.8578,10,63.9481,63.1765,64.9159
Peru,PER,2017,8,63.1614,62.1095,64.1976,2.0881,28,57.1517,55.7148,57.8071,16,62.7774,59.2848,65.0504,12,32.1054,31.1611,33.2962,31,64.5766,63.861,65.2754,23,41.5076,38.8576,45.6429,16,57.1917,55.6426,58.046,50,39.5846,39.4657,39.7036,9,62.8827,57.2912,64.8564
Peru,PER,2018,8,61.1133,60.1702,62.0436,1.8734,28,57.0729,55.822,58.0794,16,62.5485,57.5092,63.8943,12,30.2247,28.0249,33.8789,31,60.7924,59.5822,61.4825,23,36.9832,36.6329,42.9713,16,58.042,56.6118,58.9641,50,37.478,37.2642,37.6918,10,61.9296,60.993,63.1012
Peru,PER,2019,8,61.3287,60.2364,62.4038,2.1674,28,57.2922,56.3544,58.3846,16,62.4046,57.1983,63.9849,11,35.9089,29.5219,38.1166,31,60.1315,58.9147,60.8912,23,36.5235,34.1755,40.8725,16,56.985,56.2573,58.3286,50,37.8725,36.9277,38.8113,10,60.1771,59.2455,61.3477
Peru,PER,2020,8,60.6667,59.4919,61.8217,2.3298,28,57.9797,56.8866,59.0791,13,62.2264,56.8587,63.3421,11,30.2928,29.1289,38.9014,31,60.1054,58.9243,60.8316,23,35.0286,33.4015,39.7379,16,60.5844,59.3709,61.8833,43,38.2018,36.7025,39.9615,10,58.5776,57.5446,59.7103
Peru,PER,2021,8,60.3578,58.9537,61.7335,2.7798,28,58.9197,57.1761,59.3592,14,59.8488,52.9768,61.0123,11,33.096,27.3708,36.8964,31,60.7942,59.782,61.5515,15,32.6097,30.1227,35.0966,16,61.1117,60.0624,61.9393,43,39.2176,37.829,40.9891,8,56.6151,49.9211,59.278
Peru,PER,2022,8,60.5068,59.5028,61.4961,1.9933,30,57.6656,55.3925,59.1047,15,58.0148,52.978,60.1757,11,35.0129,32.5639,38.2256,30,59.7537,58.481,61.0128,15,33.1315,28.6841,33.9515,16,61.6943,61.3331,63.3096,43,39.7964,38.4888,41.4558,10,58.3187,57.4897,59.3973
Peru,PER,2023,8,58.3239,56.9364,59.6832,2.7468,30,55.5894,54.0911,57.5376,15,52.0302,50.3851,57.7931,11,36.4502,31.9818,37.2252,29,60.5404,57.8144,60.5994,15,31.7596,28.806,33.4417,16,60.2006,55.5734,65.8173,41,36.3291,34.885,38.0529,9,57.409,54.8533,59.881
Peru,PER,2024,8,58.3432,57.2836,59.3862,2.1026,30,54.2649,52.5163,56.0414,17,53.7767,50.1551,54.7162,11,36.7691,33.7367,39.1976,29,59.6954,57.9818,61.0388,15,33.0851,29.685,33.9279,19,58.2523,54.1812,59.5054,41,37.5866,35.9534,39.4228,9,56.5069,55.092,60.1188
Peru,PER,2025,8,57.8043,56.7006,58.89,2.1894,30,53.1926,51.5708,55.0564,17,54.5058,52.2555,56.7561,11,34.2723,30.801,36.1607,29,59.0152,56.6413,59.7074,15,31.5204,28.6821,33.4444,19,56.9837,52.1868,58.3948,41,36.0023,34.2901,37.6303,9,60.3961,56.3864,61.2721
Philippines,PHL,2009,8,61.5927,60.6449,62.5277,1.8828,27,45.7552,44.3311,46.7273,18,61.5514,57.3656,63.261,12,55.7157,54.84,56.6124,28,57.9921,57.2528,59.3247,24,47.1015,46.016,49.134,11,48.4776,42.6946,51.1502,51,35.0834,34.1475,35.9696,10,56.0641,54.6678,56.843
Philippines,PHL,2010,8,60.3815,59.7555,61.0018,1.2463,27,45.9354,44.2328,46.6378,20,59.7053,59.0299,60.3446,12,56.9971,56.1225,57.8549,29,58.0872,57.6205,59.3175,24,40.4816,39.7142,42.646,16,48.7201,45.4166,50.9233,51,32.5912,31.6807,33.4135,10,58.1914,56.8649,59.052
Philippines,PHL,2011,8,60.3677,59.7788,60.9515,1.1727,27,46.3545,45.9306,48.1425,20,57.6319,57.0073,58.8684,12,55.6576,54.7426,56.6912,29,59.6216,59.1493,60.8981,24,41.1083,39.8483,42.7238,16,46.9916,45.7412,50.885,51,34.9698,34.1134,35.9146,10,58.4781,57.0462,59.2959
Philippines,PHL,2012,8,62.5367,61.9152,63.1526,1.2374,27,47.9043,46.9558,49.2107,20,60.6008,59.9383,61.2202,12,59.1747,58.3204,60.0328,29,61.7271,61.1195,63.1245,24,40.8178,39.7225,42.8104,16,49.6066,46.7105,52.4962,51,38.5763,38.412,38.7407,10,56.6283,55.135,57.4537
Philippines,PHL,2013,8,64.3869,63.8947,64.8756,0.9809,27,49.1914,47.9662,50.1949,20,61.9732,61.2772,62.568,12,64.5272,63.6899,65.428,29,63.9665,62.6608,64.4523,25,42.4019,41.2448,43.2888,17,49.2808,48.4469,53.2427,51,41.6329,41.6061,41.6597,10,54.7601,53.8333,55.8179
Philippines,PHL,2014,8,66.2197,65.8627,66.5749,0.7122,27,49.973,48.5875,50.8269,20,64.1017,63.5196,64.6712,12,66.9345,65.984,68.0165,29,65.1593,64.2189,66.2516,25,42.9918,41.8105,43.7657,18,49.6434,48.9198,50.3851,51,44.8291,44.712,44.9461,10,56.4769,55.4881,57.4987
Philippines,PHL,2015,8,68.415,68.0527,68.7755,0.7228,27,50.7245,49.421,51.8345,20,65.2995,64.6615,65.868,12,70.1335,69.1792,71.0802,29,67.0588,66.4838,68.3668,25,45.5559,44.3049,46.3471,18,50.1106,49.3777,50.8654,51,47.6001,46.6183,48.4995,10,58.8293,57.8852,59.8165
Philippines,PHL,2016,8,69.199,68.7029,69.6917,0.9888,27,51.0215,49.69,52.077,20,64.9233,64.261,65.4412,12,72.5279,71.5744,73.5407,30,67.5605,66.7734,68.4431,23,47.8486,45.542,50.7754,18,51.3581,50.6413,52.093,51,46.2839,46.1014,46.4664,10,59.4235,58.4579,60.3925
Philippines,PHL,2017,8,68.9844,68.1055,69.853,1.7475,27,49.0723,48.034,50.3574,16,67.88,60.2093,68.2369,12,70.7358,69.8107,71.7256,30,66.6384,66.0544,67.5494,24,49.1771,46.4371,52.6057,17,54.2944,53.4159,55.3004,45,42.65,42.631,42.6689,10,57.7633,56.6525,58.8805
Philippines,PHL,2018,8,67.5798,66.2895,68.8476,2.5581,27,47.7703,47.196,49.594,16,58.0297,57.6131,66.5385,11,73.0927,66.2795,79.9058,29,69.8956,68.7022,71.125,24,46.6632,45.4569,51.1787,17,56.1916,55.3878,57.3049,45,42.054,42.0461,42.0618,10,56.0827,54.9518,57.1712
Philippines,PHL,2019,8,70.8873,69.6399,72.1144,2.4745,27,47.9568,47.0422,49.5393,16,64.3966,62.0725,68.4355,11,75.7478,61.5313,78.6857,30,74.0282,73.0961,74.9023,25,47.6819,46.7135,49.0183,17,56.8464,55.9897,57.7531,45,49.9573,49.6095,50.3051,10,55.9126,54.9558,56.9777
Philippines,PHL,2020,8,71.7851,70.5568,72.9938,2.437,27,48.2407,47.2579,49.7607,13,65.6328,61.3375,68.0479,11,68.5795,61.7742,78.0641,29,76.7622,73.7141,76.9057,25,48.4749,47.5101,49.7559,17,60.7292,59.9176,61.6243,44,54.6115,52.7937,56.1719,10,55.2264,54.1661,56.2542
Philippines,PHL,2021,8,68.385,67.0767,69.6704,2.5937,27,46.5173,45.234,47.8006,14,65.0829,58.1417,65.4063,11,60.9404,57.2975,72.4337,29,70.9812,69.5568,71.7982,16,49.4777,47.9447,50.702,17,61.682,60.9113,62.5577,44,43.7077,43.6548,43.7606,9,54.2934,53.9503,61.1616
Philippines,PHL,2022,8,68.0138,67.1107,68.9059,1.7952,29,47.7059,45.4357,49.2095,15,63.69,60.8261,66.5539,11,57.8141,56.6138,66.1949,28,69.9238,68.3124,71.3402,16,48.491,47.0137,49.4714,17,63.4348,62.6286,64.4154,44,42.6427,42.5418,42.7435,10,56.6197,55.1956,57.556
Philippines,PHL,2023,8,65.8702,64.7156,67.0066,2.291,29,47.5581,45.9815,49.85,15,57.2303,56.911,63.7913,11,54.9613,53.9613,62.0427,28,69.2134,67.5577,70.4126,16,46.7232,45.6608,48.2597,18,61.514,58.6372,66.8732,43,42.8531,42.7618,42.9445,9,56.4164,53.1184,57.7736
Philippines,PHL,2024,8,67.8604,66.896,68.8123,1.9163,29,49.375,47.3694,51.1205,17,58.5371,58.4702,61.6887,11,55.2575,53.937,64.2266,28,70.4943,68.7599,72.0926,16,48.5234,46.9067,49.8125,21,62.4246,60.6233,63.6206,43,48.2582,48.1063,48.4101,9,57.5907,52.7047,58.1918
Philippines,PHL,2025,8,70.2253,69.3678,71.073,1.7052,29,49.8928,47.9411,52.0191,17,64.6049,61.5251,64.9511,11,55.8752,54.3196,63.3861,28,71.2078,69.5456,72.3321,16,47.5739,46.1974,49.0359,21,63.6466,61.9471,64.8324,43,55.6312,53.9777,57.6376,9,58.3984,54.9094,59.745
Poland,POL,2009,8,73.605,72.3005,74.8878,2.5873,28,83.0747,81.8766,84.2143,17,67.7031,66.64,72.0262,12,36.0566,35.096,37.214,31,74.2188,73.5247,74.9491,19,61.2293,49.6609,64.0617,15,55.0338,51.4832,59.306,49,47.7482,46.7428,48.7919,9,69.8675,63.5666,70.1177
Poland,POL,2010,8,73.2334,72.0129,74.4348,2.4219,28,82.3041,81.2872,83.6161,19,67.0132,66.2716,67.7327,12,38.759,37.8441,39.8289,31,74.6025,73.8947,75.4086,19,54.8321,50.109,63.9594,15,58.0683,53.0243,60.8135,49,51.6425,50.6643,52.6036,9,65.9751,65.0955,71.2615
Poland,POL,2011,8,74.0258,72.6997,75.3295,2.6298,28,81.962,80.8748,83.124,19,66.9358,66.1693,67.739,12,38.3348,37.2933,39.4494,31,75.763,75.0476,76.5093,19,57.1769,49.4882,64.4927,15,57.685,52.9852,62.1783,49,54.1845,53.2274,55.1938,9,66.8345,65.5728,71.7311
Poland,POL,2012,8,73.7607,72.5957,74.9083,2.3126,28,81.1529,80.1663,82.4333,19,65.5601,65.2273,66.8887,12,39.1717,38.2592,40.2199,31,76.0461,75.3596,76.8052,19,55.3531,48.7961,61.6056,15,60.201,54.3778,62.7524,49,54.0562,52.8989,55.0842,9,65.6319,64.809,70.7793
Poland,POL,2013,8,73.3376,72.1542,74.503,2.3488,28,80.3955,79.4095,81.8027,19,65.3503,64.5079,66.1989,12,42.0939,41.1115,43.1461,31,75.719,74.9622,76.4958,20,49.9018,48.0449,60.5754,15,59.1225,54.9055,64.4285,49,53.1951,52.1822,54.2355,9,68.5225,65.4297,69.6753
Poland,POL,2014,8,73.2727,72.079,74.4481,2.3691,28,80.0391,78.9391,81.1955,19,65.8821,64.2553,66.1268,12,43.9854,43.0981,44.8784,31,75.6657,74.9335,76.4711,20,50.9754,46.8388,59.7207,15,57.2699,55.6673,65.9955,49,52.1575,51.1141,53.1716,9,67.7327,65.5385,70.0351
Poland,POL,2015,8,75.4011,74.2538,76.5317,2.2779,28,79.543,78.3944,80.835,19,65.2813,63.6733,66.0411,12,45.6036,44.7452,46.5292,31,75.6708,74.9739,76.4724,20,60.4437,47.8862,60.8207,15,60.1187,56.6486,66.1849,49,54.2609,53.3251,55.3284,9,68.6556,66.2016,70.4288
Poland,POL,2016,8,75.909,74.7681,77.0334,2.2653,28,76.5889,75.3706,77.6827,19,66.07,63.6888,66.2041,12,43.8799,42.9168,44.8495,31,75.3884,74.6709,76.2337,16,63.4913,60.7682,73.4083,15,63.757,58.2165,66.8583,49,53.7782,52.7462,54.7551,9,69.3643,66.3797,71.6294
Poland,POL,2017,8,76.1182,75.0547,77.1676,2.1129,28,72.9247,71.7022,74.0141,15,63.6939,60.5367,66.6452,12,45.8213,44.9727,46.8496,31,74.5573,73.8576,75.3932,21,69.1021,66.8554,77.1991,13,63.2709,59.0183,67.5234,49,56.7083,55.7755,57.7241,9,67.5531,66.4632,70.8275
Poland,POL,2018,8,75.2347,74.0564,76.3955,2.3391,28,70.1921,69.0702,71.4873,15,60.6641,58.4504,64.8077,12,46.547,42.7845,49.3965,31,69.5617,68.4852,70.0671,21,66.3799,66.1393,77.048,13,73.4174,65.4623,73.5207,49,53.3354,52.3446,54.2541,9,67.3536,64.3431,69.5845
Poland,POL,2019,8,74.1086,73.0227,75.1795,2.1568,28,67.529,66.5274,68.8067,15,62.0848,59.0858,64.7208,12,44.5486,42.2217,48.6139,31,70.284,69.0467,70.9038,21,66.1883,64.3736,73.2243,13,68.9782,64.5319,72.6611,49,53.4013,52.2598,54.4257,9,64.7135,62.8088,68.5764
Poland,POL,2020,8,73.0066,72.002,73.9982,1.9962,28,66.0639,65.0612,67.3174,12,57.8332,57.5005,64.6699,12,42.9603,41.7441,48.631,31,70.2921,69.1496,70.8466,21,63.9005,62.8686,66.4812,13,75.4828,67.8408,76.1324,43,48.4804,48.3186,48.6423,9,64.5802,61.8046,67.3518
Poland,POL,2021,8,72.6855,71.6387,73.7181,2.0794,28,64.9121,63.7304,66.1178,13,61.5381,58.544,64.1689,12,45.116,40.6561,47.9903,31,70.8773,69.8017,71.4581,13,64.9727,62.4949,65.8238,13,70.6725,67.6704,75.7649,43,47.8021,47.6708,47.9334,8,60.5563,59.0135,66.7511
Poland,POL,2022,8,72.3406,71.3697,73.2993,1.9296,30,62.9749,61.1787,64.9797,14,59.2456,57.5756,62.5676,12,44.19,42.0285,45.0435,30,69.5418,68.6418,70.8755,13,64.7466,62.7431,66.264,13,69.2232,67.971,77.0428,43,46.9718,46.8778,47.0658,9,66.5856,59.5324,66.8898
Poland,POL,2023,8,71.8147,70.5707,73.0386,2.4679,30,64.4731,62.6493,66.2795,14,58.7783,56.098,62.3941,12,43.0689,40.7878,43.7323,30,69.4853,68.5183,70.8822,13,63.7101,62.1218,66.4528,14,68.8907,65.3981,78.7063,42,46.5331,46.4588,46.6073,8,65.1007,59.7215,67.5711
Poland,POL,2024,8,73.2479,72.3647,74.121,1.7563,30,65.383,63.7602,67.1127,16,59.4156,56.3532,59.919,12,45.0493,43.3439,46.6068,30,71.2131,70.1174,72.6428,13,64.5632,63.0765,66.5263,17,70.2385,63.8822,71.5902,42,49.6838,49.4678,49.8999,8,65.4156,60.1145,67.606
Poland,POL,2025,8,74.396,73.3433,75.4345,2.0912,30,71.5237,69.7362,73.4118,16,59.384,57.7418,60.9675,12,45.099,43.1578,46.2105,30,72.3373,70.8045,73.0678,13,68.2873,62.0242,71.5001,17,67.7927,63.6548,71.4906,42,50.5542,50.2991,50.8094,8,65.8013,60.6406,67.9912
Portugal,PRT,2009,8,83.8528,82.7583,84.9333,2.175,27,83.9311,82.9694,85.1974,17,70.3624,67.0527,73.2352,12,58.354,57.3612,59.2168,31,81.7257,80.6466,82.4662,18,75.045,72.6227,78.9521,16,78.994,72.2747,85.7134,48,57.0888,56.0378,58.121,8,73.0746,70.246,77.7558
Portugal,PRT,2010,8,82.7739,81.6369,83.8956,2.2587,27,83.7711,82.8249,85.1691,19,67.1923,66.1207,67.7423,12,54.4605,53.29,55.3722,31,81.1339,80.0944,81.8988,18,69.1371,65.197,70.9697,16,80.2545,77.7892,92.8588,48,55.7228,54.7494,56.6778,8,77.9565,69.7321,78.3307
Portugal,PRT,2011,8,80.9731,79.8861,82.0458,2.1597,27,83.2949,82.2402,84.6963,19,65.9021,65.1992,66.7286,12,49.4984,48.2969,50.4446,31,80.0384,79.0327,80.788,18,65.4466,61.2765,67.2001,16,81.8319,76.1611,90.0677,48,55.2022,54.2274,56.2101,8,73.5302,67.7656,76.121
Portugal,PRT,2012,8,79.7256,78.5738,80.8613,2.2875,27,82.9671,82.2248,84.8298,19,65.8107,64.4001,66.0428,12,48.7686,47.6735,49.7649,31,80.6397,79.5864,81.3621,19,63.748,61.0501,66.4459,16,79.8878,74.2221,88.1241,48,55.2548,54.3087,56.4031,8,67.5918,66.9702,75.6564
Portugal,PRT,2013,8,79.7841,78.8154,80.7414,1.926,27,83.8242,82.4974,85.0447,19,66.4787,64.523,66.5693,12,51.454,50.3359,52.3723,31,79.9416,79.1009,80.7254,20,59.8636,56.4078,60.7205,16,75.0271,69.9793,84.1962,48,53.96,52.9543,54.9555,8,74.7638,71.894,76.4845
Portugal,PRT,2014,8,80.163,79.6355,80.6871,1.0516,27,83.6729,82.2391,84.9382,19,67.0834,65.5082,67.4175,12,52.5414,51.4162,53.5344,31,80.0895,79.13,80.8691,20,56.9537,53.446,57.9212,18,78.3386,76.9643,80.226,48,56.0022,54.9842,57.0571,8,74.0925,72.9173,77.1978
Portugal,PRT,2015,8,80.8206,80.3065,81.3314,1.0249,27,84.2906,83.0783,85.5237,19,67.1439,65.6008,68.2134,12,54.6648,53.6325,55.5692,31,81.0957,80.0578,81.8513,20,56.8015,53.9927,58.1112,18,75.8731,74.5482,77.7064,48,60.4362,59.4621,61.4861,8,74.3362,73.2043,77.6257
Portugal,PRT,2016,8,80.7047,80.0901,81.3147,1.2246,27,85.2009,83.9729,86.4553,19,68.2514,66.7827,68.7288,12,54.8092,53.6614,55.7179,31,80.9483,79.9629,81.6841,20,59.0462,55.7362,62.2335,18,73.0941,71.9109,74.902,48,59.2085,58.2286,60.1301,8,72.9933,72.6593,77.4771
Portugal,PRT,2017,8,79.5044,78.7498,80.252,1.5022,27,85.5847,84.3233,86.7843,15,66.7271,64.5236,70.7696,12,55.1875,54.2417,55.9891,31,81.011,80.033,81.7478,21,56.374,52.7792,58.6019,16,67.1623,65.4277,69.0521,48,59.0302,57.9351,60.119,8,73.071,68.0759,73.3734
Portugal,PRT,2018,8,79.4653,78.6315,80.2905,1.659,27,86.2815,84.7257,87.4035,15,70.4479,64.6386,71.0253,12,55.9794,52.5797,58.6886,31,79.3466,78.2616,80.0184,21,53.7919,51.7523,57.6326,16,68.777,67.0729,70.5267,48,60.8454,59.8067,62.0025,8,68.7117,66.8328,72.258
Portugal,PRT,2019,8,79.8235,79.0265,80.6128,1.5863,27,85.5185,84.3894,86.9743,15,70.346,65.9806,71.8469,12,55.4105,51.0136,57.4919,31,80.11,78.9565,80.8133,21,52.3806,50.4,55.4605,16,69.5265,68.0576,71.203,48,61.9939,60.7204,63.1357,8,71.5273,65.8646,71.9628
Portugal,PRT,2020,8,79.6919,78.8384,80.5366,1.6982,27,85.7321,84.0906,86.7423,12,70.8706,65.6648,72.2042,12,54.9232,51.4617,57.3156,31,79.1635,78.2,79.8619,21,51.4592,50.8581,56.7311,16,74.2049,72.9369,75.7869,42,57.9552,56.5829,59.3573,8,71.371,65.0987,71.5632
Portugal,PRT,2021,8,80.36,79.4428,81.2669,1.8241,27,85.0597,83.5144,86.3258,13,67.7154,65.0307,70.8446,12,54.4016,51.2715,57.5892,31,79.9158,78.8615,80.5922,13,58.781,54.5773,60.0631,16,75.7442,74.3817,77.2666,42,60.7857,59.2236,62.2488,7,68.8191,63.108,72.1696
Portugal,PRT,2022,8,79.7595,78.9313,80.5793,1.648,28,84.704,82.4353,87.4445,14,66.6461,64.5025,69.7361,12,55.6085,52.838,55.9677,30,79.6419,77.7723,80.1778,13,54.3756,52.8432,57.6958,16,78.204,77.0223,79.484,42,60.0487,58.5988,61.4963,8,67.6712,65.5219,73.2195
Portugal,PRT,2023,8,79.5909,78.5686,80.6005,2.0319,28,82.658,81.4993,86.5235,14,67.1874,62.86,68.7515,12,54.166,51.7409,54.8797,30,79.355,77.4315,79.8676,13,53.5646,51.3556,57.4062,17,77.3129,74.244,83.5043,41,57.682,56.0826,59.2048,7,72.5399,66.4309,73.5715
Portugal,PRT,2024,8,79.9016,79.0765,80.7184,1.6419,28,82.4551,80.0676,84.5623,16,65.2874,62.7364,65.6321,12,56.4291,53.7461,56.7645,30,79.0486,77.478,79.7466,13,55.817,51.9182,57.1649,20,79.6846,76.8633,81.3744,41,55.5068,54.0075,57.0472,7,73.046,65.2644,73.7786
Portugal,PRT,2025,8,79.5359,78.7933,80.2718,1.4785,28,81.5782,79.6186,84.1465,16,65.2106,62.6375,65.4768,12,56.1714,54.2098,57.6858,30,78.5697,76.7644,79.1208,13,52.0301,50.7655,55.8025,20,80.8595,79.3102,83.2615,41,56.2674,54.6199,57.7684,7,73.7133,67.3251,74.3106
Puerto Rico,PRI,2009,6,77.1715,73.4726,80.7055,7.2329,10,66.8559,63.9228,68.2287,11,66.8922,62.8783,72.2746,9,56.4023,44.9078,63.0758,25,84.2085,79.4782,84.2812,7,52.0259,48.3166,65.2375,,,,,35,60.1444,57.115,63.0097,,,,
Puerto Rico,PRI,2010,6,76.457,73.2466,79.5417,6.2951,10,66.7295,62.9065,68.0264,13,66.0441,61.7852,68.2359,9,49.6789,45.7223,62.5569,26,79.974,79.1363,85.0399,8,57.8784,46.0158,62.7814,,,,,35,62.4903,59.7224,65.3157,,,,
Puerto Rico,PRI,2011,6,76.6954,73.4244,79.8362,6.4118,10,66.6887,63.2366,67.991,13,64.5786,61.6856,67.9505,9,61.4446,43.6702,61.4459,25,81.3306,79.6273,85.735,10,54.8869,50.9329,66.337,,,,,35,60.5941,57.5787,63.4571,,,,
Puerto Rico,PRI,2012,6,74.9026,71.5362,78.1292,6.593,10,63.55,62.2075,67.4407,13,61.7035,60.4398,67.4122,9,59.8225,46.7053,63.4244,25,82.6277,79.5009,86.1047,10,47.8638,40.526,55.2017,,,,,35,59.4566,56.6014,62.4656,,,,
Puerto Rico,PRI,2013,6,79.1502,75.3494,82.7798,7.4304,10,65.3904,62.616,67.2785,13,66.8636,62.4278,69.1201,9,63.3129,50.8508,68.9933,25,82.0076,80.0575,86.3978,10,59.4586,47.2969,62.0139,,,,,35,66.0695,62.8164,69.3254,,,,
Puerto Rico,PRI,2014,6,79.0733,75.9319,82.0967,6.1648,10,63.6155,62.8994,67.1384,13,68.3287,63.444,70.3283,9,66.2097,55.5003,73.3007,26,79.568,76.2558,82.8801,10,55.1203,47.9753,63.2811,,,,,35,71.8184,68.7312,74.6521,,,,
Puerto Rico,PRI,2015,6,78.9558,75.7251,82.0619,6.3368,10,65.9326,62.571,67.4777,13,66.8121,62.994,69.5114,9,69.9746,54.2538,71.8801,26,81.6177,79.6119,85.0771,10,52.9623,49.36,63.5458,,,,,35,65.2397,62.2083,68.0242,,,,
Puerto Rico,PRI,2016,5,77.661,73.3385,81.7607,8.4222,10,64.5923,62.0497,66.6475,13,68.4705,63.3895,69.5533,9,68.1499,56.639,73.2524,29,79.532,78.6216,80.526,,,,,,,,,34,63.5312,60.6801,66.4572,,,,
Puerto Rico,PRI,2017,5,76.9904,72.4436,81.2901,8.8465,10,63.3942,61.3498,66.189,12,62.4013,61.3628,69.1839,9,67.8126,56.213,73.785,29,79.4576,78.8583,80.6746,,,,,,,,,33,65.3672,61.4801,69.3828,,,,
Puerto Rico,PRI,2018,6,74.9772,70.4527,79.2528,8.8001,10,62.756,61.1426,65.7647,12,59.8975,59.0055,66.8665,9,78.8338,66.467,91.2006,28,73.4148,73.2968,75.8692,8,50.6932,45.3042,58.2721,,,,,33,59.5587,55.9049,63.5974,,,,
Puerto Rico,PRI,2019,,,,,,9,64.4577,59.4935,64.5464,,,,,,,,,,,,,8,48.9849,44.8001,57.2038,,,,,33,60.4775,56.679,64.3699,,,,
Puerto Rico,PRI,2020,,,,,,9,60.964,58.3373,64.15,,,,,,,,,,,,,8,53.3713,45.6613,58.5779,,,,,,,,,,,,
Puerto Rico,PRI,2021,,,,,,9,63.084,57.3705,63.1072,,,,,,,,,,,,,6,55.5997,52.9519,64.2885,,,,,,,,,,,,
Puerto Rico,PRI,2022,,,,,,9,58.8841,56.5739,62.721,,,,,,,,,,,,,6,55.8548,52.0621,64.1559,,,,,,,,,,,,
Puerto Rico,PRI,2023,,,,,,9,59.4796,56.5806,62.0611,,,,,,,,,,,,,6,56.0236,52.1534,63.2052,,,,,,,,,,,,
Puerto Rico,PRI,2024,,,,,,10,64.066,61.2874,66.8446,,,,,,,,,,,,,6,55.4871,52.556,63.2018,,,,,,,,,,,,
Puerto Rico,PRI,2025,,,,,,10,59.7927,57.5114,62.958,,,,,,,,,,,,,6,56.2949,52.3029,63.3375,,,,,,,,,,,,
Qatar,QAT,2009,8,78.0014,77.1383,78.8553,1.717,27,54.8781,54.0433,57.0367,18,84.9939,81.6174,85.0086,12,48.8398,47.8719,49.8964,28,83.9606,83.2016,86.3564,20,69.7799,65.9863,70.7591,9,51.8104,47.8967,57.4016,45,60.2881,58.9505,61.5331,9,65.2252,63.6615,69.4732
Qatar,QAT,2010,8,78.1984,77.2726,79.1137,1.8411,27,56.4294,54.8818,57.7035,20,84.6046,84.034,85.243,12,51.4727,50.4329,52.5537,28,84.9902,84.1371,87.0047,19,62.1286,59.5633,65.3713,9,52.2605,48.3221,58.6353,45,61.684,60.3191,63.0723,9,68.781,64.605,70.5542
Qatar,QAT,2011,8,79.1679,78.3419,79.9855,1.6436,27,56.2172,54.9957,57.9293,20,84.2072,83.6746,84.9046,12,48.3132,47.2854,49.3351,28,86.3795,84.2528,87.3181,19,66.1687,60.8526,67.007,9,55.2544,48.0058,58.7335,45,64.5097,63.0895,65.8924,10,68.6085,67.3974,69.6605
Qatar,QAT,2012,8,77.6381,76.7881,78.4791,1.691,27,55.0845,54.5672,57.2224,20,84.3747,83.7992,85.0556,12,49.0409,48.1176,50.0603,28,84.9782,83.7474,86.8169,19,60.2916,57.4222,63.4056,9,50.7235,48.744,59.0852,45,64.7404,63.5214,66.2014,10,68.406,67.2217,69.3771
Qatar,QAT,2013,8,80.6289,79.7565,81.4921,1.7356,27,57.1184,55.239,58.1158,20,85.6322,85.1358,86.2113,12,55.2794,54.2121,56.3584,29,86.101,84.7188,87.2534,20,60.8372,57.5255,65.8159,9,54.5935,51.1923,61.5593,45,73.3055,71.5603,74.8792,10,70.2258,69.2676,71.1058
Qatar,QAT,2014,8,79.5925,78.7751,80.4018,1.6267,27,56.4527,55.0101,57.7867,20,85.6036,85.0744,86.3071,12,57.075,56.148,58.1477,29,85.1523,84.1439,86.924,21,58.7164,56.1859,61.0475,9,52.3741,50.6377,61.4762,45,68.354,66.9132,69.6944,10,70.7802,69.7922,71.692
Qatar,QAT,2015,8,79.2935,78.5347,80.0453,1.5106,27,55.2183,53.7559,56.6115,20,85.8099,85.3369,86.4948,12,57.3912,56.2682,58.4404,29,83.7343,82.3679,84.9388,21,59.927,56.6381,62.439,9,56.4519,52.156,61.0539,45,62.8401,61.3986,64.2726,10,70.2605,69.3272,71.2855
Qatar,QAT,2016,8,80.2381,79.4113,81.0567,1.6454,27,54.8338,53.1211,55.9814,20,86.5228,86.0057,87.1146,12,56.1778,55.1378,57.1898,29,83.8082,82.0596,84.501,20,63.4913,58.6866,65.9221,9,60.7892,54.3098,64.2152,45,63.1581,61.7062,64.7145,10,70.0896,69.1029,71.14
Qatar,QAT,2017,8,80.3762,79.2775,81.4602,2.1827,27,53.3221,52.6563,55.3499,16,85.8407,82.5181,87.2245,12,56.0384,55.0473,57.1106,29,83.8983,82.2151,84.7367,22,63.3889,59.0989,65.514,10,60.5162,50.5699,65.5934,45,69.4434,67.9289,70.7986,10,67.7711,66.7437,68.9887
Qatar,QAT,2018,8,79.367,78.0776,80.6362,2.5586,27,53.5913,51.6813,54.3308,16,84.2226,81.9358,87.1279,11,61.8165,54.7723,67.3976,28,84.3876,83.6547,86.5543,22,59.499,58.3767,65.0779,10,55.0421,50.936,64.5406,45,68.6408,67.291,70.0838,10,65.843,64.8692,67.0041
Qatar,QAT,2019,8,79.5004,78.2328,80.7484,2.5156,27,52.1156,50.9258,53.7011,16,86.3589,83.3551,88.5648,11,61.7259,56.5421,68.9495,29,85.1201,84.2954,86.9282,22,59.2904,57.3527,63.552,10,53.7341,52.1073,65.7999,45,69.9471,68.7436,71.4046,10,65.1239,64.0982,66.2565
Qatar,QAT,2020,8,81.183,79.9648,82.3835,2.4187,27,51.3344,50.3607,53.1596,13,84.4292,84.4034,89.0442,11,65.296,58.7775,71.5051,28,86.1767,85.2245,88.9304,22,59.8395,58.6776,64.8819,10,61.3757,54.6007,67.3051,39,74.817,72.5671,76.8067,10,64.7595,63.8685,65.8911
Qatar,QAT,2021,8,82.2066,80.8553,83.5362,2.6809,27,52.0555,50.457,53.1178,14,89.7811,86.1489,90.218,11,66.1946,58.512,72.1063,28,86.7155,85.6847,89.9906,13,64.1,58.872,68.2225,10,58.7202,53.8973,67.9691,39,77.6913,75.3104,79.627,9,60.6814,57.9698,62.7462
Qatar,QAT,2022,8,81.7379,80.5948,82.8652,2.2704,27,52.5977,50.3749,55.3922,15,89.676,87.0357,89.824,11,61.3121,58.9286,70.4481,27,87.5691,86.0134,89.8149,15,61.5066,60.39,62.9274,10,62.1076,56.252,69.1962,39,76.9437,74.5881,79.0099,9,60.0754,57.2876,62.1697
Qatar,QAT,2023,8,81.5597,80.3042,82.7963,2.4921,27,53.2496,50.5574,55.6278,15,87.6163,87.2089,89.9084,11,60.6292,56.2158,67.8128,26,89.0361,86.4154,91.0202,13,64.5642,57.8336,65.0993,8,61.7377,51.5142,64.458,34,74.2409,71.6006,76.746,8,59.1717,56.9741,62.7043
Qatar,QAT,2024,8,82.8733,81.6385,84.09,2.4515,28,53.1801,51.1034,55.1491,17,90.1194,89.5614,90.7424,11,65.6957,60.7834,71.9852,26,89.2443,88.2802,92.5826,13,61.8297,59.0354,66.2975,11,62.2798,56.1965,68.1309,34,79.5365,76.5578,82.4526,8,59.92,55.5481,62.4411
Qatar,QAT,2025,8,82.2459,81.041,83.4336,2.3926,28,53.7991,51.7595,55.7714,17,90.6068,90.0531,91.2853,11,59.3322,57.3633,68.7975,26,87.7195,85.9701,90.2909,13,64.9847,61.5715,69.0347,11,64.4491,56.404,68.3061,34,73.3366,70.5255,75.8563,8,61.2807,56.9826,63.1862
Republic of Congo,COG,2009,7,52.0566,47.1845,56.576,9.3915,27,25.0093,24.2082,27.3951,5,60.2984,52.9175,60.4093,,,,,10,53.8292,51.6066,58.9078,7,38.9618,37.9208,46.9381,4,29.9464,25.6696,40.6511,20,31.8146,31.346,32.2832,7,56.2998,46.9994,65.6001
Republic of Congo,COG,2010,7,50.1715,46.1031,53.9864,7.8833,27,24.5319,23.8614,26.7541,5,57.6962,53.3777,59.9178,,,,,10,58.1806,51.2799,59.1121,6,40.7189,35.8872,45.1064,4,35.2726,33.8178,43.7662,20,30.6731,30.1531,31.1931,7,45.566,38.4585,58.3356
Republic of Congo,COG,2011,7,50.7988,46.2694,55.018,8.7486,27,25.7268,23.7335,26.8055,6,57.5054,53.4981,59.9009,,,,,10,57.9696,51.402,58.8859,6,43.6535,34.5794,43.7487,9,36.04,33.3776,43.2643,20,28.1118,25.4634,30.9505,7,43.0862,36.3765,56.122
Republic of Congo,COG,2012,7,47.5746,43.8437,51.0854,7.2417,27,24.9053,23.9067,26.6028,7,57.332,52.9379,59.5684,,,,,10,57.1976,52.3438,58.9819,6,35.2034,33.8821,41.7375,9,34.6313,32.1279,43.8487,20,30.1972,29.6558,30.7386,8,37.8869,32.0696,46.1636
Republic of Congo,COG,2013,7,48.2004,44.1222,52.0186,7.8964,27,25.2317,23.8861,26.9369,7,59.7407,53.3115,60.3436,,,,,10,55.9889,52.2434,59.4041,8,35.5639,32.4912,39.9271,9,45.6133,39.5707,51.656,20,25.3121,22.4375,28.3116,6,34.3655,26.99,49.6067
Republic of Congo,COG,2014,7,46.9468,42.9523,50.6883,7.736,27,25.563,23.7715,26.6145,7,55.9863,54.3338,60.1192,,,,,10,54.986,52.3389,59.6634,8,35.9818,32.7294,39.6809,9,38.1567,34.3395,44.7795,20,24.7068,21.9986,27.5113,8,38.0753,23.926,42.6402
Republic of Congo,COG,2015,7,45.2239,40.5208,49.5735,9.0527,27,25.9404,24.0558,27.5196,7,53.3533,53.0322,59.9471,,,,,10,55.2679,53.2302,60.0765,9,36.1395,33.048,38.829,9,38.5517,33.3542,44.9732,20,25.2753,22.5816,27.8049,8,33.0545,26.8993,45.7517
Republic of Congo,COG,2016,7,48.7586,43.6559,53.4627,9.8068,27,25.5281,24.2393,27.185,7,58.5026,53.7225,59.5657,,,,,10,56.0473,52.9996,59.988,7,35.1203,33.6884,38.5031,9,38.0661,35.1097,46.5843,20,31.4558,30.971,31.9406,8,38.9977,29.8501,49.2001
Republic of Congo,COG,2017,7,48.688,45.1543,52.0258,6.8715,27,25.7553,24.4653,27.7018,5,54.7795,53.0586,59.7898,,,,,10,56.8235,52.2768,59.4871,6,33.1347,30.3252,35.9443,9,41.2914,34.3266,44.4808,20,33.1133,32.7031,33.5235,7,38.9571,33.0685,49.8876
Republic of Congo,COG,2018,7,52.8475,48.5608,56.861,8.3002,27,25.566,24.7383,28.4037,5,64.3381,62.0785,66.5976,,,,,10,58.8312,51.3377,60.1498,6,38.3153,33.4923,39.3411,9,38.1127,33.0994,42.0979,20,31.7738,31.3033,32.2443,7,42.8806,28.8053,44.9795
Republic of Congo,COG,2019,7,49.7405,45.3922,53.7991,8.4069,27,25.7713,25.0935,28.5899,5,62.9888,60.5529,65.4246,,,,,10,56.5258,50.4338,59.148,6,40.6581,37.6593,43.6568,9,33.6271,30.1971,39.8509,20,30.8142,30.3005,31.3278,7,34.1428,22.2885,40.2024
Republic of Congo,COG,2020,7,47.799,43.9652,51.4013,7.4361,27,26.1765,24.5763,28.4098,5,61.6394,59.0273,64.2516,,,,,10,54.6543,51.966,59.1694,6,37.6901,33.6446,39.2511,9,37.7442,33.0514,42.1836,19,27.5394,27.0933,27.9854,7,30.6304,19.6163,38.7461
Republic of Congo,COG,2021,7,46.5423,40.5035,52.0178,11.5143,27,27.1761,25.7211,29.3061,4,60.2901,57.5016,63.0787,,,,,10,54.908,50.9841,59.1892,4,35.9942,32.6594,39.6437,9,35.0987,33.1906,42.3118,19,29.1936,28.822,29.5652,6,29.532,15.4834,44.9035
Republic of Congo,COG,2022,7,49.6424,44.6976,54.2154,9.5178,28,28.2006,24.2545,29.3991,4,58.9408,53.8074,59.7371,,,,,7,56.4571,49.0447,58.3872,4,35.5158,33.1607,39.6513,9,43.5531,36.1298,45.3964,19,31.2969,31.0199,31.5738,6,35.4799,18.9107,46.3002
Republic of Congo,COG,2023,7,47.2654,41.227,52.7448,11.5178,28,27.2355,24.7093,30.0494,5,57.5915,53.5562,59.8385,,,,,8,42.3517,41.5707,57.6061,4,37.1967,31.908,38.6774,9,55.0058,40.0852,55.703,17,28.5889,28.1901,28.9877,6,34.9342,10.8316,38.9797
Republic of Congo,COG,2024,7,48.2728,42.4734,53.56,11.0866,28,27.7439,27.1999,32.7315,6,54.8929,53.0536,60.0412,,,,,8,53.997,48.9616,57.9502,4,36.8434,31.8473,38.9208,9,51.6855,37.7145,51.7729,17,32.527,32.3054,32.7486,6,29.9074,10.8316,39.7547
Republic of Congo,COG,2025,7,48.553,43.8658,52.9012,9.0354,28,33.4015,28.7974,33.7702,6,54.8929,53.0536,60.0412,,,,,8,51.5317,45.9609,59.1376,4,38.1094,32.3789,39.1456,9,50.4397,37.6494,51.6097,17,32.2332,31.9984,32.468,7,28.6842,15.7108,34.5501
Romania,ROU,2009,8,67.5746,65.9237,69.1889,3.2652,27,58.7712,58.5987,61.7618,17,56.6152,56.2133,61.7418,12,59.0655,58.0798,59.8851,27,65.9719,64.5785,69.3769,16,44.42,40.9636,55.4247,17,48.9185,47.6819,51.7253,50,47.5127,46.3849,48.6593,8,70.0575,65.6916,77.3934
Romania,ROU,2010,8,67.7706,66.3726,69.1424,2.7698,27,61.2846,58.6755,61.8909,19,55.7473,53.7111,56.133,12,60.4826,59.5412,61.4252,27,65.9255,64.8605,69.2196,16,43.3892,40.014,52.7104,17,48.6387,46.9659,50.636,50,46.675,46.4749,46.8751,8,71.4095,65.6471,76.7126
Romania,ROU,2011,8,67.5381,66.1624,68.8882,2.7258,27,60.6445,59.5121,62.7622,19,55.4701,53.9217,56.1374,12,56.8098,55.7276,57.6105,27,66.1808,65.3694,70.6117,16,44.4696,37.6716,50.0015,17,47.9653,44.4048,48.0343,50,43.3649,43.3138,43.416,8,75.9984,65.7701,76.643
Romania,ROU,2012,8,65.1699,63.7941,66.5197,2.7256,27,61.7609,59.9041,62.8297,19,54.4873,52.361,55.5857,12,52.7701,51.819,53.6823,27,66.0084,64.8338,69.4363,16,42.103,38.0109,50.0358,18,45.6032,44.6773,46.6427,50,41.4338,41.398,41.4695,8,70.8352,65.2624,75.691
Romania,ROU,2013,8,63.3752,62.0189,64.7057,2.6868,27,61.8802,59.8392,63.0217,19,54.6998,52.2794,54.8945,12,49.1754,48.241,50.1832,27,65.628,63.9932,69.0575,17,40.9186,37.0633,49.709,18,43.0175,42.0692,44.1593,50,36.3502,35.1979,37.5271,8,70.8005,68.9803,76.3186
Romania,ROU,2014,8,64.5486,63.2206,65.8522,2.6316,27,63.5992,61.9912,64.8632,19,55.8665,52.846,55.9132,12,48.9126,48.055,49.8068,27,65.2001,64.5431,69.5252,17,42.3304,35.8754,49.0794,18,44.9005,43.9691,45.9625,50,37.6054,37.3974,37.8135,8,72.0277,70.047,76.8988
Romania,ROU,2015,8,66.0047,64.9143,67.0788,2.1645,27,64.7371,63.4459,65.9494,19,57.2776,55.4168,57.9153,12,51.8992,51.0956,52.7949,27,67.0044,66.1918,71.4035,17,39.614,37.1212,47.3749,18,44.9331,44.0029,45.9682,50,43.5758,43.5152,43.6365,8,71.8966,70.7591,77.6082
Romania,ROU,2016,8,66.1942,64.926,67.4404,2.5144,27,66.2402,64.8059,67.3458,19,57.7515,55.4146,58.3675,12,50.1978,49.3148,50.9498,27,66.4138,65.1452,70.2916,13,38.6225,31.1834,44.0283,18,47.0911,46.2348,48.0964,50,41.6081,41.5801,41.636,8,74.353,71.1063,77.93
Romania,ROU,2017,8,65.1254,63.8159,66.4113,2.5954,27,68.2763,66.3628,69.1429,15,56.013,50.338,57.5468,12,47.4674,46.5658,48.4053,27,65.6616,64.6288,69.5641,15,39.1102,36.5465,48.2589,17,46.3288,45.3045,47.6302,44,38.1388,37.9548,38.3229,8,74.3828,70.3373,75.9098
Romania,ROU,2018,8,64.5958,63.1963,65.9682,2.7719,27,65.004,62.8684,65.7155,15,54.7009,48.9991,56.3554,12,47.6283,43.0152,48.9282,27,63.3591,61.8254,66.0154,15,39.9939,36.1761,48.1277,17,49.8408,48.8409,51.0655,44,37.3486,37.129,37.5682,8,73.6519,67.998,74.5852
Romania,ROU,2019,8,65.8502,64.4772,67.1973,2.7201,27,62.1365,60.2288,63.4149,15,55.9652,51.4794,58.01,12,53.0947,47.7215,53.8185,27,65.0094,63.2153,67.9678,15,42.3678,40.825,52.0658,16,50.1787,48.9083,51.362,44,42.1612,42.1582,42.1642,8,68.8957,66.961,74.4767
Romania,ROU,2020,8,66.7688,65.2528,68.2538,3.001,27,63.3499,61.1809,64.4485,12,52.8,49.9999,58.0221,12,50.196,47.0667,52.948,27,71.5592,65.0391,71.8619,15,43.8976,41.9975,54.2954,16,54.8848,53.7383,55.9697,43,40.7512,40.5652,40.9371,8,68.3629,65.758,73.0627
Romania,ROU,2021,8,66.0596,64.8555,67.2439,2.3884,27,65.8662,64.0102,66.9922,13,53.1199,50.5963,56.9645,12,46.4021,43.5776,48.901,27,66.7055,65.1182,70.7014,11,44.1545,36.6076,44.7183,16,58.4464,57.7255,59.7372,43,38.562,38.2776,38.8465,8,68.349,64.4335,72.2644
Romania,ROU,2022,8,66.5578,65.4362,67.6622,2.226,28,65.2926,63.6779,68.1161,14,53.6152,52.4848,57.6534,12,46.4672,44.4905,47.2337,26,64.7961,64.1353,69.3061,11,44.4433,37.0187,45.3203,16,62.9166,61.9877,63.9191,43,40.6943,40.5057,40.8828,9,67.0515,61.3238,68.4463
Romania,ROU,2023,8,66.6928,65.4791,67.8864,2.4073,28,64.5036,62.9346,67.0875,14,55.9469,52.8095,58.2935,12,45.0051,43.4925,46.1808,26,67.7094,64.5481,69.4779,12,43.4871,37.7811,45.2497,17,63.063,58.6338,67.4922,42,41.4257,41.2701,41.5813,8,64.2465,60.3837,68.0221
Romania,ROU,2024,8,66.7077,65.6887,67.7125,2.0238,28,65.2613,62.5872,66.9849,16,55.4723,52.9239,56.1215,12,46.8072,44.588,47.4174,26,65.5968,64.5531,69.5375,12,41.8652,39.0571,45.7624,20,63.0324,60.7696,64.0361,42,41.3939,41.2369,41.5509,8,66.7291,59.7779,67.681
Romania,ROU,2025,8,66.9311,65.8899,67.9575,2.0676,28,66.1957,63.1901,67.5471,16,55.1965,52.7442,56.0527,12,43.2453,41.8469,44.3854,26,66.665,64.6721,68.8965,12,44.2708,37.828,45.6977,20,64.6643,62.449,65.8339,42,39.5002,39.258,39.7424,8,67.4735,59.9202,67.6819
Russia,RUS,2009,8,60.9516,59.2627,62.5997,3.337,28,37.0466,36.0216,38.3562,17,63.898,58.1257,64.7713,12,41.6575,40.8572,42.7341,30,60.6677,59.9052,61.5214,18,52.851,39.6092,56.361,15,43.803,38.5277,45.2725,48,44.5682,44.4629,44.6735,10,55.0584,53.6764,55.9442
Russia,RUS,2010,8,59.3943,57.9056,60.8508,2.9452,28,36.3433,35.385,37.7156,19,62.8923,61.8277,66.2875,12,40.7931,39.9538,41.8972,30,60.6797,59.8201,61.487,19,50.3853,40.787,55.6881,15,43.1598,38.372,45.0786,48,38.6301,38.4682,38.7921,10,56.5328,55.2203,57.3985
Russia,RUS,2011,8,60.3597,58.8879,61.8004,2.9125,28,37.2308,35.559,37.8278,19,65.8744,62.069,66.2707,12,37.5946,36.6985,38.6413,30,61.0233,60.4159,62.0806,19,55.0224,47.8667,62.1782,15,43.0435,41.1634,48.4934,48,38.4548,38.285,38.6246,10,56.2509,54.9676,57.2059
Russia,RUS,2012,8,60.5864,59.1033,62.0379,2.9346,28,36.8226,35.7869,38.1649,19,63.7898,61.7218,65.7243,12,37.8736,36.9454,38.9052,30,61.7906,61.2888,62.9125,19,53.3116,43.6192,58.447,15,50.8606,44.793,52.0522,48,36.0889,35.8126,36.3652,10,55.7169,54.5384,56.6898
Russia,RUS,2013,8,60.0036,58.5843,61.3938,2.8095,28,36.8394,35.8713,38.1765,19,65.2571,61.5145,65.5329,12,38.7966,37.8388,39.6144,30,62.1024,61.1447,62.8734,20,49.1006,43.5608,56.7651,15,51.1547,46.6364,55.1773,48,35.1308,34.8114,35.4502,10,54.324,53.3219,55.2959
Russia,RUS,2014,8,62.6108,61.2342,63.9606,2.7264,28,36.7186,35.9895,38.2754,19,65.5773,63.2831,67.7031,12,43.2371,42.4757,44.2278,30,63.6912,62.9557,64.6831,20,48.846,43.97,57.6554,15,53.7246,49.7683,57.6851,48,40.6058,40.5328,40.6788,10,57.3366,56.4016,58.2243
Russia,RUS,2015,8,65.3867,64.1446,66.6076,2.463,28,37.8378,36.984,39.5124,19,66.4952,64.6674,68.5626,12,49.2275,48.3663,50.108,30,65.5065,64.6495,66.2812,20,50.3085,46.624,58.6979,15,54.3009,52.5008,61.7704,48,45.7733,45.6138,45.9328,10,59.3119,58.4035,60.22
Russia,RUS,2016,8,67.1265,65.6301,68.5926,2.9625,28,38.2181,36.712,39.2708,19,66.5891,64.3721,68.8544,12,50.4421,49.661,51.3503,30,65.743,64.5961,66.2386,15,53.7022,45.6043,61.8001,15,56.5077,54.7908,63.6712,46,49.2625,48.946,49.5791,10,60.3391,59.4623,61.2301
Russia,RUS,2017,8,67.2293,65.9094,68.5258,2.6164,28,38.0768,37.3,39.6836,16,68.1594,62.954,70.2844,12,47.7508,46.9185,48.5347,30,66.5989,65.6998,67.4924,20,52.8241,47.1442,58.4494,13,57.2888,50.6184,59.5948,46,50.8042,49.1268,52.5146,10,59.5484,58.4976,60.5717
Russia,RUS,2018,8,68.0269,66.7162,69.3145,2.5983,28,38.567,37.314,39.7661,16,69.0724,63.3588,70.0373,11,49.3469,46.6025,56.4277,30,68.5688,66.809,68.9968,20,54.9117,48.575,57.7261,13,55.0759,52.8769,61.8644,46,53.8569,52.297,55.4034,10,57.2323,56.2281,58.1061
Russia,RUS,2019,8,68.131,66.829,69.4104,2.5814,28,38.36,37.4872,39.9485,16,67.7947,64.6944,71.019,11,50.232,49.2884,59.7359,30,69.5745,68.456,70.4196,20,54.6262,48.7932,57.1708,13,58.3306,53.1456,63.0649,46,52.5241,50.927,54.1234,10,56.1137,55.1868,57.0669
Russia,RUS,2020,8,66.8646,65.5021,68.2021,2.7,28,38.7379,37.4567,39.6748,13,64.551,63.3013,70.1348,11,56.4622,51.6699,64.8441,30,68.9463,67.5708,69.5887,20,49.9844,47.6034,53.9248,13,59.3646,56.5909,66.2536,42,47.7749,47.6448,47.905,10,54.3938,53.3774,55.3358
Russia,RUS,2021,7,67.1228,65.6867,68.531,2.8443,28,38.8505,37.334,39.7122,14,64.881,61.972,68.9036,11,55.0807,51.3435,66.1324,30,67.3514,66.5718,68.4346,,,,,13,65.7147,61.5342,71.3406,42,47.3846,47.2721,47.4972,9,52.9388,48.5296,54.0111
Russia,RUS,2022,7,68.3464,67.2505,69.4262,2.1757,30,40.5205,38.9058,42.5782,15,66.9899,63.1608,69.3206,11,52.5963,50.9519,56.5222,29,66.4158,64.505,67.1802,,,,,13,74.8262,64.9748,74.9569,38,47.7606,47.6311,47.89,9,51.7957,46.0525,52.3672
Russia,RUS,2023,,,,,,30,38.429,36.719,40.3154,,,,,,,,,19,61.3179,56.9604,66.1438,,,,,,,,,12,65.5949,64.6629,66.5269,7,39.3756,38.8105,50.2697
Russia,RUS,2024,5,65.5293,63.5096,67.4935,3.9839,30,35.5401,33.174,36.8369,8,61.1083,46.2319,65.0895,,,,,19,60.4355,56.9501,67.153,,,,,,,,,12,54.1433,53.7266,54.56,7,44.0496,39.5288,48.7533
Russia,RUS,2025,5,62.492,60.5559,64.3756,3.8197,30,33.8282,31.5544,35.7262,8,53.7011,47.6224,63.5132,,,,,19,58.2511,55.5687,66.0091,,,,,,,,,12,45.0953,45.0858,45.1049,7,44.7776,36.2988,45.7746
Rwanda,RWA,2009,8,50.4813,47.3288,53.4799,6.1511,28,35.4135,34.0558,36.9605,12,69.8239,62.6271,72.4756,5,54.5759,43.2324,62.3454,21,51.0767,49.8587,56.6991,12,38.3481,34.8587,53.9888,15,24.6446,22.1626,29.3552,46,34.8197,33.3201,36.32,8,31.6929,27.8908,38.6117
Rwanda,RWA,2010,8,51.8045,48.8532,54.6223,5.7691,28,35.126,34.4571,37.068,12,71.4799,63.2006,73.522,5,44.0094,43.0125,62.2844,21,51.7978,49.5917,57.5472,12,38.7898,28.3314,44.2673,15,31.4275,25.1642,32.9837,46,35.5889,35.2902,35.8877,8,37.7256,32.8705,42.9184
Rwanda,RWA,2011,8,53.9163,52.8595,54.9558,2.0963,29,38.3122,37.3353,39.44,19,71.3616,71.1838,73.9563,12,42.7414,42.003,44.1464,29,53.987,53.1936,54.9543,16,37.1206,30.6853,40.2408,16,30.3522,29.6276,33.0831,46,35.6618,35.3663,35.9573,9,48.2181,46.9233,49.6981
Rwanda,RWA,2012,8,55.2622,54.314,56.1967,1.8827,29,38.8552,37.7856,39.9887,19,73.3124,72.4348,75.3844,12,42.5466,41.5824,43.3824,29,55.6891,54.4284,56.3477,16,34.4945,32.1439,41.1163,18,31.4796,30.5828,32.3607,46,41.9973,41.9869,42.0077,9,47.337,45.7832,48.6209
Rwanda,RWA,2013,8,55.1681,53.8416,56.468,2.6264,29,40.0671,39.0976,41.2037,19,74.9354,73.1193,75.7678,12,42.2818,41.3184,43.1433,29,56.0449,55.4376,57.3888,17,31.754,30.2291,38.7906,18,32.3537,31.463,33.1934,46,42.2396,42.2391,42.2401,8,45.7373,42.897,53.589
Rwanda,RWA,2014,8,54.7385,53.9891,55.4793,1.4902,29,40.6589,39.6122,41.8793,19,75.425,73.6889,76.4624,12,41.2911,40.3134,42.1947,29,55.8312,54.6465,56.4086,18,27.8915,27.8244,33.798,18,33.1956,32.3829,33.9309,46,35.0009,33.6702,36.5027,9,53.0772,52.1534,54.4508
Rwanda,RWA,2015,8,55.9767,55.2559,56.6896,1.4337,29,41.5901,40.5315,42.7742,19,75.7851,74.3285,76.9714,12,40.5207,39.5586,41.4143,29,56.5934,55.1835,57.0839,18,29.0532,26.9016,33.2443,18,33.6549,32.8682,34.5404,46,36.4119,36.1501,36.6736,10,55.8549,54.8298,56.7586
Rwanda,RWA,2016,8,56.8263,55.7945,57.8422,2.0477,29,42.899,41.8306,44.0597,18,75.5889,74.2384,78.8384,12,41.2381,40.2455,42.1566,29,57.3439,55.7795,57.5513,13,27.5881,24.808,34.4589,18,36.9047,36.1935,37.7452,46,37.2619,37.0384,37.4854,10,56.2008,55.1865,57.155
Rwanda,RWA,2017,8,56.3639,55.213,57.4949,2.2819,29,43.6499,42.5995,44.8625,14,76.2902,73.4885,81.5419,12,39.5246,38.5441,40.5046,31,57.02,56.3676,57.8602,15,27.1765,24.8281,33.2462,17,37.9923,37.0538,39.2229,46,35.9052,35.6207,36.1898,10,54.6945,53.5942,55.7012
Rwanda,RWA,2018,8,56.685,55.5033,57.8457,2.3424,29,44.248,43.1909,45.4334,14,80.1357,73.2028,81.0361,12,33.1907,30.3435,35.7898,30,56.7049,55.4061,57.5553,15,29.8042,26.4213,33.9863,17,39.8088,38.8229,40.9719,46,38.2808,38.1031,38.4584,10,51.0741,49.7914,51.9884
Rwanda,RWA,2019,8,58.6325,57.5905,59.6586,2.0681,29,44.5195,43.4474,45.6609,14,78.3344,74.991,82.0716,12,33.6418,31.2809,37.389,30,60.7255,59.7165,62.0568,17,30.4369,26.42,32.6753,17,43.2516,42.2989,44.4443,46,43.4707,43.4148,43.5266,10,50.9131,49.6408,51.9122
Rwanda,RWA,2020,8,58.6088,57.5099,59.6899,2.18,29,45.7143,44.7714,46.8345,11,75.2473,74.4901,82.1351,12,34.1667,31.2499,37.5792,31,61.1476,60.1084,61.7795,17,30.8588,29.0909,35.0905,17,46.5159,45.644,47.5231,46,43.4186,43.3527,43.4846,10,49.0212,47.7538,49.9302
Rwanda,RWA,2021,8,58.4772,57.3762,59.5605,2.1843,29,46.6671,45.732,47.8868,12,75.7137,74.8392,81.4762,12,34.4965,31.0899,36.6542,30,60.1836,59.1609,60.787,14,31.0905,29.0054,32.4342,17,47.7747,46.9209,48.8229,46,42.0552,41.9279,42.1825,9,47.6055,45.0293,52.5604
Rwanda,RWA,2022,8,60.1303,59.3531,60.8988,1.5457,30,46.5825,44.7597,48.8919,13,78.6251,76.408,82.1845,12,31.6941,29.8141,32.644,26,60.2734,58.0592,60.9783,14,31.7847,29.7861,32.8535,17,50.339,49.3897,51.3313,46,41.8442,41.7075,41.981,10,53.5537,52.5424,54.7332
Rwanda,RWA,2023,8,60.3689,59.1847,61.5328,2.3481,30,47.0696,45.5365,49.6979,13,80.2201,76.1812,82.3838,12,31.6437,29.2763,32.1591,26,62.5603,60.0563,62.8969,14,29.642,29.0325,31.8342,18,51.0144,49.5918,58.3411,45,44.6368,44.6257,44.6479,9,49.515,49.1748,56.2978
Rwanda,RWA,2024,8,63.5264,62.7238,64.32,1.5962,30,48.1667,45.8889,50.1357,15,79.101,76.9143,80.7556,12,35.7198,33.4097,36.1957,27,64.117,63.2388,65.7323,15,31.4717,30.3297,32.6358,21,55.5381,53.6068,57.0237,45,50.9479,49.6612,52.2249,9,52.429,51.0899,57.2478
Rwanda,RWA,2025,8,64.1738,63.3784,64.9602,1.5818,30,48.8092,46.6031,50.772,15,81.2472,78.7948,82.2479,12,35.1993,32.8939,35.4269,27,64.6523,62.9775,65.6078,15,30.3346,29.0031,31.5235,21,52.1806,49.9689,54.62,45,50.917,49.646,52.1036,9,57.8434,54.8523,60.5585
Saudi Arabia,SAU,2009,8,66.8722,65.859,67.8714,2.0124,26,36.1397,34.1132,38.1389,18,76.1967,72.0198,76.8008,12,28.5937,27.2758,29.8018,30,66.9727,66.3284,69.0866,18,61.4632,58.4718,65.2665,13,43.7133,38.5667,47.0328,47,51.8527,50.7393,52.9682,10,68.6254,67.3907,69.8048
Saudi Arabia,SAU,2010,8,65.6921,65.0737,66.3052,1.2315,26,35.4351,33.0116,37.3483,20,73.3921,72.771,73.9316,12,26.7676,25.6101,27.9784,30,67.6891,66.0188,68.5962,19,57.3632,54.8291,59.8893,18,44.6456,43.9078,45.6064,46,51.2907,50.0263,52.4729,10,69.1568,67.8254,70.3234
Saudi Arabia,SAU,2011,8,68.4912,67.9069,69.0709,1.164,26,36.5404,34.1506,38.1196,20,74.8926,74.3045,75.4588,12,30.8586,29.6418,31.9395,30,70.5414,68.6074,71.1771,19,57.8003,53.8606,59.214,18,45.4716,44.7045,46.3327,46,59.9833,58.7275,61.2781,10,69.5963,68.2973,70.6628
Saudi Arabia,SAU,2012,8,68.103,67.4804,68.7204,1.24,26,37.5165,34.0453,38.6113,20,75.4814,74.8502,76.0579,12,31.0362,29.8671,32.0545,30,69.9528,68.2841,71.2069,19,54.5727,51.6572,57.1189,18,46.2351,45.5019,47.1793,46,60.0341,58.6394,61.3683,10,68.6308,67.4989,69.5903
Saudi Arabia,SAU,2013,8,67.0047,66.3476,67.656,1.3084,26,38.1219,35.0974,39.1633,20,75.6562,75.0254,76.2712,12,29.4808,28.3065,30.5718,30,69.4416,68.3645,70.9759,20,53.2508,49.2923,55.8488,18,47.2062,46.4998,48.1197,46,57.498,56.3274,58.7272,10,65.3053,64.3919,66.2012
Saudi Arabia,SAU,2014,8,67.4254,66.8614,67.985,1.1236,26,36.4717,33.7353,38.1305,20,77.0544,76.4317,77.6287,12,30.9254,29.8822,31.961,30,70.092,68.4536,71.2017,20,52.002,49.2923,53.9973,18,49.035,48.314,49.9316,46,57.1121,55.893,58.2439,10,65.6869,64.888,66.6418
Saudi Arabia,SAU,2015,8,66.7516,66.1871,67.3116,1.1245,26,35.2465,33.5207,37.5431,20,77.5252,76.9837,78.1363,12,30.4986,29.3782,31.6476,29,69.1688,66.9933,70.4783,20,53.8661,51.7852,55.7506,18,49.1579,48.4403,50.1159,45,53.3903,52.0394,54.8274,10,64.2817,63.5341,65.3422
Saudi Arabia,SAU,2016,8,67.6288,66.9047,68.3458,1.4411,26,35.4544,33.5924,37.4926,20,78.7125,78.0996,79.3242,12,30.7184,29.6964,31.7357,29,68.3739,67.2148,70.6375,20,56.2277,52.467,59.7859,18,52.8888,52.211,53.9406,45,52.9692,51.4637,54.4508,10,63.75,63.0108,64.8291
Saudi Arabia,SAU,2017,8,67.6172,66.6138,68.607,1.9932,26,36.4405,35.365,39.16,16,77.7124,74.8074,80.2756,12,32.7898,31.7786,33.8973,29,68.2007,66.347,69.4856,21,54.2345,51.7451,58.5841,16,55.7148,53.2002,56.5266,45,52.3862,50.9969,53.5942,9,62.3925,56.4918,63.8547
Saudi Arabia,SAU,2018,8,68.1357,66.9406,69.3116,2.371,26,38.1403,34.9874,39.2263,16,77.5317,74.8766,80.3067,11,42.9695,40.1191,54.3271,29,70.2881,69.3845,72.3063,21,52.3431,50.9935,56.8009,16,54.6469,53.7749,56.3981,45,52.3165,50.7168,53.9311,10,56.8775,55.8382,57.9497
Saudi Arabia,SAU,2019,8,69.7065,68.5602,70.8355,2.2753,26,38.6661,35.8972,39.8749,16,79.898,76.8071,82.3475,11,48.2283,44.0436,57.7408,29,73.3729,72.67,75.8695,22,52.6282,50.7758,54.1129,14,50.0146,48.7788,54.1799,45,58.0648,56.4856,59.6482,10,55.5897,54.5504,56.7306
Saudi Arabia,SAU,2020,8,73.906,72.6577,75.1343,2.4766,26,39.4082,36.3298,40.6862,13,81.3216,79.1476,84.5056,11,55.407,50.4953,67.5183,29,76.555,75.2962,78.5899,22,52.1752,50.4489,53.6876,14,54.4614,53.4256,58.8609,40,71.0585,69.1996,72.8767,10,58.0869,57.1454,59.204
Saudi Arabia,SAU,2021,8,76.4509,75.2731,77.6115,2.3384,26,37.7838,36.6243,40.439,14,81.8455,79.4137,83.6934,11,62.8908,56.2795,71.2675,30,77.534,76.4537,78.4136,13,58.604,55.2886,62.3124,14,55.8148,54.8463,59.4517,40,75.1919,73.206,77.1852,9,58.4008,54.1485,58.9672
Saudi Arabia,SAU,2022,8,76.3229,75.3047,77.328,2.0233,28,40.73,38.9219,43.2277,15,81.8966,81.2379,84.8745,11,60.7481,58.3532,69.4467,30,78.403,77.0137,79.104,13,56.8464,53.7969,61.1545,14,59.0742,57.318,62.2474,40,75.5842,73.6156,77.5311,10,54.5743,53.3227,55.5395
Saudi Arabia,SAU,2023,8,77.2079,76.0235,78.3749,2.3514,28,41.5661,40.3339,44.708,15,84.7674,82.9342,86.1247,11,58.8105,57.2558,67.8425,29,81.1821,79.4913,82.1194,13,56.5701,53.0597,60.9094,17,60.4487,56.6194,66.285,39,77.3154,75.1914,79.2688,9,53.5561,49.2076,54.4381
Saudi Arabia,SAU,2024,8,79.5419,78.4746,80.5952,2.1206,28,44.597,41.6873,46.0499,17,86.3986,85.8727,87.1194,11,66.564,62.6512,74.7518,29,84.3441,83.0425,85.3208,13,54.7178,51.831,58.3074,20,62.8219,62.0527,69.7363,39,81.2741,79.2305,83.4431,9,53.5058,48.8261,54.2622
Saudi Arabia,SAU,2025,8,78.5728,77.4799,79.6511,2.1712,28,46.4207,43.3456,47.9978,17,86.9988,86.4188,87.6468,11,64.5373,60.5851,73.1669,29,83.1975,81.8219,84.4405,13,51.6543,48.8378,56.0732,20,63.9259,63.5461,70.6331,39,77.3352,75.2179,79.301,9,52.6228,49.1915,54.8148
Senegal,SEN,2009,8,60.8426,59.3469,62.3063,2.9594,29,53.6875,52.7937,54.7416,17,68.9823,64.4672,71.7943,12,65.8519,65.0214,66.7587,30,64.0817,63.4798,64.9919,12,28.1596,22.1844,35.6427,10,39.0915,34.5616,42.828,44,35.6677,34.5382,36.9716,10,49.8771,48.5828,50.9531
Senegal,SEN,2010,8,58.687,57.1624,60.1775,3.0151,29,53.5379,52.6901,54.617,19,68.5685,67.4037,70.8921,12,60.5683,59.6019,61.4596,30,63.5797,62.9353,64.6486,12,25.2769,21.6553,35.7489,10,37.1683,33.4218,41.9796,44,32.0225,30.7638,33.3973,10,50.6972,49.3794,51.6109
Senegal,SEN,2011,8,59.1966,57.8886,60.4796,2.591,29,53.8298,52.8961,54.8334,19,71.5474,68.2336,71.6487,12,55.2249,54.294,56.152,30,63.413,62.8296,64.3435,13,28.2972,22.9029,33.9125,10,38.7077,33.4785,42.5522,44,32.3622,30.9912,33.8274,10,50.1074,48.7938,51.0257
Senegal,SEN,2012,8,59.3383,58.2412,60.4178,2.1766,29,54.3899,53.5318,55.487,20,68.9159,68.3013,69.4958,12,59.7343,58.9592,60.565,29,63.62,62.5312,64.6575,14,28.8732,25.6029,33.8637,10,36.5186,33.1182,42.0822,44,34.2564,32.8712,35.5586,10,49.1516,47.6496,50.1205
Senegal,SEN,2013,8,59.6891,58.4665,60.8899,2.4234,29,55.4163,54.4464,56.5063,20,68.9428,68.3466,69.5244,12,60.8156,59.933,61.6744,29,63.0504,62.2445,64.4203,15,27.9684,25.2474,33.5139,10,41.4984,31.3232,43.1042,44,32.2093,30.832,33.3722,10,48.2357,47.1681,49.2965
Senegal,SEN,2014,8,58.9815,57.7728,60.1689,2.3961,29,56.8795,56.0478,57.9427,20,71.4213,70.8607,72.0302,12,57.5212,56.627,58.3405,29,63.1483,62.1519,64.1317,15,27.5959,25.2161,33.9152,10,32.6398,27.2898,37.9898,44,34.3654,33.1351,35.7803,10,49.6963,48.5004,50.6849
Senegal,SEN,2015,8,61.2247,60.0597,62.3702,2.3105,29,57.6261,56.64,58.7,20,71.7732,71.1758,72.3476,12,57.9051,57.0078,58.7973,29,63.8583,62.973,65.1572,16,29.9251,26.8917,35.22,10,38.1689,30.0836,40.5416,44,38.3009,38.1241,38.4776,10,50.0059,48.9242,51.0013
Senegal,SEN,2016,8,61.11,59.9754,62.2261,2.2507,29,58.6346,57.6626,59.7476,20,71.9691,71.4023,72.5438,12,58.1775,57.2999,58.9784,30,63.6275,62.9765,64.5155,13,31.6662,27.3307,35.6371,10,34.2993,31.3344,42.1094,44,37.6585,37.4528,37.8641,10,50.8049,49.6746,51.8209
Senegal,SEN,2017,8,61.1019,59.7307,62.4463,2.7156,29,59.1019,58.1981,60.243,16,70.3377,66.5869,73.4096,12,57.2006,56.3063,57.9341,30,63.1538,62.5456,64.1234,15,30.5792,27.6266,35.66,10,41.4813,34.7664,47.9182,40,38.0472,37.859,38.2353,10,47.6215,46.545,48.7198
Senegal,SEN,2018,8,60.5851,58.9709,62.162,3.1911,29,58.7913,57.9199,59.8557,16,69.2586,65.2497,71.592,11,50.7963,46.2329,56.1019,29,62.5318,61.6538,63.7773,14,31.1799,28.7703,37.7666,10,50.4236,44.041,56.8062,40,36.6667,36.4164,36.917,10,44.3472,43.0362,45.2989
Senegal,SEN,2019,8,60.3068,58.735,61.8431,3.1081,29,58.7802,57.8258,59.835,16,71.5051,64.6496,71.8712,11,51.5408,46.4108,55.4548,29,63.43,62.1537,64.4405,16,31.0888,29.5125,36.528,10,45.2593,36.8377,50.3997,40,37.6334,37.4266,37.8402,10,42.6524,41.2929,43.7738
Senegal,SEN,2020,8,60.9275,59.3124,62.5053,3.1929,29,59.0156,57.9989,60.13,13,71.5596,66.8662,73.221,11,50.9759,46.7605,59.5881,29,62.915,62.2522,64.4659,16,32.5691,31.6603,39.106,10,50.2357,38.6967,51.8729,41,38.595,38.312,38.878,10,40.1726,38.7392,41.2861
Senegal,SEN,2021,8,59.7123,58.0015,61.3808,3.3793,29,58.9604,57.8726,60.0479,14,71.2833,67.0797,73.7708,11,49.2098,46.3733,59.2623,29,63.3793,62.0537,64.1924,12,29.7371,27.0767,31.9485,10,46.7124,40.802,53.0874,41,39.9305,39.7076,40.1534,9,39.2396,34.9416,42.1631
Senegal,SEN,2022,8,58.5676,57.0843,60.0187,2.9344,30,57.7344,55.798,59.5931,14,68.308,65.2992,71.2773,11,45.8315,44.0123,51.7536,28,62.8944,60.4498,63.5941,12,26.9164,25.2252,30.2365,10,52.3638,43.1434,53.9075,41,35.3523,33.8061,36.9051,9,41.785,35.2377,42.9003
Senegal,SEN,2023,8,55.7606,54.0302,57.4461,3.4159,30,56.706,54.9382,58.5736,14,65.6505,63.9505,69.641,11,47.2615,42.0802,48.5906,28,61.2295,59.5386,63.2769,11,25.3891,22.1422,28.9455,10,42.2859,40.3427,53.4917,40,35.894,34.1762,37.6717,8,40.4895,38.3725,46.271
Senegal,SEN,2024,8,57.4715,55.9901,58.9204,2.9303,30,55.4025,52.5085,56.5658,16,67.9211,66.2334,69.1223,11,47.8336,43.9582,54.4359,28,61.8191,59.2957,62.5862,12,28.8793,23.471,28.9257,13,40.8657,36.7893,44.6128,40,35.6714,34.1088,37.3637,8,45.4466,39.156,48.2355
Senegal,SEN,2025,8,54.6349,52.9353,56.2908,3.3555,30,54.9882,52.9027,56.7042,16,67.4856,67.476,70.2377,11,42.7648,40.952,52.3151,28,60.6457,58.841,61.8244,12,24.9054,18.5894,25.5097,13,39.9096,30.3229,40.7229,40,33.6989,32.0117,35.5613,8,42.5948,41.971,50.0293
Serbia,SRB,2009,8,59.9495,57.7786,62.053,4.2744,27,52.2115,50.5244,53.8963,17,49.5306,48.4327,53.6312,12,55.8571,54.9058,56.7128,31,56.6775,55.7617,57.6347,16,49.2244,36.4596,53.633,7,43.7389,41.0371,56.6239,45,28.9344,27.3453,30.118,8,63.9433,56.2027,64.1677
Serbia,SRB,2010,8,57.7199,55.5769,59.7959,4.219,27,52.8407,49.9262,53.3944,19,48.9539,45.9076,49.5913,12,53.7777,52.8073,54.7603,31,56.9856,56.1945,57.9499,16,38.0772,33.8044,50.3949,7,47.0323,41.7179,57.3166,45,31.2234,29.7625,32.5535,8,58.7264,56.4756,64.5524
Serbia,SRB,2011,8,55.7074,53.7517,57.6059,3.8542,27,49.6183,49.4423,52.5378,19,49.3715,47.2815,50.7215,12,45.8424,44.8749,46.9136,31,57.5533,56.7504,58.4444,16,36.9518,31.5305,45.5287,9,46.2765,41.749,53.9824,39,30.4005,28.1812,32.8229,8,57.9471,56.2815,64.539
Serbia,SRB,2012,8,56.9367,55.0086,58.81,3.8014,27,53.0159,50.6216,53.8461,19,51.9008,50.1236,53.1836,12,43.6043,42.501,44.574,31,58.5944,57.769,59.6333,15,35.1309,32.4628,46.8762,9,50.7368,42.614,54.5447,39,30.8649,28.5365,33.2945,8,57.6917,55.1645,63.5877
Serbia,SRB,2013,8,56.4066,54.6101,58.1551,3.545,27,53.1657,50.9487,54.3502,19,52.9147,50.6385,53.6172,12,43.8908,43.0351,44.9429,31,59.2116,58.4635,60.0642,15,30.9394,28.4724,40.6196,9,48.4553,43.0813,54.495,39,29.7036,27.7208,31.6066,7,59.9735,56.7732,66.959
Serbia,SRB,2014,8,56.739,55.097,58.3409,3.2439,27,52.5778,50.6461,53.7912,19,54.2192,51.7937,54.7999,12,42.2156,41.258,43.3303,31,58.5841,57.7998,59.6504,19,30.3758,26.4194,34.1518,9,48.9956,40.1975,53.522,39,29.9327,27.9362,32.0019,8,62.7845,59.7967,67.6093
Serbia,SRB,2015,8,56.4266,54.9052,57.9135,3.0083,27,53.4314,51.4432,54.5885,19,52.5454,52.3628,56.3296,12,40.4861,39.5642,41.3688,31,59.8394,59.1124,60.8863,19,28.196,25.8073,32.886,9,44.3447,41.2835,54.0326,39,34.1108,33.7455,34.4761,8,65.2243,60.6042,68.3117
Serbia,SRB,2016,8,57.1843,55.7858,58.5538,2.768,27,53.4715,51.293,54.4897,19,57.1816,55.3928,58.0263,12,35.6663,34.8007,36.6776,31,59.4123,58.6794,60.4574,18,27.7392,23.812,31.6663,9,46.7206,42.4511,54.41,39,33.3704,32.9718,33.769,8,67.823,61.807,68.8747
Serbia,SRB,2017,8,56.6549,55.04,58.231,3.191,27,53.9674,52.1755,55.5435,15,53.3992,50.2976,58.6942,12,36.0237,34.9398,37.0899,31,59.5622,58.7797,60.6637,19,24.7833,23.342,29.6906,8,47.8285,38.5451,50.7267,39,37.744,37.5422,37.9458,8,66.2457,60.1842,67.2106
Serbia,SRB,2018,8,57.694,56.1164,59.235,3.1186,27,53.7965,51.6306,54.803,15,50.1113,45.9162,54.3064,12,49.4834,44.4078,49.8123,31,59.4118,58.164,60.1599,19,30.9886,27.3404,33.6319,8,42.6585,40.5126,51.5726,39,40.5481,40.4725,40.6237,8,60.6258,57.3345,65.0892
Serbia,SRB,2019,8,62.0216,60.5646,63.4485,2.8839,27,54.3046,52.5277,55.4093,15,57.5162,53.8384,61.5343,12,49.8899,45.5258,51.1544,31,63.3068,62.2004,64.0103,20,33.9107,30.7636,35.8006,8,47.5376,41.9329,53.8288,39,44.7307,44.6181,44.8433,8,61.9793,56.0172,63.212
Serbia,SRB,2020,8,61.6659,60.175,63.1252,2.9502,27,55.4703,53.5347,56.4258,12,58.4777,52.7613,62.0927,12,52.8318,48.1409,53.5824,31,62.6905,61.5042,63.4845,20,32.5679,30.8059,35.1217,8,49.3519,43.6451,54.6764,39,45.0442,45.037,45.0514,8,55.4281,54.1062,61.441
Serbia,SRB,2021,8,61.3673,59.6517,63.0411,3.3894,27,55.3551,53.2943,56.1935,13,57.7189,55.2517,63.1201,12,56.5413,52.7788,58.559,31,61.8685,60.6444,62.6616,12,29.7371,28.5382,32.7048,8,51.481,44.8031,55.4025,39,43.3815,43.3139,43.4491,6,54.6079,41.0017,55.2316
Serbia,SRB,2022,8,60.9032,59.582,62.1994,2.6174,27,54.9767,51.9119,56.8859,14,61.4346,57.5542,63.4848,12,47.2819,45.1549,48.0734,30,61.3728,60.6449,63.2815,12,31.0614,28.9495,32.7086,8,50.3821,45.742,56.3656,39,45.9411,45.8935,45.9887,8,53.7842,47.3584,55.6172
Serbia,SRB,2023,8,61.8086,60.3647,63.2229,2.8582,27,54.8372,51.4128,56.975,14,62.66,58.1052,64.1148,12,47.2345,45.3392,48.176,30,64.2176,62.9015,65.6352,12,30.5019,28.1525,31.5759,8,50.9947,45.6901,59.4069,39,49.3186,49.119,49.5182,8,52.0101,47.6148,55.4806
Serbia,SRB,2024,8,63.3522,62.2187,64.4676,2.2489,27,53.1795,50.647,56.1726,16,63.1226,60.4284,63.4634,12,50.8863,48.9374,51.7884,30,65.9775,64.7538,67.3499,12,30.2634,28.2992,32.1697,11,53.9205,46.4016,55.2343,39,52.7033,51.08,54.2181,8,51.7089,47.8207,55.8013
Serbia,SRB,2025,8,60.5759,59.398,61.7337,2.3357,27,51.0184,50.3622,55.8309,16,61.1324,59.7354,62.8414,12,48.2072,45.7542,48.774,30,64.3182,62.323,65.0297,12,29.5677,27.3564,31.3771,11,52.0187,46.4576,55.1209,39,45.9659,45.9172,46.0146,8,51.04,48.5698,56.7604
Seychelles,SYC,2009,8,57.2071,53.9238,60.3347,6.4109,26,61.0692,60.5605,64.2205,11,40.8916,30.5965,46.405,4,49.8822,42.0173,58.4656,19,28.5743,26.4715,42.1116,9,47.4899,42.3319,55.9104,11,48.4065,47.4317,62.8944,42,37.7578,37.5566,37.959,5,75.6608,67.6701,80.0471
Seychelles,SYC,2010,8,60.1656,57.1478,63.055,5.9072,26,63.3964,61.6326,65.0254,11,39.1799,36.8056,52.0569,4,57.1056,43.0193,57.4716,19,34.4133,31.4494,46.3571,10,46.8105,38.3873,50.2164,12,50.6574,44.0351,60.5412,41,37.4597,37.2451,37.6743,5,79.6237,71.8317,84.4501
Seychelles,SYC,2011,8,62.3457,59.7082,64.8867,5.1785,26,63.3222,61.5729,64.8465,12,50.6026,42.1815,54.4656,4,47.1944,43.1516,59.5642,19,44.0009,36.9884,49.9535,10,42.1919,35.1068,46.0478,13,51.7865,46.6535,58.9877,41,39.5598,39.4397,39.6799,6,80.239,71.2736,84.1985
Seychelles,SYC,2012,8,64.0281,61.5259,66.4446,4.9187,26,62.719,61.6746,65.3248,12,51.8775,45.9022,56.2535,4,53.3443,44.0482,59.1594,19,49.1893,40.3463,53.366,9,42.2188,34.5524,46.8601,13,55.9659,46.8704,58.547,41,38.1642,37.9813,38.3471,6,76.2887,69.6869,82.2017
Seychelles,SYC,2013,8,64.4932,62.5395,66.3945,3.855,27,62.9022,62.1533,64.6558,18,53.1837,50.2645,55.183,11,54.9459,53.2766,56.6152,27,51.3925,50.4917,54.5929,15,44.1565,40.4762,47.7816,14,51.6974,49.1345,58.8825,41,39.4339,39.3082,39.5597,7,74.8246,63.5406,83.3653
Seychelles,SYC,2014,8,67.1721,65.6007,68.7102,3.1095,27,63.5031,62.3907,65.4925,18,53.8099,52.7281,57.9942,11,56.0943,55.08,56.9007,27,56.6144,54.2582,58.2352,15,45.0255,42.9438,50.793,14,53.0061,50.0541,60.3121,41,43.6525,43.5884,43.7165,7,78.6151,65.1329,79.0307
Seychelles,SYC,2015,8,67.3421,66.0101,68.6501,2.64,27,65.1009,63.663,66.4341,18,58.9841,54.1232,59.5561,11,51.2407,50.2082,51.9978,27,57.945,56.0772,59.7788,15,47.9451,43.2712,50.5172,15,56.1483,50.3233,57.7643,41,41.5916,41.5629,41.6202,7,71.5331,66.8728,78.904
Seychelles,SYC,2016,8,68.4655,66.7196,70.1709,3.4513,27,67.4958,66.385,68.9491,18,61.0782,57.6823,62.4096,11,50.1254,49.2094,51.0801,27,61.0189,59.8046,63.6656,10,48.8804,45.7341,64.0408,15,49.8883,45.8622,53.9143,41,42.3945,42.387,42.4019,7,76.8284,70.6122,79.6599
Seychelles,SYC,2017,8,71.7843,70.1239,73.4091,3.2852,27,68.8274,67.8243,70.2666,16,59.1599,57.4686,63.4907,11,49.5178,48.1115,50.1019,28,63.7584,61.3216,65.1504,10,55.4117,48.1148,65.8246,15,60.5162,54.2189,64.4823,41,42.5218,42.5086,42.535,6,81.7147,78.2319,85.1974
Seychelles,SYC,2018,8,71.5908,70.1458,73.0087,2.8629,27,68.9149,67.2422,70.0019,16,64.159,58.6781,65.4966,11,48.638,41.4715,52.5493,27,62.377,60.2527,62.8568,14,60.0863,51.2156,63.7297,16,61.154,59.2483,62.5708,41,39.3894,39.2617,39.5172,7,74.435,71.0482,79.2047
Seychelles,SYC,2019,8,74.6826,73.275,76.0653,2.7903,27,70.3035,69.1799,71.6467,16,68.56,65.1247,71.9954,11,47.2605,41.7256,55.6555,27,69.6683,68.3094,70.6513,16,65.5964,56.9554,68.1444,16,59.6435,57.5319,60.801,41,45.5989,45.4472,45.7506,7,74.318,67.7446,76.9594
Seychelles,SYC,2020,8,75.8298,74.4472,77.1885,2.7413,27,70.328,69.3971,71.9016,13,64.9387,64.0952,69.9102,11,46.5338,41.9521,55.6242,27,75.05,73.6247,76.0445,16,67.5742,62.5742,74.234,16,62.7952,61.5808,65.132,40,48.5509,48.3858,48.7159,7,74.056,66.1388,75.2439
Seychelles,SYC,2021,6,74.0055,72.6101,75.376,2.7659,27,71.1911,70.5061,72.997,7,59.0922,49.9712,62.7889,,,,,,,,,12,66.1297,58.3026,68.9348,16,64.1359,61.9712,65.4182,16,42.8278,42.7353,42.9203,6,71.9428,66.1065,73.1158
Seychelles,SYC,2022,6,72.7091,71.1794,74.2087,3.0293,26,76.0564,72.1694,78.159,7,53.8955,49.7198,62.1875,,,,,,,,,13,63.8367,56.5589,67.7494,16,65.3457,63.6794,66.856,16,39.1623,38.9049,39.4198,7,69.4202,59.5343,69.8979
Seychelles,SYC,2023,6,72.3761,70.3414,74.3579,4.0165,26,75.5892,74.4598,79.9719,6,52.9377,48.5317,62.8447,,,,,,,,,12,62.3481,55.5499,69.3574,15,64.2695,56.373,70.0458,15,45.1907,45.1769,45.2046,6,65.5834,56.4863,69.4297
Seychelles,SYC,2024,6,72.0197,70.1053,73.8871,3.7818,27,77.1726,75.0031,80.6661,7,54.5935,47.8561,61.8864,,,,,,,,,12,64.5891,55.0265,68.5486,16,63.8869,59.9179,68.9905,15,40.5781,40.3844,40.7719,6,62.3092,56.0775,69.557
Seychelles,SYC,2025,6,73.3683,71.526,75.1675,3.6415,27,78.5438,76.1015,81.5037,7,58.5202,47.7821,62.2678,,,,,,,,,12,66.0393,55.5598,67.5913,16,63.5412,59.5064,68.4752,15,44.9046,44.9036,44.9055,6,61.5126,57.0524,70.9067
Sierra Leone,SLE,2009,8,48.5467,45.2199,51.6992,6.4793,25,40.3354,36.5113,41.9353,12,57.459,48.2337,59.2478,5,51.6211,45.7245,63.1359,19,53.2074,46.9524,56.0512,7,45.8797,40.5658,51.1937,9,25.8365,17.9543,32.1636,39,12.9098,11.0022,14.5391,6,43.2369,37.8564,53.7691
Sierra Leone,SLE,2010,8,49.1967,45.837,52.3799,6.5429,25,40.0851,36.5666,41.8917,12,58.9662,49.7818,60.3482,5,56.8694,44.0803,62.6428,19,52.5287,46.7016,55.2149,7,37.2406,34.8316,44.0067,9,30.9009,18.4319,33.2403,39,15.7895,14.1004,17.7806,6,42.6755,32.2736,49.1092
Sierra Leone,SLE,2011,8,44.5352,40.5055,48.3009,7.7954,25,39.5165,37.1486,42.5721,11,56.6791,46.924,58.5537,5,49.5895,43.1036,61.5514,19,54.6518,46.5894,54.7274,7,36.7941,33.8254,43.5864,9,33.7965,19.7377,34.0821,39,15.7602,13.8636,17.6022,6,24.8406,23.5477,46.2431
Sierra Leone,SLE,2012,8,47.5982,43.8779,51.0997,7.2218,25,42.0159,37.9336,43.2429,11,56.7921,45.8535,57.3157,5,47.4289,42.1463,61.487,19,54.3628,45.5921,54.7462,7,38.6078,34.2177,43.2728,9,30.1766,20.9937,34.5598,39,16.3379,14.533,17.9865,6,40.7022,24.4116,45.0041
Sierra Leone,SLE,2013,8,49.2214,47.1689,51.2067,4.0378,26,42.1201,38.8024,44.0683,18,57.273,54.3996,59.1677,12,53.2792,51.791,53.806,27,54.1997,52.5566,56.3082,12,38.9837,35.1947,40.7274,10,29.898,24.6648,34.8879,39,17.5033,15.6977,19.4293,5,42.1521,28.8555,43.7443
Sierra Leone,SLE,2014,8,48.8222,47.0606,50.5339,3.4733,26,39.0448,38.3319,43.4579,17,55.5409,54.4597,60.1408,12,56.794,55.8201,57.5699,27,55.392,54.6349,58.2365,12,37.2322,35.6109,41.0868,10,30.6755,23.1385,33.2946,37,21.2451,19.4349,23.2079,4,37.7152,31.525,41.2046
Sierra Leone,SLE,2015,8,49.385,47.579,51.1388,3.5598,26,43.5122,39.3333,44.2432,17,56.1447,52.6396,58.6327,12,54.7991,53.9036,55.5295,27,57.5898,54.734,58.0858,12,37.6272,35.6738,41.313,10,28.6997,22.9327,33.1267,37,21.4135,19.7341,22.9566,5,37.3274,31.2829,41.4461
Sierra Leone,SLE,2016,8,45.1287,43.1564,47.0361,3.8797,26,43.4558,39.2453,44.3567,17,51.9951,51.826,56.9045,12,45.3934,44.3913,46.1704,27,53.8448,51.6888,55.1298,11,36.8486,30.6543,37.9211,10,28.5075,22.5841,32.5895,37,18.4096,16.6987,20.1074,5,36.9395,31.0407,41.6876
Sierra Leone,SLE,2017,8,38.9311,36.2471,41.4875,5.2404,26,42.3459,40.0624,44.9271,14,47.839,47.3375,57.9597,12,41.4803,40.4439,42.3966,27,51.9624,51.7886,55.5448,12,36.6249,31.643,38.4668,8,15.9451,8.8947,21.3241,37,17.6933,15.6876,19.5769,6,32.7474,26.5547,36.8656
Sierra Leone,SLE,2018,8,41.9131,39.191,44.5084,5.3174,26,42.8723,41.628,46.1795,14,53.5145,49.1666,59.5986,11,38.5361,33.1792,40.5607,28,55.1975,53.8133,56.5472,12,38.6872,33.4654,40.1886,8,14.5082,8.1048,21.2863,37,17.7079,15.617,19.6809,6,37.2579,27.6733,39.6974
Sierra Leone,SLE,2019,8,41.0962,38.4003,43.6667,5.2664,26,44.7892,42.52,47.2239,14,50.4101,49.0639,59.0494,11,35.4813,32.1649,39.6946,28,56.7463,55.4816,57.7127,13,37.3558,34.9518,42.6842,8,16.0616,8.4644,22.5031,37,23.9913,22.1477,26.0657,6,30.9813,26.8641,37.3791
Sierra Leone,SLE,2020,8,38.5521,35.6175,41.3342,5.7167,26,42.0508,39.4555,44.6461,12,53.1177,48.4014,57.8828,11,33.8988,31.6591,39.9778,26,55.9275,54.3961,57.1975,13,38.7045,36.0539,43.662,8,18.906,8.2298,22.4449,36,13.249,11.1576,15.3419,6,26.8892,24.5142,36.3803
Sierra Leone,SLE,2021,8,35.5401,32.2913,38.596,6.3047,26,48.1907,44.1971,48.7775,12,50.6377,44.3026,53.9279,11,30.7462,29.7712,38.0007,26,50.408,48.5653,51.4348,9,36.9432,29.1128,39.8912,8,17.5107,8.4989,22.1113,34,12.1999,9.9251,14.4594,4,25.6083,22.2563,33.9647
Sierra Leone,SLE,2022,8,33.4765,29.7925,36.9081,7.1156,27,50.2173,46.6644,51.3887,13,53.858,44.2442,54.299,11,36.1512,32.8596,38.7184,25,49.3751,46.0931,49.656,9,29.5684,28.9712,39.9981,8,10.8838,5.143,16.6246,34,13.1851,10.5075,15.6896,4,21.8662,16.2196,32.1639
Sierra Leone,SLE,2023,8,30.4824,26.7924,33.9095,7.1171,27,49.8093,47.3102,51.7163,13,46.4835,41.8694,50.936,11,33.3475,31.0967,36.2676,25,45.5219,43.8195,47.5844,10,30.2353,27.0079,34.8788,9,13.1123,8.5335,22.9554,33,14.5612,11.943,17.0561,4,21.8662,16.2196,32.1639
Sierra Leone,SLE,2024,8,26.5631,22.5747,30.2298,7.6551,27,48.2829,44.6662,49.9189,14,46.0028,38.699,46.03,11,31.4892,29.5635,36.2321,25,42.3298,40.5498,44.6925,10,29.8725,27.2691,35.0132,12,10.4248,3.9211,16.9227,33,10.2042,7.9231,12.9877,4,21.8662,16.2196,32.1639
Sierra Leone,SLE,2025,7,24.6599,21.7476,27.3923,5.6447,27,48.1575,45.5701,50.7006,15,44.8957,39.161,45.6097,11,31.575,29.4345,35.5677,25,42.2807,40.1009,43.6918,10,31.2528,27.1009,35.7117,12,2.6829,2.4997,16.0588,33,11.3535,8.8957,13.7896,,,,
Singapore,SGP,2009,8,100.0,99.3597,100.0,0.6403,27,80.4713,77.7988,81.9218,18,99.7846,98.5994,100.0,12,77.2256,76.0523,78.2397,31,98.8226,97.7325,99.5746,19,86.5405,81.8941,91.3091,17,93.2744,89.8459,95.1893,47,90.2573,88.5867,91.9079,10,98.5849,96.2242,100.0
Singapore,SGP,2010,8,99.6177,99.0087,100.0,0.9913,27,79.5908,78.0099,81.7974,20,100.0,99.3789,100.0,12,77.5411,76.3053,78.5886,31,98.9704,97.8055,99.7497,19,81.9123,77.7246,86.7728,17,92.9641,88.9837,94.0724,47,90.0567,88.1734,91.8898,10,99.9792,97.3885,100.0
Singapore,SGP,2011,8,98.3309,97.6984,98.9592,1.2608,27,80.327,77.5397,81.3635,20,99.1421,98.5322,99.879,12,73.9124,72.7869,74.9006,31,98.0863,96.9705,98.8579,19,78.4691,75.2551,83.4755,17,91.9947,88.6761,93.8827,47,88.2048,86.6513,89.9053,10,98.0515,95.5121,100.0
Singapore,SGP,2012,8,98.3879,97.821,98.9513,1.1303,27,78.6842,77.3136,81.2681,20,98.7995,98.1827,99.4436,12,75.505,74.3698,76.4903,31,98.2704,97.0793,98.9828,19,78.3874,72.9344,79.8752,17,92.7154,89.5259,94.6995,47,90.7241,89.078,92.4475,10,95.7581,93.3373,98.0814
Singapore,SGP,2013,8,98.3428,97.7778,98.9045,1.1267,27,79.6701,77.6743,81.3849,20,98.0509,97.4457,98.7595,12,77.1685,75.9778,78.1975,31,98.1688,97.0286,98.99,20,78.3794,73.7525,81.2442,17,92.8028,90.5925,95.1663,47,91.5813,89.8158,93.3556,10,93.295,91.0772,95.5584
Singapore,SGP,2014,8,97.5082,96.8886,98.1236,1.235,27,79.8075,77.0433,80.9305,20,97.4973,96.9108,98.2053,12,75.9162,74.8622,77.0229,31,97.9055,96.7187,98.6931,20,73.7002,68.7363,76.7764,17,92.9928,90.2025,95.478,47,90.5873,88.9488,92.3306,10,92.6327,90.431,94.6814
Singapore,SGP,2015,8,96.8541,96.3144,97.3907,1.0763,27,79.8509,77.2533,80.9442,20,96.7116,96.094,97.3387,12,75.0045,73.9653,76.0137,31,97.3625,96.2126,98.211,20,72.4714,69.6234,75.9438,17,91.3498,88.3433,93.0386,47,90.5571,89.1561,92.3646,10,91.4316,89.2373,93.6036
Singapore,SGP,2016,8,96.8469,96.155,97.5337,1.3787,27,80.4145,77.4298,81.4726,20,96.8936,96.2877,97.5484,12,75.6117,74.5056,76.6923,31,96.4641,95.3602,97.1901,20,73.3582,71.1486,80.924,17,90.7767,89.2574,94.0633,41,91.2518,88.7926,93.6703,10,90.2063,88.0984,92.0736
Singapore,SGP,2017,8,96.2793,95.5751,96.9782,1.4031,27,80.289,77.4884,81.3361,16,95.2983,93.6774,97.2667,12,74.4142,73.3562,75.385,31,96.068,94.9377,96.8721,21,73.6276,72.7497,82.1904,16,86.5615,84.685,88.5935,41,93.6888,91.0397,96.0202,10,89.6458,87.473,92.0321
Singapore,SGP,2018,8,95.485,94.4688,96.49,2.0212,27,79.5334,77.2125,80.9549,16,94.3229,92.3886,96.3198,11,72.4016,71.904,87.7899,31,95.5793,94.3443,96.4195,21,75.3522,73.2632,82.9312,16,85.156,83.6084,86.9964,41,92.1591,89.696,94.7251,10,87.014,85.13,89.375
Singapore,SGP,2019,8,94.9042,93.9038,95.8937,1.9899,27,79.1364,77.2108,80.7822,16,94.4586,92.1169,96.084,11,73.6931,71.5455,87.3193,31,95.2872,94.0749,96.1281,21,73.8565,72.351,81.7705,16,83.3132,81.6846,85.1689,41,90.6427,88.1281,93.0011,10,85.5542,83.6929,87.5492
Singapore,SGP,2020,8,95.1068,94.1461,96.0575,1.9114,27,79.1945,76.6614,80.5316,13,93.7366,92.3214,96.0109,11,73.6229,71.4383,86.6874,31,95.5839,94.3753,96.4593,21,74.4503,73.2944,82.2913,16,84.938,83.3462,86.7369,41,92.1022,89.9308,94.121,10,84.5135,82.9148,86.8693
Singapore,SGP,2021,8,94.605,93.6862,95.5147,1.8285,27,78.5806,76.6479,80.2068,14,93.8933,93.4391,96.1321,11,78.6907,72.0397,86.6916,31,96.1668,95.111,97.081,12,66.4631,62.8388,70.4477,16,83.7065,82.3222,85.3983,41,93.1655,90.8745,95.4203,9,83.4787,80.5106,86.2181
Singapore,SGP,2022,8,93.5131,92.4966,94.5182,2.0216,29,78.6788,76.9223,81.7965,15,94.5145,93.1322,95.1222,11,75.1561,70.8226,82.8129,29,94.044,93.5751,96.3048,11,63.1904,59.7451,71.2141,16,83.8415,82.4574,85.5256,38,90.3444,87.2431,93.612,10,83.6955,82.3066,85.6017
Singapore,SGP,2023,8,93.0917,92.0264,94.1446,2.1182,29,78.5343,76.9856,81.4888,15,94.3992,92.8104,94.7633,11,71.2675,66.6994,79.0949,29,96.0743,94.0527,96.6315,10,63.2388,59.2341,69.8365,11,84.4575,77.9356,87.5454,37,87.1686,83.9886,90.0908,9,83.483,81.231,85.8911
Singapore,SGP,2024,8,93.087,92.0958,94.0674,1.9716,29,79.3312,77.4052,82.1317,17,93.397,92.8195,94.042,11,73.3553,69.1771,80.9666,29,95.2779,94.2574,96.9833,10,61.2507,58.5828,69.2193,14,83.8139,80.8972,86.7305,37,88.6144,85.6796,91.7917,9,84.3632,82.1717,86.2932
Singapore,SGP,2025,8,93.2667,92.2454,94.2765,2.0311,29,82.556,78.8996,83.547,17,93.3518,92.7775,94.0051,11,74.0347,66.0361,78.7756,29,93.9461,92.5017,95.36,10,61.9246,56.7792,67.5834,14,85.6546,85.0873,91.8369,37,85.3568,82.4376,88.4344,9,85.0758,82.6224,87.1255
Slovakia,SVK,2009,8,75.2159,73.9913,76.4216,2.4303,27,71.5565,70.3035,72.5708,15,64.3838,60.0538,68.4009,12,63.3253,62.4121,64.0651,31,78.5637,77.7601,79.3256,19,48.3293,44.6215,55.7193,15,60.2071,59.6157,68.8923,49,47.4984,46.3405,48.64,9,74.044,71.7139,77.1223
Slovakia,SVK,2010,8,76.1162,74.8785,77.3348,2.4563,27,71.5102,70.3861,72.7957,17,63.696,59.8224,65.4663,12,61.0311,60.1884,61.8949,31,78.3312,77.5359,79.0796,17,49.84,46.1149,58.9762,15,65.4623,59.7261,69.0916,49,48.5356,47.2439,49.8637,9,76.3219,72.7979,77.3848
Slovakia,SVK,2011,8,74.2091,72.9327,75.4648,2.5321,27,72.2082,70.8875,73.0381,16,65.5054,60.5455,67.3885,12,55.1259,54.308,55.9745,31,77.5335,76.7486,78.287,17,50.447,45.4909,58.591,15,59.7847,58.4296,67.7509,49,44.3516,44.2561,44.4472,9,74.1673,72.9189,77.2156
Slovakia,SVK,2012,8,72.9591,71.6595,74.2371,2.5776,27,72.5177,70.9664,73.48,16,62.4447,59.0249,66.3811,12,51.7214,50.8213,52.647,31,77.2069,76.4039,77.9529,17,46.287,45.4799,57.7288,15,62.1044,58.2622,67.6282,49,44.378,44.2813,44.4748,9,73.6586,71.2963,75.9052
Slovakia,SVK,2013,8,74.1565,72.9242,75.3694,2.4452,27,72.5925,70.7833,73.6766,16,63.3607,58.9563,66.1442,12,51.4359,50.5378,52.3011,31,76.588,75.8675,77.346,18,50.1541,44.2389,56.1138,15,63.4008,58.6835,67.4898,49,43.9738,43.8952,44.0523,9,77.3107,75.4963,79.125
Slovakia,SVK,2014,8,73.7318,72.6547,74.794,2.1393,27,72.753,71.3108,73.8044,16,64.0926,59.3098,66.7961,12,49.0755,48.1157,49.9839,31,76.2484,75.3774,77.0092,20,49.0376,46.0257,55.2605,15,64.5121,58.9319,67.8739,49,43.0665,43.0287,43.1042,9,76.6048,73.9791,77.3908
Slovakia,SVK,2015,8,73.737,72.5184,74.9365,2.4181,27,73.022,71.6589,73.9434,16,62.4415,59.7515,66.9504,12,48.7005,47.825,49.6043,31,75.6427,74.8023,76.4009,20,49.7276,46.3391,57.9864,15,64.652,59.6742,69.1028,49,45.2947,45.1567,45.4327,9,76.4238,73.5907,77.352
Slovakia,SVK,2016,8,74.6648,73.6704,75.6465,1.9761,27,73.1012,71.7495,74.2529,16,63.7933,59.9288,66.5696,12,45.5809,44.6322,46.4627,31,75.205,74.3984,75.9407,19,55.6893,49.4586,57.5618,15,69.9034,65.7902,74.0166,49,43.6133,43.551,43.6756,9,75.2703,73.8663,77.5309
Slovakia,SVK,2017,8,75.0669,73.9395,76.1782,2.2387,27,72.9711,71.8979,74.3029,13,64.6762,59.8501,67.5986,12,44.8591,44.0437,45.8456,31,74.8866,74.0741,75.7119,20,58.1743,51.691,61.6435,13,66.9878,61.1966,69.0755,49,46.8815,46.6721,47.0908,9,75.5522,72.2546,76.656
Slovakia,SVK,2018,8,73.7852,72.5216,75.0285,2.5069,27,73.0615,71.9211,74.0715,13,65.5394,58.5275,67.7671,12,49.5535,45.9322,53.1747,31,73.322,72.2147,73.9326,20,55.6474,52.8722,62.9761,13,62.6297,62.5874,70.358,49,46.0312,45.86,46.2023,9,70.2674,69.7113,73.4378
Slovakia,SVK,2019,8,74.2406,73.0984,75.3662,2.2678,27,72.7266,71.411,73.8214,13,66.8351,59.59,68.5815,12,48.7857,45.153,52.4184,31,73.3805,72.3832,74.0385,20,53.9157,51.0519,58.1551,13,69.3995,62.9386,70.8185,49,47.5317,46.4251,48.7263,9,67.0432,66.7001,70.6415
Slovakia,SVK,2020,8,71.9491,70.8149,73.0666,2.2517,27,72.6492,71.8354,74.0123,10,62.951,57.6993,66.9244,12,43.3866,40.0463,47.9023,31,72.2377,71.1293,72.8818,20,51.4451,50.5826,54.4984,13,67.0804,65.846,73.7524,41,47.7941,47.7221,47.8661,9,65.3364,64.393,68.7409
Slovakia,SVK,2021,8,73.8176,72.7411,74.8793,2.1382,27,74.0536,72.8607,75.077,11,66.7665,59.0518,66.8789,12,41.2713,40.6186,48.5036,31,72.4292,71.345,73.0839,12,52.9656,50.647,55.4479,13,72.0281,67.4288,75.2432,41,48.9466,48.9265,48.9667,8,67.7921,64.6581,71.0222
Slovakia,SVK,2022,8,73.7533,72.7558,74.7381,1.9823,28,75.8116,73.4995,77.8384,12,62.8812,59.3656,67.0372,12,43.8453,41.7795,44.7034,30,71.2542,69.3924,71.6856,12,52.8009,51.0175,54.703,13,75.1477,69.0184,77.4289,40,47.9144,47.8478,47.981,9,67.6077,65.7645,71.0041
Slovakia,SVK,2023,8,71.6296,70.4037,72.836,2.4323,28,76.1216,73.5317,77.9639,12,60.9915,59.4023,66.6623,12,41.1488,39.6898,42.4426,30,68.3901,67.2693,69.7085,12,51.5013,50.0376,54.3939,14,71.5373,64.515,77.8224,39,44.8073,44.6009,45.0137,8,67.2333,65.5608,71.3348
Slovakia,SVK,2024,8,72.4336,71.2032,73.6444,2.4412,28,75.6813,72.6055,77.1263,13,66.4611,58.3575,66.837,12,40.8608,39.5083,42.1665,30,67.5264,66.2999,68.9041,12,53.043,51.1702,55.0437,14,68.5965,64.805,77.3643,39,44.27,44.0394,44.5006,8,69.9536,63.7489,70.3789
Slovakia,SVK,2025,8,71.3641,70.279,72.4338,2.1548,28,71.9465,70.3299,74.0376,13,65.2878,61.3223,69.2534,12,39.9428,38.0516,40.8811,30,66.9143,65.9271,68.2822,12,53.5385,50.555,54.7244,17,71.4415,66.9498,74.811,39,41.9284,40.4238,43.7347,8,66.8028,64.0714,70.8758
Slovenia,SVN,2009,8,78.4401,77.0141,79.8412,2.8271,27,76.8586,75.5665,78.0875,17,66.9813,64.0001,68.9439,12,52.5676,51.7883,53.3912,31,79.9019,79.0216,80.689,15,66.6415,59.4219,76.7767,15,62.5667,59.7747,69.2998,46,54.4861,53.0689,56.083,9,72.2424,71.817,77.1667
Slovenia,SVN,2010,8,80.3207,79.0713,81.5512,2.4799,27,78.5947,77.3719,79.7953,19,67.9621,66.682,68.6189,12,53.6692,52.8817,54.5641,31,80.5106,79.6192,81.3558,17,67.1939,58.5297,74.3153,15,67.3928,59.2236,68.4091,46,59.7103,58.0516,61.2698,9,73.1054,70.9749,76.4205
Slovenia,SVN,2011,8,77.079,75.6903,78.4439,2.7536,27,77.9948,77.2804,79.5655,19,65.5598,63.9207,66.6171,12,48.6257,47.7567,49.5325,31,79.8749,79.0357,80.6096,15,60.7831,51.9116,69.1797,15,60.4442,57.192,66.1201,46,57.6733,56.1264,58.9637,9,71.169,69.2774,74.9547
Slovenia,SVN,2012,8,77.0838,75.7196,78.4249,2.7053,27,78.5063,77.109,79.5514,19,65.9539,64.3385,66.2837,12,49.1532,48.3139,50.0792,31,79.736,78.8872,80.5945,16,61.8465,52.0452,67.9354,15,58.5384,55.0844,65.5576,46,57.6649,56.1516,59.2344,9,70.8052,68.1335,73.6214
Slovenia,SVN,2013,8,73.5058,72.2879,74.7047,2.4168,27,77.7103,76.5163,78.8689,19,62.6953,61.121,63.5748,12,49.4037,48.5638,50.2783,31,78.2334,77.3269,79.0982,17,48.2108,44.5717,57.1626,15,57.0668,51.3169,61.6476,46,50.7597,49.2749,52.2828,9,71.4943,69.6856,73.7254
Slovenia,SVN,2014,8,72.9912,71.7802,74.1833,2.4031,27,77.5682,76.5112,78.9447,19,63.3191,61.4639,63.644,12,50.6092,49.6911,51.407,31,77.8867,77.0483,78.7072,17,44.597,41.6167,53.5031,15,54.2454,50.0223,60.4352,46,51.0528,49.5807,52.6526,9,72.5969,69.681,73.7107
Slovenia,SVN,2015,8,72.9708,71.8761,74.0501,2.174,27,78.2458,77.5326,79.9214,19,62.9141,60.4042,63.3309,12,51.6679,50.8369,52.4685,31,77.7112,76.817,78.4751,19,43.6052,39.4339,50.2526,15,56.6844,46.7439,56.7235,46,50.0726,48.7499,51.4184,9,71.3019,69.3907,73.2355
Slovenia,SVN,2016,8,73.0385,71.8764,74.1832,2.3068,27,79.3505,78.3693,80.7271,19,64.3422,61.1238,64.5743,12,53.644,52.7739,54.5457,31,77.5808,76.7426,78.3957,17,43.8159,42.6801,54.3947,15,51.3439,48.438,58.5282,46,51.2388,49.7695,52.7273,9,71.5814,69.5932,73.1484
Slovenia,SVN,2017,8,75.9823,75.0007,76.9517,1.951,27,80.3767,79.5754,81.887,15,62.1066,59.8862,66.2334,12,56.3872,55.5901,57.295,31,78.1715,77.3054,79.0581,18,55.0749,50.263,59.8867,13,54.1332,51.6523,58.2721,46,57.7959,56.3468,59.3019,9,71.8577,68.6366,72.2273
Slovenia,SVN,2018,8,74.6289,73.5509,75.6922,2.1413,27,80.232,79.0134,81.5041,15,60.9569,58.0411,65.0406,12,54.7979,52.5573,58.7285,31,77.6806,76.5111,78.2581,18,45.4551,43.441,51.3245,13,59.9144,54.1127,62.0355,46,57.0145,55.6105,58.7505,9,70.2395,67.1847,71.3322
Slovenia,SVN,2019,8,74.2706,73.1784,75.3476,2.1692,27,80.4769,79.1349,81.6304,15,58.2595,57.9381,64.8701,12,56.9889,51.161,57.7554,31,78.92,77.9445,79.5677,18,46.4239,44.5945,50.9417,13,57.0547,55.0081,64.2122,46,58.3922,56.8257,59.9809,9,67.7255,66.4355,70.4701
Slovenia,SVN,2020,8,75.8492,74.7672,76.9164,2.1492,27,80.3819,79.4823,81.8367,12,64.349,58.9326,65.5399,12,58.5703,52.1724,59.4743,31,78.6485,77.5827,79.2708,18,45.5903,42.9881,49.0769,13,65.7794,60.3543,70.373,40,55.8696,54.1209,57.8317,9,66.4702,65.5483,69.74
Slovenia,SVN,2021,8,76.7702,75.6776,77.8479,2.1703,27,79.411,78.0781,80.5444,12,65.8102,61.2095,68.4454,12,56.7297,52.1751,59.3618,31,78.8711,77.8247,79.5804,13,47.1911,44.7758,49.2839,13,71.7241,62.0077,72.1465,40,56.8309,55.1338,58.8319,8,65.6955,59.5341,65.934
Slovenia,SVN,2022,8,75.4174,74.4849,76.3389,1.854,27,78.7401,76.3109,80.9452,13,65.9376,61.5292,67.3328,12,52.9653,51.0553,54.2825,30,77.6608,76.4904,78.524,13,47.4554,44.286,48.8932,13,65.9122,64.8666,73.5459,40,56.9522,55.1761,58.7268,9,65.5623,61.3249,66.1764
Slovenia,SVN,2023,8,74.7874,73.5766,75.9795,2.4029,27,80.1765,76.7378,82.0126,13,64.4979,62.1986,67.9878,12,50.2945,48.5774,51.6788,30,77.2769,75.5414,77.9091,13,47.5974,43.7492,48.2751,14,64.2695,62.206,75.9139,39,57.3143,55.3115,59.3875,8,65.2759,60.6606,66.7142
Slovenia,SVN,2024,8,74.729,73.866,75.5825,1.7165,27,78.1351,76.1238,80.8744,15,64.7473,63.3652,68.269,12,51.2574,49.2263,52.564,30,76.4861,75.239,77.2929,13,46.7656,44.2795,48.513,17,67.7573,64.5984,70.9094,39,54.7499,52.8636,56.5042,8,65.9367,62.8727,69.0006
Slovenia,SVN,2025,8,73.4813,72.5559,74.3956,1.8397,27,80.0594,76.1337,81.0544,15,65.4995,62.0034,66.8304,12,49.1209,46.201,49.7208,30,75.4098,74.1169,76.1709,13,42.7992,42.098,47.0652,17,67.8371,65.0342,72.4922,39,50.9127,50.6414,51.1841,8,65.0518,59.8641,66.5808
Somalia,SOM,2009,,,,,,22,7.8608,5.3888,10.3327,6,45.6531,38.6823,50.796,,,,,7,52.1576,49.7239,55.5527,,,,,,,,,,,,,4,50.1539,28.7541,52.369
Somalia,SOM,2010,,,,,,22,6.3172,3.2211,8.6804,6,43.6549,40.0161,51.7891,,,,,7,51.0269,49.9726,55.0866,,,,,,,,,,,,,,,,
Somalia,SOM,2011,,,,,,22,8.3089,3.9317,9.5936,6,42.2516,39.0164,51.5695,,,,,7,55.1259,49.821,55.391,,,,,,,,,,,,,,,,
Somalia,SOM,2012,,,,,,22,8.7843,4.5085,10.3266,7,40.8514,35.1362,46.5666,,,,,7,52.3015,49.5222,55.1117,,,,,,,,,,,,,,,,
Somalia,SOM,2013,,,,,,24,9.8015,5.8768,9.968,7,46.7065,42.2821,53.1666,,,,,7,51.8553,49.8209,55.6657,,,,,,,,,,,,,,,,
Somalia,SOM,2014,,,,,,24,10.7175,7.7702,12.8206,7,47.4528,41.7228,52.8571,,,,,7,51.7506,50.1287,55.3512,,,,,,,,,,,,,,,,
Somalia,SOM,2015,,,,,,24,13.268,8.2799,13.3591,7,44.8319,40.5082,52.6448,,,,,7,52.2842,49.7004,55.0645,,,,,,,,,,,,,,,,
Somalia,SOM,2016,,,,,,24,10.7047,8.9093,13.3795,6,44.3943,39.3717,51.2989,,,,,7,51.3157,50.3499,55.9015,,,,,,,,,,,,,,,,
Somalia,SOM,2017,,,,,,25,10.2891,9.3991,12.9813,4,41.0721,38.942,50.6874,,,,,9,52.6628,50.014,55.2586,,,,,,,,,,,,,,,,
Somalia,SOM,2018,,,,,,26,15.0689,11.9738,15.371,4,55.0373,51.4851,58.5896,,,,,,,,,,,,,,,,,,,,,,,,
Somalia,SOM,2019,,,,,,26,11.7843,10.4488,13.526,4,53.8007,49.9249,57.6765,,,,,9,49.2617,37.0065,54.1832,,,,,,,,,,,,,,,,
Somalia,SOM,2020,,,,,,26,13.4992,10.7072,14.4788,4,52.5641,48.3647,56.7634,,,,,9,49.3317,38.3341,55.0063,,,,,,,,,,,,,,,,
Somalia,SOM,2021,,,,,,26,11.5899,10.596,14.2152,4,51.3274,50.9535,59.9992,,,,,9,53.7389,42.0529,54.9618,,,,,,,,,,,,,,,,
Somalia,SOM,2022,,,,,,27,10.7627,8.5143,13.5326,4,50.0908,48.4741,58.1669,,,,,9,53.5251,43.0257,57.2138,,,,,,,,,,,,,,,,
Somalia,SOM,2023,,,,,,27,11.6554,10.429,15.5516,5,48.8541,45.9947,56.3346,,,,,9,46.241,40.3643,55.218,,,,,,,,,,,,,,,,
Somalia,SOM,2024,,,,,,27,17.1397,13.7822,18.8859,7,46.3809,41.0359,52.67,,,,,9,52.8594,40.5923,55.5559,,,,,4,65.7135,57.1054,68.9421,,,,,,,,
Somalia,SOM,2025,,,,,,27,18.5738,15.7235,20.515,7,46.3809,41.0359,52.67,,,,,9,47.464,40.8517,55.3234,,,,,5,63.9291,56.9303,67.6914,,,,,,,,
South Africa,ZAF,2009,8,75.2416,74.4256,76.0491,1.6235,27,68.0796,66.7816,68.9767,18,60.0446,59.701,67.1042,12,38.347,37.4625,39.2905,29,79.6297,79.3427,81.9903,24,79.9997,77.5251,81.2045,16,60.0291,58.3891,65.1245,51,56.3993,55.1537,57.6136,10,61.8882,60.5902,62.7704
South Africa,ZAF,2010,8,73.6393,73.0154,74.2581,1.2427,27,67.8723,66.8375,68.9182,20,59.3504,58.6915,59.8554,12,35.752,34.9746,36.9798,29,81.0671,78.8787,82.0579,24,73.2385,70.9598,74.4759,16,61.0636,59.0661,65.8302,51,53.5213,52.4004,54.814,10,60.3347,58.9081,61.1416
South Africa,ZAF,2011,8,71.4771,70.8063,72.1419,1.3356,27,67.4758,66.4128,68.4557,20,58.9435,58.2875,59.4565,12,31.429,30.6313,32.6735,29,78.0987,77.7786,80.7324,24,68.09,66.0248,69.4102,16,64.478,59.1358,66.6712,51,51.407,50.196,52.5431,10,56.531,55.0273,57.3604
South Africa,ZAF,2012,8,70.1876,69.5152,70.8539,1.3387,27,67.603,66.434,68.4289,20,58.2319,57.5758,58.7659,12,31.0516,30.0624,32.3427,29,78.2474,76.6219,79.73,24,64.0333,61.9802,65.1885,16,60.9484,59.2869,66.4701,51,52.893,51.6764,54.1739,10,54.5468,52.8638,55.4659
South Africa,ZAF,2013,8,69.35,68.8766,69.8204,0.9438,27,68.2494,67.0912,69.2617,20,57.6986,57.0278,58.2056,12,29.7987,28.8108,31.0876,29,78.4878,76.3916,79.6115,25,60.7197,59.1078,61.5699,18,63.6317,62.6741,64.8516,51,53.0864,52.0392,54.3568,10,50.4572,49.4265,52.0285
South Africa,ZAF,2014,8,69.5376,69.0158,70.0557,1.0399,27,68.1273,66.8198,69.1956,20,59.0018,58.3661,59.4978,12,30.3651,29.2668,31.6245,29,76.7942,75.9144,79.8311,25,57.959,56.3395,58.9533,18,64.2311,63.2571,65.3911,51,54.9546,53.7031,56.3547,10,52.2521,51.1488,53.8466
South Africa,ZAF,2015,8,69.8133,69.327,70.2965,0.9695,27,68.366,67.2417,69.3443,20,58.7692,58.1023,59.3003,12,30.7983,29.8774,32.1236,29,76.3838,74.3316,77.87,25,58.4752,56.8759,59.456,18,64.5299,63.5714,65.8408,51,54.8882,53.8033,56.2056,10,53.5403,52.5923,55.0343
South Africa,ZAF,2016,8,69.7837,69.1907,70.3721,1.1814,27,68.5408,66.9438,69.3711,20,58.5189,57.8481,58.9569,12,30.2916,29.2888,31.4596,29,75.8132,74.0594,77.6774,24,58.0074,55.246,60.2236,18,65.5158,64.6273,66.813,51,54.166,53.0654,55.3944,10,54.7296,53.8201,56.0916
South Africa,ZAF,2017,8,70.8368,70.0927,71.5736,1.4809,27,67.793,66.638,69.1421,16,62.3541,56.4531,62.8472,12,30.1399,29.1601,31.3842,29,76.2219,74.8961,78.2498,25,55.4386,53.3006,57.6905,17,65.3799,64.285,66.5291,51,60.7199,59.5205,61.9356,10,54.8069,53.6053,55.8316
South Africa,ZAF,2018,8,67.0423,66.1509,67.9228,1.7719,27,67.2635,65.6678,68.1519,16,55.0253,52.8875,59.4894,12,32.6467,28.8818,35.2122,29,72.5686,71.6422,74.1776,24,46.7789,42.5587,48.3149,16,64.9469,63.9796,66.1299,51,51.9923,50.9949,53.1291,10,56.445,55.3839,57.3565
South Africa,ZAF,2019,8,65.514,64.5451,66.4698,1.9247,27,66.1326,65.4651,67.8754,16,55.6472,51.9186,58.51,11,31.3628,29.6489,37.4798,29,72.5264,71.2524,73.8878,24,42.9434,38.7036,44.2134,16,63.0877,62.0553,64.1947,51,49.3443,48.4109,50.3661,10,55.7572,54.5583,56.7187
South Africa,ZAF,2020,8,64.2397,63.1664,65.2969,2.1305,27,66.0706,65.0029,67.4242,13,54.1733,51.7741,58.5499,11,32.9227,27.7943,37.9527,29,72.5651,71.3915,74.017,24,36.683,32.6085,37.9389,16,67.2288,66.185,68.3621,45,45.043,45.0358,45.0502,10,54.2615,52.97,55.1053
South Africa,ZAF,2021,8,63.3178,62.1678,64.4492,2.2814,27,65.4953,64.4691,66.7783,14,58.7532,53.2192,59.0121,11,29.2198,24.5395,35.1768,29,71.6704,70.9634,74.1126,17,35.4689,34.198,36.5063,17,68.1483,67.1605,69.2275,45,41.6004,41.4527,41.7482,9,51.3651,47.7656,54.6354
South Africa,ZAF,2022,8,62.2764,61.3682,63.1729,1.8047,29,65.4625,63.4737,66.9772,15,53.2918,50.0536,56.0309,11,30.1959,28.3341,37.0342,29,68.8268,67.7239,70.0291,17,35.0309,33.8946,35.9818,17,69.3864,68.4745,70.5124,45,39.0843,38.8233,39.3452,10,54.7276,53.8707,55.6385
South Africa,ZAF,2023,8,63.5446,62.501,64.573,2.072,29,65.3622,63.6823,67.166,15,54.2937,51.6095,56.6994,12,36.04,33.2937,36.5379,29,69.5803,69.0188,71.4095,17,34.819,33.6062,35.8461,17,64.9796,64.1366,73.6557,44,44.7617,44.7562,44.7671,9,55.0065,51.154,56.2405
South Africa,ZAF,2024,8,65.283,64.7515,65.8106,1.0591,29,64.995,63.5425,66.8671,17,54.2377,53.3154,54.7592,12,40.1742,38.9641,42.067,29,72.0167,70.4366,72.7557,17,36.3654,35.1576,37.4002,21,65.1804,63.3513,66.3312,44,47.0751,46.9765,47.1737,9,56.4039,53.6982,57.2284
South Africa,ZAF,2025,8,63.2252,62.5621,63.882,1.3199,29,65.9727,64.1389,67.5988,17,52.778,49.9808,53.2205,12,38.3814,36.2189,39.1589,29,69.4911,67.8101,70.3879,17,35.0023,33.6448,36.1724,21,65.2961,63.2992,66.4876,44,41.1655,40.9982,41.3328,9,55.0846,54.8652,59.553
South Korea,KOR,2009,8,80.963,80.0209,81.8944,1.8735,27,76.0171,74.136,77.3363,17,63.3067,61.538,67.7811,12,30.8059,29.8133,31.9456,29,84.6589,82.4627,86.3821,21,82.7007,79.9933,84.3083,9,79.9704,72.3803,83.8709,50,68.2776,66.974,69.5836,10,65.195,63.9403,65.9712
South Korea,KOR,2010,8,79.754,79.0058,80.4953,1.4895,27,75.6857,74.6217,77.8257,19,62.8923,62.866,65.7021,12,30.7451,29.6995,31.7994,29,83.6936,83.1738,87.1177,21,75.4719,73.9091,78.2947,14,79.4472,74.4917,83.3531,50,65.9719,64.7593,67.1944,10,67.3942,66.2933,68.3065
South Korea,KOR,2011,8,78.1283,77.4055,78.8447,1.4392,27,76.572,74.9749,78.0146,19,65.4224,62.852,65.7922,12,26.8249,25.6993,28.2391,29,83.2092,81.2469,85.1715,21,66.8019,64.7579,68.7082,15,76.7007,75.5751,83.2643,50,64.7009,63.5155,65.9596,10,67.8121,66.6155,68.6852
South Korea,KOR,2012,8,79.3555,78.6433,80.0614,1.4181,27,76.9277,75.0455,78.1064,19,65.7773,63.3076,66.0663,12,29.2283,28.1603,30.3403,29,85.2658,83.2823,87.4281,21,64.6023,62.5811,66.8578,15,80.9951,76.4309,84.1622,50,66.7209,65.5598,68.055,10,68.7406,67.4835,69.5156
South Korea,KOR,2013,8,80.0366,79.279,80.7873,1.5083,27,76.5492,75.2643,78.7265,19,65.0164,64.1196,66.8718,12,34.4332,33.3913,35.485,29,85.8377,82.9019,86.6684,22,63.6723,62.0242,65.4998,15,84.4441,76.9469,85.9925,50,68.5491,67.4764,69.8948,9,66.1696,63.2903,67.0152
South Korea,KOR,2014,8,79.7895,79.1151,80.4585,1.3434,27,76.5825,74.2651,77.7274,19,67.4113,66.1969,68.8483,12,34.0092,32.9478,35.1297,29,84.6773,82.4251,86.1397,22,60.8094,58.893,62.31,15,83.8834,78.4316,86.1478,50,68.0357,66.8469,69.2296,10,67.0426,66.1988,68.1452
South Korea,KOR,2015,8,79.1704,78.4683,79.8664,1.3981,27,76.9138,74.7092,78.0421,19,67.2429,66.924,69.7367,12,33.5916,32.5413,34.6983,29,82.509,82.1015,85.8134,22,62.603,61.3207,64.5881,15,81.2552,75.3322,83.6483,50,67.2619,66.1728,68.3217,10,66.191,65.3142,67.3843
South Korea,KOR,2016,8,81.0183,80.251,81.7786,1.5276,27,76.6191,74.6556,77.955,19,70.0574,68.5663,71.4311,12,32.5036,31.3007,33.6778,29,82.4296,81.7271,85.2859,22,71.7016,68.4411,74.8364,15,84.4169,77.7643,85.9928,50,68.1005,66.8152,69.3415,10,65.7694,64.9007,66.918
South Korea,KOR,2017,8,80.657,79.783,81.5216,1.7386,27,76.7167,74.9862,77.9581,15,67.1228,66.0416,73.298,12,34.1294,33.0742,35.3283,29,82.4152,81.4824,85.4735,23,73.4122,70.4979,76.5894,13,77.7572,72.5922,79.9515,50,71.2497,69.9389,72.5638,10,66.4081,65.3965,67.2658
South Korea,KOR,2018,8,80.7163,79.703,81.7171,2.0141,27,78.9648,77.3106,79.951,15,67.5163,66.2548,73.5348,11,40.176,36.9949,47.7302,29,83.0017,81.8979,83.9399,23,70.4402,68.2916,72.9723,13,76.9535,72.8529,80.5757,50,70.5108,69.0496,71.9207,10,63.453,62.347,64.2591
South Korea,KOR,2019,8,82.6462,81.7846,83.499,1.7144,27,79.3082,77.6463,80.3439,15,70.9063,69.2817,75.2747,11,44.5243,38.5181,47.8883,29,83.9304,82.7673,85.2365,23,71.4815,69.1117,73.8071,13,79.7296,74.3286,81.3062,50,73.3666,71.9558,74.8645,10,63.8691,62.883,64.6964
South Korea,KOR,2020,8,82.013,81.0433,82.9715,1.9282,27,79.222,78.1146,80.5724,12,73.3924,69.4612,75.8045,11,41.6231,39.5433,52.1484,29,83.9686,82.9423,85.0544,23,69.4382,67.5535,71.6732,13,81.2763,77.4311,84.2655,44,71.4061,69.5538,73.0977,10,60.9209,59.8321,61.7436
South Korea,KOR,2021,8,83.3343,82.3245,84.3319,2.0074,27,79.8116,78.3733,80.9814,13,74.4952,71.3145,77.211,11,55.1086,48.4285,61.7888,29,85.6032,84.3472,87.0378,15,62.6337,60.6411,64.253,13,82.9975,79.6519,86.0689,44,74.9963,72.9819,76.7555,9,58.7077,55.1813,59.6106
South Korea,KOR,2022,8,82.5637,81.7135,83.4052,1.6917,29,82.4091,80.4464,84.2839,14,74.3301,72.8094,77.7795,11,45.0654,42.8906,52.0275,29,86.0648,84.6345,86.8488,15,60.6268,59.94,64.433,13,85.1548,81.1646,87.9158,44,75.2344,73.199,77.2526,10,58.714,57.8797,59.6134
South Korea,KOR,2023,8,83.6447,82.7003,84.5786,1.8783,29,82.1889,80.072,84.1885,14,75.6283,71.8627,76.9531,11,44.9756,41.5849,48.2893,28,84.5507,84.449,86.5632,15,63.13,60.5809,65.0406,14,93.0756,86.2951,97.707,43,73.053,70.9023,74.9653,9,59.8732,57.2297,60.3356
South Korea,KOR,2024,8,82.8057,82.0003,83.6033,1.603,29,81.3553,79.012,83.2442,16,74.7807,72.2341,75.0027,11,44.6531,41.6327,50.916,28,85.2959,84.2465,86.4504,15,64.176,62.3203,66.0282,17,85.9777,85.1407,91.8473,43,73.6241,71.3347,75.5891,9,59.1607,57.4908,60.6841
South Korea,KOR,2025,8,83.2612,82.389,84.1244,1.7354,29,80.7122,78.3926,82.5848,16,76.3286,73.7635,76.4607,11,41.4518,38.9862,49.4485,28,84.4735,82.7581,85.1611,15,66.0274,62.5746,68.3827,17,90.1161,86.4154,92.5505,43,70.4478,68.5894,72.5464,9,62.2944,59.8254,63.1169
South Sudan,SSD,2009,,,,,,,,,,,,,,,,,,,,,,4,32.1468,31.405,44.3879,4,43.0725,34.9641,44.4796,,,,,,,,
South Sudan,SSD,2010,,,,,,,,,,,,,,,,,,,,,,5,33.2609,27.995,39.0302,5,29.4741,14.8309,44.5759,,,,,,,,
South Sudan,SSD,2011,,,,,,,,,,,,,,,,,,,,,,5,33.6922,28.5921,39.2438,5,30.5097,16.2848,44.7799,,,,,,,,
South Sudan,SSD,2012,,,,,,21,22.5504,17.4323,24.0405,,,,,,,,,8,54.4636,51.9076,57.0265,8,33.7628,29.0008,39.2976,5,31.5453,17.7387,44.9838,,,,,,,,
South Sudan,SSD,2013,,,,,,23,17.8281,15.9713,21.604,,,,,,,,,8,56.1212,52.3555,58.4302,10,31.9949,29.7216,38.4114,5,32.5809,19.1926,45.1878,,,,,,,,
South Sudan,SSD,2014,,,,,,24,14.7154,14.408,18.7194,,,,,,,,,8,54.7015,51.8389,57.3968,10,33.7212,29.7316,39.7499,5,33.6165,20.6465,45.3917,,,,,,,,
South Sudan,SSD,2015,,,,,,24,13.4375,11.4422,15.9082,,,,,,,,,8,53.3472,49.9667,55.8906,10,36.1515,29.0928,40.4333,5,34.6522,22.1004,45.5957,,,,,,,,
South Sudan,SSD,2016,,,,,,24,11.4823,10.2206,14.425,,,,,,,,,8,50.0473,49.6492,55.9189,6,36.0117,29.1523,36.9072,5,35.6878,23.5543,45.7996,,,,,,,,
South Sudan,SSD,2017,,,,,,23,10.7892,9.0045,14.3386,,,,,,,,,8,54.1677,49.1539,55.3648,6,32.7764,29.7282,37.2769,,,,,,,,,,,,
South Sudan,SSD,2018,,,,,,23,10.6657,8.0987,13.5372,,,,,,,,,6,55.4987,50.0345,59.2629,6,32.069,30.0245,36.6283,5,43.6818,33.0535,51.6302,,,,,,,,
South Sudan,SSD,2019,,,,,,23,7.4661,6.6221,11.9289,,,,,,,,,6,52.3395,50.1486,58.1947,6,32.5546,28.6647,36.0653,6,47.2805,31.9319,51.8118,,,,,,,,
South Sudan,SSD,2020,,,,,,23,6.355,6.0124,11.1903,,,,,,,,,6,55.4489,49.1884,58.5521,6,32.4208,29.3223,36.5059,6,47.8006,35.4018,52.2709,,,,,,,,
South Sudan,SSD,2021,,,,,,23,8.9632,5.0786,9.3755,,,,,,,,,6,53.4562,49.8335,58.0369,4,30.9537,28.0233,37.1578,6,48.6456,36.1979,51.4419,,,,,,,,
South Sudan,SSD,2022,,,,,,,,,,,,,,,,,,6,53.3279,47.7269,57.9294,4,34.2064,27.8858,36.3884,6,47.1197,34.8733,52.9651,,,,,,,,
South Sudan,SSD,2023,,,,,,23,11.7261,8.4076,15.873,,,,,,,,,6,48.2328,45.9761,56.7018,4,30.6238,28.5624,36.4554,5,46.2055,39.9109,49.2599,,,,,,,,
South Sudan,SSD,2024,,,,,,23,12.5478,9.1433,17.305,,,,,,,,,6,52.4912,46.7324,56.7342,4,30.026,28.761,37.3581,5,41.3215,38.082,47.0471,,,,,,,,
South Sudan,SSD,2025,,,,,,23,12.2044,9.6844,17.8571,,,,,,,,,6,52.7655,45.887,56.1058,4,32.2775,27.7134,36.3039,6,43.5623,38.847,46.6841,,,,,,,,
Spain,ESP,2009,8,86.1432,85.2665,87.0109,1.7444,25,83.8104,82.8015,86.0007,17,69.4411,67.2664,72.5464,12,48.5341,47.4699,49.4494,31,80.1903,79.2853,80.9134,19,81.6102,79.8879,84.8529,14,91.4862,86.636,93.4667,50,63.2112,62.1539,64.4339,7,79.3544,69.9965,80.0808
Spain,ESP,2010,8,83.5602,82.7616,84.3513,1.5897,25,83.4342,82.5533,85.5032,19,70.5357,68.3691,70.7517,12,46.3694,45.1568,47.3403,31,79.1838,78.2738,80.0424,19,74.5435,71.9698,76.9269,14,87.7357,84.0453,91.0182,50,59.7819,58.7257,60.8553,7,73.742,69.5546,78.2237
Spain,ESP,2011,8,81.5374,80.6677,82.398,1.7303,25,83.7805,82.0304,84.7726,19,69.8425,68.5104,70.6366,12,42.7414,41.6019,43.8652,31,78.7376,77.8495,79.5816,19,66.6747,64.5431,69.9031,14,85.3831,80.9609,88.5579,50,57.3601,56.2878,58.507,7,73.934,67.6713,77.2667
Spain,ESP,2012,8,80.3045,79.413,81.1862,1.7732,25,83.5699,81.9034,84.7838,19,69.7723,67.4668,70.3932,12,42.6323,41.5002,43.6173,31,78.5751,77.6968,79.3897,20,66.5688,63.5252,67.9293,14,80.4327,79.0444,86.9978,50,59.2087,58.1412,60.3132,7,67.7999,67.0525,76.4872
Spain,ESP,2013,8,79.5139,78.838,80.1842,1.3462,25,81.2481,80.2107,83.1081,19,67.497,67.356,70.4343,12,45.4716,44.4198,46.4869,31,77.5256,76.7349,78.3057,21,65.2852,63.3869,66.9845,17,80.4618,79.1441,82.6755,50,56.9694,56.0253,58.088,6,67.8109,64.2341,71.8662
Spain,ESP,2014,8,79.4107,78.7236,80.0921,1.3685,25,81.8948,80.6405,83.385,19,70.0905,67.8107,70.5469,12,46.5705,45.4928,47.4628,31,77.058,76.2202,77.8273,21,62.3848,60.3503,64.0275,17,79.0249,78.6276,82.0713,50,56.6795,55.6639,57.6353,7,67.7648,64.1145,72.0176
Spain,ESP,2015,8,79.7519,79.0281,80.4693,1.4412,25,81.9513,80.0486,82.978,19,69.0787,67.2322,70.0945,12,46.8504,45.6688,47.6637,31,76.1928,75.3984,76.9269,21,65.7352,63.8246,67.4424,17,79.0778,77.1869,80.7442,50,55.7889,54.7944,56.7469,7,69.521,63.8758,72.4583
Spain,ESP,2016,8,78.9894,78.2623,79.71,1.4477,25,82.1197,80.5923,83.3923,19,70.2526,67.9592,70.5299,12,46.6394,45.696,47.6639,31,75.6919,74.9157,76.4427,21,60.6988,57.5392,62.0112,17,79.6855,78.0037,81.5153,50,53.5991,52.5871,54.5869,7,69.4148,64.3399,72.7221
Spain,ESP,2017,8,79.6149,78.7136,80.5062,1.7926,25,83.1335,81.2792,84.0941,15,71.8122,67.0889,73.236,12,47.6747,46.7205,48.5022,31,75.8159,75.033,76.6242,22,63.9802,61.1273,65.5801,15,76.4801,70.5923,78.5969,50,59.9086,58.8719,60.9853,7,64.7876,62.0996,69.5549
Spain,ESP,2018,8,79.3625,78.4523,80.2626,1.8103,25,81.5509,80.9366,83.7319,15,71.4181,66.2744,72.9011,12,50.0378,45.927,51.978,31,72.6357,71.4765,73.2472,22,65.0435,61.4759,66.7999,16,77.0427,75.6156,78.726,50,58.7861,57.7286,59.9415,7,65.1667,60.5945,68.8381
Spain,ESP,2019,8,79.0669,78.218,79.9069,1.6889,25,82.9186,81.2513,83.9793,15,67.9128,66.2023,72.5335,12,46.3104,45.2848,50.9075,31,73.3856,72.2797,74.0709,22,63.4403,60.8372,65.4257,16,77.1477,75.8042,78.7725,50,60.3479,59.2874,61.4226,7,68.3197,61.046,68.3379
Spain,ESP,2020,8,80.163,79.2905,81.0263,1.7358,25,83.9402,82.0475,84.8965,12,69.4055,67.4025,74.2718,12,55.3943,50.1108,56.4245,31,74.0879,72.9945,74.782,22,64.6593,62.1511,66.625,16,80.7249,79.4237,82.3558,44,57.0202,55.6204,58.4078,7,64.3096,61.0247,68.2543
Spain,ESP,2021,8,81.5678,80.6232,82.5016,1.8784,25,83.2284,82.2588,85.1307,13,74.3682,69.8755,75.5437,12,59.1568,53.7329,59.4122,31,75.4079,74.4251,76.0879,14,62.0861,60.3158,63.662,16,81.1848,79.9212,82.859,44,61.9441,60.5287,63.3982,6,63.5138,62.0794,73.177
Spain,ESP,2022,8,81.4039,80.6356,82.1651,1.5295,27,86.1799,84.0959,88.0994,14,72.8351,67.9604,72.997,12,55.4826,52.7882,56.6426,30,74.4173,72.6692,74.9564,14,59.6646,57.9651,61.0601,16,82.1628,80.9066,83.6018,44,57.0641,55.6997,58.579,7,71.8968,66.0167,74.0961
Spain,ESP,2023,8,79.4376,78.5148,80.3499,1.8351,27,84.2893,82.8959,87.0106,14,68.2743,65.2383,70.7869,12,55.5967,52.5415,56.0923,30,72.5201,71.7046,74.1313,14,56.7422,56.4748,59.6085,17,81.8508,80.0995,89.4389,43,50.9561,50.6829,51.2294,6,73.5685,66.4398,74.1818
Spain,ESP,2024,8,79.3845,78.5899,80.1714,1.5815,27,83.033,81.773,85.8655,16,67.1548,65.389,67.7344,12,59.9112,57.0603,60.8142,30,73.2714,71.6834,74.1877,14,57.7501,56.5091,59.494,20,83.8139,82.834,87.1947,43,53.2417,51.8742,54.7882,6,65.9202,65.6104,74.5986
Spain,ESP,2025,8,79.8599,79.1215,80.5916,1.4701,27,83.8613,81.7124,85.7949,16,66.3957,64.8764,67.0857,12,62.0242,58.9991,62.5012,30,72.7195,71.2216,73.7662,14,56.2457,53.9465,57.1349,20,83.7816,82.9772,87.1086,43,52.4116,51.0489,53.8931,7,70.9269,66.8385,74.9289
Sri Lanka,LKA,2009,8,66.3877,65.061,67.6903,2.6293,28,38.1069,37.4512,40.896,18,70.7494,67.7301,73.5759,12,60.7881,59.9911,61.6334,29,64.9777,64.361,66.0787,14,57.273,50.3391,63.0083,10,47.9025,43.5041,52.3828,41,41.8542,41.8373,41.871,10,53.9684,52.6813,54.744
Sri Lanka,LKA,2010,8,64.7921,63.7911,65.7793,1.9882,28,41.4545,38.7892,42.3585,20,69.5562,68.9385,70.0676,12,59.4181,58.5543,60.2649,29,65.1489,64.4365,66.0702,15,47.7124,46.6073,55.271,10,48.5782,44.6965,53.3043,41,41.1202,41.0704,41.1701,10,53.3135,52.0579,54.1015
Sri Lanka,LKA,2011,8,64.9814,64.0316,65.9187,1.8871,26,39.2236,36.9804,42.5305,20,69.4633,68.8585,69.972,12,58.0685,57.285,58.8653,29,66.138,65.2041,66.7762,16,49.5607,45.5238,52.78,10,46.1857,41.9661,50.4053,41,46.7213,46.5192,46.9235,10,51.6797,50.4372,52.5216
Sri Lanka,LKA,2012,8,66.3116,65.5154,67.0991,1.5837,26,41.9336,38.1471,43.4622,20,69.9615,69.3392,70.484,12,60.6281,59.7887,61.3722,29,66.0345,65.3524,66.9367,17,51.3146,44.8539,51.8714,16,48.1571,46.1726,51.6357,41,48.6637,48.3742,48.9533,10,50.3255,48.9529,51.2178
Sri Lanka,LKA,2013,8,65.5605,64.3412,66.7594,2.4182,26,42.2187,39.3638,44.8067,20,68.9922,68.4331,69.5152,12,61.0015,60.1719,61.7472,29,66.1026,65.1859,66.6778,18,45.9442,44.2676,51.6963,16,49.5913,47.5436,53.804,41,47.8579,47.6046,48.1112,7,50.7667,43.4963,54.9475
Sri Lanka,LKA,2014,8,64.0778,63.2296,64.9159,1.6863,26,40.6325,39.6343,44.7874,20,67.4492,66.8229,67.9409,12,63.0237,62.1667,63.863,29,63.2702,62.6851,64.201,18,41.9997,39.7541,46.6788,16,48.9995,48.5718,53.5095,41,47.3771,47.1454,47.6088,9,50.4256,48.6721,53.7951
Sri Lanka,LKA,2015,8,65.3094,64.4772,66.1319,1.6547,26,45.3631,41.4656,46.4712,20,67.175,66.5483,67.6905,12,65.4141,64.5726,66.3015,29,63.3178,62.7334,64.2148,20,42.3518,40.1583,46.4788,16,53.5405,49.6898,54.2482,41,45.027,44.9011,45.1529,9,50.5827,48.2188,53.8644
Sri Lanka,LKA,2016,8,65.4035,64.2787,66.5108,2.2321,28,49.1731,47.25,50.9337,20,67.6898,67.0856,68.2101,12,65.0338,64.1283,65.884,29,63.3291,62.674,64.199,16,41.0448,35.5953,48.3086,16,55.0104,51.6961,56.9006,41,44.6569,44.5477,44.7662,10,48.4773,47.3856,49.7967
Sri Lanka,LKA,2017,8,65.8108,64.5444,67.0552,2.5108,27,52.9808,50.5614,54.1168,16,68.6562,64.0444,71.2133,12,60.631,59.8663,61.3945,29,63.8719,62.907,64.4127,18,40.5803,35.986,46.1649,14,57.2484,56.0408,59.4771,41,46.2433,46.0626,46.4239,8,47.4468,45.6774,54.1318
Sri Lanka,LKA,2018,8,64.3253,62.7452,65.8709,3.1257,27,52.7714,50.3086,53.6405,16,64.6467,60.7506,67.3577,11,57.4799,45.866,58.9898,29,64.7804,63.5879,65.3332,18,40.5333,36.5381,47.9282,14,58.6817,56.9973,59.8889,41,41.4444,41.4091,41.4797,9,47.2812,45.4799,52.9864
Sri Lanka,LKA,2019,8,64.268,62.7319,65.7714,3.0395,27,54.4741,51.8683,55.2674,16,62.8281,59.4228,66.5634,11,55.0202,46.1619,58.2802,29,64.9656,63.6918,65.4984,18,44.4775,36.2736,48.8625,14,59.5276,57.0219,60.1459,41,39.1445,39.0057,39.2833,10,46.8937,45.7538,47.8256
Sri Lanka,LKA,2020,8,65.5317,64.1304,66.906,2.7756,28,54.5588,52.315,55.8031,13,65.3614,60.6933,67.4411,11,58.3819,47.9962,62.106,29,66.2411,65.1771,66.8248,21,41.7874,37.1743,46.6893,14,60.9284,60.0006,62.6179,41,43.3618,43.2933,43.4302,10,45.5006,44.1749,46.6425
Sri Lanka,LKA,2021,8,66.6805,65.111,68.2167,3.1057,28,52.2101,49.5681,53.1611,14,67.6639,63.1587,68.8882,11,56.2016,48.6987,61.2765,29,67.5904,66.5606,68.2334,10,41.4061,37.5859,47.4387,14,62.0662,60.8255,63.7396,40,50.0687,49.8354,50.3021,8,45.842,36.8087,48.5143
Sri Lanka,LKA,2022,8,65.9568,64.7173,67.1752,2.4579,28,50.8511,47.6395,52.0972,15,65.8323,61.2077,66.3739,11,55.8594,49.8836,59.1762,30,66.3797,64.9833,67.1485,12,38.5927,32.3814,41.9768,14,64.4806,63.3789,65.6758,40,47.7959,47.6648,47.927,9,48.3485,42.4196,49.2114
Sri Lanka,LKA,2023,8,64.9072,63.4784,66.3078,2.8294,29,51.3523,49.4511,53.2661,15,63.4446,60.0443,65.8027,11,55.2994,48.6643,56.6657,30,66.7467,65.183,67.096,12,39.3338,30.5628,39.8322,15,62.7677,59.9692,69.2622,39,47.3616,47.2501,47.4731,8,45.219,39.475,47.6758
Sri Lanka,LKA,2024,8,62.3119,61.0368,63.5641,2.5273,29,53.2345,50.94,54.8147,17,64.1147,61.9855,64.8169,11,51.0875,47.5334,55.1961,30,64.7285,63.9384,65.9147,12,34.4285,29.7768,38.8832,18,62.8219,59.8205,64.3777,39,42.5512,42.4462,42.6561,8,41.8297,37.1703,45.4592
Sri Lanka,LKA,2025,8,60.4883,59.1515,61.7994,2.6479,29,55.9439,54.1105,57.8743,17,62.7968,59.6457,63.12,11,42.0552,41.1341,46.8286,30,63.1085,61.5639,63.9331,12,37.6245,29.8446,39.685,18,61.6079,57.8714,64.3943,39,35.234,33.7299,36.849,8,44.1617,39.7018,47.7692
Sudan,SDN,2009,7,43.6028,39.4602,47.4639,8.0037,27,11.7254,10.463,13.6145,6,54.7202,51.9026,59.2029,,,,,8,57.2694,52.434,58.6189,8,31.0851,27.833,39.8335,9,37.4583,33.0344,44.2756,25,23.2379,19.6125,27.3177,7,41.2614,36.4386,45.9394
Sudan,SDN,2010,7,45.1468,40.9038,49.0998,8.196,27,11.7992,10.0764,13.1727,6,56.7506,51.9993,59.7146,,,,,8,55.9857,52.3492,58.0065,8,33.3311,28.5875,40.3807,9,40.3867,34.2745,45.1779,25,25.4683,24.714,26.2225,7,37.0445,34.3307,44.3607
Sudan,SDN,2011,7,40.8871,36.1754,45.227,9.0516,27,11.2577,10.096,13.002,6,55.7274,51.6463,59.2523,,,,,8,53.987,52.2256,58.0855,8,33.3501,28.8544,40.4538,8,39.3022,34.431,45.2954,24,21.6801,18.1045,25.3966,7,31.1648,28.2749,39.384
Sudan,SDN,2012,7,39.6656,35.6063,43.4421,7.8358,27,10.5854,8.8735,11.7531,6,54.4392,52.3893,59.0484,,,,,8,54.2612,52.5857,58.1877,9,31.4995,27.4919,35.9257,8,32.0716,26.4161,37.727,24,24.2611,20.21,28.2117,7,31.2659,24.7898,37.6877
Sudan,SDN,2013,7,42.7367,38.024,47.0848,9.0608,27,9.7621,8.9316,11.8973,6,57.8577,53.2044,59.7307,,,,,8,56.1115,52.2346,58.1489,10,35.3238,28.3782,36.7484,8,41.5311,34.1893,45.7111,24,25.8337,25.0959,26.5715,7,25.5803,24.5516,40.4989
Sudan,SDN,2014,7,38.6449,33.5132,43.3272,9.814,27,10.1678,8.5824,11.5734,6,54.6227,52.8512,59.4824,,,,,8,55.3057,52.4112,58.7698,10,29.9621,28.3179,36.6434,8,43.3384,36.193,46.2874,24,19.5914,16.0428,23.3966,8,24.357,23.4361,40.3634
Sudan,SDN,2015,7,45.9059,41.393,50.0948,8.7018,27,11.0791,8.4554,11.4486,5,56.4529,52.1018,59.268,,,,,8,57.3162,52.3494,58.2228,10,34.2158,28.1197,37.3636,8,42.4696,35.9623,45.5591,24,21.3436,17.9948,24.8833,8,42.5703,27.552,43.1918
Sudan,SDN,2016,7,41.7838,35.5267,47.4069,11.8802,27,9.2947,8.5232,11.2805,5,57.4212,51.7251,58.667,,,,,8,52.211,49.3547,55.0674,7,32.6167,30.9399,37.5566,8,45.6508,36.9894,47.4875,24,18.5229,15.2841,22.409,8,29.3851,27.7291,39.9205
Sudan,SDN,2017,7,44.5255,40.8856,47.9486,7.063,27,10.7914,9.0899,11.8537,5,57.2094,51.8843,58.8301,,,,,8,57.2171,51.9786,57.8174,7,36.5106,30.9143,37.679,7,46.2926,36.6036,51.8362,22,22.6102,18.811,27.2449,7,30.3409,23.3453,33.7408
Sudan,SDN,2018,7,45.0089,40.9567,48.7955,7.8388,27,10.8716,10.4615,13.2683,6,56.1505,52.6804,59.6457,,,,,8,58.2858,53.3547,61.5301,8,35.6696,30.889,37.3831,7,44.8039,38.0571,51.0803,22,26.3041,25.5875,27.0207,8,29.9831,25.4143,32.7226
Sudan,SDN,2019,7,43.1273,37.8454,47.9573,10.1119,27,11.8575,10.3675,12.8768,5,51.2128,51.189,57.9307,,,,,8,57.765,52.8093,60.6552,8,32.5842,30.8363,37.7527,7,46.5746,38.8598,51.7425,22,24.8983,24.1184,25.6781,8,29.9943,23.1397,30.4054
Sudan,SDN,2020,6,42.6978,39.0028,46.165,7.1622,27,14.4187,12.624,15.4851,5,56.1505,52.6804,59.6457,,,,,8,55.0548,52.5671,60.6745,8,34.4233,31.3095,37.6826,5,42.9398,36.9397,52.6289,,,,,8,25.4556,23.1641,29.4945
Sudan,SDN,2021,5,45.3733,40.6854,49.7106,9.0252,27,14.9448,13.679,16.4328,5,56.1505,52.6804,59.6457,,,,,8,62.2184,52.5409,62.6608,,,,,5,48.4548,40.8266,51.2707,,,,,5,26.5521,13.9734,28.6867
Sudan,SDN,2022,,,,,,28,17.2595,14.68,19.4906,,,,,,,,,7,54.41,51.2349,60.7793,,,,,5,47.1785,39.9834,51.0207,,,,,,,,
Sudan,SDN,2023,5,42.6746,36.6399,48.1233,11.4834,28,16.6448,13.5104,18.7317,5,51.7177,50.3809,58.8638,,,,,7,57.3043,50.6582,60.4026,,,,,7,46.2055,37.3356,48.2337,,,,,5,23.0088,14.0353,27.9652
Sudan,SDN,2024,,,,,,28,13.2634,10.2855,15.588,,,,,,,,,7,52.8386,47.1478,59.1834,,,,,7,41.268,34.3428,45.8828,,,,,,,,
Sudan,SDN,2025,,,,,,28,13.2929,8.8436,14.3156,,,,,,,,,7,51.4558,47.0493,59.2269,,,,,7,38.4393,33.0949,45.7238,,,,,,,,
Suriname,SUR,2009,8,54.8344,52.1483,57.4129,5.2646,26,51.9563,51.5742,54.9155,11,57.0884,53.0499,62.1819,10,33.063,32.0575,34.2972,19,59.0221,56.7747,63.7681,12,42.8647,30.8215,43.2805,8,41.7355,41.0003,50.4499,47,21.0591,19.3933,22.8111,4,58.8348,38.5634,59.1242
Suriname,SUR,2010,7,53.4467,49.5012,57.161,7.6598,26,53.1134,51.5092,55.1022,13,56.6749,53.117,60.3842,10,34.2925,33.1886,35.7531,19,57.9379,54.7048,62.7404,12,36.4757,30.6498,41.8738,8,47.4749,41.0491,50.5809,47,21.2421,19.4925,22.7267,,,,
Suriname,SUR,2011,7,52.1097,48.5521,55.4758,6.9237,26,53.2085,51.0541,54.5858,14,57.481,53.1238,60.07,10,34.3927,33.5759,35.8728,19,57.8422,55.0732,62.4285,12,33.6016,31.1458,41.4515,8,47.3665,41.8407,50.9045,47,19.956,18.096,21.353,,,,
Suriname,SUR,2012,7,53.7437,49.8845,57.3821,7.4976,26,52.8824,51.0222,54.5732,14,58.8595,55.435,61.9146,10,34.6921,33.65,36.0877,19,62.0763,56.1971,63.9199,12,32.4334,32.1509,41.6921,8,48.6259,42.4751,52.5608,47,24.1687,22.4638,25.6538,,,,
Suriname,SUR,2013,7,55.7277,51.8496,59.3872,7.5376,26,53.3258,51.5991,55.3737,14,60.5724,56.936,63.3667,10,38.5624,37.36,39.5293,19,58.0416,58.0352,64.8727,14,31.754,28.3336,34.8386,8,50.9754,44.0314,52.6371,47,27.5375,25.9437,28.9745,,,,
Suriname,SUR,2014,7,56.4383,52.2531,60.3717,8.1186,26,55.3302,53.266,56.9329,14,61.1941,58.878,64.6881,10,35.4937,34.6146,36.9568,19,62.4024,57.8491,65.152,14,32.677,27.858,34.8022,8,48.2907,42.9745,52.9329,47,26.6276,24.9475,28.1315,,,,
Suriname,SUR,2015,7,55.4258,51.6338,59.0079,7.3741,26,53.8838,52.9873,56.5881,14,61.852,57.9373,64.8988,10,34.3831,32.1267,34.5064,19,59.493,56.2436,63.4949,14,30.961,28.312,35.0806,8,50.1207,43.7795,53.8792,47,28.9918,27.3597,30.3926,,,,
Suriname,SUR,2016,7,56.2901,52.8627,59.5467,6.684,25,56.3072,53.6959,57.6312,8,64.1179,56.1163,65.9976,10,33.4166,32.5893,34.6325,19,62.6793,55.866,63.7146,7,30.5822,28.469,35.1074,9,48.6301,44.0991,53.4777,19,29.5311,28.9597,30.1025,,,,
Suriname,SUR,2017,7,57.2915,53.8238,60.5861,6.7623,25,55.6883,53.8077,57.9007,6,58.8778,56.4685,66.5085,10,34.8494,32.6416,35.156,19,59.1326,56.7014,65.1773,7,33.3187,29.0284,35.3653,8,52.9144,40.0162,59.1245,19,32.8201,32.3967,33.2435,,,,
Suriname,SUR,2018,6,53.0758,49.015,56.8913,7.8763,25,54.3368,53.3225,57.4158,6,56.1052,55.9911,66.1985,,,,,14,57.7752,53.6548,62.5786,7,33.0963,30.0939,36.6492,8,50.2014,40.4805,59.1129,19,18.7579,17.7017,19.8141,,,,
Suriname,SUR,2019,6,57.7562,54.212,61.1205,6.9085,25,55.8304,53.4728,56.9936,6,65.0136,55.8859,65.6371,,,,,14,58.037,52.9284,62.5145,8,32.971,30.6809,39.9057,8,53.4968,38.3125,58.6459,19,29.342,28.7621,29.9219,,,,
Suriname,SUR,2020,6,57.3878,52.7277,61.7406,9.0129,25,54.0033,52.4241,56.2647,6,65.0281,57.8961,66.0546,,,,,14,62.149,55.2612,62.5912,8,34.5825,31.3003,40.2117,7,50.186,41.0622,58.3666,18,26.6265,26.2507,27.0024,,,,
Suriname,SUR,2021,6,56.7994,53.1379,60.2675,7.1296,25,54.6437,53.5716,57.3282,7,60.2314,55.6172,65.8561,,,,,14,60.6771,53.5927,62.0619,9,31.8572,26.1779,37.0918,9,49.9625,41.1091,58.8159,18,33.7008,33.6433,33.7584,,,,
Suriname,SUR,2022,6,57.2167,52.9798,61.1977,8.2179,25,54.545,51.4177,57.6965,7,60.9643,57.1958,66.1794,,,,,13,60.1349,51.1519,61.1727,9,28.2005,26.535,37.1027,9,62.1982,48.55,67.5148,18,29.7605,29.5256,29.9953,,,,
Suriname,SUR,2023,6,56.7379,53.0257,60.2513,7.2256,25,53.822,51.5021,57.5877,7,61.5389,56.3598,66.1716,,,,,13,57.0896,50.5116,60.3438,10,27.4983,24.2628,34.1757,10,62.2378,48.7608,63.791,17,31.3856,31.2239,31.5473,,,,
Suriname,SUR,2024,6,56.6512,52.7547,60.3291,7.5744,26,58.5185,53.9901,59.4428,8,54.9554,54.4485,65.2336,,,,,13,60.8911,50.6034,61.36,10,30.1419,24.295,34.9044,11,54.8766,43.5048,57.0689,17,30.1701,29.9537,30.3865,,,,
Suriname,SUR,2025,6,54.6402,50.7194,58.3353,7.6159,27,58.9852,54.4613,60.3995,8,60.6969,53.2094,64.8753,,,,,13,58.7302,49.1202,59.001,10,29.946,26.2791,36.0907,11,44.8656,42.9669,54.9999,17,25.9983,25.5941,26.4024,,,,
Sweden,SWE,2009,8,96.5597,95.9331,97.1821,1.249,27,96.2005,95.0055,98.0958,15,89.4511,88.2449,91.4941,12,75.0142,74.0982,75.9201,31,98.2016,97.0372,99.0172,18,86.8496,82.0849,89.296,14,88.277,85.7085,91.0991,49,83.4494,81.78,85.1539,8,78.74,76.5266,81.2092
Sweden,SWE,2010,8,95.4287,94.7152,96.1366,1.4214,27,96.7358,95.2881,97.9092,17,92.3745,89.2498,92.5223,12,75.5362,74.579,76.3498,31,98.4404,97.3563,99.2465,18,78.3994,75.56,81.773,14,88.123,84.5249,90.2603,49,84.6167,82.9865,86.501,8,71.4795,71.035,80.3512
Sweden,SWE,2011,8,95.3848,94.8197,95.9465,1.1268,27,96.5854,95.0291,97.879,18,90.2397,88.0477,90.9289,12,73.4709,72.5617,74.3021,31,98.5976,97.4641,99.3967,18,75.9853,72.8528,78.1393,14,86.4897,84.3236,89.735,49,86.7568,85.0386,88.4802,8,77.2049,74.8975,79.6908
Sweden,SWE,2012,8,95.357,94.8069,95.9039,1.097,27,96.1077,94.6973,97.5383,18,89.3185,88.0008,90.6356,12,75.818,74.792,76.6866,31,98.6575,97.4974,99.4282,18,74.4265,71.899,77.2712,14,87.6717,85.5273,90.5934,49,88.1531,86.3892,89.9503,8,75.4698,73.6978,78.5998
Sweden,SWE,2013,8,94.5909,93.9938,95.1841,1.1903,27,95.9697,94.8026,97.7295,18,88.2194,87.5986,90.3947,12,76.2408,75.3253,77.1982,31,98.2589,97.1116,99.0549,19,71.9112,70.1868,75.3826,14,87.5514,85.6211,91.5076,49,83.8461,82.2395,85.5631,7,76.2688,72.9953,78.4071
Sweden,SWE,2014,8,94.8745,94.3158,95.4298,1.114,27,95.8005,94.4286,97.2112,18,89.8795,87.4835,90.3496,12,75.8514,74.9171,76.6194,31,98.067,96.9012,98.8345,19,69.5483,65.9009,71.3151,14,89.541,84.8266,90.7601,49,83.6306,82.1661,85.3121,8,78.4328,74.1925,78.6485
Sweden,SWE,2015,8,93.9746,93.3985,94.5471,1.1486,27,95.9702,94.4829,97.3391,18,89.388,86.7251,89.5552,12,74.0545,73.1121,74.849,31,97.2008,96.0706,97.9835,19,71.3148,68.3464,74.0808,14,87.2851,82.7456,88.9209,49,79.8866,78.4379,81.4878,8,76.6935,73.7921,78.0503
Sweden,SWE,2016,8,94.0193,93.4168,94.6179,1.2011,27,95.7686,94.5462,97.2659,18,87.9809,86.7724,89.3849,12,78.4541,77.4709,79.391,31,97.1273,96.0314,97.9526,20,69.1767,64.1803,71.1373,14,87.6365,84.0769,89.4772,49,80.9614,79.4946,82.6871,8,76.0042,74.3703,78.0583
Sweden,SWE,2017,8,94.7877,94.1735,95.3978,1.2243,27,95.8317,94.6997,97.6492,15,89.8171,87.0142,90.9177,12,80.7586,79.7656,81.659,31,97.2595,96.1464,98.033,21,66.9934,64.361,71.8337,16,88.657,87.323,90.5427,49,87.9837,86.3765,89.7262,8,73.8589,72.3312,76.9807
Sweden,SWE,2018,8,94.9168,94.2254,95.6031,1.3777,27,95.8982,94.4353,97.0957,15,85.6599,85.2948,89.7486,12,82.3294,79.4267,85.232,31,98.7918,97.6055,99.6373,21,73.5828,69.7984,77.3671,16,86.1726,84.786,87.924,49,85.5342,84.0268,87.2587,8,74.4861,70.8992,75.706
Sweden,SWE,2019,8,93.3259,92.6303,94.0162,1.3859,27,95.2444,94.1721,96.9916,15,88.9978,85.3023,89.8059,12,80.7452,77.5664,83.924,31,98.6754,97.5006,99.5422,21,65.7541,61.5957,68.4914,16,83.1017,81.7868,84.7354,49,83.7042,82.0359,85.2529,8,70.5664,69.2276,74.4088
Sweden,SWE,2020,8,92.2146,91.4929,92.9305,1.4376,27,95.2554,93.9196,96.6343,12,86.7602,84.0715,88.0351,12,77.2172,73.6218,79.9808,31,98.1557,96.9866,99.105,21,65.7598,62.68,70.1759,16,84.6954,83.2685,86.3279,43,80.1888,78.1533,82.214,8,68.2189,67.3699,73.0503
Sweden,SWE,2021,8,90.815,90.0087,91.6141,1.6054,27,94.9608,93.7494,96.5667,12,84.7239,82.2438,86.5186,12,72.6096,71.3756,77.7601,31,97.7193,96.4962,98.7629,13,65.1588,60.4628,67.5116,16,83.4768,82.1583,85.0569,43,76.6204,74.6967,78.6702,7,67.5601,61.2818,69.2171
Sweden,SWE,2022,8,91.2588,90.5446,91.9673,1.4227,29,94.9913,93.0945,97.2257,13,84.3227,82.8579,86.2702,12,77.8735,74.8414,78.1931,30,96.865,95.5813,97.6184,13,61.9205,58.2091,66.4059,16,83.6142,82.4534,85.1154,43,78.8417,77.2087,80.5943,8,69.4894,64.1168,70.6635
Sweden,SWE,2023,8,91.5792,90.6896,92.46,1.7704,29,94.4353,92.5237,97.1219,13,85.8811,83.9069,87.3354,12,75.51,73.6216,76.964,30,97.1935,96.0155,98.0103,13,65.1757,59.0574,67.7652,16,81.5598,78.8138,86.7338,42,80.1178,78.0531,82.2352,7,70.1595,63.5761,71.094
Sweden,SWE,2024,8,90.1367,89.0855,91.1755,2.09,29,94.2883,92.1293,96.3965,15,85.601,83.7598,86.5328,12,79.345,76.2307,79.7461,30,97.0266,95.7449,97.7407,13,63.9378,58.9086,67.6821,19,79.3064,77.139,82.5029,42,79.9936,77.7033,81.879,7,58.184,57.5009,71.4187
Sweden,SWE,2025,8,90.6284,89.8505,91.3995,1.549,29,94.0923,91.4474,96.3257,15,85.9839,83.9707,86.2215,12,76.8061,73.8631,77.2896,30,94.6357,93.7147,95.5149,13,62.3016,56.8924,65.3875,19,81.1521,78.76,83.0647,42,74.6618,72.8687,76.3868,7,71.6369,64.5144,71.9107
Switzerland,CHE,2009,8,95.9924,95.3834,96.5973,1.2139,24,94.2385,92.2753,96.3734,17,90.5629,89.7002,93.9821,12,71.1779,70.1125,72.125,30,97.4572,95.6889,98.0751,21,84.6597,83.0325,88.1561,18,87.9147,86.3032,89.7109,48,85.7626,83.9514,87.5932,7,78.1425,75.3541,82.0527
Switzerland,CHE,2010,8,96.8586,96.3178,97.3962,1.0784,24,95.3227,93.0598,96.5675,19,93.9011,91.9156,94.5152,12,73.3899,72.4497,74.1729,29,97.8012,95.9297,98.1872,21,87.141,83.5054,88.3291,18,87.1025,85.6817,89.0011,48,84.8468,83.0759,86.5524,7,78.6133,76.335,82.5261
Switzerland,CHE,2011,8,96.0543,95.4885,96.6168,1.1283,24,95.1928,92.5107,96.171,19,93.7885,91.7112,94.2666,12,72.2045,71.1829,72.9783,29,96.5188,95.736,98.2273,21,81.1139,79.6985,84.2321,18,86.4097,84.945,88.287,48,86.6306,84.8497,88.5787,7,78.7951,75.2659,81.7206
Switzerland,CHE,2012,8,96.2304,95.6524,96.8048,1.1524,24,94.823,92.4696,96.2165,19,92.1788,91.333,93.8899,12,73.5884,72.6165,74.3424,29,96.5728,95.8741,98.3873,21,80.4671,78.5631,83.1015,18,87.3019,85.7767,88.9631,48,89.5193,88.0669,91.3495,7,78.4976,74.5354,81.5844
Switzerland,CHE,2013,8,96.7815,96.1943,97.3651,1.1708,24,94.6415,92.5621,96.1639,19,92.0891,91.0872,93.7006,12,77.439,76.4471,78.1784,31,97.1441,96.0527,97.9782,22,81.1862,79.6648,83.1134,18,87.238,85.8972,89.0667,48,91.1018,89.4788,92.9338,6,77.9348,72.448,81.0361
Switzerland,CHE,2014,8,96.2239,95.6621,96.7823,1.1202,24,94.416,92.846,96.0838,19,91.4745,91.3269,93.938,12,80.2442,79.2382,81.0159,31,96.6504,95.6105,97.4036,22,78.076,75.1459,78.6044,18,87.3859,85.9853,89.1945,46,88.5244,86.6669,90.5529,7,76.9728,73.7641,81.216
Switzerland,CHE,2015,8,96.9599,96.4003,97.5162,1.1159,24,95.3648,92.9387,96.0915,19,93.1394,91.0852,93.6314,12,81.1877,80.1792,82.0013,31,96.273,95.2069,97.1156,22,81.7829,79.6479,83.3053,18,86.4073,84.882,87.9992,46,89.6787,87.8581,91.6842,7,77.099,73.0614,80.8163
Switzerland,CHE,2016,8,96.9151,96.3065,97.5196,1.2131,24,95.1365,92.9608,96.3912,19,92.2141,91.2442,93.8327,12,81.9738,80.9197,82.802,31,96.1718,95.119,96.9787,22,79.6621,76.71,81.6362,18,87.2234,85.6885,88.843,46,89.8035,88.0951,91.5418,7,78.577,73.2751,81.6266
Switzerland,CHE,2017,8,98.427,97.6945,99.1539,1.4594,24,95.3165,93.0139,96.5148,15,91.3988,89.9118,94.2241,12,83.3035,82.3309,84.122,31,96.3545,95.3977,97.2462,23,81.6865,79.1588,83.8638,15,88.2143,84.806,90.132,46,96.5165,94.4825,98.6122,7,83.4599,77.8359,87.6819
Switzerland,CHE,2018,8,98.6308,97.8666,99.3888,1.5222,24,94.2487,93.007,96.3934,15,92.4888,89.6512,94.0402,12,90.0466,86.8163,92.5508,31,97.8824,96.6128,98.704,20,81.2193,74.0996,82.6088,13,88.634,85.0282,91.4783,46,95.9052,94.1458,97.8645,7,78.2186,72.967,79.3745
Switzerland,CHE,2019,8,96.8468,96.0882,97.5993,1.5111,24,95.0005,92.7338,96.4045,15,92.2272,89.1062,93.6614,12,88.4856,84.5535,90.0961,31,97.4739,96.1914,98.444,20,73.5074,71.0756,79.9821,13,86.0391,84.6504,90.8915,46,94.8094,92.9633,96.6464,7,73.9295,70.9143,76.201
Switzerland,CHE,2020,8,97.0596,96.1647,97.9458,1.7811,24,94.644,92.5998,95.9819,12,90.2189,89.2976,94.0118,12,90.8398,87.7148,93.4098,31,96.757,95.4821,97.635,20,72.583,71.3926,80.763,13,89.739,85.5413,93.0933,39,94.2173,91.8978,96.7661,7,75.1897,67.7166,75.5309
Switzerland,CHE,2021,8,97.1789,96.4592,97.893,1.4338,24,94.4176,92.3172,95.4442,13,92.4463,90.2785,94.3334,12,91.0964,88.402,93.6013,29,96.7706,95.0099,98.3509,14,74.9312,72.8376,77.1293,13,91.5069,87.4532,94.282,39,93.9043,91.1747,96.2979,6,70.0271,66.7316,73.187
Switzerland,CHE,2022,8,96.4364,95.749,97.1188,1.3698,26,94.3234,91.5643,96.6416,14,91.3039,90.9835,94.3709,12,90.1335,86.708,90.3384,28,95.4199,94.3605,98.1189,14,70.011,68.9527,73.8288,13,92.6031,88.1616,95.4586,39,93.1284,90.4019,95.3324,7,71.2622,65.8428,71.8697
Switzerland,CHE,2023,8,96.9573,96.2242,97.6847,1.4605,26,94.0797,91.5107,95.9854,14,94.0067,90.6493,94.0982,12,87.8162,84.7691,88.2491,27,96.7924,94.9629,98.3445,14,72.8521,69.8802,74.8821,16,96.9982,93.3988,100.0,37,90.6018,87.3464,93.6261,6,69.154,65.5746,72.0198
Switzerland,CHE,2024,8,97.9594,97.3011,98.613,1.3119,26,93.6721,90.8287,95.9046,16,91.6741,89.72,92.1809,12,91.5564,88.1758,92.1467,27,96.167,95.4421,99.2501,14,76.4462,72.8167,77.6522,19,95.9952,94.1052,95.9952,37,95.1504,92.2808,98.3419,6,72.263,65.6261,72.7537
Switzerland,CHE,2025,8,96.9258,96.3207,97.5271,1.2064,26,94.4158,91.751,96.6335,16,91.6368,89.9199,92.2636,12,93.0217,88.8858,93.4507,27,94.8858,92.6556,96.3122,14,75.5525,70.8097,76.7536,19,95.9952,94.594,95.9952,37,84.6684,81.8054,87.7804,8,72.3273,69.0556,73.3768
Syria,SYR,2009,7,47.4486,43.7519,50.9288,7.1769,26,21.3945,18.7498,22.7232,10,52.3939,48.804,55.9839,9,49.0007,42.0475,51.7718,16,56.9584,55.1141,59.7765,10,31.4385,28.1805,40.1287,6,41.2471,37.217,46.3687,,,,,7,38.5165,24.4353,43.2163
Syria,SYR,2010,7,44.6658,41.5835,47.5914,6.0079,26,19.7372,17.2838,21.275,13,54.9749,52.4198,57.7619,9,39.5582,37.1687,47.3395,16,55.3172,53.8713,58.2486,11,34.4848,29.8474,37.3515,6,43.9393,38.9948,48.1944,,,,,8,29.8976,29.1703,43.2078
Syria,SYR,2011,7,44.7833,41.4132,47.9673,6.5541,26,17.6909,16.3721,20.2495,12,53.0908,51.1922,56.6049,9,33.8046,29.503,38.8322,16,57.8219,55.6683,59.9754,11,31.7433,31.1927,38.0491,6,45.6128,39.6923,49.805,,,,,8,37.0596,30.3667,41.7498
Syria,SYR,2012,7,46.7443,43.2376,50.0542,6.8166,26,14.7171,12.9616,17.1689,12,54.9221,50.2623,55.7485,9,35.7828,28.9613,39.6397,16,56.7599,54.6501,58.9705,10,37.0089,33.6882,44.9097,6,42.0575,41.1647,50.5166,,,,,8,41.1342,27.204,41.7166
Syria,SYR,2013,5,47.7518,44.3668,50.955,6.5882,25,11.7531,9.5967,14.3193,6,53.6929,50.1607,58.0967,,,,,,,,,4,41.1454,30.4695,47.4299,5,43.901,37.2122,48.6053,,,,,5,42.1521,28.7684,43.4862
Syria,SYR,2014,,,,,,25,9.9461,7.2486,11.8705,7,50.5733,49.3894,57.3824,,,,,,,,,,,,,,,,,,,,,6,36.6297,7.3715,38.1849
Syria,SYR,2015,,,,,,25,8.7089,5.7287,10.4556,6,54.041,47.8415,56.6193,,,,,,,,,,,,,,,,,,,,,6,31.8233,3.5841,33.8312
Syria,SYR,2016,,,,,,25,6.3463,5.2106,9.7756,6,50.9777,46.9705,56.2498,,,,,,,,,,,,,,,,,,,,,6,27.0169,0.0,29.4775
Syria,SYR,2017,,,,,,25,5.3004,3.2497,7.9089,5,51.5257,44.3699,55.2968,,,,,,,,,,,,,,,,,,,,,5,25.6692,15.5527,30.3376
Syria,SYR,2018,,,,,,25,2.8311,2.6052,7.2679,5,51.5059,49.3399,58.2367,,,,,12,53.6748,48.7596,55.7219,,,,,,,,,,,,,,,,
Syria,SYR,2019,,,,,,25,2.0157,1.9763,7.1883,5,50.4708,48.0471,57.2765,,,,,12,51.8016,47.65,55.8163,,,,,,,,,,,,,,,,
Syria,SYR,2020,,,,,,25,4.3564,1.3007,5.6221,5,49.4357,46.7544,56.3163,,,,,12,53.834,45.8013,55.1948,,,,,,,,,,,,,,,,
Syria,SYR,2021,,,,,,25,2.7909,0.9848,5.3194,6,63.3702,59.1135,67.6269,,,,,12,51.4183,48.0547,55.1659,,,,,,,,,,,,,,,,
Syria,SYR,2022,,,,,,26,4.7216,3.4269,9.3078,5,50.8355,43.7528,54.4896,,,,,11,50.4142,46.7069,54.1417,,,,,,,,,,,,,,,,
Syria,SYR,2023,,,,,,26,6.9296,2.9257,8.7123,5,52.9171,47.9411,57.893,,,,,12,47.7509,42.349,52.6653,,,,,,,,,,,,,,,,
Syria,SYR,2024,,,,,,27,3.5692,2.3738,7.3971,6,42.464,40.427,51.8175,,,,,12,52.1964,43.3403,52.529,,,,,,,,,,,,,,,,
Syria,SYR,2025,,,,,,27,8.4914,5.0471,10.3181,6,42.464,40.427,51.8175,,,,,12,46.2906,41.8715,52.3853,,,,,,,,,,,,,,,,
São Tomé and Príncipe,STP,2009,5,63.6491,59.8453,67.2574,7.4121,23,52.2405,48.4614,54.1875,6,58.2055,53.2127,60.6608,,,,,7,61.7367,58.4787,63.0635,,,,,,,,,17,37.1891,36.9623,37.4159,5,57.6301,55.6613,72.3512
São Tomé and Príncipe,STP,2010,6,64.4287,60.1089,68.4998,8.3909,23,50.949,47.8665,53.4603,6,57.2079,54.4414,61.9305,,,,,7,62.5462,58.5849,63.1804,4,48.9098,41.2194,49.24,,,,,17,35.4268,35.1207,35.7329,5,68.1304,63.5812,75.6964
São Tomé and Príncipe,STP,2011,6,65.5728,61.7275,69.2218,7.4943,23,52.1779,48.5582,53.7969,5,57.2109,52.7814,61.8453,,,,,7,62.6435,58.6977,63.3149,4,47.6709,40.5755,48.5707,,,,,17,40.6204,40.548,40.6928,5,66.4187,61.6271,74.0753
São Tomé and Príncipe,STP,2012,6,64.3169,60.1415,68.2594,8.1179,23,52.1843,48.4922,54.2538,5,59.1486,52.0512,60.114,,,,,7,60.1089,58.2226,63.7261,5,46.4321,39.9317,47.9014,,,,,17,37.3385,37.1185,37.5586,5,64.7071,59.673,72.4541
São Tomé and Príncipe,STP,2013,6,63.8237,60.6654,66.8464,6.181,23,52.2062,48.6352,54.0131,5,59.0086,52.0925,60.247,,,,,7,61.6105,58.3607,63.4678,6,45.0593,39.3179,47.0698,,,,,17,38.7161,38.5581,38.8742,5,62.2235,57.081,69.8621
São Tomé and Príncipe,STP,2014,6,64.2393,61.2137,67.1406,5.9269,23,49.0289,48.396,54.0409,6,58.9224,51.49,60.114,,,,,8,61.0543,58.7616,63.5387,6,44.8887,39.1617,46.7641,,,,,17,39.4018,39.2746,39.529,6,65.3191,58.023,70.9542
São Tomé and Príncipe,STP,2015,6,62.6355,58.5237,66.5177,7.994,23,50.0436,47.7961,54.3147,6,57.3604,51.2999,59.7524,,,,,8,59.8099,58.5828,63.4003,6,43.5291,38.8316,46.3519,,,,,17,39.1129,38.9727,39.2531,6,61.6938,54.8779,68.9228
São Tomé and Príncipe,STP,2016,6,63.0775,58.7515,67.1511,8.3996,23,54.0873,49.2118,54.7097,6,57.3772,51.087,60.2907,,,,,8,60.0618,58.5836,63.514,6,39.8773,34.7195,42.6244,,,,,17,39.5311,39.4097,39.6525,6,64.5738,53.4008,66.018
São Tomé and Príncipe,STP,2017,6,57.5628,52.919,61.9019,8.9829,23,53.1867,49.7325,55.5398,5,55.2607,51.8169,60.4963,,,,,8,60.9466,58.7331,63.44,6,34.4928,30.5804,38.4051,,,,,17,36.9913,36.7556,37.227,6,51.9064,47.2803,61.0354
São Tomé and Príncipe,STP,2018,6,60.1599,56.0155,64.0658,8.0503,23,50.9076,49.467,55.4263,5,61.6836,57.4227,65.9445,,,,,8,59.4888,54.1924,62.4099,6,38.4553,34.6484,41.8662,,,,,17,38.8076,38.6537,38.9616,6,48.9562,44.6763,59.6577
São Tomé and Príncipe,STP,2019,6,57.7674,52.5211,62.6287,10.1076,23,50.4168,47.5682,53.2098,6,63.8632,58.7077,69.0187,,,,,8,56.3021,52.4117,61.2493,6,36.2346,34.4663,41.3684,,,,,17,36.3529,36.0885,36.6173,6,44.0845,43.1969,57.5437
São Tomé and Príncipe,STP,2020,6,59.7973,55.4268,63.9025,8.4757,23,49.1096,48.998,54.8424,6,62.4675,52.9061,62.9091,,,,,8,62.3848,53.2572,62.8031,6,36.4967,33.7884,41.5391,,,,,15,35.4637,35.0398,35.8876,6,50.3043,38.7564,53.941
São Tomé and Príncipe,STP,2021,6,59.2103,53.965,64.0758,10.1108,23,54.6303,49.7562,55.6536,5,59.6417,53.3671,61.5149,,,,,8,60.1959,55.3171,62.238,4,33.995,29.8167,38.1732,,,,,15,37.497,37.1646,37.8294,4,49.9487,39.9796,61.7774
São Tomé and Príncipe,STP,2022,5,57.6135,54.1164,60.9352,6.8188,23,54.075,48.2609,56.1939,5,59.6576,49.6857,61.1751,,,,,7,57.2688,52.76,60.7956,4,29.8032,26.2416,33.3702,,,,,15,38.0477,37.7401,38.3553,,,,
São Tomé and Príncipe,STP,2023,5,58.6195,53.654,63.2415,9.5875,23,53.1584,48.3781,56.9396,5,58.2675,50.7528,61.2873,,,,,7,59.0419,52.4793,61.9277,4,29.8108,25.8064,34.1564,,,,,13,40.4622,40.2633,40.6612,,,,
São Tomé and Príncipe,STP,2024,5,55.889,51.2742,60.1978,8.9236,23,52.8816,48.1665,56.352,6,55.4872,52.8868,61.5117,,,,,7,58.5095,51.2942,61.6796,4,29.911,25.4784,33.6419,,,,,13,36.9992,36.6444,37.354,,,,
São Tomé and Príncipe,STP,2025,6,56.4219,52.5281,60.0969,7.5688,23,52.9468,50.6733,57.7149,6,55.4872,52.8868,61.5117,,,,,7,57.1363,51.0597,61.4486,4,26.3026,25.3042,33.8238,7,55.8173,53.5798,58.5746,13,36.2548,35.8665,36.6431,,,,
Taiwan,TWN,2009,7,87.2627,86.0302,88.4778,2.4476,23,76.0208,73.8613,78.3052,16,80.8734,77.4104,82.6993,11,66.7344,62.6279,71.3426,28,93.5613,92.4953,95.2515,9,67.1521,58.4188,72.5395,,,,,31,84.7446,80.8184,89.0319,5,71.5139,66.5452,74.9387
Taiwan,TWN,2010,6,85.2705,83.4909,87.0135,3.5226,23,75.373,73.4816,77.656,18,77.1471,75.8434,78.4838,11,65.769,64.3445,71.878,28,93.1849,91.6565,94.4993,9,60.4894,52.8884,68.5824,,,,,31,82.1733,78.1923,86.8601,,,,
Taiwan,TWN,2011,6,85.9522,84.1814,87.6869,3.5055,23,76.2907,74.3873,78.8177,18,77.4346,76.2634,78.9254,11,60.731,56.7752,67.241,28,93.6825,91.8311,94.5402,9,64.4408,51.8882,65.5544,,,,,31,82.8,78.6024,87.0152,,,,
Taiwan,TWN,2012,6,84.8855,83.064,86.6685,3.6045,23,77.0902,74.7961,78.8982,18,79.5722,76.7503,79.7343,11,64.0324,59.206,67.7988,28,92.9279,91.4159,94.289,9,59.1134,53.8802,67.9379,,,,,31,77.713,73.36,82.4492,,,,
Taiwan,TWN,2013,6,84.9925,83.1862,86.761,3.5748,23,77.5676,75.3489,79.6906,18,79.4179,78.0669,80.3042,11,69.2123,63.4924,70.9342,28,93.0489,91.3303,94.0351,9,54.5513,51.8364,67.0294,,,,,31,79.5913,75.2796,83.8221,,,,
Taiwan,TWN,2014,6,84.7365,82.8018,86.6277,3.8259,23,78.6023,75.6623,79.9661,18,79.2696,78.4411,80.4795,11,64.668,63.814,71.9569,28,92.397,90.762,93.609,10,55.6372,52.4035,65.7295,,,,,31,81.0486,77.1424,85.463,,,,
Taiwan,TWN,2015,6,86.5759,84.377,88.7196,4.3426,23,79.3145,76.5091,80.4511,18,79.0278,77.7028,80.2831,11,67.7901,62.7168,70.7504,28,91.9259,90.145,92.8923,10,61.6205,54.2869,67.3887,,,,,31,80.4634,76.5366,84.7239,,,,
Taiwan,TWN,2016,6,85.9847,83.595,88.3092,4.7142,23,79.7155,77.1584,80.8838,18,79.4931,78.7961,80.706,11,71.1944,64.9772,72.1632,28,91.4573,89.428,92.3353,8,59.4701,53.7779,67.8756,,,,,31,74.5249,70.3438,79.0404,,,,
Taiwan,TWN,2017,6,86.4596,84.8326,88.0563,3.2237,23,81.1588,79.0282,82.7151,15,77.9301,75.4939,80.772,11,69.5348,65.4583,72.2298,28,89.8881,88.7467,91.4911,9,66.7744,57.0568,70.9675,,,,,31,77.4291,73.1299,81.456,,,,
Taiwan,TWN,2018,6,84.5344,82.1386,86.864,4.7254,23,81.2247,79.2551,83.0146,15,78.8843,75.9523,81.2973,10,64.3397,62.549,84.5736,28,90.2151,88.7293,90.9607,9,57.2839,54.6404,69.271,,,,,31,78.3329,73.8909,82.7247,,,,
Taiwan,TWN,2019,6,88.6401,86.5512,90.68,4.1288,23,82.7329,80.0465,83.6542,15,79.6689,76.0883,81.7411,10,82.4227,72.3322,92.5132,28,89.8971,88.4069,90.8389,9,66.4551,53.3183,67.4825,,,,,31,79.1367,74.5599,83.2995,,,,
Taiwan,TWN,2020,6,88.3189,86.2669,90.3234,4.0565,23,83.7265,80.3598,84.3529,12,80.9018,76.5311,82.2109,10,92.3701,81.292,98.5771,28,90.9879,89.6638,92.2606,9,60.7363,51.1192,66.0763,,,,,27,72.2424,67.7823,78.6343,,,,
Taiwan,TWN,2021,6,89.4938,87.1396,91.7864,4.6468,23,83.0434,80.4512,84.4365,13,83.0514,80.8663,84.7874,10,85.7097,69.4552,91.0803,28,92.9228,92.2439,94.8693,8,61.1272,55.9495,66.7902,,,,,27,86.1149,80.907,93.2329,,,,
Taiwan,TWN,2022,6,89.3496,87.4279,91.2298,3.8019,24,81.3693,78.7487,85.1037,14,84.9028,83.9492,86.7259,10,85.3218,67.0239,87.7704,27,93.4698,91.1212,94.2299,8,62.1002,53.6817,66.8774,,,,,27,79.9152,74.4086,86.0315,,,,
Taiwan,TWN,2023,6,88.2624,86.1488,90.3257,4.1769,24,80.1292,79.0148,85.1209,14,85.7424,84.2209,87.2052,10,80.1268,67.4701,86.4531,27,92.4009,92.047,94.9558,8,57.3251,54.5399,65.9125,,,,,27,81.0605,75.4815,87.8243,,,,
Taiwan,TWN,2024,7,89.4886,87.3761,91.5513,4.1752,24,83.6129,80.044,85.466,15,85.3485,84.3578,86.6045,10,82.4348,70.7962,89.1866,27,95.5608,92.4297,95.7513,8,52.7923,46.5431,59.0415,6,65.5712,61.4941,76.8924,27,87.2171,82.249,92.5545,,,,
Taiwan,TWN,2025,7,89.7816,87.3216,92.1744,4.8528,24,83.1715,80.2789,85.962,15,85.4027,85.0598,87.1573,10,77.1355,71.6539,87.953,27,96.1936,94.5319,97.8554,8,62.0159,53.428,66.1954,6,74.0102,61.2664,77.1225,27,84.5737,80.0209,90.15,,,,
Tajikistan,TJK,2009,8,50.8868,48.368,53.3068,4.9388,27,24.7101,23.6022,27.4122,14,63.4665,60.5286,70.3882,12,61.1594,60.2478,61.983,29,60.0445,59.1565,60.6675,11,32.3992,27.994,41.4358,10,24.3987,17.252,32.3505,43,30.6306,28.7655,32.4295,7,43.3788,35.7803,47.0492
Tajikistan,TJK,2010,8,50.8162,48.6839,52.8773,4.1934,27,24.0836,23.1281,27.0666,17,62.2746,58.2211,65.4222,12,62.3224,61.4715,63.1563,29,59.9089,58.9692,60.5917,11,31.3596,27.1793,40.0823,10,27.0339,19.1464,32.9008,43,27.7739,26.2513,29.4473,8,45.0864,41.2033,47.7507
Tajikistan,TJK,2011,8,50.0468,48.2551,51.7876,3.5325,27,25.1201,22.8752,26.7995,17,61.5016,58.7009,65.4977,12,57.1008,56.2313,57.8922,29,59.7685,59.1448,60.7502,11,30.968,28.0419,40.7704,14,28.6523,23.7171,31.2098,43,29.1905,27.4685,30.988,8,43.4885,39.7064,45.8569
Tajikistan,TJK,2012,8,52.1303,50.7084,53.5206,2.8122,27,24.5448,23.1216,27.2246,17,60.1871,58.924,66.3094,12,60.1407,59.3169,60.8386,29,60.594,59.8834,61.3709,12,33.0256,29.119,36.7281,14,31.1646,26.3089,33.8557,43,36.0975,35.8216,36.3734,8,42.0762,38.7241,43.8302
Tajikistan,TJK,2013,8,57.0508,55.0799,58.9643,3.8844,27,24.3697,23.4925,27.6324,17,62.8927,60.0671,66.7135,12,66.1301,65.2484,66.9116,29,60.8527,60.0925,61.5859,12,40.3078,30.8049,44.2769,13,31.4022,26.362,34.3107,42,37.8172,37.6187,38.0157,8,51.6213,38.2556,52.1931
Tajikistan,TJK,2014,8,56.3489,54.5591,58.091,3.5319,27,22.7192,21.8047,25.8366,17,61.2054,59.3499,66.3785,12,67.0022,66.0164,67.7505,29,60.4914,59.7094,61.2179,12,40.5826,30.8308,44.6567,13,32.2312,29.908,37.708,40,38.3363,38.1612,38.5115,8,48.8295,44.616,53.0429
Tajikistan,TJK,2015,8,54.1894,52.4153,55.9156,3.5003,27,24.7421,22.3332,26.2191,17,61.0056,59.65,66.3444,12,65.0412,64.1721,65.7912,29,59.4448,58.6479,60.2453,12,38.283,33.3972,46.9014,13,30.5728,29.2166,37.3939,40,34.7576,34.4214,35.0938,8,45.5101,39.0736,46.7558
Tajikistan,TJK,2016,8,56.3565,54.846,57.8329,2.9869,27,25.075,23.2335,26.9165,17,66.6629,60.6824,67.5391,12,65.8424,64.9361,66.6311,29,60.2002,59.2307,60.8491,10,37.0878,35.2513,45.4777,14,35.5116,32.3679,39.4763,40,36.9298,36.6913,37.1682,8,44.159,37.9547,45.5332
Tajikistan,TJK,2017,8,58.0144,56.6769,59.3254,2.6485,27,22.5869,21.7403,25.0812,15,66.995,59.9649,68.009,12,66.1679,65.2162,66.8202,29,61.2588,60.5087,62.0396,11,44.9042,36.7879,45.6297,13,31.6955,25.1111,33.3549,40,45.6782,45.5229,45.8334,10,41.4432,40.1017,42.7589
Tajikistan,TJK,2018,7,55.2799,53.5764,56.9398,3.3634,27,25.6538,22.6508,26.1071,15,58.7593,58.3224,67.6943,,,,,18,59.5429,54.8331,64.3832,12,40.0622,36.7093,45.0544,13,33.5676,31.5804,38.4173,40,40.839,40.7765,40.9016,10,40.4951,39.1202,41.8492
Tajikistan,TJK,2019,8,56.2132,54.1347,58.2276,4.0929,27,24.7634,22.539,25.7764,14,61.6333,58.1502,67.0119,11,70.2348,65.4669,85.7348,28,60.4357,58.7488,61.349,13,41.1618,36.2724,44.5315,13,34.2871,31.0858,37.4717,40,40.8675,40.8063,40.9288,10,38.6507,37.038,39.833
Tajikistan,TJK,2020,8,56.5747,54.8914,58.2159,3.3245,27,21.8115,21.2566,24.4261,11,64.167,59.5425,67.4527,11,64.4442,61.1104,76.1976,27,60.2476,58.9412,61.7522,13,42.82,36.3507,44.5153,13,37.9165,35.6566,42.2167,44,42.702,42.6038,42.8001,10,38.4339,36.8536,39.6949
Tajikistan,TJK,2021,8,55.9778,53.9484,57.9459,3.9975,27,23.1421,21.6382,24.8824,12,66.43,61.1178,68.1918,11,63.5776,60.4458,77.2941,27,57.9803,57.7728,60.1699,9,43.2638,39.417,46.5151,13,41.3535,38.337,44.42,44,40.5102,40.3134,40.707,8,33.0604,26.5798,38.3281
Tajikistan,TJK,2022,8,53.2727,51.8968,54.6193,2.7225,27,23.4219,19.5414,25.0102,14,63.3516,57.6002,64.6787,11,55.3251,54.2434,62.4401,25,55.9752,53.9498,56.9328,10,45.08,40.0831,45.8913,13,44.7646,42.8808,48.6861,43,35.7229,34.0672,37.5427,10,29.8927,28.6397,31.0902
Tajikistan,TJK,2023,5,52.9744,51.0087,54.8807,3.872,27,21.931,17.954,24.0093,,,,,,,,,,,,,8,41.1761,38.8035,46.6511,7,47.112,42.671,58.174,17,40.1465,39.9333,40.3596,7,27.174,19.3786,30.784
Tajikistan,TJK,2024,5,52.6827,51.0632,54.2617,3.1985,27,20.7127,17.6459,23.7386,,,,,,,,,,,,,8,41.2455,38.7473,46.0114,8,48.6376,44.5761,54.5094,17,39.6429,39.4071,39.8787,7,25.4506,20.1018,31.8498
Tajikistan,TJK,2025,5,52.1865,50.5435,53.7875,3.244,27,24.9406,19.7414,25.8596,,,,,,,,,,,,,8,44.2574,39.4791,47.5165,8,49.2204,44.7531,53.8682,17,29.0229,28.3091,29.7366,7,25.6913,21.7671,33.171
Tanzania,TZA,2009,8,47.7792,45.6084,49.8738,4.2654,28,50.6501,47.8679,51.3864,18,52.1604,50.191,55.5207,12,49.8765,48.9915,50.7919,29,47.9,47.1858,50.0925,16,26.9915,22.7596,35.8021,7,39.0417,25.5818,40.9956,41,24.1607,22.5649,25.6792,9,41.8015,40.1447,43.2824
Tanzania,TZA,2010,8,49.171,47.3112,50.9755,3.6643,28,50.6445,48.0054,51.6069,20,53.1402,52.5069,53.7604,12,50.4594,49.5925,51.4715,29,52.7223,52.002,54.4786,17,27.394,23.3974,31.4641,7,32.2979,25.1632,41.173,41,28.6612,27.0969,30.3799,9,43.8716,42.3145,45.0976
Tanzania,TZA,2011,8,48.698,47.4256,49.9441,2.5185,28,50.6944,48.3504,51.4598,20,53.51,52.8563,54.1641,12,44.8538,43.9982,45.8123,30,54.9313,53.4437,55.246,17,23.7568,23.5005,31.0534,12,32.0837,29.4859,38.6941,41,30.7163,29.0615,32.3849,9,45.5531,44.1694,46.8929
Tanzania,TZA,2012,8,49.6053,48.2425,50.9384,2.6959,28,48.3422,47.5662,50.9927,20,54.5125,53.8766,55.0819,12,44.9516,44.0164,45.913,30,55.217,54.5943,56.591,17,25.6071,22.6621,30.8844,12,34.6335,31.6226,41.2729,41,31.2272,29.3628,33.0501,9,45.5858,44.0414,47.0578
Tanzania,TZA,2013,8,52.1659,50.9448,53.3637,2.4189,28,48.1068,47.4943,50.8727,20,54.4577,53.8277,55.0279,12,49.3255,48.4315,50.1247,30,55.5743,54.8257,56.7119,18,31.1145,27.233,34.9961,12,38.007,32.953,42.1993,41,32.7596,31.2668,34.1774,9,44.8247,43.4903,46.2993
Tanzania,TZA,2014,8,50.4794,49.1867,51.7455,2.5588,28,47.6312,46.413,50.1585,20,54.8338,54.1665,55.4635,12,48.5386,47.6118,49.397,30,55.6291,54.9567,56.5722,18,23.9763,21.4436,29.0406,12,37.6503,34.6061,44.4035,41,29.6272,28.2499,31.0569,9,46.9562,45.2933,47.8918
Tanzania,TZA,2015,8,51.2422,49.9452,52.5126,2.5674,28,47.1903,46.4009,49.9382,20,56.8791,56.2784,57.4912,12,46.574,45.6346,47.4908,29,56.8193,54.9606,57.0514,18,25.4378,21.0168,29.8158,12,41.279,36.3394,45.6883,40,30.3507,28.6154,31.8858,9,43.8421,42.8477,45.4527
Tanzania,TZA,2016,8,51.2844,49.6752,52.8529,3.1777,28,48.7805,47.0848,50.6586,20,58.1291,57.5473,58.7039,12,44.6423,43.6888,45.6072,29,56.8797,55.7699,58.0962,13,23.1894,14.4393,26.7783,12,44.2203,37.2348,46.75,40,29.1967,27.7205,30.883,9,43.6842,42.1155,44.6695
Tanzania,TZA,2017,8,51.3915,49.9732,52.7782,2.805,28,49.857,47.1332,50.5658,16,57.1935,55.5526,63.4733,12,45.2851,44.3629,46.1044,29,57.9198,56.7921,59.0153,16,20.6368,17.0466,26.1334,12,35.5415,34.0149,40.2162,40,36.9897,36.754,37.2255,9,46.5701,45.0101,47.8035
Tanzania,TZA,2018,8,51.0793,49.2496,52.8565,3.6069,28,49.8639,47.1694,50.6539,16,58.6293,55.0159,62.7267,11,42.6656,38.5552,46.757,29,59.5265,57.8145,60.0962,16,25.0087,18.2113,30.3193,12,36.9817,35.583,40.8128,40,35.2854,34.9729,35.5978,8,39.634,36.4951,43.251
Tanzania,TZA,2019,8,52.6495,50.8525,54.3965,3.544,28,46.2259,45.4321,48.9167,16,56.7174,55.9393,63.9765,11,51.1169,41.3058,51.1375,29,61.1976,60.2798,62.2407,16,24.1667,18.3195,28.8897,12,39.1027,35.4587,40.9771,40,37.3065,37.085,37.528,8,40.6745,38.14,44.1266
Tanzania,TZA,2020,8,54.0538,52.3244,55.7376,3.4132,28,47.9058,45.062,48.4139,13,61.4205,56.4615,63.7207,11,48.049,44.6456,56.856,27,63.1271,61.7597,63.8533,17,26.9039,19.22,28.1565,12,41.1192,39.3478,44.4374,43,38.5846,37.4677,39.8182,8,36.5676,32.5003,39.075
Tanzania,TZA,2021,8,54.953,53.5565,56.3199,2.7634,28,46.3598,45.628,49.225,13,62.3193,58.9906,66.2392,12,48.8202,46.2943,51.8877,27,64.5171,62.9794,65.5867,12,26.1952,22.7423,27.8691,12,46.0973,41.8731,47.3425,43,41.3748,41.2169,41.5327,8,33.0404,25.4185,34.1525
Tanzania,TZA,2022,8,55.1708,54.2148,56.1129,1.8981,29,48.2055,44.4413,48.6065,15,63.1226,60.5199,65.9043,11,51.5169,50.1213,52.4272,26,63.4836,62.7301,65.6121,12,26.5774,23.7407,28.1248,12,47.3391,45.4524,50.6086,43,41.0173,40.8433,41.1913,9,29.591,27.8659,31.2125
Tanzania,TZA,2023,8,55.1903,53.5698,56.7711,3.2013,29,47.5957,44.7973,49.5491,14,66.0056,60.3754,66.8184,11,52.8569,50.5845,53.2874,26,65.576,63.5788,66.4952,12,26.2048,22.8002,27.7892,12,40.0759,38.5475,50.0859,41,41.5318,41.381,41.6826,8,30.264,25.5443,34.9836
Tanzania,TZA,2024,8,57.1557,56.0417,58.2512,2.2095,29,47.3156,45.268,49.4672,16,64.877,63.0298,65.5941,11,55.7878,53.8527,56.5334,26,65.6758,64.9269,67.2624,13,28.5157,24.5991,29.1116,17,44.4705,43.0793,48.2952,41,43.9902,43.95,44.0304,8,31.4982,22.9723,32.2354
Tanzania,TZA,2025,8,57.2458,56.1923,58.2827,2.0904,29,48.5132,46.7004,51.036,16,64.2853,63.975,66.7717,12,54.0041,51.8295,54.7968,26,66.2776,64.1218,66.7298,13,27.792,25.0162,29.1619,17,42.4992,41.119,46.6388,41,42.8085,42.7151,42.9019,8,36.3254,29.7385,37.5334
Thailand,THA,2009,8,74.2878,73.5284,75.0399,1.5115,27,50.8864,50.443,53.0578,17,68.6791,66.0427,71.6717,12,61.0327,60.162,62.0534,30,66.9246,66.3081,67.7663,23,73.2983,69.5706,74.0577,18,56.4342,55.3316,57.5693,51,48.7216,47.9759,49.5689,9,68.794,66.2767,72.7227
Thailand,THA,2010,8,73.5849,73.1451,74.0221,0.877,27,50.2623,49.775,52.5619,20,70.1867,69.5719,70.718,12,60.7945,59.8496,61.6836,30,67.993,67.2972,68.795,23,64.5303,63.6981,67.7737,18,59.4051,58.3129,60.6099,51,50.1191,49.2511,51.0283,10,66.4316,65.1595,67.3798
Thailand,THA,2011,8,73.4357,72.9815,73.8872,0.9057,27,51.0532,49.0814,51.7327,20,70.0192,69.4177,70.5334,12,58.026,57.1149,58.9406,30,68.282,67.7423,69.1751,23,63.8047,62.1548,66.54,18,60.5142,59.4109,61.672,51,51.7329,50.9207,52.5736,10,65.2971,64.0188,66.3054
Thailand,THA,2012,8,73.5006,73.0423,73.9562,0.9139,27,51.1079,48.892,52.1197,20,69.3514,68.7446,69.8976,12,58.557,57.6656,59.4722,30,68.8491,68.1314,69.7314,23,63.0124,61.7663,66.118,18,62.2488,61.1765,63.3414,51,52.8026,51.9403,53.7116,10,63.6357,62.2338,64.5898
Thailand,THA,2013,8,73.2491,72.6707,73.8232,1.1525,27,51.616,49.5569,52.7309,20,68.2943,67.6907,68.8424,12,59.3889,58.4748,60.3314,30,68.7197,67.9624,69.4368,24,63.4057,62.3762,66.2792,18,63.7787,62.6948,64.8878,51,50.2421,49.4353,51.078,8,62.5356,61.394,67.3647
Thailand,THA,2014,8,74.6246,74.1955,75.0513,0.8558,27,50.8953,48.5777,51.6411,20,68.641,68.0367,69.1623,12,59.6818,58.7446,60.7202,30,69.0049,68.3216,69.9319,24,64.1588,61.4303,65.425,18,65.6164,64.5078,66.7872,51,54.9957,54.1901,55.903,10,65.2993,64.2211,66.2745
Thailand,THA,2015,8,74.3153,73.8546,74.7733,0.9187,27,47.0521,44.3806,47.8932,20,68.3838,67.767,68.901,12,60.1997,59.2742,61.1912,30,68.3919,67.8049,69.2998,24,64.7128,62.4748,66.7685,18,66.4703,65.3785,67.6528,51,54.7923,53.9119,55.7263,10,65.1304,64.087,66.2349
Thailand,THA,2016,8,75.1653,74.6988,75.6289,0.9301,27,46.3587,44.2485,47.7172,20,68.8443,68.2515,69.3928,12,58.6238,57.4926,59.5594,31,67.9419,67.2097,68.6775,24,71.4121,69.3896,73.9692,18,68.7223,67.6613,69.8709,51,53.8348,53.036,54.7292,10,65.0992,63.8751,66.05
Thailand,THA,2017,8,74.701,73.9173,75.4769,1.5596,27,47.436,43.9784,48.0798,16,67.3286,64.5069,70.923,12,55.6344,54.6844,56.7006,31,67.6222,66.9423,68.39,25,69.1184,67.5728,70.8461,17,70.3755,69.1794,71.8799,51,55.8441,54.9441,56.8569,9,64.4984,59.8533,66.3324
Thailand,THA,2018,8,74.5779,73.7154,75.4308,1.7154,27,46.8842,43.4599,47.5514,16,66.8801,63.8824,70.1516,11,52.2925,48.9259,58.103,31,71.3356,70.2704,71.9638,25,71.5439,69.9126,73.4142,17,70.8515,69.663,72.2105,51,56.0932,55.0949,57.1419,10,60.288,59.2465,61.5491
Thailand,THA,2019,8,74.0065,73.2407,74.7648,1.5241,27,46.7985,44.0194,47.7228,16,64.5005,63.1931,70.3616,12,53.222,49.1572,54.974,31,72.1474,71.0775,72.6828,25,67.5821,66.0624,69.5256,17,70.9499,69.847,72.3902,51,58.3319,57.4626,59.3121,10,59.1184,57.9575,60.3147
Thailand,THA,2020,8,74.1944,73.2436,75.1337,1.8901,27,46.7867,44.6084,48.3557,13,60.3691,59.9089,69.762,12,55.1841,49.819,55.5862,31,72.1677,71.0998,72.7231,25,69.6185,67.9722,71.5519,17,74.4622,73.3935,75.8957,45,57.2256,55.7494,58.6598,10,59.0217,57.9456,60.1828
Thailand,THA,2021,8,74.4267,73.6665,75.1796,1.5131,27,45.8048,44.2552,47.825,14,67.7627,65.2203,70.5489,12,54.1152,49.8876,56.1364,31,71.8399,70.7656,72.3703,17,63.5624,62.2295,64.9297,17,75.4754,74.4527,76.8193,45,58.6224,57.1635,59.8652,9,58.4008,57.4338,63.4775
Thailand,THA,2022,8,73.4977,72.8726,74.1177,1.2451,29,46.7246,45.2364,49.732,15,65.655,63.8459,68.9218,11,52.2539,50.045,52.8472,30,68.4226,67.4239,69.9396,17,62.9399,61.6024,64.3786,17,77.0917,76.0145,78.4038,45,54.3834,53.0551,55.6304,10,61.5146,60.5087,62.5164
Thailand,THA,2023,8,73.322,72.4643,74.1701,1.7058,29,49.5726,46.5754,50.8659,15,66.7716,62.4854,67.5413,11,50.3818,48.3355,50.8775,30,67.7271,66.5598,68.8387,17,61.7993,60.443,63.184,18,78.8233,75.1135,83.6322,44,51.7859,50.3865,53.2242,9,61.1739,57.8077,62.4722
Thailand,THA,2024,8,72.6425,72.0608,73.2197,1.1589,29,51.9681,48.9488,53.2366,17,64.8762,64.0615,65.3135,11,52.6381,50.4295,53.2004,30,67.4902,65.8642,68.1253,17,61.493,60.2335,62.72,21,74.6402,72.3485,76.2699,44,50.8002,50.534,51.0665,9,60.1405,57.7661,62.8774
Thailand,THA,2025,8,72.1051,71.5598,72.6464,1.0866,29,54.0102,51.1856,55.294,17,64.9765,63.6781,65.4492,12,51.4425,49.4802,52.2153,30,65.5505,63.9689,66.2236,17,60.4474,59.1444,61.7154,21,74.4492,72.3465,76.0087,44,46.5195,46.4458,46.5931,9,62.9152,60.3704,64.6573
Timor-Leste,TLS,2009,7,46.6574,44.4019,48.8296,4.4277,26,40.9967,37.9598,42.105,9,60.0216,56.1222,63.921,10,46.3607,45.059,47.2059,16,53.6905,44.0787,54.1272,9,29.2633,26.8985,39.3126,4,34.7078,33.3779,43.4052,38,12.0129,10.1919,13.7855,,,,
Timor-Leste,TLS,2010,7,45.7733,43.6276,47.8428,4.2152,26,39.6647,37.231,41.4185,11,58.9662,56.4042,62.8071,10,44.3308,43.37,45.6378,16,48.3039,45.592,54.588,9,28.1349,26.8723,39.0335,4,39.5457,35.8819,45.0702,38,14.2306,12.2024,16.369,,,,
Timor-Leste,TLS,2011,8,48.8391,45.4253,52.0701,6.6448,26,40.3402,36.751,41.2545,11,60.3092,57.6939,63.6908,10,44.9198,43.8608,46.0823,16,52.6854,45.0704,53.7336,9,31.2725,28.0505,39.314,4,39.7431,35.6428,44.776,38,19.188,17.1479,21.3,4,44.0138,30.273,57.7545
Timor-Leste,TLS,2012,8,49.1807,45.8445,52.3429,6.4984,26,37.5905,37.3059,41.6036,12,57.4243,56.6636,63.4132,10,44.988,43.9448,46.0609,16,50.5888,46.8982,56.3826,10,34.0131,28.3001,37.549,6,41.3329,36.7795,45.8863,36,20.1321,18.0637,22.2611,5,47.9648,34.3569,61.5727
Timor-Leste,TLS,2013,8,53.4912,50.3853,56.4522,6.0669,26,40.1131,38.0262,42.1474,12,63.2287,57.3304,63.4596,10,51.059,50.0123,52.0112,16,55.0869,46.2927,55.5195,10,30.8493,28.2403,37.4696,6,44.2447,42.1638,50.773,36,21.5127,19.519,23.4043,5,51.4253,47.6172,73.8831
Timor-Leste,TLS,2014,8,49.5473,46.2277,52.6951,6.4674,26,39.3645,37.7033,42.0297,12,61.0283,57.5181,64.3282,10,51.0278,49.8447,51.8177,16,52.4859,47.9338,56.3662,10,31.9595,28.7238,37.5811,6,43.9487,40.8581,50.3836,36,18.021,15.831,20.289,6,38.8866,25.3163,52.4569
Timor-Leste,TLS,2015,8,52.7519,49.7119,55.6519,5.94,26,40.1892,35.9999,40.5362,12,59.2526,57.4075,63.2472,10,49.4993,48.1325,50.191,16,50.7306,48.411,56.6022,10,35.0067,29.1187,37.4733,6,46.8828,41.0674,50.1841,36,19.881,17.6742,21.9538,6,52.571,44.6098,70.8112
Timor-Leste,TLS,2016,8,55.4956,52.589,58.2774,5.6884,25,41.8836,38.6341,42.7034,6,48.671,48.4085,59.8492,10,49.5532,48.5852,50.7636,16,53.9746,47.6586,57.0536,4,34.6072,32.3195,37.7025,6,49.7722,41.5838,50.1142,14,26.5783,25.8741,27.2826,6,66.2554,43.0536,68.3158
Timor-Leste,TLS,2017,8,53.283,50.5619,55.8919,5.33,25,41.0388,39.1298,43.6546,5,51.1067,47.9281,58.5869,10,50.0815,49.0822,51.2388,16,53.0478,47.9228,57.1913,4,17.0253,14.846,25.9178,5,52.6732,40.9184,52.7488,14,26.9022,26.2126,27.5919,4,67.4218,58.7757,76.0679
Timor-Leste,TLS,2018,5,53.3527,51.5128,55.1406,3.6278,25,41.8572,39.0948,43.7585,4,46.6729,46.1454,56.6632,,,,,11,55.7905,47.3105,56.6021,4,18.2456,15.4452,26.8557,,,,,14,28.4991,27.8812,29.1169,,,,
Timor-Leste,TLS,2019,5,53.0368,51.1385,54.8798,3.7413,25,44.1721,39.8196,44.6488,4,48.279,46.5206,57.1518,,,,,11,51.9688,47.064,56.4755,4,19.466,16.0444,27.7936,,,,,14,26.8749,26.1839,27.5658,,,,
Timor-Leste,TLS,2020,5,53.7995,51.974,55.5741,3.6001,25,44.5534,42.3336,46.5725,4,49.8852,46.8959,57.6404,,,,,11,54.739,50.0817,58.3104,4,20.6864,16.6437,28.7315,,,,,15,25.4584,24.9236,25.9932,,,,
Timor-Leste,TLS,2021,5,54.2463,52.4207,56.0213,3.6006,25,45.1264,41.8517,45.9358,4,51.4913,47.2712,58.1291,,,,,11,55.6198,47.3764,57.3407,7,22.1317,19.8018,30.4403,,,,,15,24.0018,23.4015,24.6022,,,,
Timor-Leste,TLS,2022,5,54.2541,52.4243,56.0331,3.6088,25,48.7894,44.9249,51.3843,5,53.0975,47.6464,58.6177,,,,,11,52.1086,48.5437,58.1597,7,23.9701,20.4581,31.4675,,,,,15,22.1673,21.4844,22.8502,,,,
Timor-Leste,TLS,2023,5,56.1722,54.3665,57.9292,3.5627,25,48.8914,44.4561,50.9944,5,54.7036,48.0217,59.1063,,,,,11,56.3035,48.5651,57.6854,7,25.9946,20.7432,31.8102,,,,,15,25.6491,25.1229,26.1753,,,,
Timor-Leste,TLS,2024,6,55.7982,53.9505,57.5949,3.6444,26,49.1407,44.254,49.6841,6,57.9159,48.7722,60.0835,,,,,11,55.6155,49.0393,57.4109,7,25.0509,21.3614,32.6994,5,46.1837,43.3767,49.6727,15,21.9729,21.2813,22.6646,,,,
Timor-Leste,TLS,2025,6,57.2641,55.3473,59.1267,3.7794,26,45.532,44.3839,50.2355,6,57.9159,48.7722,60.0835,,,,,11,56.4148,48.8992,57.9053,7,29.6713,22.0559,33.8647,5,46.4733,42.664,49.4294,15,27.6353,27.1985,28.0722,,,,
Togo,TGO,2009,7,50.213,46.0668,54.0964,8.0296,27,30.8714,28.9679,31.9406,7,57.23,49.131,58.4574,,,,,9,52.3898,49.7331,58.6212,8,33.7018,29.0651,40.0067,8,39.4379,32.3179,43.0207,17,36.9226,36.6838,37.1614,9,41.4962,41.07,49.6131
Togo,TGO,2010,7,49.4452,45.522,53.1303,7.6083,27,30.6447,29.229,32.2174,7,52.3353,48.4899,59.1,,,,,10,47.5845,47.0107,58.9719,8,36.2292,28.3054,38.6417,9,42.109,31.1389,43.1795,17,37.4971,37.2842,37.7101,9,47.6236,44.366,51.3625
Togo,TGO,2011,7,51.7438,47.6447,55.5897,7.945,27,34.027,32.777,35.2771,8,53.9258,51.6477,60.1483,,,,,11,56.3834,50.3111,58.4351,9,37.0795,33.2696,43.5604,9,35.7603,30.0783,42.3818,17,33.6734,33.2884,34.0584,9,46.8159,44.2786,52.5281
Togo,TGO,2012,7,55.395,51.3666,59.1873,7.8207,27,34.1761,31.5935,34.5812,8,58.193,50.7421,59.6597,,,,,11,55.9343,50.6291,59.0386,9,41.7406,33.2126,43.2416,9,41.206,30.7476,44.4368,17,37.8479,37.6508,38.0451,9,48.9248,43.8237,52.0455
Togo,TGO,2013,7,52.0645,47.8525,56.0105,8.158,27,33.1308,31.7224,34.3635,8,57.273,53.4283,61.3643,,,,,11,55.5562,50.8484,58.7935,10,35.4696,33.5688,43.8339,9,35.4761,31.6528,43.9382,17,38.8157,38.6621,38.9693,8,47.849,36.7307,49.9202
Togo,TGO,2014,7,48.9345,43.2577,54.123,10.8653,27,32.5617,31.4896,34.5803,8,56.1474,52.3447,59.8727,,,,,11,54.0834,50.9717,59.4018,10,31.3583,31.207,40.3373,9,29.6012,23.6709,35.5314,17,38.154,37.9707,38.3374,9,39.2955,33.5529,45.038
Togo,TGO,2015,7,50.0337,46.4036,53.4604,7.0568,27,33.2135,32.0317,35.6225,8,54.3829,52.0782,60.5094,,,,,11,56.7029,52.1268,59.2093,12,33.0372,31.0443,38.4302,9,38.7753,29.1295,42.2364,17,37.6449,37.4386,37.8511,9,37.539,36.8842,49.8187
Togo,TGO,2016,7,51.3037,47.0381,55.2946,8.2565,27,33.3436,32.7332,36.061,8,56.7158,52.9348,61.0513,,,,,11,53.8386,51.6427,59.8623,9,32.6167,28.8596,35.7576,9,37.3029,30.1744,42.8971,16,36.0672,35.7899,36.3445,9,45.5618,37.0836,49.297
Togo,TGO,2017,7,55.6306,51.4544,59.5541,8.0997,27,34.7024,33.9282,36.9031,6,60.976,52.7718,61.3026,,,,,11,57.0912,52.0763,59.4767,9,31.3514,29.3136,36.1299,9,49.531,32.9782,54.6024,16,41.1508,41.1023,41.1993,9,47.4919,44.352,49.8559
Togo,TGO,2018,7,55.0184,51.1462,58.6713,7.5251,27,34.8087,33.7848,37.1959,6,57.8717,53.4281,61.6858,,,,,10,57.4548,53.737,62.1956,8,33.0784,29.6554,37.5302,9,51.1989,32.8997,53.5807,16,39.5063,39.3838,39.6288,9,44.3685,38.5784,44.5429
Togo,TGO,2019,7,53.9722,49.9575,57.749,7.7915,27,35.1911,34.6083,37.6618,6,56.9064,53.2142,61.903,,,,,10,59.1382,53.2836,61.8657,8,31.9918,29.6768,36.4451,9,49.8203,35.6718,54.2586,16,37.6783,37.4735,37.883,9,41.3881,36.8845,43.236
Togo,TGO,2020,7,52.2874,48.9912,55.4188,6.4276,27,34.9241,33.9999,37.6808,6,59.2604,54.2818,61.9808,,,,,11,56.6597,54.8787,63.6942,8,33.4091,30.9062,37.2365,9,46.1408,32.8399,55.5409,16,39.6445,39.4087,39.8803,9,33.6858,33.4712,39.5906
Togo,TGO,2021,7,53.349,49.4663,57.0075,7.5412,27,38.5181,36.0235,39.2042,6,60.8776,56.1528,63.2653,,,,,11,57.9971,55.5642,64.341,5,31.0905,26.8921,33.7355,9,50.5137,33.3684,53.5977,16,40.4117,40.2104,40.6129,8,29.532,28.9122,36.9677
Togo,TGO,2022,7,51.6998,46.5042,56.4949,9.9907,28,37.1811,35.2445,39.6678,7,55.8678,55.1293,64.0223,,,,,9,59.5702,56.3001,63.914,5,28.8209,27.3037,33.8778,9,47.5727,32.9915,53.4099,15,41.2799,41.1177,41.442,8,29.8927,28.2092,37.1945
Togo,TGO,2023,7,53.6301,49.5753,57.4417,7.8664,28,36.2377,34.9712,39.9905,6,61.06,55.7984,63.7858,,,,,9,60.7043,53.9877,63.8809,5,27.7014,24.7606,32.4689,9,49.9598,42.4262,57.6256,14,42.7792,42.6845,42.8739,7,31.3859,26.8105,37.3741
Togo,TGO,2024,7,53.4697,48.6312,57.9651,9.3339,28,36.5887,34.6886,39.7095,7,64.2246,56.5148,64.4126,,,,,9,61.2147,55.1803,64.5698,5,27.1464,25.1253,33.1194,9,46.3291,41.3092,55.5846,14,38.3981,38.1063,38.69,7,35.0293,27.2356,38.8093
Togo,TGO,2025,7,52.6043,48.3081,56.6256,8.3175,28,36.8175,35.3786,40.5592,7,56.9582,56.1111,63.579,,,,,9,61.2886,55.7621,63.7903,5,30.8868,26.0961,32.8903,9,46.2152,39.8274,53.6816,14,37.5781,37.2494,37.9069,7,33.9956,29.1355,38.8558
Trinidad and Tobago,TTO,2009,8,69.5399,68.3331,70.7274,2.3943,26,62.4191,60.5611,63.872,17,76.0264,72.3286,79.7241,12,51.1506,50.151,52.1707,30,63.3765,62.6641,64.1948,16,59.9014,56.8945,65.4291,13,54.7132,49.9686,57.9726,47,33.575,32.3402,34.8446,8,59.9671,56.8844,64.6041
Trinidad and Tobago,TTO,2010,8,69.1238,68.0616,70.1709,2.1093,26,60.8682,60.4132,63.486,19,73.7805,69.3218,73.887,12,51.622,50.6011,52.5757,30,61.9735,61.1516,62.9494,19,57.9301,55.5493,61.2707,14,56.0451,51.087,59.6834,47,34.2217,33.0997,35.5023,8,62.0145,55.6917,63.7374
Trinidad and Tobago,TTO,2011,8,67.2232,66.1574,68.2736,2.1162,26,62.674,60.8894,64.0128,19,69.8813,68.2746,72.7949,12,50.0115,48.981,50.9429,30,62.486,61.7318,63.4993,17,49.6427,46.0182,53.2672,14,55.2774,49.7501,57.7244,47,34.7103,33.6324,35.7561,8,61.8683,55.0492,62.1881
Trinidad and Tobago,TTO,2012,8,65.5728,64.485,66.6444,2.1594,26,62.9814,61.2339,64.1424,19,68.751,66.8997,71.7484,12,49.651,48.6308,50.6184,30,64.8281,63.8804,65.5697,18,44.9005,43.2079,48.7227,13,51.7619,50.1386,58.3577,47,37.3137,37.0926,37.5349,8,55.7299,53.3042,61.366
Trinidad and Tobago,TTO,2013,8,64.8895,63.2491,66.4928,3.2437,26,62.8021,61.5403,64.6616,19,68.8228,65.5693,69.658,12,49.5328,48.5431,50.4387,31,64.2542,63.4988,65.0374,19,41.7553,40.2204,45.3112,15,52.5488,50.2972,56.2304,47,35.434,34.2334,36.5892,5,56.242,50.0372,68.4245
Trinidad and Tobago,TTO,2014,8,64.8605,63.6506,66.0501,2.3995,26,63.654,61.6775,64.7523,19,67.4053,65.6438,70.1835,12,52.4683,51.618,53.3276,31,64.5163,63.7522,65.3162,19,38.5089,37.2948,42.5824,15,52.6314,50.93,56.33,47,36.2983,35.0081,37.5771,7,56.6709,54.4776,66.1213
Trinidad and Tobago,TTO,2015,8,65.6947,64.6823,66.693,2.0107,26,63.5092,62.1967,64.9779,18,67.7994,65.3705,69.841,12,51.5728,50.6273,52.5324,31,64.339,63.6313,65.1401,21,37.3129,36.0826,39.854,15,55.5993,51.4254,56.3743,47,37.2757,37.0529,37.4986,7,60.2097,55.2876,65.4533
Trinidad and Tobago,TTO,2016,8,64.5727,63.4347,65.6929,2.2582,26,64.002,62.8948,65.6611,18,66.0456,63.892,68.3669,12,49.4274,48.5164,50.2686,31,64.0006,63.2509,64.7858,17,37.6435,33.5416,40.928,16,57.4494,55.6709,58.9025,41,34.5211,34.1742,34.8679,7,57.217,55.0519,65.7487
Trinidad and Tobago,TTO,2017,8,64.1573,62.7395,65.5472,2.8077,26,64.4977,62.8869,65.7391,15,62.4881,59.1155,66.263,12,48.2807,47.41,49.172,31,63.6086,62.8604,64.3305,20,39.1102,38.1607,44.5203,15,57.8439,55.257,58.7111,41,38.5483,38.3826,38.7139,7,54.1214,51.3714,65.4007
Trinidad and Tobago,TTO,2018,8,64.0421,62.5647,65.4892,2.9245,26,65.0435,63.5471,66.4542,15,63.7655,59.3085,65.9062,11,44.6177,39.8213,48.6929,30,63.3488,62.3355,64.5068,19,42.1792,39.2153,45.1835,15,58.7508,56.2353,59.546,41,41.2754,41.2325,41.3183,7,48.5972,41.9266,55.2677
Trinidad and Tobago,TTO,2019,8,64.7866,63.6022,65.9517,2.3495,26,65.0429,63.4125,66.2986,16,64.2073,58.64,64.9043,11,41.9069,38.6355,47.2329,31,64.1435,62.88,64.8145,20,42.9898,40.4712,45.6839,15,57.4944,56.3227,59.4353,41,40.1788,40.0866,40.271,8,55.6308,51.0531,59.0296
Trinidad and Tobago,TTO,2020,8,62.7081,61.5703,63.8276,2.2573,26,64.876,63.3521,65.9898,13,61.1341,57.7437,64.4109,12,39.5005,35.7712,42.2724,31,62.0459,60.8919,62.8456,20,40.2008,38.7401,43.1381,15,61.3691,60.0866,63.5563,41,36.4448,35.0517,37.9142,8,52.9491,50.1863,58.3351
Trinidad and Tobago,TTO,2021,8,63.2107,61.9169,64.4811,2.5642,26,64.9423,63.436,66.1703,13,62.4894,57.8472,64.6722,12,41.6029,35.9888,42.2858,31,61.5796,60.4433,62.44,12,40.0711,37.1536,40.8743,15,62.5283,60.979,63.7342,40,37.7434,37.4221,38.0647,7,51.1018,50.5186,62.1504
Trinidad and Tobago,TTO,2022,8,61.794,60.6056,62.9623,2.3567,27,64.369,62.0434,65.9608,14,58.6771,56.7107,63.161,12,41.6879,38.9781,42.2006,27,58.647,57.5077,62.5329,13,38.3062,36.131,40.3896,15,65.1516,63.4384,66.2943,40,34.5149,32.8223,36.1995,8,52.2783,48.4143,57.6092
Trinidad and Tobago,TTO,2023,8,59.3841,57.8924,60.8435,2.9511,27,63.8078,62.1438,65.9377,15,57.0758,54.2159,59.9357,12,38.5685,36.0565,39.1579,27,57.4554,55.0225,60.1344,12,36.6379,34.6007,39.3106,16,63.5665,60.033,69.6049,39,30.7809,29.0928,32.5583,7,50.4465,47.4899,57.579
Trinidad and Tobago,TTO,2024,8,60.4945,59.0815,61.8789,2.7974,27,63.2408,61.5334,65.4528,16,58.764,56.4624,61.935,12,37.4616,35.2872,38.4365,27,57.0852,53.6362,59.1014,12,38.1523,35.4817,39.7028,16,65.0112,60.239,69.1236,39,31.3045,29.6056,33.0642,7,53.5636,47.9883,58.0279
Trinidad and Tobago,TTO,2025,8,59.7915,58.3169,61.2346,2.9177,27,64.7012,62.354,66.2528,16,58.7792,56.0968,61.4305,12,35.8098,34.7124,38.1094,27,54.4276,53.2709,58.8981,12,39.3354,34.8187,39.6365,16,64.3583,60.9361,69.8147,39,30.7233,28.9801,32.583,7,52.4731,47.4792,57.7864
Tunisia,TUN,2009,8,66.7223,65.4681,67.9552,2.4871,28,40.2879,39.1341,41.3692,18,59.9065,57.5647,63.5028,12,78.2067,77.1776,79.1585,29,65.4823,64.3066,67.005,18,55.4394,47.42,57.5305,10,42.9522,38.051,47.8534,47,53.4954,52.2792,54.6078,10,47.2683,45.0663,48.4865
Tunisia,TUN,2010,8,66.0882,65.0765,67.0858,2.0093,28,41.0963,40.0328,42.1961,20,58.9662,58.3737,59.5957,12,75.0866,74.1015,75.9677,30,64.6445,63.9459,66.4773,18,46.7968,43.1228,51.1748,10,51.1929,46.8206,56.4253,47,52.6416,51.3413,53.9004,10,48.986,47.0559,50.119
Tunisia,TUN,2011,8,67.1902,66.2466,68.1216,1.875,28,42.7474,41.8167,43.9224,20,59.7946,59.1869,60.3201,12,70.3326,69.4487,71.2846,31,64.677,63.8952,65.5947,19,47.2258,43.4692,50.6065,10,52.8519,48.1062,57.6582,47,56.4461,55.2407,57.6593,10,52.7284,51.3291,53.5381
Tunisia,TUN,2012,8,64.7422,63.8823,65.5918,1.7095,28,49.4081,48.4121,50.8243,20,59.0328,58.4515,59.5665,12,64.4379,63.5929,65.3643,31,63.2661,62.5286,64.1306,20,42.8532,40.8732,45.5581,10,48.3432,47.0736,56.5819,47,51.7825,50.5058,52.9886,10,52.2863,50.8817,53.1327
Tunisia,TUN,2013,8,65.1744,63.9592,66.3694,2.4102,28,52.405,51.2056,53.4331,20,57.8344,57.255,58.3678,12,61.4077,60.5685,62.3051,31,62.9453,62.2119,63.8451,20,42.7759,39.9472,45.279,10,55.8619,46.8952,56.3265,47,51.0508,49.9725,52.0552,8,50.8727,46.8163,57.687
Tunisia,TUN,2014,8,60.0521,59.0262,61.0626,2.0364,28,52.9838,51.7045,53.9495,20,56.0286,55.4305,56.5577,12,54.1049,53.2539,55.0421,31,60.3233,59.6067,61.1513,20,41.8615,39.7073,44.0158,10,41.8921,36.1278,47.6564,46,40.8671,40.8058,40.9284,10,52.9222,51.8466,54.0738
Tunisia,TUN,2015,8,58.4072,57.4276,59.3727,1.9451,28,53.7767,53.0328,55.2756,20,55.5763,54.966,56.106,12,52.0419,51.1946,52.9463,31,59.6636,58.9092,60.5738,20,36.872,35.3413,39.5331,10,47.5719,43.3708,53.4593,46,36.2854,35.0957,37.3266,10,49.5025,48.2703,50.7152
Tunisia,TUN,2016,8,55.4596,54.157,56.7367,2.5797,28,56.7678,55.337,57.8002,20,54.9622,54.3681,55.5197,12,43.8924,42.9946,44.9442,31,58.1282,57.4373,59.0328,15,34.8575,31.5605,39.1922,10,46.4622,42.227,54.322,46,32.3169,31.1739,33.3293,10,46.5206,45.2486,47.8383
Tunisia,TUN,2017,8,55.9967,54.5297,57.4314,2.9017,28,58.1388,56.9236,59.1253,16,54.8161,49.8314,56.5976,12,38.9211,37.9193,40.0446,31,57.5252,56.8,58.4903,16,37.1456,33.8991,40.2427,8,46.7995,45.1612,57.9228,39,33.9993,33.6289,34.3696,10,49.4454,48.0407,50.5852
Tunisia,TUN,2018,8,57.855,56.1128,59.5526,3.4398,28,59.5021,58.043,60.3592,15,57.7048,50.7982,57.9621,11,38.7901,31.3911,41.2011,31,58.3739,57.1858,59.0634,17,35.0734,33.9305,40.4846,8,52.6599,45.2561,59.0239,39,36.8197,36.5763,37.0631,9,49.1297,45.8219,51.8086
Tunisia,TUN,2019,8,59.0536,57.4262,60.6426,3.2164,28,60.6735,59.4074,61.846,15,53.611,51.0704,57.8914,11,37.8942,32.6784,43.027,31,60.7299,59.6414,61.4212,19,38.5545,35.1741,40.8232,8,55.3522,47.4984,59.9133,39,40.1175,40.0225,40.2125,9,49.0766,44.4941,50.7789
Tunisia,TUN,2020,8,57.3475,55.5408,59.1061,3.5653,28,60.7004,59.602,62.0753,12,52.3259,49.3099,57.1175,11,34.4356,31.2793,43.2228,31,59.0352,57.828,59.7577,19,39.803,36.0808,41.4797,8,51.5885,47.385,60.0295,40,40.4178,38.9574,41.9677,9,47.3426,42.8891,49.3741
Tunisia,TUN,2021,8,59.0242,57.1763,60.8226,3.6463,28,61.0119,59.8409,62.3609,13,54.1575,49.1352,56.2852,11,41.9083,32.0411,43.3573,30,57.2493,56.3563,58.877,15,41.372,38.763,42.0186,8,56.3063,49.4713,61.6825,39,40.47,38.8837,42.0994,8,44.2569,40.1111,51.5348
Tunisia,TUN,2022,8,57.6858,56.1049,59.2299,3.125,28,53.877,50.6775,55.4157,14,50.0059,48.0076,54.6734,11,35.6567,33.3894,39.3129,29,56.9233,54.2084,57.8365,15,41.6165,38.92,42.4667,8,60.049,51.0448,63.2639,39,40.5949,39.219,42.2888,9,48.061,44.0477,52.3162
Tunisia,TUN,2023,8,52.6356,50.7564,54.4603,3.7039,28,45.8152,44.1604,49.4236,15,46.6163,41.3488,48.3883,11,35.4267,32.9223,38.6805,29,53.9525,51.6897,54.8429,16,40.0116,38.0986,40.9624,10,60.4487,53.3882,67.6753,38,39.6919,37.9564,41.5468,9,35.1086,27.3407,36.8397
Tunisia,TUN,2024,8,54.4227,53.1096,55.7094,2.5998,28,45.0826,41.8307,47.0281,17,50.7034,49.9312,51.3213,11,36.7863,34.1613,40.4487,29,53.0018,50.9049,54.2942,16,40.9923,39.2381,41.6072,13,60.9498,57.4803,66.7124,38,40.637,38.8111,42.3214,9,38.2647,32.4639,39.6335
Tunisia,TUN,2025,8,56.1456,55.005,57.2667,2.2617,28,42.4258,40.2687,45.6428,17,51.4714,50.7934,52.0386,11,33.9135,31.7999,37.7628,29,52.5779,50.7202,54.1094,16,38.9864,37.5191,40.2632,13,70.145,66.0706,74.2194,38,40.1429,38.5059,41.9083,9,45.6572,41.1952,46.9557
Turkey,TUR,2009,8,67.3746,66.1212,68.6067,2.4855,28,57.047,55.8994,58.2422,18,68.8333,63.9832,69.7306,12,46.6896,45.6952,47.8097,31,66.2282,65.4616,67.0097,19,54.7703,47.4501,62.0904,18,48.9469,47.7157,49.9253,50,41.4786,41.4449,41.5124,10,61.5969,60.4616,62.4048
Turkey,TUR,2010,8,65.9895,64.8188,67.1414,2.3226,28,55.8364,54.5911,56.8425,20,66.222,65.5616,66.7337,12,48.3572,47.4149,49.2149,31,66.5717,65.8666,67.2826,19,42.1262,41.6494,55.8603,18,51.9767,50.8953,52.925,50,44.9736,44.8501,45.0971,10,61.3726,60.1659,62.2907
Turkey,TUR,2011,8,65.9027,64.8182,66.971,2.1528,28,52.7898,51.6012,53.8884,20,66.0192,65.4114,66.5771,12,42.852,41.8302,43.8449,31,66.7521,66.0269,67.4995,21,42.4345,34.5631,47.6556,18,54.4823,53.3942,55.507,50,48.5768,47.6424,49.4685,10,61.8643,60.6366,62.6703
Turkey,TUR,2012,8,65.203,64.0895,66.2994,2.2099,28,50.4799,49.4979,51.7197,20,65.815,65.2011,66.3135,12,41.7851,40.7657,42.8154,31,66.793,66.0774,67.6241,21,36.9362,35.9357,49.2894,18,56.178,55.0469,57.2446,50,51.4155,50.4946,52.321,10,61.5616,60.2583,62.2988
Turkey,TUR,2013,8,67.9763,66.9604,68.9783,2.0179,28,50.0759,48.6498,50.9175,20,66.2071,65.5587,66.7073,12,47.1217,46.1145,48.0027,31,66.7349,66.0473,67.5498,22,46.1089,40.3302,52.2328,18,57.5556,56.4577,58.5896,50,55.465,54.5384,56.4219,8,60.8315,59.1636,64.3795
Turkey,TUR,2014,8,67.9576,66.8681,69.0311,2.163,28,46.5789,45.1552,47.4811,20,66.4767,65.8523,66.977,12,46.6379,45.792,47.4752,31,66.9732,66.1917,67.7718,22,45.3514,41.953,55.5303,18,60.0036,58.8607,61.1038,50,56.8982,55.9634,57.9367,10,60.2791,59.4563,61.2535
Turkey,TUR,2015,8,68.0975,66.9997,69.1792,2.1795,28,43.7009,42.7611,45.0399,20,65.8803,65.2681,66.4098,12,44.2716,43.3309,45.0598,31,65.9117,65.1156,66.6981,22,53.202,42.9197,56.87,18,59.9254,58.8385,60.9136,50,56.8237,55.9376,57.7879,10,59.275,58.4414,60.2472
Turkey,TUR,2016,8,66.5589,65.9686,67.1443,1.1757,28,41.6735,40.7444,42.9962,20,64.6883,64.0494,65.1512,12,38.6148,37.6102,39.6157,31,64.3311,63.5828,65.1113,20,53.8427,50.1025,56.2773,18,62.2607,61.1904,63.3259,50,53.2987,52.3993,54.2052,10,58.7376,57.8608,59.7086
Turkey,TUR,2017,8,64.5041,63.6286,65.369,1.7404,28,36.4271,35.197,37.7538,16,60.521,59.2501,66.242,12,37.4918,36.4993,38.6094,31,62.4337,61.7216,63.2818,22,54.1442,50.8053,57.2875,17,60.9412,59.7613,62.3085,50,52.4972,51.4353,53.4251,10,58.5214,57.4867,59.5123
Turkey,TUR,2018,7,64.5192,63.4673,65.5557,2.0884,28,32.0087,30.5917,33.1206,16,63.2756,58.8714,65.3679,,,,,21,62.5318,58.8332,67.044,22,54.2438,50.253,56.1527,17,61.8184,60.699,63.1048,50,53.0395,52.0156,54.1238,10,56.7838,55.7396,57.6989
Turkey,TUR,2019,8,63.3189,62.3403,64.284,1.9437,28,30.8203,29.5627,32.0596,16,64.7822,57.9758,65.1009,12,38.5144,35.3234,41.4254,31,62.9237,61.8593,63.5268,22,52.9021,49.2338,55.7939,17,60.3485,59.2368,61.7043,50,51.4609,50.5099,52.4201,10,51.7011,50.8515,52.5845
Turkey,TUR,2020,8,61.5606,60.5789,62.5285,1.9496,28,30.6458,29.9323,32.5175,13,60.4642,58.2651,65.456,12,36.7794,33.4174,39.0455,31,62.4657,61.443,63.122,22,52.4855,48.8364,55.0738,17,63.6547,62.657,65.0374,44,47.3162,47.2067,47.4257,10,48.8017,47.7701,49.8473
Turkey,TUR,2021,8,63.4206,62.06,64.7553,2.6953,28,29.7604,28.2207,30.8793,14,65.1543,59.717,66.3575,12,37.4476,34.8495,40.761,31,63.08,62.0218,63.6262,14,52.9973,50.83,56.0279,17,65.2486,64.224,66.5026,44,52.7367,51.4955,54.06,8,47.6192,45.1119,57.5813
Turkey,TUR,2022,8,63.0483,62.1957,63.8906,1.6949,29,34.7462,31.4501,36.7244,15,62.5741,58.8634,64.1867,12,33.33,31.6272,34.1957,30,62.9839,60.8401,63.3139,14,54.8,50.1053,56.4651,17,65.776,64.7253,66.982,44,50.3086,50.0644,50.5527,10,48.061,47.2415,48.953
Turkey,TUR,2023,8,58.2382,56.8039,59.6423,2.8384,29,33.2391,30.1635,35.0698,15,57.3,56.0448,61.9365,12,30.8788,29.0526,32.0866,30,60.3295,58.6131,61.0868,14,48.7473,45.2051,52.2896,18,66.6267,62.754,73.8436,43,44.8593,44.8582,44.8603,9,41.2521,40.9248,47.8044
Turkey,TUR,2024,8,58.8031,57.895,59.6991,1.8041,29,33.3109,29.6941,34.663,17,59.0158,57.9127,59.4925,12,31.1758,29.3449,32.2281,30,57.9857,57.4486,60.0572,14,50.9709,49.2246,56.2303,21,65.6956,63.4203,67.2353,43,41.1467,40.9785,41.3149,9,46.7515,43.9858,47.7195
Turkey,TUR,2025,8,59.0207,58.0301,59.9969,1.9668,29,33.0096,30.6155,35.7444,17,59.1676,56.3652,59.5377,12,30.8117,29.0281,31.7629,30,58.5874,56.3786,59.0459,14,52.0534,49.0664,57.238,21,66.598,64.388,67.9854,43,39.8325,39.6052,40.0598,9,46.9811,44.6668,48.4436
Turkmenistan,TKM,2009,5,46.8377,40.9844,52.162,11.1776,24,12.5938,11.0874,16.0688,5,51.9613,47.4596,56.0192,,,,,7,54.8856,53.9096,59.2201,,,,,5,45.5235,44.3319,52.439,,,,,6,43.0219,23.7296,51.3341
Turkmenistan,TKM,2010,,,,,,24,12.5378,10.1166,15.469,,,,,,,,,7,57.1894,54.0077,59.4588,,,,,,,,,,,,,6,37.2825,28.9634,54.2138
Turkmenistan,TKM,2011,,,,,,24,12.9523,9.9976,14.7226,,,,,,,,,7,60.0751,54.1438,60.35,,,,,,,,,,,,,6,34.1662,24.9732,52.7153
Turkmenistan,TKM,2012,,,,,,24,11.1219,10.0557,15.5055,,,,,,,,,7,52.698,52.3626,59.5152,,,,,,,,,,,,,6,47.6085,33.7929,61.424
Turkmenistan,TKM,2013,,,,,,24,13.8702,10.7005,15.5856,,,,,,,,,7,58.2347,54.7186,60.357,,,,,,,,,,,,,4,46.9373,38.4215,55.4649
Turkmenistan,TKM,2014,,,,,,23,16.2886,12.1592,17.848,,,,,,,,,7,59.155,54.9267,60.6161,,,,,,,,,,,,,5,49.8958,23.6244,50.5193
Turkmenistan,TKM,2015,,,,,,23,16.711,13.0404,19.0111,,,,,,,,,7,58.7122,55.9165,61.4089,,,,,,,,,,,,,6,52.6577,24.5059,52.7321
Turkmenistan,TKM,2016,,,,,,23,17.5727,14.487,19.2753,,,,,,,,,8,58.5289,56.0511,61.403,,,,,,,,,,,,,6,50.0008,22.2433,51.0398
Turkmenistan,TKM,2017,,,,,,23,17.263,14.466,20.2322,,,,,,,,,8,59.4085,56.0446,61.0455,,,,,,,,,,,,,6,38.9571,25.3732,42.4935
Turkmenistan,TKM,2018,,,,,,22,19.4205,15.8816,21.7802,,,,,,,,,8,57.5525,48.6539,58.0057,,,,,,,,,,,,,6,42.492,24.7133,43.2129
Turkmenistan,TKM,2019,,,,,,22,20.784,15.4898,21.0934,,,,,,,,,8,55.3005,48.135,58.2212,,,,,,,,,,,,,6,30.1943,23.4814,38.6326
Turkmenistan,TKM,2020,,,,,,22,18.5971,15.7978,21.1279,,,,,,,,,8,53.8072,47.7307,58.675,,,,,,,,,,,,,6,32.3165,22.9097,36.8698
Turkmenistan,TKM,2021,,,,,,22,18.6513,15.8059,21.5584,,,,,,,,,8,55.7235,48.4937,59.2281,,,,,,,,,,,,,5,30.5549,19.9869,33.0815
Turkmenistan,TKM,2022,,,,,,22,18.7906,15.6172,23.2941,,,,,,,,,8,49.8748,45.6545,54.0951,,,,,,,,,,,,,,,,
Turkmenistan,TKM,2023,,,,,,22,21.1972,17.9002,25.5063,,,,,,,,,8,54.1274,48.6666,60.0205,,,,,,,,,,,,,,,,
Turkmenistan,TKM,2024,,,,,,22,21.0166,18.462,25.985,,,,,,,,,8,53.6417,45.7281,59.4103,,,,,4,53.4522,49.6274,59.1862,,,,,,,,
Turkmenistan,TKM,2025,,,,,,22,20.5654,18.4092,25.8214,,,,,,,,,8,51.2884,45.8461,58.4759,,,,,4,55.0839,49.7389,59.4109,,,,,,,,
Uganda,UGA,2009,8,58.8867,57.4329,60.3097,2.8768,29,43.7376,42.8858,44.6449,15,61.8504,56.9788,65.7952,11,65.3132,64.136,66.047,29,54.4831,53.4021,55.8221,14,41.6701,40.1391,52.1975,16,35.8296,35.4031,40.1899,50,27.6598,26.7769,28.4541,9,60.4996,59.6176,62.3592
Uganda,UGA,2010,8,57.234,55.5368,58.8887,3.3519,29,42.7624,41.879,43.7321,17,61.6385,58.5351,65.2024,11,66.6817,65.7623,67.7896,29,55.7296,55.1864,57.3195,13,30.2397,28.906,44.9164,16,35.8349,35.4563,41.4787,50,27.5841,26.6496,28.3532,10,61.0385,59.9758,61.7792
Uganda,UGA,2011,8,57.2623,55.6567,58.8299,3.1732,29,43.0997,42.2268,43.9839,17,59.9724,57.8143,63.8379,11,62.8761,62.0822,64.0396,29,56.845,56.1014,58.0203,13,31.7521,27.8065,43.278,16,37.3586,36.9309,42.4692,50,29.528,28.7747,30.3192,10,60.1847,59.1076,61.0346
Uganda,UGA,2012,8,58.1098,56.745,59.4473,2.7023,29,43.5167,42.6461,44.4238,17,59.129,57.5849,63.5398,11,65.9396,64.4799,66.662,28,57.4434,56.301,58.6349,14,29.9088,27.5573,39.8808,16,39.8199,37.8287,43.5235,50,32.4044,31.5852,33.2439,10,59.4339,58.2044,60.3141
Uganda,UGA,2013,8,58.1188,56.6452,59.5606,2.9154,29,42.5238,41.6685,43.5226,17,59.6031,56.9163,62.8478,11,68.2193,66.716,68.7442,28,57.2433,56.1394,58.1229,16,29.1135,21.8655,31.4826,16,38.7239,37.257,42.4584,50,31.5566,30.6924,32.3957,8,60.5222,53.5656,64.383
Uganda,UGA,2014,8,57.009,55.913,58.0872,2.1742,29,42.031,41.1861,43.0275,17,60.4601,57.0077,62.9567,11,66.2794,65.6722,67.932,28,56.6668,56.0535,58.2984,18,24.8846,22.5634,28.3243,16,39.8521,38.0613,43.6675,49,31.4109,30.4226,32.3281,9,59.1936,56.1059,62.0956
Uganda,UGA,2015,8,56.0393,54.9346,57.1256,2.191,29,42.6778,41.7921,43.5917,17,58.6177,56.0798,62.2849,11,64.9674,64.4268,66.3508,29,57.4103,55.9749,57.959,18,23.2091,21.2706,26.9427,16,38.6845,37.5731,42.6233,47,31.9026,30.8577,32.9348,9,57.9822,54.4015,60.4904
Uganda,UGA,2016,8,56.2147,54.8367,57.5642,2.7275,29,43.1981,42.3221,44.1799,17,57.8672,56.0365,62.1135,11,64.3791,63.0473,64.9451,29,57.0666,56.5643,58.4698,15,21.5844,14.8102,25.9994,16,41.773,39.4164,43.7873,42,32.0983,30.4009,33.9071,9,58.8823,54.4549,59.8221
Uganda,UGA,2017,8,55.6289,54.163,57.0623,2.8993,29,43.0086,42.0692,43.9801,15,53.8848,53.0599,61.522,11,63.1178,62.053,64.0024,29,57.9379,57.0853,59.2045,16,25.1304,15.1485,26.897,15,40.6392,39.8998,43.5044,42,34.6146,33.062,36.306,10,55.5337,54.4713,56.5151
Uganda,UGA,2018,8,53.9547,52.3753,55.496,3.1207,29,42.4715,41.6629,43.4827,15,51.886,51.3772,60.2327,12,57.533,52.6343,58.5374,28,58.4873,56.8844,59.507,16,24.0395,16.0517,27.45,15,44.6948,44.0095,46.7531,42,33.0963,31.5313,34.9229,10,51.8086,50.6189,52.6794
Uganda,UGA,2019,8,54.3799,52.8186,55.904,3.0854,29,42.8949,41.9626,43.9055,15,55.6775,51.5401,59.979,11,57.8569,52.7462,59.0415,28,59.5035,57.9041,60.4169,16,22.8204,16.6272,28.3477,17,44.8148,43.9927,45.9403,42,33.4136,32.0431,34.9315,10,49.0918,47.8978,49.9657
Uganda,UGA,2020,8,53.6835,52.2521,55.0835,2.8314,29,42.2849,41.3881,43.2408,12,53.3539,50.7569,59.2912,11,54.5774,52.0497,58.1801,26,59.5172,57.8496,60.8579,16,22.1977,18.5721,28.1396,17,48.8375,47.9853,49.8362,43,36.2546,35.395,37.1391,10,45.4535,44.041,46.5128
Uganda,UGA,2021,8,52.0539,50.6704,53.4076,2.7372,29,42.4877,41.5924,43.495,11,58.0726,51.1973,59.4462,11,50.2543,49.6386,54.5744,26,59.8049,58.8417,61.8002,10,12.0676,9.1794,15.635,17,50.6886,49.8386,51.7502,43,37.3009,36.5766,38.122,9,42.3692,35.4241,42.9635
Uganda,UGA,2022,5,50.8423,49.8161,51.8517,2.0356,29,44.0236,41.4961,45.7085,,,,,,,,,,,,,10,14.0137,9.6492,15.684,17,53.2326,52.364,54.2141,18,39.054,38.7917,39.3163,8,34.576,34.1927,42.1401
Uganda,UGA,2023,5,50.0648,48.4961,51.5942,3.0981,29,43.257,41.1811,45.1932,,,,,,,,,,,,,9,13.019,9.1043,15.8711,16,53.4801,51.2657,63.6765,18,38.332,38.0372,38.6268,8,38.0988,33.2049,40.9082
Uganda,UGA,2024,6,49.8638,47.6977,51.9556,4.2579,30,43.2299,41.4813,44.7931,7,43.1111,40.337,55.389,,,,,,,,,9,13.3808,10.0582,16.3098,17,59.0846,54.1816,63.0821,18,32.5405,31.9851,33.096,8,42.2164,35.516,42.89
Uganda,UGA,2025,6,51.2696,49.2602,53.2159,3.9557,30,42.3371,40.8816,44.2704,7,43.1111,40.337,55.389,,,,,,,,,9,16.1081,11.8797,18.1842,18,60.9908,53.8693,62.3337,18,35.4004,34.9737,35.8272,8,42.9811,40.6443,46.6214
Ukraine,UKR,2009,8,59.1728,57.6955,60.6183,2.9228,28,39.2376,37.8309,40.1244,18,48.9246,45.429,50.3134,12,54.2632,53.431,55.1456,30,61.3499,60.7181,62.2281,16,45.5395,43.1794,58.8553,18,38.4049,37.3101,39.3782,41,44.8668,44.748,44.9855,10,60.2053,58.9069,61.046
Ukraine,UKR,2010,8,56.3632,54.9963,57.702,2.7057,28,38.681,38.0311,40.3187,20,46.4892,45.6356,47.1541,12,52.6239,51.8432,53.4585,30,60.4708,59.7644,61.3693,16,41.9784,37.3872,51.8978,18,34.657,33.8104,35.8201,41,40.8179,40.7544,40.8814,10,60.2116,58.8582,61.129
Ukraine,UKR,2011,8,56.2251,54.9093,57.515,2.6057,28,37.4438,36.2945,38.5256,20,46.8395,45.9365,47.5122,12,49.4927,48.5935,50.3253,30,60.3624,59.7603,61.3269,17,48.1486,35.3743,48.9288,18,33.2192,32.1899,34.3412,41,39.2299,39.0949,39.3648,10,59.2372,57.8008,60.1115
Ukraine,UKR,2012,8,54.6778,53.3248,56.0029,2.6781,28,37.2765,36.0078,38.1721,20,47.1473,46.2276,47.8151,12,49.6374,48.7224,50.5085,30,60.2934,59.511,61.1785,17,40.1488,36.5031,50.4313,18,35.6964,34.6138,36.7849,41,37.4969,37.284,37.7098,10,57.7177,56.3904,58.6212
Ukraine,UKR,2013,8,55.6845,54.3473,56.9946,2.6473,28,38.1152,36.9235,39.0718,20,47.9482,47.0685,48.6035,12,55.9906,55.1106,56.7027,30,60.5264,59.8858,61.441,17,38.9837,35.0384,47.7188,18,33.4161,32.271,34.6554,41,40.8338,40.7711,40.8966,9,56.4369,54.1701,59.4346
Ukraine,UKR,2014,8,55.9967,54.8856,57.0891,2.2035,28,36.787,35.6283,37.8373,20,47.0537,45.9594,47.8922,12,58.0236,57.1213,58.8751,30,59.4845,58.8591,60.3807,17,35.9987,33.3929,44.6024,18,37.5991,36.4404,38.7204,41,39.4242,39.298,39.5504,10,59.8763,58.7752,60.7512
Ukraine,UKR,2015,8,57.209,56.3592,58.0479,1.6887,28,34.7088,33.9177,36.1851,20,51.854,51.0325,52.4739,12,58.0379,57.154,58.8483,30,59.4107,58.6956,60.2743,17,37.8581,32.9204,41.525,18,35.7375,34.6734,36.9336,41,42.3823,42.3754,42.3893,10,60.1613,59.1233,61.137
Ukraine,UKR,2016,8,58.1993,57.1252,59.2564,2.1312,28,34.6959,33.9297,36.2352,20,53.976,53.2222,54.5835,12,59.7353,58.8839,60.5117,30,60.5967,59.8143,61.3139,14,36.8486,31.9861,43.2182,18,34.4216,33.3228,35.6389,41,45.3566,45.2158,45.4973,10,60.3851,59.1867,61.434
Ukraine,UKR,2017,8,54.628,53.2763,55.9519,2.6756,28,37.2726,36.204,38.6989,16,48.5428,46.5197,55.0574,12,58.591,57.7091,59.3876,30,60.4319,59.7975,61.2918,16,37.956,33.7143,43.1429,16,20.49,17.6944,22.5684,41,44.094,44.0101,44.178,10,58.6091,57.5123,59.9021
Ukraine,UKR,2018,8,56.0952,54.2585,57.8817,3.6232,28,38.9318,37.6606,39.9416,16,54.6112,48.9404,57.5156,11,53.5377,49.8341,63.9075,30,62.3534,61.1204,63.0879,19,39.0498,31.073,42.6266,16,22.8611,20.0538,25.2093,41,45.7878,45.6277,45.948,10,56.2583,55.0962,57.4772
Ukraine,UKR,2019,8,56.0059,54.3436,57.6268,3.2832,28,40.2449,38.7574,41.152,16,56.9245,52.099,58.6883,11,53.9496,50.904,65.8638,29,62.5389,61.8135,63.9067,20,33.3303,31.6329,40.3368,16,24.9035,22.4635,27.0429,41,46.2948,46.1119,46.4778,10,55.1323,54.0102,56.2877
Ukraine,UKR,2020,8,58.1726,56.7091,59.6047,2.8956,28,39.8141,38.9243,41.296,13,57.7379,53.7191,61.7113,11,54.5869,52.0655,64.8595,28,63.695,62.1993,64.5377,20,35.8318,34.3441,40.5845,16,32.8868,30.5231,35.4658,41,47.7941,47.6631,47.9251,10,53.7747,52.693,54.9825
Ukraine,UKR,2021,8,57.7284,56.1982,59.2241,3.0259,28,39.5149,38.6795,41.0284,14,58.5033,55.3158,61.3235,11,56.2965,49.3894,63.0961,28,61.9569,60.7553,63.066,12,33.1586,29.987,36.9021,16,38.4912,35.6434,40.0604,41,45.4776,45.4509,45.5043,9,50.5108,47.6695,54.3373
Ukraine,UKR,2022,8,58.1455,57.1194,59.1559,2.0365,29,43.1268,41.0957,46.0339,15,58.6155,55.6571,61.5051,12,48.3474,46.9741,49.6188,27,60.5279,59.2711,62.5993,12,34.6436,30.8456,37.7576,16,43.4271,40.4883,44.4831,41,43.9327,43.8899,43.9754,10,53.7818,52.9845,54.853
Ukraine,UKR,2023,8,59.0301,57.4704,60.5545,3.0841,29,40.2977,37.3893,41.425,15,61.7733,56.7162,62.8253,11,51.406,50.0398,55.9783,27,60.4536,59.9624,62.8633,11,30.3626,24.923,32.8237,16,46.0411,39.0057,51.11,40,47.1336,47.0324,47.2349,9,53.9552,49.2364,54.5474
Ukraine,UKR,2024,8,62.7574,61.4041,64.0849,2.6808,29,39.8339,36.834,41.8129,17,62.84,59.0291,63.1036,11,61.3366,58.5975,69.5999,27,64.7105,62.5273,65.4646,11,30.267,25.9228,33.8193,19,48.4317,41.4853,50.1247,40,54.5532,53.0781,56.1408,9,53.7797,51.425,54.9169
Ukraine,UKR,2025,8,62.3768,61.0452,63.6833,2.6381,29,38.808,36.1678,40.9827,17,63.6321,59.764,64.0599,11,58.7226,56.1414,66.629,27,63.3694,61.8425,64.3379,11,30.9143,24.6791,32.3097,19,47.7221,39.8062,48.7817,40,54.4845,52.9341,55.9836,9,55.0136,51.8727,55.8639
United Arab Emirates,ARE,2009,8,80.0613,79.1795,80.9336,1.7541,27,56.4586,54.5435,58.1879,18,86.3311,84.6077,88.9184,12,50.4313,49.266,51.5636,29,74.1799,73.0807,75.2467,16,70.329,64.9621,72.8528,11,56.9086,54.7561,64.3618,46,62.9197,61.5025,64.1739,10,79.797,78.5855,80.9642
United Arab Emirates,ARE,2010,8,79.9637,79.172,80.7478,1.5758,27,56.0229,55.3107,58.9037,20,87.6768,87.1359,88.2977,12,52.4798,51.4076,53.671,29,75.6334,74.9268,77.2776,16,65.0494,61.1022,68.1136,15,52.6445,48.1757,57.1134,46,67.2504,65.8577,68.5848,10,80.017,78.7465,81.345
United Arab Emirates,ARE,2011,8,79.1865,78.3795,79.9855,1.606,27,58.335,55.5985,59.3251,20,86.7918,86.2462,87.4388,12,49.6107,48.4259,50.7031,29,76.944,75.3663,77.7783,16,61.8105,58.0455,65.9378,15,52.6155,48.4915,56.7395,46,65.8212,64.5141,67.1257,10,78.9726,77.7732,80.2481
United Arab Emirates,ARE,2012,8,79.9328,79.1239,80.7337,1.6098,27,57.5274,55.7902,59.388,20,86.5581,86.026,87.1551,12,53.4744,52.2611,54.673,30,79.96,77.0485,80.0971,16,58.807,55.9853,63.6632,15,56.122,54.1477,62.2745,46,67.2255,65.874,68.5811,10,77.5978,76.4463,78.5688
United Arab Emirates,ARE,2013,8,81.816,81.0636,82.5616,1.498,27,57.6222,56.7113,60.3512,20,87.3703,86.7644,87.9585,12,57.9572,56.858,59.1365,30,79.7169,78.2298,80.2938,17,61.2962,57.8061,65.3668,15,56.6628,53.8658,61.2775,46,73.3184,71.9273,74.5495,9,79.3902,77.8749,81.3235
United Arab Emirates,ARE,2014,8,82.5732,81.8531,83.2871,1.434,27,58.2109,57.3411,60.8713,20,88.0794,87.4802,88.6695,12,58.7148,57.554,59.8932,30,80.1237,79.1741,81.3454,17,63.3719,57.2529,64.821,16,57.9585,55.5962,62.6475,46,74.0526,72.5407,75.4534,10,79.1839,77.891,80.146
United Arab Emirates,ARE,2015,8,81.662,81.047,82.2724,1.2254,27,58.3781,57.6599,61.5601,20,88.4097,87.814,89.0023,12,56.7105,55.5579,57.8021,30,80.3352,78.9794,81.091,17,61.7973,59.3319,66.9844,18,59.7236,58.6949,60.9093,46,68.381,66.9883,69.7653,10,77.9305,76.8247,78.959
United Arab Emirates,ARE,2016,8,82.8781,81.7581,83.9832,2.2251,27,58.9833,58.0651,61.7531,20,88.648,88.0825,89.2477,12,57.4237,56.2897,58.498,30,81.7091,79.6754,81.8533,13,64.1375,55.596,72.679,18,63.3256,62.4417,64.5355,46,69.6067,68.5026,70.9627,10,78.0636,76.8221,79.0088
United Arab Emirates,ARE,2017,8,82.8211,82.1867,83.4507,1.264,27,61.7114,59.5648,63.5267,16,88.1353,86.7354,90.6726,12,59.3682,58.2687,60.4703,30,80.8487,79.9429,82.1651,19,65.0831,63.8775,70.7792,16,63.2709,61.652,64.5894,46,68.5735,67.3979,69.7531,10,75.484,74.4398,76.9441
United Arab Emirates,ARE,2018,8,84.4041,83.5238,85.2754,1.7516,27,62.6859,59.4894,63.2026,16,89.0635,86.5304,90.4899,11,63.0349,59.0548,71.0881,29,85.4789,83.6657,86.1362,19,68.1261,65.5558,73.5139,16,63.3565,62.0517,64.3291,46,70.3276,69.0878,71.7165,10,73.8436,72.7856,75.2928
United Arab Emirates,ARE,2019,8,85.1886,84.4552,85.9157,1.4605,27,60.5266,59.6112,63.4245,16,89.4811,87.8228,91.7189,12,71.2962,67.7548,72.6545,30,87.3164,85.9735,88.2616,19,66.2521,65.3307,74.1096,16,61.8742,60.6787,62.9443,46,73.2178,71.8812,74.5562,10,73.0821,72.0471,74.5852
United Arab Emirates,ARE,2020,8,85.8531,84.9979,86.6997,1.7018,27,62.5389,59.5681,63.1781,13,90.0877,88.5803,92.5546,11,62.0945,61.063,72.0468,30,88.6087,87.6049,89.8706,19,66.7599,64.368,72.2946,16,65.3927,64.0998,66.426,41,81.1884,79.1827,83.0551,10,72.0588,71.0108,73.4394
United Arab Emirates,ARE,2021,8,86.2326,85.4455,87.0125,1.567,27,61.9748,59.0905,62.4438,14,90.2008,89.6484,92.559,11,64.898,61.9977,72.4386,30,89.3898,88.0695,90.1741,12,69.5484,65.5066,71.1958,16,65.3789,64.0107,66.508,41,83.222,81.2011,85.3717,9,67.6569,65.6639,70.2546
United Arab Emirates,ARE,2022,8,85.9949,85.1808,86.8013,1.6205,28,60.2797,57.817,62.4867,15,91.0999,89.9357,92.5316,11,65.886,62.3864,71.075,27,90.4106,87.8037,92.6796,12,65.2662,61.356,67.1209,16,66.4808,65.315,67.5979,41,81.0742,79.0579,82.9217,9,69.1877,65.5032,70.2507
United Arab Emirates,ARE,2023,8,85.1262,84.172,86.0698,1.8978,28,60.1033,57.2567,61.9331,15,91.4467,90.4168,92.8561,11,62.7,59.8336,69.7518,26,89.2522,88.3479,92.1804,12,64.3241,60.3452,65.3625,17,67.2033,63.6273,73.3738,39,77.8935,75.7575,80.3176,8,68.7788,66.8862,71.4565
United Arab Emirates,ARE,2024,8,86.6737,85.822,87.517,1.695,28,58.411,55.7823,60.1068,17,92.7248,92.1379,93.3664,11,65.0728,63.2163,73.5585,26,92.5189,89.303,93.8411,12,64.0978,59.2668,64.9752,20,68.049,64.2832,69.187,39,83.677,81.2393,85.8546,8,70.2734,67.8801,72.8966
United Arab Emirates,ARE,2025,8,85.3384,84.4345,86.2328,1.7983,28,58.6047,55.5681,60.4476,17,93.1577,92.5781,93.7843,11,65.007,58.2111,68.6715,26,87.9678,87.7514,91.975,12,62.9999,60.1104,65.8893,20,67.923,63.8561,69.4524,39,75.1628,72.8008,77.3429,8,72.2166,68.0806,73.3305
United Kingdom,GBR,2009,8,95.2807,94.4554,96.0985,1.6431,27,87.028,86.1224,89.0884,17,91.7236,89.8054,92.6525,12,67.2843,66.4053,68.0499,30,98.7228,95.7498,99.1743,18,88.712,85.0647,92.9931,15,91.395,83.5526,94.0403,45,74.6455,73.3897,75.9771,8,79.965,76.0375,82.1709
United Kingdom,GBR,2010,8,94.3184,93.5484,95.0818,1.5334,27,87.8161,86.0254,89.1485,19,91.7105,90.6257,92.275,12,67.5091,66.659,68.2851,30,97.9652,96.4652,99.3552,18,82.7544,78.8513,85.4672,15,90.1381,80.5465,91.0771,45,74.8731,73.1906,76.5226,8,78.1371,75.8066,81.4375
United Kingdom,GBR,2011,8,93.6031,92.8361,94.3636,1.5275,27,88.0244,86.0292,89.5904,19,90.4147,89.7492,91.5918,12,65.6751,64.8522,66.4087,31,98.3009,97.0814,99.0409,18,77.5727,75.1976,81.3177,15,89.6208,80.2191,91.2852,45,77.2146,75.6087,78.7112,8,77.7265,75.4319,80.0767
United Kingdom,GBR,2012,8,93.489,92.6847,94.2861,1.6014,27,87.777,86.4839,89.4371,19,90.1581,89.2072,90.8229,12,68.1247,67.2232,68.9845,31,98.9211,97.7033,99.6063,18,77.4963,74.2496,80.7005,15,86.624,80.5484,92.1917,45,79.1687,77.8017,80.7112,8,75.5227,73.4798,78.6909
United Kingdom,GBR,2013,8,93.5453,92.7396,94.3438,1.6042,27,88.7504,86.5484,89.9711,19,90.0898,88.9731,90.7892,12,71.3875,70.4673,72.1361,31,99.0633,97.8027,99.8278,19,78.7408,76.552,81.7514,15,82.3568,77.9515,90.014,45,79.8667,78.3027,81.3881,7,74.5702,71.9873,77.7552
United Kingdom,GBR,2014,8,94.0801,93.278,94.8752,1.5972,27,88.556,86.8487,90.0255,19,90.5554,89.5679,91.3407,12,71.1448,70.2165,71.8963,31,99.6483,98.4161,100.0,19,77.3219,74.3191,81.0713,15,88.3899,78.0888,89.8873,44,79.3245,77.713,81.1223,8,74.9608,72.2222,77.1333
United Kingdom,GBR,2015,8,93.7978,92.9518,94.6359,1.6841,27,89.1307,87.476,90.3531,19,90.3547,89.013,90.8711,12,70.6347,69.7496,71.4196,31,99.675,98.4531,100.0,19,79.5788,76.4565,82.878,15,83.8602,74.9723,88.2285,44,78.5573,76.8557,80.201,8,75.2214,72.3895,76.7848
United Kingdom,GBR,2016,8,93.1555,92.2056,94.0955,1.8899,27,88.6623,87.6534,90.7364,19,90.159,88.8248,90.6307,12,70.0761,69.1523,70.8544,31,99.0864,97.8441,99.8716,18,77.9597,74.011,83.0966,15,84.2498,76.3796,89.5315,44,81.1733,79.3866,82.8772,8,69.9643,69.6543,76.2366
United Kingdom,GBR,2017,8,92.7542,91.8572,93.6424,1.7852,27,89.6428,88.1918,91.0544,15,89.2767,86.5583,90.8124,12,71.803,70.9007,72.6386,31,99.8598,98.5731,100.0,19,75.1853,72.9256,80.9798,12,74.1295,72.7421,84.7309,44,84.4296,82.7654,86.3614,8,73.6526,71.8655,76.5479
United Kingdom,GBR,2018,8,93.3818,92.4384,94.3154,1.877,27,88.456,88.0195,91.2015,15,88.943,84.6042,89.7731,12,78.4334,73.5453,79.1999,31,98.1059,96.9425,98.9815,19,74.0867,73.2863,81.1028,12,77.0526,72.8265,84.8574,44,86.0839,84.4062,87.97,8,73.6637,69.6732,74.7762
United Kingdom,GBR,2019,8,92.832,91.8888,93.7654,1.8766,27,89.0339,87.4314,90.45,15,88.7282,84.5849,89.257,12,76.6401,74.0424,79.2378,31,97.7649,96.7365,98.7232,19,73.1302,71.0665,77.7653,12,80.1186,73.3324,85.4317,44,84.8065,83.2193,86.5163,8,69.6459,66.9635,73.7067
United Kingdom,GBR,2020,8,92.0958,91.1274,93.0538,1.9264,27,87.6639,86.0335,89.2077,12,87.7766,84.6088,89.396,12,74.3182,71.2294,76.996,31,96.362,95.1991,97.2464,19,72.219,70.9404,77.8005,12,84.6883,75.2817,87.3718,39,79.9474,77.7945,81.6497,8,69.5333,66.4103,72.7121
United Kingdom,GBR,2021,8,89.9422,88.8584,91.0129,2.1545,27,87.4915,86.1232,89.2799,13,83.623,83.385,87.6161,12,72.2152,67.1159,73.5381,31,94.5513,93.4293,95.4832,11,73.164,69.5676,78.154,12,81.8651,75.6388,87.9691,39,74.4084,72.3947,76.2166,7,65.5373,59.7164,67.8882
United Kingdom,GBR,2022,8,89.3637,88.3586,90.3573,1.9987,29,87.4893,84.8761,89.7718,15,85.376,83.3785,85.9876,12,67.0465,65.0256,68.0949,30,93.5149,92.2261,94.2677,12,67.8027,63.3681,71.4173,12,84.9824,75.7823,89.9454,39,74.7806,73.1503,76.6191,9,66.2525,64.1547,67.0811
United Kingdom,GBR,2023,8,89.9925,89.0294,90.9451,1.9157,29,86.467,83.8988,88.5674,15,86.8511,84.9898,87.571,12,66.5288,64.0299,67.0301,29,93.6925,93.0529,95.9419,12,66.7012,64.7175,71.5651,13,87.7513,80.1401,93.852,37,78.2958,75.8613,80.7082,8,66.4781,63.8567,67.4925
United Kingdom,GBR,2024,8,90.145,89.2619,91.0193,1.7574,29,84.7762,82.6314,86.9662,17,85.2347,84.6366,85.8664,12,67.5087,64.9058,68.1764,29,94.2271,92.5529,95.2314,12,70.8751,66.2965,75.2696,16,85.9777,83.497,93.5893,37,78.2107,75.9826,80.5423,8,66.9214,64.038,67.6454
United Kingdom,GBR,2025,8,90.0653,89.2249,90.8977,1.6728,29,85.7004,83.1868,87.7095,17,85.416,84.8324,85.9773,12,70.459,67.2666,70.7846,29,91.7169,90.7557,93.6698,12,67.7751,65.4179,73.8711,16,89.9833,86.2668,95.8746,37,75.111,72.6667,77.4901,8,67.6743,65.1963,68.5127
United States of America,USA,2009,8,95.5039,94.2038,96.7857,2.5819,28,91.2837,90.0168,92.5009,18,86.447,83.9703,88.5169,12,68.1426,67.3161,68.8884,28,97.8028,95.7166,100.0,17,97.3341,91.7157,98.9019,7,71.1824,52.1811,75.3222,49,91.2266,89.4616,93.1621,9,80.3878,80.0244,84.1229
United States of America,USA,2010,8,93.6627,92.5216,94.7896,2.268,28,90.6268,89.3659,91.8306,20,85.8024,85.1944,86.3325,12,67.4465,66.5775,68.1665,28,97.9007,95.4582,100.0,17,87.264,84.5406,90.7943,12,68.6652,53.6023,73.3077,49,85.5115,83.7556,87.482,9,82.7531,80.1959,84.0644
United States of America,USA,2011,8,92.1289,91.0575,93.1875,2.13,28,89.6339,88.422,90.9259,20,86.0045,85.3853,86.6909,12,64.532,63.6816,65.2266,28,96.9562,96.123,100.0,16,78.111,75.8379,84.4294,12,71.2245,62.7862,79.6627,49,81.847,80.0303,83.6096,9,83.0162,80.4917,84.2545
United States of America,USA,2012,8,91.0773,89.7932,92.343,2.5498,28,89.7786,88.643,91.1384,20,86.087,85.4706,86.6502,12,65.8583,65.0083,66.6513,28,96.2306,96.03,100.0,16,78.9564,75.4352,84.2849,12,57.6569,53.61,74.4323,49,84.1225,82.3105,86.0827,9,82.8476,80.5136,83.975
United States of America,USA,2013,8,92.0226,90.8119,93.2171,2.4052,28,89.5596,88.5326,91.0959,20,86.0372,85.4292,86.6604,12,68.3401,67.5104,69.0764,28,95.3397,93.133,97.5465,17,84.986,78.7576,87.427,12,60.9803,55.0344,73.6788,49,82.8,81.004,84.7967,8,82.2835,80.1412,84.2943
United States of America,USA,2014,8,93.4396,92.2372,94.6262,2.389,28,89.6547,88.4248,90.8457,20,87.4517,86.8494,88.0382,12,69.1338,68.2506,69.8589,28,96.5258,95.7836,100.0,17,84.7836,77.0594,87.2396,12,68.0634,55.7336,74.5107,49,84.917,83.1093,86.6836,9,83.2085,81.6789,84.1777
United States of America,USA,2015,8,92.7708,91.505,94.019,2.514,28,89.6403,88.4592,90.9577,20,88.3102,87.6928,88.9395,12,69.1165,68.2724,69.8562,28,98.769,95.1437,100.0,17,80.6883,77.8408,87.0058,12,62.4332,55.9499,77.1246,49,86.7415,84.9396,88.6541,9,81.6046,81.3103,83.707
United States of America,USA,2016,8,92.7266,91.4831,93.9531,2.47,28,89.6364,88.5974,91.2377,20,89.1208,88.5306,89.7467,12,70.0912,69.2759,70.8431,28,96.9473,94.791,100.0,17,72.7894,72.3902,84.0419,12,70.1343,58.9195,76.9366,49,87.8841,85.9435,89.8543,9,81.2016,80.8851,83.3112
United States of America,USA,2017,8,93.7138,92.5582,94.8548,2.2966,28,89.4404,88.4375,90.9838,16,87.9086,86.769,90.8186,12,71.549,70.7032,72.3291,28,96.1314,94.4702,100.0,20,75.0867,72.696,84.8863,11,70.1753,63.1776,78.3036,49,91.4749,89.6574,93.4072,9,85.6965,84.1613,86.9157
United States of America,USA,2018,8,95.2722,94.2016,96.3303,2.1287,28,88.589,87.436,89.9644,16,90.0919,88.2182,92.4735,12,86.3494,81.5165,86.4965,28,97.2181,96.6051,100.0,20,76.0923,72.8225,84.5356,11,65.1225,64.3502,78.4241,49,95.7458,93.9932,97.6389,9,84.3085,83.6364,86.5023
United States of America,USA,2019,8,96.0404,95.0631,97.0075,1.9444,28,88.2977,87.0844,89.6227,16,91.029,89.3031,92.8121,12,85.8836,80.7276,85.9461,28,99.8906,96.172,100.0,20,74.3183,71.7025,81.7547,11,66.2516,65.3398,79.4919,49,100.0,98.1129,100.0,9,85.1452,83.5467,86.2319
United States of America,USA,2020,8,96.0348,94.9699,97.0876,2.1177,28,87.4328,86.183,88.7681,13,90.6427,88.0037,91.8839,12,81.0502,78.5119,83.9149,28,98.4421,95.7575,100.0,20,76.3782,72.5917,82.3868,11,76.9983,69.5457,84.837,43,94.7757,92.6032,97.1429,9,84.3681,82.1825,85.422
United States of America,USA,2021,8,95.5516,94.5457,96.5466,2.0009,28,86.4461,85.3115,87.7231,14,88.2373,87.8084,91.2615,12,79.5439,75.6313,81.3255,28,97.2128,95.2019,99.3441,12,80.3067,74.4966,82.9233,11,78.007,72.5421,86.6959,43,91.8963,89.7174,94.1151,8,83.4787,79.3534,84.6344
United States of America,USA,2022,8,97.013,96.0317,97.9841,1.9524,30,87.9029,86.0745,89.7371,14,92.2691,91.0957,93.9575,12,82.5006,79.6668,82.9906,27,96.7627,94.5154,98.7586,12,74.4707,70.3769,78.7102,11,82.8411,75.8394,91.05,43,100.0,97.7341,100.0,9,83.7871,80.995,84.5555
United States of America,USA,2023,8,97.1124,95.8664,98.3419,2.4755,30,87.7938,85.7888,89.7725,14,93.3694,91.3151,94.0216,12,79.8728,76.9129,80.2011,27,96.5705,94.5144,98.6671,12,76.538,70.4889,78.7628,11,85.6499,78.7537,100.0,42,97.1572,94.8577,99.5406,8,83.8623,79.4106,84.7412
United States of America,USA,2024,8,96.4795,95.4438,97.5037,2.0599,30,86.7035,84.8892,88.6522,16,91.1515,90.252,92.4292,12,78.6909,75.903,79.3921,27,97.1915,94.2828,98.7164,12,79.0322,73.0288,81.6405,14,85.9777,72.6936,88.4943,42,91.1465,88.9608,93.3769,8,84.0232,80.2836,84.6414
United States of America,USA,2025,8,95.0008,94.0097,95.9813,1.9716,30,86.4166,84.4465,88.5525,16,92.0154,90.6007,92.8403,12,76.8759,73.8734,77.5903,27,93.6416,92.3346,96.7414,12,78.9348,70.9722,80.1438,14,81.9569,74.6178,88.4943,42,84.3307,82.2584,86.2695,8,84.7287,81.0369,85.3806
Uruguay,URY,2009,8,64.8397,63.484,66.1701,2.6861,27,79.0126,77.7639,80.1004,18,68.7035,65.0131,71.5341,12,28.9584,27.8152,30.102,30,73.1282,71.8875,73.9543,17,38.8622,35.7267,46.307,11,41.2812,33.4102,44.9018,48,37.7213,37.5185,37.9241,10,63.9934,62.9595,64.6967
Uruguay,URY,2010,8,63.997,62.9344,65.0438,2.1094,27,79.3876,78.0016,80.4677,20,68.3885,67.7791,68.8575,12,29.4774,28.2971,30.829,30,72.1959,71.9226,73.7896,18,35.6172,32.6234,40.0736,11,37.7543,32.529,43.1966,48,38.6519,38.4909,38.8128,10,65.026,63.9853,65.7798
Uruguay,URY,2011,8,65.5388,64.6759,66.3915,1.7156,27,79.8393,78.4485,80.9507,19,69.9487,67.9842,71.1645,12,28.9051,27.6653,30.0503,30,74.132,73.0526,75.0716,18,36.4796,34.4459,40.9895,13,38.7988,34.8253,42.2511,48,43.3533,43.3027,43.4039,10,65.1692,64.1511,65.8897
Uruguay,URY,2012,8,66.1527,65.3301,66.966,1.6359,27,80.3269,78.9408,81.2911,19,70.1984,68.2936,71.3811,12,29.4315,28.2643,30.7236,30,73.779,72.9772,75.0385,20,35.2941,31.9457,38.2745,13,42.6272,37.0515,44.0404,48,44.9113,44.7906,45.032,10,64.67,63.581,65.5041
Uruguay,URY,2013,8,65.7915,65.0299,66.545,1.5151,27,80.5835,79.2043,81.7429,19,69.8938,67.0857,70.0854,12,30.5422,29.4031,31.5643,30,73.0497,72.316,74.3805,22,32.5983,31.014,34.2067,13,41.7218,36.8814,43.9031,48,44.8204,44.7037,44.937,9,65.9667,62.7166,67.1723
Uruguay,URY,2014,8,65.8311,65.1854,66.471,1.2856,27,80.7776,79.3877,81.7419,19,70.2282,68.7561,71.8068,12,32.2367,31.2734,33.5119,30,72.8442,71.7204,73.8252,22,32.5239,30.9534,34.6789,13,41.5285,38.9816,44.878,48,44.5161,44.4132,44.6191,10,65.0094,64.3152,65.9133
Uruguay,URY,2015,8,66.4878,65.8121,67.1572,1.3451,27,81.6561,80.4447,83.0376,19,70.7711,69.3349,72.4431,12,34.4089,33.3388,35.4307,30,72.9164,71.7844,73.8513,22,36.8997,34.6986,38.4892,13,39.7828,38.3425,45.0133,48,44.1853,44.0973,44.2734,10,63.5984,62.8712,64.5359
Uruguay,URY,2016,8,66.3984,65.6555,67.1336,1.4781,27,82.4555,81.2032,83.8539,19,71.1929,69.7374,72.6622,12,34.1528,33.1107,35.1546,30,71.9465,70.938,72.9363,18,36.5775,35.7734,44.0182,18,41.625,40.6311,42.7192,48,42.447,42.4371,42.4568,10,63.3837,62.556,64.2538
Uruguay,URY,2017,8,69.6026,68.7082,70.4863,1.7781,27,82.847,81.92,84.53,15,72.647,68.0632,75.0347,12,38.9871,37.8074,39.9283,31,73.0109,72.1292,73.7923,19,45.9254,38.458,46.8933,16,43.9057,42.7071,44.9946,48,45.8537,45.6906,46.0168,10,62.9209,62.0746,63.8725
Uruguay,URY,2018,8,66.0388,65.013,67.0502,2.0372,27,82.6119,81.2568,83.9625,15,66.497,66.1558,73.5202,12,35.9443,32.5846,39.2121,31,68.1506,67.1346,68.8379,19,40.1782,35.9734,43.1393,16,46.079,44.8779,47.2464,48,43.6496,43.5857,43.7136,10,59.7666,58.8139,60.6373
Uruguay,URY,2019,8,66.6679,65.8145,67.5114,1.6969,27,82.9314,81.9414,84.5601,15,68.7764,67.4192,74.4445,12,35.634,33.9162,40.0456,31,68.6535,67.5963,69.3203,21,41.1618,39.7057,44.4493,17,46.843,45.7014,48.0064,48,44.4563,44.356,44.5565,10,58.4029,57.5869,59.3602
Uruguay,URY,2020,8,67.76,66.9645,68.547,1.5825,27,83.7893,82.2748,85.0342,12,71.1974,67.8977,74.5355,12,37.5327,36.4737,42.2603,31,69.8876,68.8576,70.5718,22,42.6552,40.4969,45.0125,17,50.8733,49.8268,52.0084,42,42.1588,42.0362,42.2814,10,56.1418,55.2232,56.9791
Uruguay,URY,2021,8,70.2644,69.4772,71.0434,1.5662,27,84.2179,83.3492,85.8996,13,73.2753,69.6409,76.6543,12,42.5597,39.1131,44.7224,31,72.2719,71.2418,72.9545,15,42.238,40.4074,43.7605,17,52.9448,51.9368,54.0063,42,49.1126,48.9223,49.3029,9,55.8799,53.4934,56.9192
Uruguay,URY,2022,8,71.8045,71.1713,72.4324,1.2611,28,83.1732,80.8461,85.314,14,74.0181,72.8381,77.946,12,49.0214,46.8861,49.867,30,72.4092,71.4832,73.8033,16,41.1962,40.0553,43.126,17,54.7767,53.8138,55.9339,42,52.8628,51.3296,54.3032,10,56.8122,56.2225,57.8949
Uruguay,URY,2023,8,71.9395,70.9497,72.9166,1.9669,28,80.6447,79.6844,84.6811,14,72.8195,72.2197,77.3826,12,49.3007,47.6651,50.7149,30,74.2503,72.3901,74.7824,16,41.1075,40.1332,42.5572,18,56.8755,47.8325,58.6454,41,51.9075,51.5914,52.2236,9,57.6978,53.9666,58.8967
Uruguay,URY,2024,8,72.6773,72.1015,73.2488,1.1473,28,83.7496,80.7757,85.7652,16,74.1242,73.2148,76.1335,12,52.6874,50.1751,53.3867,30,74.6506,73.1948,75.5502,16,41.5039,40.3094,42.9879,21,55.453,53.4261,56.7325,41,51.7207,51.4131,52.0284,9,56.9994,56.5843,60.1095
Uruguay,URY,2025,8,72.6613,72.0556,73.2623,1.2067,28,84.2248,81.4084,86.5184,16,75.3964,73.4755,76.5899,12,52.2922,49.4753,52.5388,30,73.8317,72.7616,75.1084,16,40.4022,39.3503,41.9687,21,55.0675,53.0483,56.3003,41,49.4402,49.2352,49.6453,9,59.8547,57.9785,62.1841
Uzbekistan,UZB,2009,8,59.1903,56.4466,61.8265,5.3799,27,15.8349,14.1218,17.1896,13,76.3425,71.3229,81.362,5,60.942,43.305,63.0144,20,63.3867,54.9764,66.8087,4,47.8466,41.5427,49.9221,8,37.1509,30.2445,47.7305,20,39.6002,39.4819,39.7184,8,42.33,36.1409,45.8001
Uzbekistan,UZB,2010,8,56.3153,53.4784,59.0342,5.5558,27,15.8173,14.47,17.6362,13,73.3111,66.1686,75.9783,5,53.5403,42.6998,60.7292,20,64.9624,54.5082,66.2607,4,34.4511,31.8899,37.0123,8,37.3809,28.5231,48.2848,20,43.5149,43.457,43.5728,8,43.6887,37.3488,46.2587
Uzbekistan,UZB,2011,8,54.4414,51.7076,57.0635,5.3559,27,16.4988,15.402,18.6126,13,75.9608,65.3992,76.4497,5,47.5158,42.0668,61.2051,20,62.2175,53.1473,65.1936,4,35.2499,30.1502,35.6681,13,38.2114,28.8964,40.5204,20,41.6141,41.5864,41.6417,8,38.0453,32.6829,43.5968
Uzbekistan,UZB,2012,8,53.5888,50.8578,56.2073,5.3495,27,19.3993,16.1718,19.5985,13,72.7481,64.8411,74.412,5,49.2042,41.6382,60.4557,20,60.7999,52.2825,65.2254,4,36.0488,31.0366,36.9501,13,34.8574,29.6595,41.4074,20,42.0995,42.0937,42.1053,8,36.8502,29.479,40.0194
Uzbekistan,UZB,2013,8,55.3745,52.4193,58.2006,5.7813,27,19.711,17.2783,20.3826,13,73.0987,65.6943,74.0996,5,54.9459,42.0938,59.8176,20,61.8723,53.2908,64.827,4,36.8477,31.9231,38.2321,13,39.4477,31.5061,43.5982,20,41.6913,41.6672,41.7155,7,35.2275,27.1853,46.73
Uzbekistan,UZB,2014,8,54.5302,51.5092,57.4153,5.9061,27,20.6406,18.4979,21.3416,13,71.0077,64.0585,73.7373,5,53.859,39.1849,59.1209,20,61.9678,54.2087,65.4528,8,35.9371,30.3455,38.221,13,44.6221,32.6447,45.8739,20,37.8177,37.6193,38.0162,8,32.6167,31.1588,47.7828
Uzbekistan,UZB,2015,8,57.4782,54.9538,59.9098,4.956,27,20.8852,20.2845,23.6063,13,70.8147,61.7423,71.5609,5,51.6188,39.9847,56.9269,20,63.6637,53.8701,65.2457,9,40.5988,37.5688,40.8186,13,47.3162,41.3033,53.3292,20,39.2708,39.1377,39.4039,8,40.74,32.1935,47.202
Uzbekistan,UZB,2016,8,57.6072,54.7412,60.3542,5.613,27,22.9882,21.4974,25.0204,13,70.7879,62.299,71.6715,5,51.1786,38.9735,56.2755,20,65.5499,53.9737,66.0737,6,39.8773,33.5357,43.2702,13,42.5688,34.9043,48.42,20,38.9159,38.7668,39.0649,8,43.8529,29.5118,46.3868
Uzbekistan,UZB,2017,7,57.919,55.1439,60.5828,5.4389,27,24.3869,23.0643,27.1369,,,,,5,49.6375,35.197,55.6087,20,61.8828,52.9719,64.7891,7,43.3813,33.9541,44.0902,11,43.5865,34.8027,49.9902,20,41.8801,41.8644,41.8957,7,42.7308,37.1363,50.1642
Uzbekistan,UZB,2018,6,58.0275,55.6699,60.3044,4.6345,27,26.9079,24.6925,28.6967,,,,,,,,,13,62.0762,54.5082,70.2508,8,38.7439,34.8845,44.8265,11,45.5369,41.4028,55.506,20,36.7053,36.4568,36.9539,8,45.3777,38.7268,50.3376
Uzbekistan,UZB,2019,6,60.4007,58.2168,62.5167,4.2999,27,27.3193,26.1415,30.0683,,,,,,,,,13,64.4308,56.758,71.3869,8,40.3829,35.3788,45.3957,11,46.8604,42.7285,56.6622,20,38.2363,38.0567,38.416,8,48.7948,40.5949,51.7703
Uzbekistan,UZB,2020,6,62.8789,61.0625,64.6493,3.5868,27,29.0022,27.8119,31.4912,,,,,,,,,13,64.1764,59.9195,71.8788,9,43.7526,41.2143,46.9931,11,53.2024,50.7801,64.5599,42,38.595,36.7615,40.3051,8,49.8253,42.7633,53.3705
Uzbekistan,UZB,2021,6,64.4935,62.6971,66.2455,3.5484,27,31.5602,29.0771,32.7927,,,,,,,,,13,66.5216,59.7187,72.4378,7,43.2638,41.7286,52.1158,11,57.7205,51.5466,64.2312,42,38.5536,36.8617,40.1326,8,48.4714,44.9266,52.3924
Uzbekistan,UZB,2022,8,66.0195,64.6774,67.3369,2.6595,28,34.2721,33.2753,39.0475,14,70.6269,67.5507,75.0068,11,70.1101,64.2971,72.6052,19,66.0867,60.6511,67.0986,8,46.7408,46.1119,54.0749,13,58.4822,55.3872,62.1321,42,39.1171,37.3237,40.7176,10,48.5631,47.2801,49.8129
Uzbekistan,UZB,2023,8,62.443,60.3314,64.4923,4.1609,28,35.0543,33.9754,39.135,11,68.4024,63.3831,72.0058,10,61.2828,56.8977,65.0377,16,64.1184,57.6211,64.8437,8,49.4895,46.054,54.1293,13,53.1748,46.0586,63.9408,36,33.2442,32.8927,33.5956,8,44.9235,40.5607,50.5111
Uzbekistan,UZB,2024,8,58.4385,56.5188,60.3046,3.7858,28,36.3629,34.0388,39.6561,13,65.6634,63.2085,69.2122,10,48.427,45.7331,52.9894,17,60.75,54.6166,62.629,8,53.2008,48.7923,56.461,17,53.4522,49.9252,57.5249,36,27.5352,27.4407,27.6298,8,38.7137,38.0329,51.4851
Uzbekistan,UZB,2025,8,58.2293,56.4511,59.9612,3.5101,28,38.6649,35.0727,40.5437,13,64.7676,61.403,68.2888,10,41.614,40.2163,47.6623,17,59.4507,51.5361,59.9183,8,52.465,48.1768,55.7837,17,55.6139,52.2804,59.0276,36,19.354,19.0804,19.6276,8,50.0911,43.4909,53.7676
Venezuela,VEN,2009,8,32.1252,28.8532,35.1931,6.3399,28,21.5505,20.2873,22.5293,17,34.8516,30.6156,37.8135,12,26.9175,25.823,28.3543,28,40.9621,33.3016,44.6627,13,31.6958,29.3289,43.7602,7,38.5343,38.0997,47.8121,46,22.3193,20.2779,24.3503,10,39.202,36.9729,40.2653
Venezuela,VEN,2010,8,29.5066,26.4987,32.3353,5.8366,28,20.6274,19.1246,21.4782,19,28.5001,26.6475,30.6852,12,27.5993,26.475,29.0361,28,36.7949,31.3661,43.3093,15,31.6075,27.4303,38.0989,7,43.4892,37.7116,48.0122,46,19.9506,17.9673,22.0759,10,38.9631,36.6772,40.1329
Venezuela,VEN,2011,8,30.6096,27.8768,33.1959,5.3191,28,19.142,18.0456,20.4938,19,27.3227,24.9479,29.5203,12,25.2523,24.2863,26.6133,28,44.0076,37.987,48.3274,15,31.1086,27.6643,37.3846,7,47.0909,39.0129,48.9362,44,20.461,18.241,22.6258,10,36.2639,33.9162,37.5592
Venezuela,VEN,2012,8,29.1926,26.3379,31.8847,5.5468,28,18.0101,17.1718,19.548,19,26.5248,24.3437,28.6788,12,25.6524,24.5644,27.0036,28,44.3088,37.7113,47.9738,15,31.0497,28.4785,38.2948,7,45.263,40.4573,50.6135,42,21.3184,19.0097,23.6813,10,33.3198,30.9226,34.5799
Venezuela,VEN,2013,8,27.5067,24.0008,30.765,6.7642,27,18.756,17.1283,19.8138,19,22.0461,18.604,23.9459,12,28.0686,27.0323,29.4565,28,42.1462,36.7278,46.6867,16,33.4459,29.1537,38.0238,7,46.9445,40.9442,51.587,36,20.172,17.4189,23.1426,9,29.2832,22.4954,34.7122
Venezuela,VEN,2014,8,25.5447,22.3512,28.5258,6.1746,27,15.3441,13.6713,16.5469,19,16.7904,13.5148,19.9722,12,30.9961,30.0108,32.3187,28,40.3319,38.0896,47.7635,16,32.4139,26.089,34.977,7,49.0416,41.3755,52.207,36,17.0269,13.9875,20.4616,10,32.4791,30.6981,34.6272
Venezuela,VEN,2015,8,22.374,18.7941,25.6768,6.8827,27,14.5435,12.8013,15.4582,19,14.5411,10.0991,17.6054,12,30.9939,29.9221,32.263,28,39.2321,37.4332,46.421,16,29.6719,26.0686,33.6818,7,43.293,41.6401,53.0504,34,19.6343,15.8926,23.2485,10,32.7452,30.8782,34.8686
Venezuela,VEN,2016,8,22.4838,19.2263,25.5107,6.2844,27,12.5245,10.4558,13.1934,19,9.6598,8.493,15.8944,12,29.694,28.6352,30.9501,28,38.304,36.1884,44.4825,11,32.047,29.1886,35.3375,7,48.4192,42.3066,53.0206,34,19.1152,15.3328,23.112,10,35.3123,33.6144,37.0669
Venezuela,VEN,2017,7,18.943,15.5802,22.0474,6.4672,27,11.5523,9.6791,12.3903,16,4.1763,1.5877,14.4035,12,31.4814,30.3863,32.6897,28,38.5667,35.9697,41.7171,10,28.9663,27.002,33.5141,,,,,31,14.5012,10.9678,18.0549,9,37.4105,34.4827,38.6536
Venezuela,VEN,2018,7,14.1137,9.5511,18.1767,8.6256,27,8.4982,6.9558,9.9312,16,8.9172,3.3869,15.0064,11,25.9495,18.4819,27.1335,26,31.1453,26.0091,34.309,8,31.1189,28.7078,37.4305,,,,,31,13.5654,10.5394,17.4455,9,33.1474,29.6806,34.369
Venezuela,VEN,2019,7,6.8435,1.7277,11.2578,9.5301,27,7.0202,5.5482,8.328,16,0.0,0.0,10.0801,11,22.377,18.6358,27.5455,26,32.3911,26.7435,35.0897,9,35.3096,29.221,37.8842,,,,,31,13.6313,9.9764,17.0462,9,25.6252,21.238,27.2051
Venezuela,VEN,2020,7,11.7317,4.8906,17.4627,12.5721,27,5.7929,4.5354,7.6061,13,14.9454,1.0078,19.601,11,27.8039,18.5883,28.197,26,28.0664,20.9031,31.7187,9,31.337,29.0125,37.3442,,,,,30,14.7117,11.9726,17.745,9,23.251,18.7598,25.8483
Venezuela,VEN,2021,6,15.3627,6.8426,22.3084,15.4658,27,7.5741,5.3096,8.2602,13,23.1116,3.974,23.8928,11,24.8418,18.8888,27.6014,26,29.5518,21.962,32.6184,,,,,,,,,30,15.0189,12.0466,18.2512,7,22.2385,9.0305,35.4466
Venezuela,VEN,2022,6,2.4482,0.0,10.4626,10.4626,29,10.7063,8.5401,12.4912,14,8.8729,0.0,19.902,11,20.627,18.1733,23.056,25,25.5354,18.0498,29.689,,,,,,,,,30,12.5988,9.501,15.9139,8,18.7943,5.5553,23.3387
Venezuela,VEN,2023,6,0.0,0.0,8.459,8.459,29,9.8773,7.2617,12.16,14,9.0555,0.0,17.912,11,22.198,19.8176,24.9276,24,29.2259,16.1261,29.8044,,,,,,,,,30,10.8017,7.9613,13.6836,8,11.5356,7.1827,23.7809
Venezuela,VEN,2024,6,6.0036,0.0,13.0165,13.0165,29,8.9664,7.3182,11.6783,16,11.0653,1.839,18.4537,11,23.0049,21.6495,27.418,24,27.1993,17.2224,29.1755,,,,,,,,,30,16.5391,13.5739,19.4218,8,16.7109,3.5617,22.1503
Venezuela,VEN,2025,6,8.9284,0.7067,15.5214,14.8147,29,8.2615,6.9304,11.5621,16,14.2948,2.7521,18.7602,11,21.8059,20.8925,26.6908,24,25.3032,14.8522,28.8696,,,,,,,,,30,19.9934,17.146,23.1236,8,19.4319,5.9946,23.0232
Vietnam,VNM,2009,8,64.1239,63.1277,65.1062,1.9785,28,30.2286,27.7628,30.5874,17,60.5375,59.3599,66.044,12,51.7269,50.7377,52.5896,27,65.9783,65.1788,67.3434,21,55.0139,53.5744,58.3649,16,43.8307,41.82,46.7767,49,44.2877,44.195,44.3803,9,67.0439,65.4129,71.7091
Vietnam,VNM,2010,8,63.6111,62.9799,64.2368,1.2569,28,29.9747,27.5375,29.9757,20,59.6051,58.9169,60.0815,12,52.3292,51.4319,53.313,27,65.7803,65.228,67.2271,21,51.0714,47.975,52.5058,16,45.8669,44.6974,49.7823,49,46.8102,46.604,47.0164,10,64.5708,63.4328,65.703
Vietnam,VNM,2011,8,61.59,60.9556,62.2186,1.263,28,28.9099,27.9746,30.6357,20,59.5322,58.8641,59.8775,12,47.5273,46.5181,48.4891,27,65.2342,64.7691,66.6399,21,45.3111,44.1549,48.6582,16,48.382,46.1023,50.9883,49,45.7335,45.5757,45.8912,10,62.072,60.8432,62.9647
Vietnam,VNM,2012,8,60.1615,59.5377,60.7798,1.2421,28,29.477,28.5563,31.0819,20,59.7638,59.0846,60.2344,12,46.3382,45.4329,47.3405,30,64.8283,64.2348,65.6096,21,41.9091,41.065,45.5811,16,48.5265,46.9276,51.6777,49,43.0735,43.0355,43.1116,10,59.943,58.6006,60.8272
Vietnam,VNM,2013,8,59.7465,59.1321,60.3553,1.2232,28,30.7017,29.1242,31.7335,20,59.9041,59.2323,60.3886,12,45.9836,45.0054,46.8549,30,63.5707,62.9856,64.364,22,38.7097,36.9151,40.1461,16,49.7127,48.2426,52.1203,49,42.3293,42.3247,42.3338,9,60.8799,58.0667,62.3509
Vietnam,VNM,2014,8,60.1116,59.6056,60.6138,1.0082,28,31.0919,30.0352,32.6038,20,61.1497,60.5134,61.6423,12,43.6317,42.7232,44.5187,30,63.5019,62.8041,64.3099,22,38.2557,36.5449,39.5832,16,50.5043,48.674,52.317,49,43.8763,43.8022,43.9505,10,61.8063,60.8645,62.7877
Vietnam,VNM,2015,8,60.7031,60.1523,61.2496,1.0973,28,31.6857,30.7909,34.2304,20,62.043,61.4274,62.5135,12,41.4416,40.457,42.4391,30,63.112,62.4602,63.9063,22,40.9894,38.6942,41.9049,16,51.5576,48.6578,52.8213,49,44.1732,44.0857,44.2607,10,62.1945,61.1031,63.2664
Vietnam,VNM,2016,8,60.43,59.5764,61.273,1.6966,28,32.4573,31.5081,34.5206,20,63.1863,62.5607,63.6693,12,38.6572,37.6162,39.6839,30,62.4415,61.7843,63.1856,18,40.4247,38.6477,46.9486,16,52.9562,51.5446,55.3901,49,41.9954,41.9849,42.0058,10,63.0403,61.9252,64.2394
Vietnam,VNM,2017,8,60.3252,59.3256,61.3103,1.9847,27,33.3773,32.4256,35.0248,16,58.2952,56.8542,64.0415,12,37.6095,36.6064,38.6989,30,61.6254,60.7169,62.1775,22,41.2742,39.3747,44.1453,15,56.4041,51.4856,58.1142,49,44.4376,44.3382,44.5371,10,62.6839,61.5393,64.1201
Vietnam,VNM,2018,8,60.8114,59.7378,61.8684,2.1306,27,33.5538,32.3678,35.5992,16,60.5863,57.9744,65.0164,11,36.8614,35.4947,42.7883,30,62.0762,60.9317,62.7535,22,42.6936,40.8995,45.9012,15,56.6658,54.0453,59.3074,49,45.0604,44.933,45.1879,10,60.8498,59.6692,62.104
Vietnam,VNM,2019,8,60.3418,59.1536,61.5097,2.3561,27,32.607,31.5082,34.3554,16,60.2973,58.4082,65.1222,11,38.0672,36.561,44.129,30,63.3618,62.1462,63.8165,22,42.8048,39.8824,46.5437,15,52.3194,48.7657,55.873,49,44.7584,44.6445,44.8722,10,60.8533,59.6531,62.0389
Vietnam,VNM,2020,8,62.5,61.4322,63.5515,2.1193,27,33.3224,31.72,34.8888,13,62.559,59.291,65.8662,11,43.4183,39.7749,47.6014,30,66.2751,65.1016,66.6361,22,42.7648,39.8709,45.3709,15,55.4721,52.4442,58.5,43,45.9813,45.9319,46.0307,10,59.267,58.0979,60.4584
Vietnam,VNM,2021,8,68.7416,67.5534,69.9109,2.3575,27,32.0865,31.157,33.9336,14,70.0703,65.2692,71.0181,11,54.8084,46.9404,58.1772,30,71.8383,70.8796,72.4856,15,42.1125,37.3762,42.9491,15,62.994,58.7276,65.274,43,58.9979,57.3575,60.515,9,58.4008,57.5607,63.3899
Vietnam,VNM,2022,8,69.6345,68.6439,70.612,1.9681,29,34.3937,32.2732,36.3244,14,66.0605,65.5006,71.1178,11,52.6837,51.3009,59.3339,29,73.8205,72.0842,74.1001,15,41.7812,39.0648,44.5675,15,65.3745,60.1201,66.9636,43,63.1457,61.5206,64.6048,10,61.3578,60.3487,62.5268
Vietnam,VNM,2023,8,70.8578,69.7278,71.971,2.2432,29,35.0076,32.9381,36.7296,14,69.5512,65.1474,70.8268,11,51.5082,50.0578,56.6532,28,74.0893,72.7683,75.24,15,45.2457,41.1733,46.473,15,67.0689,64.1655,74.1579,41,62.7475,60.9049,64.596,9,61.4246,58.1313,62.4274
Vietnam,VNM,2024,8,73.1474,72.2579,74.0266,1.7687,29,36.6146,34.5091,38.3116,16,68.8031,67.099,70.2264,11,61.8276,55.0312,62.6276,28,75.0903,74.1423,76.5965,15,49.5121,44.9624,51.1601,18,68.049,63.2842,68.5504,41,62.9639,61.2035,64.8157,9,61.8773,58.2778,62.8144
Vietnam,VNM,2025,8,72.9491,72.0689,73.8193,1.7504,29,38.8594,36.3127,39.9643,16,71.6963,68.7743,71.8258,11,54.3499,52.5386,61.7887,28,75.2168,73.9153,76.3135,16,51.5542,50.1569,53.7744,19,66.5448,63.9236,67.6943,41,61.0278,58.9983,63.0161,9,62.9659,61.1181,66.2514
Yemen,YEM,2009,8,39.4661,35.4274,43.2241,7.7967,25,23.805,22.0718,26.5269,12,44.7281,32.5066,45.361,5,41.5754,35.4119,55.4676,19,28.1807,24.8391,38.1844,7,31.9247,23.3572,36.6258,5,44.8322,36.6528,47.0874,46,14.447,12.9663,15.8697,8,57.6336,52.2868,61.8387
Yemen,YEM,2010,8,37.7135,33.774,41.3799,7.6059,25,22.6013,20.1508,25.1588,13,40.906,35.3021,46.1676,5,40.7351,35.0668,54.5382,19,29.6907,24.2205,38.3209,7,27.6703,22.8496,37.7598,5,43.1536,38.3668,45.0936,46,14.2449,12.7737,15.7229,9,60.6033,56.8389,63.2757
Yemen,YEM,2011,8,37.7967,33.9598,41.3744,7.4146,26,21.2213,19.1709,22.9605,12,39.0936,32.7491,46.234,5,48.7964,34.6727,54.6114,19,26.7399,25.4145,37.9293,8,31.0413,22.4664,32.7815,5,42.4729,37.6023,44.774,41,13.4831,11.9188,15.5934,9,58.09,54.9654,61.249
Yemen,YEM,2012,8,30.1947,27.7498,32.521,4.7712,27,17.2702,15.7665,19.2587,18,19.689,16.3575,24.8575,12,49.1143,47.9924,49.8457,27,23.5467,20.9554,26.2461,12,29.9339,26.8306,35.4828,6,41.6105,36.85,44.2662,41,13.7039,12.0295,15.5445,10,58.277,57.1248,59.237
Yemen,YEM,2013,8,31.5291,29.1197,33.8253,4.7056,27,17.6459,16.3781,19.7295,18,23.7198,20.5988,28.5773,12,47.3424,46.2034,48.3421,27,24.2191,22.9698,28.0283,13,28.3378,27.7427,36.0295,6,38.8086,36.3239,44.3045,40,16.7468,14.5982,18.8076,9,60.6265,56.4585,61.6451
Yemen,YEM,2014,8,32.4884,30.3407,34.5467,4.206,27,15.6017,14.8187,17.9755,18,26.2133,23.4513,30.5246,12,48.5659,47.4632,49.5481,27,26.4784,25.0681,29.7173,13,31.5287,28.0656,35.8541,6,40.1294,34.4675,43.1611,39,15.0758,13.3162,16.9875,10,56.4302,55.5012,57.5137
Yemen,YEM,2015,8,31.5136,29.368,33.569,4.201,27,13.1948,12.01,14.9997,18,28.2335,24.1594,31.609,12,47.6047,46.5298,48.5687,27,28.4461,27.4554,31.0,13,32.5368,28.0111,36.0239,6,41.2724,35.0011,43.5001,38,11.1384,9.4165,12.9984,10,52.5044,51.4059,53.6866
Yemen,YEM,2016,7,31.4936,29.6511,33.2691,3.618,27,8.1552,7.2219,10.5716,18,28.2224,23.9931,31.0738,12,46.6121,45.544,47.5135,27,31.6251,29.3937,32.8549,,,,,6,40.1862,34.0762,43.0637,38,10.2421,8.6359,11.9881,10,49.2079,48.0976,50.5188
Yemen,YEM,2017,7,28.2714,24.393,31.8518,7.4588,27,6.3757,5.5741,8.7379,15,14.3147,13.2575,33.5144,12,41.3974,40.3865,42.4112,27,32.0219,31.3187,34.9125,6,44.6632,40.1064,46.2443,,,,,31,10.9707,8.6438,13.5511,8,51.1155,46.7228,54.2027
Yemen,YEM,2018,7,32.6019,30.0092,35.0658,5.0566,27,5.8145,4.0344,7.1489,15,26.7953,23.5375,34.5858,11,44.7563,38.7149,47.454,26,33.89,31.8265,35.7653,6,44.5741,40.3917,47.191,,,,,31,12.2598,10.0039,14.6595,8,46.3956,41.987,49.8549
Yemen,YEM,2019,7,33.3018,30.9335,35.563,4.6295,27,4.0555,2.91,5.8891,15,31.4886,23.8142,33.0027,11,42.0219,37.607,48.646,27,34.5785,32.5829,36.4782,6,45.0917,41.473,48.5424,,,,,31,11.3498,9.1545,13.7956,10,46.2237,44.3064,47.698
Yemen,YEM,2020,7,35.323,32.5635,37.9418,5.3783,27,3.6873,2.0779,5.2842,11,35.4757,25.9861,39.9805,11,44.9728,40.5929,51.9544,26,35.0994,33.1795,36.5859,6,44.6993,41.3603,49.2867,,,,,31,13.8886,11.4917,16.6124,10,44.1432,42.09,45.6897
Yemen,YEM,2021,6,35.8075,33.0702,38.4071,5.3369,27,2.9083,1.2832,4.3662,11,35.5842,28.2543,42.3953,11,48.2599,41.7695,53.148,26,36.0628,33.4261,37.1795,5,42.776,37.9504,45.9221,,,,,29,13.5825,10.8776,16.1068,,,,
Yemen,YEM,2022,6,36.1398,33.6221,38.5411,4.919,25,6.0623,3.1852,9.2666,12,36.2816,25.9223,39.1585,11,43.9608,39.9708,47.3207,25,33.6177,31.4658,35.5475,5,46.6349,42.7274,50.5423,,,,,29,13.4763,10.7864,16.0927,,,,
Yemen,YEM,2023,7,35.2328,31.9775,38.2938,6.3163,25,6.0023,4.4957,11.2049,12,37.6232,24.6359,39.1892,11,45.1821,38.025,47.3696,24,32.3791,29.8184,33.776,5,42.9352,38.0464,46.0377,5,45.7131,38.2582,52.1963,29,11.5247,9.0521,13.9607,,,,
Yemen,YEM,2024,7,31.0434,27.6687,34.1984,6.5297,26,11.1769,7.0719,13.3876,13,32.5217,21.9049,36.1022,11,37.6458,35.7669,42.4083,24,29.3823,27.5177,32.2739,5,41.3948,37.3456,45.2654,8,43.004,37.0674,49.6391,29,11.4481,8.6226,14.4336,,,,
Yemen,YEM,2025,7,28.802,25.3372,32.0287,6.6915,26,13.5708,8.9756,14.6235,14,29.7567,20.9398,35.589,11,35.0115,32.3002,39.1082,24,29.1257,27.0733,31.319,5,44.0188,37.4081,45.5944,8,42.0733,37.3492,49.1261,29,4.9705,2.6358,7.8514,,,,
Zambia,ZMB,2009,8,61.0119,59.4708,62.5191,3.0483,26,52.8269,51.3276,55.8593,15,66.4802,60.5207,70.7682,12,62.1363,61.107,63.0167,30,66.5682,65.7629,67.3865,14,44.6073,41.1953,53.6635,15,27.8389,24.6931,30.3114,50,29.245,28.3456,30.0344,9,54.4136,52.8277,55.832
Zambia,ZMB,2010,8,59.5392,58.4045,60.6551,2.2506,26,53.4842,50.2695,55.0726,17,64.3812,62.0434,69.1858,12,62.1223,61.1942,62.9879,29,64.9646,63.6352,65.5514,16,39.0766,33.6332,41.195,15,28.1392,26.1267,31.6914,49,28.4048,27.5149,29.1989,10,55.2693,54.0572,56.206
Zambia,ZMB,2011,8,58.917,57.8265,59.99,2.1635,28,52.5708,50.3154,53.5586,17,64.8512,62.3559,69.0442,12,59.0414,58.1114,60.0064,29,65.3421,64.8432,66.6013,16,33.4324,30.8214,38.5929,15,30.1811,26.0584,31.2639,49,31.7949,30.9053,32.6304,10,54.7594,53.5846,55.6879
Zambia,ZMB,2012,8,60.0136,58.9801,61.0316,2.0515,28,51.4492,49.814,53.1583,17,65.2072,62.4856,69.6633,12,61.7961,60.9778,62.7212,29,65.6509,64.8929,66.8408,18,29.9339,29.3784,35.8902,15,34.0948,30.3841,35.5494,48,36.2892,35.296,37.2339,10,54.8276,53.5925,55.8191
Zambia,ZMB,2013,8,60.6841,59.6799,61.6738,1.9939,28,52.293,49.8995,53.1953,17,64.4053,63.0658,69.7125,12,65.2235,64.2149,66.1196,29,64.9543,64.3935,66.3083,19,31.8984,30.0205,34.4013,15,33.3129,31.2211,36.8207,48,37.9545,37.0692,38.9482,9,54.1789,53.0509,57.8578
Zambia,ZMB,2014,8,62.3469,61.3936,63.2874,1.8938,28,51.5721,48.7547,52.3662,18,66.2582,65.2914,70.999,12,68.1105,67.0919,68.9137,29,64.8889,63.7538,65.6357,19,30.552,28.6448,33.0331,15,36.0192,33.6537,40.5214,47,39.2059,39.0699,39.3419,9,58.0674,54.618,60.0921
Zambia,ZMB,2015,8,62.4088,61.5122,63.2939,1.7817,28,51.2879,49.1853,52.2905,18,67.5933,64.1701,69.6535,12,69.3782,68.4064,70.164,29,63.2253,62.5749,64.533,19,30.5668,27.5533,32.034,15,36.9852,33.493,40.277,41,40.5553,40.48,40.6306,10,55.728,54.6339,56.8358
Zambia,ZMB,2016,8,62.4013,61.4334,63.356,1.9226,28,51.2719,48.8171,52.2863,18,65.287,63.7088,69.1583,12,70.4737,69.4711,71.241,29,62.5035,61.756,63.72,15,30.2346,25.9623,34.507,17,39.6475,36.6304,40.8607,41,38.209,38.0281,38.3899,10,58.0348,56.9439,59.0202
Zambia,ZMB,2017,8,59.9786,58.9583,60.9839,2.0256,28,49.3558,46.6512,50.2356,15,69.1766,63.0371,70.4062,12,66.6871,65.7213,67.4679,29,61.4169,60.6051,62.577,16,20.065,18.7885,26.2919,17,40.5563,39.5022,41.619,41,37.046,36.8128,37.2793,10,55.3184,54.2886,56.3718
Zambia,ZMB,2018,8,54.3213,53.0643,55.5542,2.4899,28,46.5078,45.7544,49.2371,15,66.0097,60.5805,68.8635,12,46.8328,43.8312,49.3838,29,57.4661,56.3014,58.3116,16,19.6455,18.0631,25.4124,17,42.0849,41.052,43.0558,41,32.0881,30.707,33.7661,10,53.242,52.2293,54.2196
Zambia,ZMB,2019,8,53.9854,52.7992,55.1501,2.3509,28,46.9422,46.1325,49.6136,15,66.0276,58.9539,67.4615,12,47.6719,43.6956,49.3362,29,58.0438,56.6068,58.4659,17,21.6799,19.612,25.2727,17,39.593,38.6265,40.626,41,30.9575,29.4545,32.4189,10,51.0281,49.8183,52.0339
Zambia,ZMB,2020,8,51.9487,50.6476,53.2232,2.5756,28,48.3189,45.3289,48.8892,12,59.7024,56.7954,65.81,12,48.6428,45.3999,50.863,29,56.9954,55.9048,57.9253,17,17.3739,14.6661,21.0898,17,43.6553,42.7336,44.7238,42,27.2026,25.7251,28.7078,10,50.3995,49.388,51.384
Zambia,ZMB,2021,8,52.7399,51.1075,54.3311,3.2236,28,47.4105,44.7466,47.9655,13,57.4558,55.8741,63.9905,12,54.6734,51.8399,57.507,30,57.5747,56.4402,58.3419,14,19.1174,17.4401,22.1207,17,43.6095,42.7279,44.6054,42,28.4366,26.9819,30.0021,8,49.1324,42.8243,54.9043
Zambia,ZMB,2022,8,54.3902,53.253,55.5075,2.2545,29,48.7272,46.2294,50.5339,14,64.1456,56.7076,64.4678,12,52.4251,50.7539,53.7106,28,58.6454,57.0089,59.3302,13,19.4584,14.547,20.7781,17,47.0363,46.206,48.0191,41,30.0296,28.569,31.6156,10,45.4725,44.1764,46.878
Zambia,ZMB,2023,8,54.11,52.6091,55.5764,2.9673,29,53.0087,49.8844,53.7841,14,63.0566,58.9677,65.7879,12,51.362,49.1872,51.9155,28,59.8193,58.3664,60.794,12,19.5611,14.5392,20.547,17,41.725,36.7058,45.5358,39,32.5406,30.8033,34.0504,9,44.3515,39.3595,47.219
Zambia,ZMB,2024,8,54.3026,52.96,55.6176,2.6576,29,54.573,51.1613,55.5385,15,61.2085,59.4581,65.4704,12,52.2531,50.424,52.9104,28,60.5032,58.8482,61.0057,12,19.3196,14.8892,20.413,17,39.9525,37.2743,45.247,39,33.6392,31.9733,35.4425,9,45.7585,41.2035,48.444
Zambia,ZMB,2025,8,60.1923,59.0497,61.3159,2.2662,29,53.8342,51.117,55.5178,15,70.6747,65.3788,71.1801,12,63.7961,61.7235,64.3426,28,63.5119,61.9479,64.1027,12,17.7657,16.2346,22.3911,20,32.5786,29.1044,34.3992,39,47.2983,47.1897,47.407,9,52.5652,46.2105,53.2909
Zimbabwe,ZWE,2009,8,30.6178,27.7447,33.3293,5.5846,28,17.8437,17.1498,20.6301,16,24.3649,17.9611,28.0979,12,46.1568,45.1819,47.262,27,36.5515,34.5854,37.8106,12,48.7157,44.4034,53.8792,6,34.6451,30.0496,41.3363,38,21.0614,19.1901,23.2075,10,23.7924,19.9932,26.2719
Zimbabwe,ZWE,2010,8,30.8192,28.3841,33.1376,4.7535,28,22.4853,19.5879,22.9837,18,24.8818,21.8544,28.1164,12,45.3534,44.4074,46.4042,27,36.2153,34.8517,37.7384,14,44.7132,41.26,48.6286,7,31.9632,28.0164,40.0441,38,22.1283,20.2642,24.1088,10,27.2541,24.0844,29.1516
Zimbabwe,ZWE,2011,8,38.0762,36.2766,39.817,3.5404,28,25.5125,23.2407,26.5718,18,33.4039,32.3753,36.9078,12,43.2086,42.2666,44.283,27,39.9626,39.1825,41.783,14,42.3069,39.5432,45.8741,7,38.9637,30.4227,41.6005,38,26.5314,24.6963,28.6894,10,33.4143,30.9171,34.7938
Zimbabwe,ZWE,2012,8,38.591,36.7564,40.3648,3.6084,28,24.2149,23.6765,27.1966,18,35.0005,34.0103,38.9502,12,44.6903,43.7555,45.7693,29,41.7334,40.8979,43.1305,14,37.617,36.7277,43.28,7,37.073,32.3001,43.7601,38,30.09,28.1737,32.1231,10,34.897,32.6082,36.3168
Zimbabwe,ZWE,2013,8,37.5629,35.6219,39.4352,3.8133,28,26.7194,24.2639,27.4975,18,35.4409,34.5076,39.5843,12,42.9069,41.9357,43.9494,29,41.6758,40.8268,42.9697,13,37.4739,35.493,43.7875,9,36.3635,31.376,42.3239,38,28.8841,27.1229,30.5769,10,31.8336,29.5577,33.8585
Zimbabwe,ZWE,2014,8,40.5783,38.7118,42.3834,3.6716,28,26.2336,25.6466,29.029,18,41.6587,39.3839,43.9334,12,40.9841,40.0327,42.0984,29,42.1879,41.3959,43.483,13,39.4037,34.5021,41.6711,9,39.1163,30.3235,42.189,38,33.0928,31.3312,34.9891,10,30.7833,28.6896,32.811
Zimbabwe,ZWE,2015,8,38.5397,36.5615,40.4474,3.8859,28,28.4232,26.9793,30.358,18,38.7441,36.9256,41.6119,12,41.3286,40.36,42.4159,29,43.2423,42.5067,44.647,13,35.3313,32.4923,41.0031,9,40.1404,30.4401,41.6075,38,27.4477,25.6329,29.4001,10,30.5941,28.5068,32.4187
Zimbabwe,ZWE,2016,8,37.4829,35.5551,39.3429,3.7878,28,31.932,29.0118,32.4497,18,38.7997,36.6546,40.9448,12,39.4535,38.4305,40.5983,29,43.182,42.4768,44.6244,11,34.8575,30.5374,39.1776,9,33.9529,30.231,41.3336,38,27.092,25.4582,28.8593,10,31.8923,29.9749,34.0534
Zimbabwe,ZWE,2017,8,38.3322,35.648,40.8879,5.2399,28,29.6351,28.9669,32.3773,15,39.5934,35.0165,44.8117,12,39.7857,38.8335,40.8617,29,45.5017,44.6966,46.5318,13,33.1347,31.2847,39.6488,9,32.3539,28.658,45.0983,38,28.0819,26.3347,29.9664,10,35.7639,33.7984,36.9301
Zimbabwe,ZWE,2018,8,40.2393,37.6022,42.7551,5.1529,28,32.1312,30.3123,33.6768,15,38.3214,32.6142,42.6071,11,35.1924,29.8996,39.1767,29,45.4687,44.221,46.6236,13,38.2448,32.7674,41.0564,9,42.6976,30.5622,45.6811,38,28.6431,26.8425,30.3644,10,32.0744,29.9391,33.3399
Zimbabwe,ZWE,2019,8,38.4611,35.8458,40.9544,5.1086,28,29.9641,29.2307,32.6692,15,39.3747,37.4297,46.5589,11,36.2713,30.5617,38.5078,29,48.5596,47.4373,49.6572,14,35.857,35.0983,42.4022,9,39.586,30.2287,45.9617,38,27.5363,25.7515,29.4922,10,27.0457,24.6625,28.5984
Zimbabwe,ZWE,2020,8,42.5399,39.8359,45.1197,5.2838,28,30.9816,28.9444,32.3334,12,42.2424,35.8462,47.3375,12,38.7659,33.7145,41.3483,29,52.1406,51.1047,53.1058,14,41.1776,33.4511,41.9066,9,44.1394,28.2988,45.2284,37,27.5937,25.6928,29.2796,10,25.1347,22.3391,26.9132
Zimbabwe,ZWE,2021,8,41.2701,38.4427,43.96,5.5173,28,29.1639,28.3468,31.8288,12,41.8387,37.8388,49.4269,11,37.7275,34.6052,42.6132,29,53.6488,52.467,54.408,11,40.5069,36.0088,46.8556,9,40.4399,29.305,44.4627,37,29.0565,27.2675,30.7685,8,23.3695,18.6638,26.0159
Zimbabwe,ZWE,2022,8,42.3206,39.2946,45.1916,5.897,28,29.2729,25.8135,31.7229,12,38.747,37.1042,49.3627,11,40.1306,34.9713,42.7368,26,53.5787,52.6488,55.257,11,45.6944,34.834,48.0861,9,43.4486,29.0861,45.4449,36,27.3581,25.3789,29.0987,9,22.8476,21.2242,24.8351
Zimbabwe,ZWE,2023,8,49.6781,47.1121,52.1404,5.0283,29,30.7683,28.0607,32.433,12,56.0864,43.0014,56.6811,12,41.3615,39.7332,42.4298,26,56.4603,55.9673,58.2163,12,43.7635,33.753,46.1126,9,43.9724,36.1445,48.9002,35,40.5162,40.3197,40.7127,8,23.1518,18.4647,29.8596
Zimbabwe,ZWE,2024,8,49.2814,47.0002,51.48,4.4798,29,30.846,27.8884,32.2265,14,57.4287,48.9545,59.0698,12,44.3729,42.821,45.3014,26,58.7851,57.3529,59.8644,12,36.4728,33.9251,45.9022,12,44.7289,38.3387,47.2069,35,37.9394,37.6269,38.2519,8,23.5459,17.8589,29.7295
Zimbabwe,ZWE,2025,8,49.1523,46.8616,51.3596,4.498,29,32.8423,29.7126,34.1718,14,55.2172,50.6438,59.4938,12,43.063,41.1691,43.7852,26,58.0799,56.7513,59.4779,12,42.2221,33.6596,46.9564,12,42.0198,37.8893,46.6211,35,33.4667,31.1531,35.4618,8,26.4918,20.7992,31.5019
