country,iso,year,n_obs_vars,banking_scaled,index_lower_scaled,index_upper_scaled
Hong Kong,HKG,2025,17,95.9952334742791,92.2956920801531,95.9952334742791
Switzerland,CHE,2025,19,95.9952334742791,94.5940279375346,95.9952334742791
Japan,JPN,2025,15,95.2901071051677,89.8353533358454,95.9952334742791
Denmark,DNK,2025,20,93.5626595287788,91.5818413149536,95.9261264368566
Luxembourg,LUX,2025,20,92.460412567642,89.6839103248453,93.9272537723795
South Korea,KOR,2025,17,90.1160670877338,86.4154054669285,92.5504765702688
United Kingdom,GBR,2025,16,89.9832782605125,86.2667723600409,95.8745905276924
Canada,CAN,2025,17,89.8211106569244,84.8035540231843,93.2440610614259
France,FRA,2025,18,88.4168431494348,84.3835676684577,93.601286057199
Australia,AUS,2025,19,87.8258458876854,84.8149803845726,89.5382350772571
China,CHN,2025,14,87.3347327308709,82.328867562922,91.3726318418323
Singapore,SGP,2025,14,85.6545728567663,85.0872656443901,91.8368579537984
Spain,ESP,2025,20,83.7816020295929,82.97723879363,87.1086038075203
Moldova,MDA,2025,14,83.5505631050959,72.0556861736309,83.8763507201771
Iceland,ISL,2025,20,82.7238235054304,78.906176052807,84.0194570953338
Malaysia,MYS,2025,19,82.6138270125746,80.2744064878974,84.3779463287558
United States of America,USA,2025,14,81.9568723465292,74.6178153270772,88.4943269867415
New Zealand,NZL,2025,12,81.7039760138638,75.953123959858,86.6866974418742
Israel,ISR,2025,18,81.2198473708694,76.2189611918681,86.038953873202
Sweden,SWE,2025,19,81.1521253702953,78.7599885661857,83.0646854459216
Portugal,PRT,2025,20,80.859458329183,79.3102169989397,83.2615384942002
Finland,FIN,2025,20,80.7479476642464,77.5887062939934,82.3822182040383
Norway,NOR,2025,19,80.6687076417942,77.7655636002143,83.1285735261276
Austria,AUT,2025,20,79.6533693358453,77.2622906275405,81.2040422597654
Italy,ITA,2025,20,79.4815404061849,77.2045709641625,80.9201244376839
Armenia,ARM,2025,17,77.5099803262944,72.7063557315762,82.8708837759288
Brunei,BRN,2025,8,77.3563744848849,70.6444829631729,84.2882947706829
Belgium,BEL,2025,20,77.1977272173279,74.8164730757798,78.6937937434582
Brazil,BRA,2025,20,76.3969643482913,73.7114013501745,77.7476080706295
Bhutan,BTN,2025,15,75.8685135463023,71.6874859895093,80.8517128124951
Cyprus,CYP,2025,20,75.6400556675415,75.3351006043245,82.8565662128527
Netherlands,NLD,2025,17,74.7759275821974,74.4152878126256,81.175055642844
Thailand,THA,2025,21,74.449152699552,72.3465280801016,76.0087157977806
Taiwan,TWN,2025,6,74.0101861241759,61.2664101748668,77.1225016620322
Dominican Republic,DOM,2025,17,73.7503445444038,70.7321585219928,79.7755933319719
Chile,CHL,2025,19,72.5149627130057,69.7018529926294,73.6683595203651
Georgia,GEO,2025,20,71.6771570425424,64.6846579326698,72.067039172633
Malta,MLT,2025,20,71.5683356377687,69.553507694664,73.4243002550483
Kuwait,KWT,2025,20,71.5299254051069,69.0384409410952,73.1405197986117
Slovakia,SVK,2025,17,71.4415247342622,66.9498217843448,74.8110331656254
Panama,PAN,2025,19,71.3324582760811,68.3738667126595,72.5780710374536
Costa Rica,CRI,2025,20,70.9943758516143,68.3684626453395,72.0486172600642
Colombia,COL,2025,19,70.8535051869304,67.5441118163889,71.9868223410732
Cambodia,KHM,2025,18,70.5246346818962,63.4747062030013,73.4756206210248
Barbados,BRB,2025,16,70.5245545773465,65.8557439227825,74.9714003029315
Tunisia,TUN,2025,13,70.1450261224766,66.0706392624915,74.2194129824617
Bulgaria,BGR,2025,20,69.6585802430858,67.0803306115578,71.0971136648211
Oman,OMN,2025,12,68.8717351413415,61.9272835323105,72.4287753046268
Bahamas,BHS,2025,8,68.7148812952076,58.2010184372216,71.3045607672036
Mauritius,MUS,2025,21,68.570711207778,66.7942298498454,69.9402080856876
Bolivia,BOL,2025,20,68.251594214224,65.7545351003641,69.7326089849356
Nepal,NPL,2025,20,68.1489467247508,64.9560244540559,69.0065581769734
United Arab Emirates,ARE,2025,20,67.9229621755752,63.8560761928056,69.4523878676022
Slovenia,SVN,2025,17,67.8371384529276,65.0342322330077,72.492205715246
Poland,POL,2025,17,67.7927096906506,63.6547686149462,71.490644288062
Guatemala,GTM,2025,17,67.208219519233,64.232572664528,70.126279871847
Croatia,HRV,2025,17,66.8283935581846,62.6270576935825,70.3021587034242
Mexico,MEX,2025,19,66.6379825369002,64.1745721420176,68.0665882821064
Turkey,TUR,2025,21,66.5979989982724,64.3879589754902,67.9853580210228
Vietnam,VNM,2025,19,66.544800640792,63.9235664763883,67.6942983653369
Hungary,HUN,2025,21,66.5213835847678,64.6494800492023,67.7010506924068
Egypt,EGY,2025,12,66.1766784715973,61.4028910048403,70.9559519465152
Jordan,JOR,2025,21,66.1755880531451,64.2116385061514,67.6022378538727
Cabo Verde,CPV,2025,14,65.9272654016014,62.2725216731481,68.3621991976494
South Africa,ZAF,2025,21,65.2961498683782,63.299219991273,66.487589094858
Romania,ROU,2025,20,64.6642857767291,62.4490169095465,65.833901625138
Qatar,QAT,2025,11,64.4491221694009,56.4040357720272,68.3061310561473
Trinidad and Tobago,TTO,2025,16,64.3582553710328,60.9360626267097,69.8146548093489
India,IND,2025,21,64.2548075194453,62.1233308517528,65.5610990516457
Somalia,SOM,2025,5,63.9290603788894,56.9303361290815,67.6913981691438
Saudi Arabia,SAU,2025,20,63.9258659255089,63.5461075335262,70.6331193113699
North Macedonia,MKD,2025,17,63.7112095927086,60.8673252802003,67.9299266507379
Philippines,PHL,2025,21,63.6466420064265,61.9470674025017,64.8324356919114
Seychelles,SYC,2025,16,63.541164034829,59.5064206893014,68.4751652950357
Estonia,EST,2025,17,63.4513332516293,60.8960824336054,69.0831920388639
Morocco,MAR,2025,18,63.3822354454055,61.60852176661,67.1743993567017
Namibia,NAM,2025,20,62.9664687632958,60.7648785566677,64.6527656138707
Greece,GRC,2025,20,62.9045082213825,60.7253982698353,63.9698895907028
Argentina,ARG,2025,20,62.8857131686271,58.7597728049765,64.1469000715845
Bahrain,BHR,2025,12,62.787631355832,55.4876699144171,65.3705574602563
Ecuador,ECU,2025,19,62.4020147796714,61.5045704475449,66.1224580818186
Indonesia,IDN,2025,21,62.1290682530706,60.4363294288978,63.2776496297799
Albania,ALB,2025,21,61.9586675010726,60.077466398351,63.0916449671991
Czech Republic,CZE,2025,17,61.9390642099973,58.9546759488252,67.004712800531
Sri Lanka,LKA,2025,18,61.607914457436,57.8714361231172,64.3943157711671
Montenegro,MNE,2025,14,61.1270673916351,60.7151247945851,71.2772004317413
Bosnia and Herzegovina,BIH,2025,20,61.112635678807,59.1695796717778,62.9085688197655
Uganda,UGA,2025,18,60.990762284856,53.8693375729077,62.3337103331223
Germany,DEU,2025,20,59.9600763961319,57.349404777602,61.3355391891959
Honduras,HND,2025,20,59.637192397021,57.7861904051763,61.4682645495189
Lesotho,LSO,2025,16,59.3245262829011,57.9705254145371,63.9005120638023
Latvia,LVA,2025,20,59.3070735363642,56.318616853805,60.3908420560589
Algeria,DZA,2025,17,58.4070224322419,52.9269218969068,61.2784814363493
Bangladesh,BGD,2025,21,58.0840460551621,55.5849687555231,59.6981833386963
El Salvador,SLV,2025,20,57.6366839506019,55.5538901394017,59.2192612101706
Lithuania,LTU,2025,20,57.4205823591286,53.3166568870993,58.5736371228308
Eswatini,SWZ,2025,12,57.114967894573,49.9282256272813,64.958314390101
Peru,PER,2025,19,56.9836552272879,52.1867722846217,58.3948361156541
Iraq,IRQ,2025,16,56.045229910137,49.8269019380304,59.3257034039645
São Tomé and Príncipe,STP,2025,7,55.8173235269543,53.579804753589,58.5746174483275
Uzbekistan,UZB,2025,17,55.6138659497162,52.2804044374327,59.0275811396511
Nicaragua,NIC,2025,17,55.3197513387434,53.3918472266176,63.0741319807488
Turkmenistan,TKM,2025,4,55.0838629362121,49.738872368636,59.4108698800897
Uruguay,URY,2025,21,55.0675106838559,53.0483470141426,56.3003418545468
Belize,BLZ,2025,16,54.9785272754354,49.6554176557453,59.7997810110528
Kazakhstan,KAZ,2025,17,54.1238772748341,45.509946174889,55.0385962884947
Ireland,IRL,2025,20,54.1045024428957,50.9023249687788,55.0382894694445
Central African Republic,CAF,2025,7,53.9405475501003,45.8486309248176,61.6199468570808
Jamaica,JAM,2025,15,53.9117943320446,51.1178297318556,56.6726848964631
Fiji,FJI,2025,9,53.655787770562,46.2803707306882,63.427323456528
Ethiopia,ETH,2025,8,53.1519940413972,43.3118841014995,56.2620203209369
Botswana,BWA,2025,20,53.0714831377038,50.6025280262327,54.4378833078602
Mauritania,MRT,2025,8,52.9811640112741,49.1647192788991,59.8031751562825
Gabon,GAB,2025,16,52.9140111554782,49.826494489157,57.8682969641377
Paraguay,PRY,2025,20,52.4552420021983,49.9602399989217,53.5786382975726
Djibouti,DJI,2025,14,52.3834415195193,46.1450942504459,58.6217887885927
Rwanda,RWA,2025,21,52.18061755775,49.9689187944565,54.6200281540747
Afghanistan,AFG,2025,4,52.0902842444724,47.4419584346235,56.9902744416969
Serbia,SRB,2025,11,52.0187009245553,46.4576335565115,55.1208841399533
Democratic Republic of Congo,COD,2025,13,51.2729609149231,45.9838147464349,59.4516391101653
Mali,MLI,2025,13,50.9224895724301,45.046551145979,53.9944256812144
Mongolia,MNG,2025,19,50.895205242038,46.7469224857939,51.6261938674528
Republic of Congo,COG,2025,9,50.4397029208064,37.6494284862452,51.6096803241463
Papua New Guinea,PNG,2025,13,49.8904290718151,39.1858553993095,53.7950011956803
Tajikistan,TJK,2025,8,49.2203759722768,44.7530896559033,53.8682371256287
Niger,NER,2025,9,48.7663458459609,38.4202998975511,53.1045090816023
Mozambique,MOZ,2025,14,47.7536956124802,42.7723134487199,54.3617932659634
Ukraine,UKR,2025,19,47.7220916081253,39.806236094393,48.7817293367141
Timor-Leste,TLS,2025,5,46.473340443922,42.6640419688902,49.4294033211284
Togo,TGO,2025,9,46.2152290325443,39.8273832839745,53.6815785496031
Azerbaijan,AZE,2025,14,45.7768401748176,37.1367025910682,51.7235048218579
Kyrgyzstan,KGZ,2025,14,45.602313129054,38.6785399422922,51.7470407878884
Kenya,KEN,2025,19,45.2088591495064,42.7695115206716,46.9328226737336
Suriname,SUR,2025,11,44.865631301025,42.9669486306605,54.999852267784
Comoros,COM,2025,11,44.4608710268384,36.2695332720216,50.2735218269187
Côte d'Ivoire,CIV,2025,13,44.1040069311735,40.7739115778858,49.5362988873109
South Sudan,SSD,2025,6,43.562269546592,38.8469529323851,46.6840889243533
Nigeria,NGA,2025,18,42.8917418550945,39.2111262801164,44.1439745948163
Tanzania,TZA,2025,17,42.4991735141786,41.1190252481679,46.6388404121932
Yemen,YEM,2025,8,42.0732838584602,37.349211573268,49.1261311059198
Zimbabwe,ZWE,2025,12,42.0197768863436,37.8892680867116,46.6210736272602
Guinea,GIN,2025,15,41.7353105243362,37.058255037994,47.398621112988
Benin,BEN,2025,13,41.6386934998089,34.5979592999545,44.8729158964746
Burkina Faso,BFA,2025,10,41.5558255650838,34.9405365735832,46.2339062394772
Burundi,BDI,2025,9,41.412788798933,36.783750117718,46.0418274801481
Guyana,GUY,2025,10,40.8132090687169,34.197679006069,46.1067059467366
Cameroon,CMR,2025,16,40.6419993533136,35.3222854551479,43.9948451929981
Senegal,SEN,2025,13,39.9096201766493,30.3228596941923,40.7229196154589
Pakistan,PAK,2025,21,39.7730970273215,37.6829868894477,41.3312982286388
Guinea-Bissau,GNB,2025,7,38.7576931287286,33.4989627420761,44.0164235153811
Sudan,SDN,2025,7,38.4392557524576,33.0949134526786,45.7237688402892
Chad,TCD,2025,16,36.3571788534522,28.9475650538081,40.6979926109302
Laos,LAO,2025,11,36.3347588692845,28.2046356474732,40.7025011338612
Ghana,GHA,2025,20,35.876083420983,33.2877673262447,39.1537445277833
Equatorial Guinea,GNQ,2025,8,35.6656831566331,28.1445558956766,42.1833067989826
Gambia,GMB,2025,12,34.8730605255942,32.9490498307771,47.9650351426768
Malawi,MWI,2025,20,34.6194667797965,33.0500253906823,37.0950625444546
Madagascar,MDG,2025,14,33.7633427175274,28.3562429304087,39.170442504646
Zambia,ZMB,2025,20,32.5786034262371,29.1044427209016,34.3992225157738
Angola,AGO,2025,20,32.1655085407299,29.0766063766399,33.7824276600459
Libya,LBY,2025,10,29.9091293187605,23.7451005571946,36.0731580803264
Haiti,HTI,2025,8,29.8150489910946,23.9521527577132,32.2734649496894
Lebanon,LBN,2025,11,24.8386500618104,14.9021371442622,28.9074444905236
Liberia,LBR,2025,15,16.3946389983953,11.5607609902179,18.581831010626
Myanmar,MMR,2025,8,10.5336610209019,5.7870063464865,16.6269376150309
Sierra Leone,SLE,2025,12,2.68292819393702,2.49969415581984,16.0588183962521
Hong Kong,HKG,2024,17,95.9952334742791,91.0533961428711,95.9952334742791
Switzerland,CHE,2024,19,95.9952334742791,94.1052361089902,95.9952334742791
Japan,JPN,2024,15,94.7024184731487,91.4323170027751,95.9952334742791
Denmark,DNK,2024,20,93.9564400758657,90.8450433483561,95.3113565746933
Luxembourg,LUX,2024,20,91.6629696684034,88.956652013086,93.262662818039
Canada,CAN,2024,17,89.3746966018374,84.2903352932932,92.9007331680228
Australia,AUS,2024,19,87.8085672669473,84.3054078656103,88.9816139643397
South Korea,KOR,2024,17,85.9776855460833,85.1407310640298,91.8473480377453
United Kingdom,GBR,2024,16,85.9776855460833,83.4969713180323,93.5892896942676
United States of America,USA,2024,14,85.9776855460833,72.6935993287827,88.4943269867415
New Zealand,NZL,2024,12,84.7883790394581,77.487168428877,88.7584185565099
China,CHN,2024,14,84.538763257639,81.970129729133,90.8582527518871
France,FRA,2024,18,84.5228251317827,81.714133442412,92.0377238675628
Singapore,SGP,2024,14,83.8138597890758,80.8971811336041,86.7305384445476
Spain,ESP,2024,20,83.8138597890758,82.8340324735038,87.1946528096207
Iceland,ISL,2024,20,82.4822771348927,78.8700740017376,83.8066450365835
Moldova,MDA,2024,14,81.5132736783523,74.7528665963024,88.2736807604023
Malaysia,MYS,2024,19,81.2053564332048,78.3411684863143,82.5566683634397
Cyprus,CYP,2024,20,80.5591371384242,75.6347008696463,82.7464260592635
Finland,FIN,2024,20,79.8633032411221,77.1140055411579,81.5450084782072
Portugal,PRT,2024,20,79.6845525641352,76.8632747122863,81.3744050456437
Norway,NOR,2024,16,79.6840836296988,74.8660035993993,82.5858366954345
Italy,ITA,2024,20,79.4313981560782,77.2817723215846,80.8956976294223
Sweden,SWE,2024,19,79.3063844582322,77.1390013687265,82.5029198365538
Armenia,ARM,2024,17,79.0417123000773,74.0576684526419,83.7628332790041
Austria,AUT,2024,20,78.3393225054198,76.4906268200158,80.4339712354723
Netherlands,NLD,2024,17,76.4817683597018,73.4374892692821,80.3556939562428
Brunei,BRN,2024,8,75.9017216951146,69.9141430651855,85.0039160594011
Israel,ISR,2024,15,75.6880879801272,72.3203200137549,85.2034867072929
Thailand,THA,2024,21,74.6401979919456,72.3485026838862,76.2699403159988
Brazil,BRA,2024,20,74.2560140172085,72.4987310627379,76.5617091889161
Dominican Republic,DOM,2024,17,74.2560140172085,68.9088331912972,77.525941404757
Belgium,BEL,2024,20,74.2463543344716,72.1741238425047,75.733445359545
Bhutan,BTN,2024,15,73.1608640464838,68.6947503092853,77.9484541466878
Chile,CHL,2024,19,72.6176016384988,69.8988045106876,73.5725026638798
Malta,MLT,2024,20,71.7223000068217,69.6198109586162,73.3323746131224
Georgia,GEO,2024,20,71.4137325076766,64.6441262085593,72.0848814047178
Panama,PAN,2024,19,71.4137325076766,68.3210038731696,72.8025469542677
Cambodia,KHM,2024,17,71.265028185964,63.5030710816549,73.5513457135616
Kuwait,KWT,2024,20,71.2068840817945,68.2564254934562,72.5021542438848
Colombia,COL,2024,19,70.4240175603767,66.7243965405392,71.5434368165262
Barbados,BRB,2024,16,70.2384525840158,65.4950273764501,74.682593507224
Poland,POL,2024,17,70.2384525840158,63.8822131995793,71.5902057067672
Costa Rica,CRI,2024,20,69.8015148555042,67.4407611866405,70.8599117117073
Bulgaria,BGR,2024,20,68.9064318838884,66.7639669042527,70.3865822468686
Mauritius,MUS,2024,21,68.8072921520449,66.8726522892374,70.2965865536589
Oman,OMN,2024,12,68.6423692449425,61.3647516506208,71.4685727524399
Slovakia,SVK,2024,14,68.5965336728945,64.8050240222232,77.3643164224691
Bolivia,BOL,2024,20,68.353949189824,65.2360380646859,69.4139005852052
Bahamas,BHS,2024,8,68.0489965712564,57.9256293995338,71.5486407202621
Hungary,HUN,2024,21,68.0489965712564,66.2133577470765,69.2126426928303
United Arab Emirates,ARE,2024,20,68.0489965712564,64.2831884849799,69.1870113141746
Vietnam,VNM,2024,18,68.0489965712564,63.2841508352635,68.5503928030232
Nepal,NPL,2024,20,67.8340355261822,65.046797996377,69.1971749005551
Slovenia,SVN,2024,17,67.7572785459623,64.598388732938,70.9093931050984
Cabo Verde,CPV,2024,11,67.3178736736484,60.6199503714611,71.6583060738097
Jordan,JOR,2024,21,66.8409471346126,65.0610072258291,68.214394265087
Somalia,SOM,2024,4,65.7135074489659,57.1053749266835,68.9420682472637
Turkey,TUR,2024,21,65.6956340460593,63.4202563923228,67.235339832777
Montenegro,MNE,2024,14,65.6655272823378,61.4547040557615,73.1695742807156
Egypt,EGY,2024,12,65.5712054495663,62.8806866968903,73.3249366381889
North Macedonia,MKD,2024,17,65.5712054495663,63.0575065374,69.6071063750368
Taiwan,TWN,2024,6,65.5712054495663,61.4941411104056,76.892404413774
Mexico,MEX,2024,19,65.5562614508771,62.7110181831762,67.2016983969652
South Africa,ZAF,2024,21,65.1803947383784,63.3512859347376,66.3312467387504
Trinidad and Tobago,TTO,2024,16,65.0111586328918,60.2390318154964,69.1235725444432
Guatemala,GTM,2024,17,64.8681113053104,62.4314172840307,68.4096790799067
Namibia,NAM,2024,17,64.2994169180046,60.9547874993445,71.5450317427618
Greece,GRC,2024,20,64.0587513883272,61.5600305219306,65.2065855490973
Estonia,EST,2024,17,63.8869252742535,59.1828379240599,69.2708842800621
Seychelles,SYC,2024,16,63.8869252742535,59.9179340507482,68.9905202578702
Morocco,MAR,2024,18,63.2569923866044,61.3615395817411,67.0078956999953
India,IND,2024,20,63.0324436475106,60.6039970183356,64.4727264758376
Romania,ROU,2024,20,63.0324436475106,60.7695624592651,64.0360628652233
Argentina,ARG,2024,20,62.8313087157544,60.0638975544846,64.3305920755566
Saudi Arabia,SAU,2024,20,62.821893552347,62.0527270535957,69.7362884183161
Sri Lanka,LKA,2024,18,62.821893552347,59.8205492890789,64.3777067279334
Bahrain,BHR,2024,12,62.6743685088825,56.0925390944135,64.9836565006426
Croatia,HRV,2024,17,62.6743685088825,60.9897628960849,67.4191755881168
Philippines,PHL,2024,21,62.4246312373682,60.6232973911922,63.6206223263484
Indonesia,IDN,2024,21,62.2858156107719,60.5604554077406,63.505906394949
Qatar,QAT,2024,11,62.2797875615796,56.1964657609721,68.1309497962073
Bosnia and Herzegovina,BIH,2024,20,62.2571570688253,59.8841609721608,63.3212528442846
Albania,ALB,2024,18,61.890019504655,54.2722888641499,63.2307477084671
Czech Republic,CZE,2024,17,61.7115608713157,57.38691987737,65.2277247686464
Lesotho,LSO,2024,16,61.3552452746938,59.1465220857969,64.5326477236822
Nicaragua,NIC,2024,17,61.0377299598688,55.3328509098473,63.5849854551846
Ecuador,ECU,2024,19,60.9497847485239,59.2089061834667,64.0174250546353
Tunisia,TUN,2024,13,60.9497847485239,57.4802849742074,66.7124453683594
Bangladesh,BGD,2024,21,60.2392984191076,58.1844744048639,61.764992152141
Djibouti,DJI,2024,14,59.5925734231374,52.9262104728011,65.9442797182591
Honduras,HND,2024,20,59.5645441861758,57.1105704939796,60.7181654805098
Latvia,LVA,2024,20,59.4590394254928,56.8348016850181,60.6035336295953
Germany,DEU,2024,20,59.3846158729224,56.7645495102336,60.6114886475753
Uganda,UGA,2024,17,59.0846331873868,54.1815561901232,63.0821155174062
Algeria,DZA,2024,17,58.7302732029813,54.9021069067718,61.5281742122743
Peru,PER,2024,19,58.2523410937835,54.1811659371741,59.5054345078481
Eswatini,SWZ,2024,12,58.0371329118179,53.4041495234391,68.537383510266
Lithuania,LTU,2024,19,58.0371329118179,54.4475906580909,59.5414503253084
Iraq,IRQ,2024,13,57.6834477492789,46.3342220662095,64.8030864354898
El Salvador,SLV,2024,20,57.4182471699492,54.3536545743381,58.049673089585
Mauritania,MRT,2024,8,57.4167651270557,48.1847103090627,58.752602873046
Belize,BLZ,2024,16,56.0772922720037,51.3696578757034,60.3699638953852
Rwanda,RWA,2024,21,55.5381035308682,53.6068000134975,57.0236778684725
Uruguay,URY,2024,21,55.4529763881757,53.4260844742893,56.7324802606594
Suriname,SUR,2024,11,54.8765789663865,43.5048129434661,57.0688881834591
Serbia,SRB,2024,11,53.9204957898647,46.4016081404173,55.2342695548122
Democratic Republic of Congo,COD,2024,13,53.4522111730782,48.7394489391335,63.652665274996
Turkmenistan,TKM,2024,4,53.4522111730782,49.6273941571943,59.186174662455
Uzbekistan,UZB,2024,17,53.4522111730782,49.9252094876839,57.5249358684009
Ireland,IRL,2024,20,53.3061415741125,50.2459398172563,54.4227801153108
Botswana,BWA,2024,20,53.0782610145636,50.9394961437408,54.7275749285303
Fiji,FJI,2024,9,52.9857299459097,47.6653457637757,63.7976499426994
Kazakhstan,KAZ,2024,17,52.4879139700343,48.8665921332155,57.2924177929918
Jamaica,JAM,2024,15,52.2369621339716,50.385649944171,56.2090841939452
Paraguay,PRY,2024,20,52.1405361904076,49.2681344119543,53.067186944234
Republic of Congo,COG,2024,9,51.6854786408174,37.7144921231169,51.7728932886007
Gabon,GAB,2024,13,51.0557738314605,47.0544624320234,59.0272917292213
Central African Republic,CAF,2024,7,50.9497080092359,44.8641735386429,60.3723799612516
Ethiopia,ETH,2024,8,50.0799993576154,43.251718673743,55.9780681761915
Mongolia,MNG,2024,19,49.7286936770699,47.611853663296,52.2585635753904
Mali,MLI,2024,13,49.2709602388347,45.9262311145449,54.7391046186778
Kyrgyzstan,KGZ,2024,14,48.955269529378,40.9391204491686,52.0811256472976
Niger,NER,2024,9,48.6698043272422,38.4651298467346,52.9963418391463
Tajikistan,TJK,2024,8,48.6376284454731,44.5761485265464,54.509418742333
Ukraine,UKR,2024,19,48.4317408599252,41.4853028987511,50.1247042060108
Comoros,COM,2024,11,48.2297375157232,37.3403902016356,50.6121242719361
Afghanistan,AFG,2024,4,48.1689611264255,46.8702088243566,56.425716086755
Kenya,KEN,2024,19,48.1222878296081,45.3151261264461,49.273705497768
Mozambique,MOZ,2024,14,47.070401109724,44.8705528960509,55.8309314834869
Togo,TGO,2024,9,46.329136275689,41.3091611795373,55.5845713458727
Timor-Leste,TLS,2024,5,46.1837175226672,43.3766578248821,49.6726539516029
Côte d'Ivoire,CIV,2024,13,45.284810241916,43.0094577463893,51.9415687976375
Guinea-Bissau,GNB,2024,7,45.0806745483577,38.3623288436188,49.2941397125447
Papua New Guinea,PNG,2024,13,44.7288940163332,38.182482900958,51.7112990373229
Zimbabwe,ZWE,2024,12,44.7288940163332,38.3386884759133,47.2068930589935
Gambia,GMB,2024,12,44.7074040568631,32.8742362376395,49.2614152996385
Tanzania,TZA,2024,17,44.4705483511019,43.0792758478743,48.2951906811594
Nigeria,NGA,2024,18,43.9349331385184,42.7656213990804,47.2917668585705
Pakistan,PAK,2024,21,43.9349331385184,42.2906229646885,45.0351163505846
Cameroon,CMR,2024,16,43.0135541135784,36.1102427937275,44.8410738690749
Yemen,YEM,2024,8,43.003953650761,37.0673589102192,49.6390571127421
Guyana,GUY,2024,10,42.7215961465972,35.4816114026129,47.7412265732569
Benin,BEN,2024,13,42.4251077430915,39.8337373908952,47.9935062941329
Guinea,GIN,2024,15,41.8724371261481,40.8476983244192,49.211152044875
Ghana,GHA,2024,20,41.6617769177794,40.2945040588235,44.6501877195515
South Sudan,SSD,2024,5,41.3214635015749,38.0820118402931,47.0470838228017
Sudan,SDN,2024,7,41.2680496051111,34.3428305754037,45.8828093388711
Burkina Faso,BFA,2024,10,41.051632628354,37.6282060488284,47.7434148723091
Senegal,SEN,2024,13,40.8657321584666,36.7892651725473,44.6127890457575
Zambia,ZMB,2024,17,39.952450008271,37.2743006335477,45.2469767406699
Laos,LAO,2024,11,39.6395821642958,29.3404568817071,41.2320245076842
Azerbaijan,AZE,2024,14,39.1063129078011,37.0795930292596,51.0378791558743
Madagascar,MDG,2024,14,38.3851986376465,37.2414490132395,46.6809273448825
Malawi,MWI,2024,20,35.6355435607271,34.0055495746302,37.811799691103
Chad,TCD,2024,16,34.9269101394565,28.8548849178112,39.3760037769148
Angola,AGO,2024,20,34.6079667725981,32.2601020598703,36.9827183865233
Haiti,HTI,2024,8,34.3415862834748,29.4158832016195,39.2672893653301
Burundi,BDI,2024,9,33.1425187274916,28.1719177692387,38.147478782062
Equatorial Guinea,GNQ,2024,8,32.5387220625196,27.2383891508945,41.0017541886645
Lebanon,LBN,2024,11,29.9420071311561,17.9219939829859,33.6640842937471
Liberia,LBR,2024,12,24.5097078740951,18.9239817234556,30.0954340247346
Libya,LBY,2024,10,21.2654675513906,14.1980093886094,25.9609571533852
Myanmar,MMR,2024,8,11.1063896469866,6.56508901320208,16.5228554674175
Sierra Leone,SLE,2024,12,10.4247605417127,3.92114572857657,16.922675956956
Hong Kong,HKG,2023,14,97.5101798957431,89.9874832784963,100
Switzerland,CHE,2023,16,96.9981563847941,93.3987874126373,100
Luxembourg,LUX,2023,17,94.3311388368328,87.7571654590246,96.4483973554439
Japan,JPN,2023,12,94.074333327085,92.2850029212177,100
South Korea,KOR,2023,14,93.075562306232,86.295089864117,97.7069909697342
Denmark,DNK,2023,17,90.9069079989291,89.9567004116835,99.2834826701318
Australia,AUS,2023,16,89.4835466008139,87.3531822375092,95.7907304195767
United Kingdom,GBR,2023,13,87.7513428171877,80.1401184719932,93.8519867762238
France,FRA,2023,15,87.7108062687396,83.0294329387995,97.7969520048973
United States of America,USA,2023,11,85.6499350243271,78.7537412086675,100
Canada,CAN,2023,14,84.7866230894314,82.2463273068162,95.3521351773129
New Zealand,NZL,2023,9,84.4574926106284,80.5044991267844,93.5296299960785
Singapore,SGP,2023,11,84.4574926106284,77.9356273491141,87.5453678074581
China,CHN,2023,14,83.5488856259652,78.4479575856785,88.649813666252
Malaysia,MYS,2023,16,82.9858598379911,79.8576963902443,88.3108415116417
Spain,ESP,2023,17,81.8508155006213,80.0994934146498,89.4388971053384
Israel,ISR,2023,15,81.6309445625467,71.712773003888,85.950661921621
Sweden,SWE,2023,16,81.5598224250415,78.8137805993465,86.7338241079212
Norway,NOR,2023,15,81.2965783480289,76.1602531691892,86.1938207215219
Brazil,BRA,2023,17,79.2897701566646,74.6794463228745,84.9765065112595
Iceland,ISL,2023,17,79.1366366207571,75.2246914247253,84.644140274928
Thailand,THA,2023,18,78.8232622666685,75.1135423852146,83.632209918154
Cyprus,CYP,2023,17,78.7456919920839,72.320043889524,84.8427595108416
Netherlands,NLD,2023,14,78.0497736053165,73.3534494304921,84.4399150254547
Italy,ITA,2023,17,77.7997083366442,75.6867286455346,84.7326578234373
Finland,FIN,2023,17,77.5181597363184,74.9394434800949,82.842262482898
Portugal,PRT,2023,17,77.3129320618169,74.2439944648179,83.5043212044513
Austria,AUT,2023,17,76.6530109198155,74.0859118357017,83.0026052795938
Brunei,BRN,2023,7,75.2794548245194,69.5940962607665,88.717121940306
Chile,CHL,2023,16,75.2794548245194,68.8611143779664,78.3643206116126
Dominican Republic,DOM,2023,14,73.9286147498569,69.9704943233516,86.4341837401096
Kuwait,KWT,2023,17,73.9286147498569,68.5700029547925,76.7809707681413
Armenia,ARM,2023,13,72.9573857667491,68.7518629710945,83.4870993142656
Belgium,BEL,2023,17,72.9012247592335,70.8361931753711,80.6133972360908
Panama,PAN,2023,16,72.43623634696,69.6492749808849,77.2290527785641
Barbados,BRB,2023,16,72.3168694282776,68.0481588193227,77.155284812718
Slovakia,SVK,2023,14,71.5372753886601,64.5150121729691,77.8223884137003
Malta,MLT,2023,17,71.3493963402765,66.7277714203271,76.6577753612254
Georgia,GEO,2023,17,71.1699806016285,65.8279618901466,76.6262512883172
Montenegro,MNE,2023,14,71.1699806016285,60.5493814910268,74.4096202859196
Mauritius,MUS,2023,18,69.6626451892219,64.9341465502,73.8774228670348
Nepal,NPL,2023,17,69.4338270089849,64.2232269827819,73.3361927632856
Poland,POL,2023,14,68.8907090609229,65.3980570196731,78.7062988648186
Bhutan,BTN,2023,12,68.3957382158807,65.2486050516216,84.3437791201266
Bulgaria,BGR,2023,17,67.9055596699089,63.700411602491,72.0969829982561
Cabo Verde,CPV,2023,11,67.9055596699089,62.2598080946712,73.3220516253765
Costa Rica,CRI,2023,17,67.8753422189562,65.0717764518226,74.0870696763989
Colombia,COL,2023,16,67.6069122250953,66.9694327783985,76.525474278586
Bolivia,BOL,2023,17,67.4975227607451,65.7352369207076,76.690523118449
Cambodia,KHM,2023,17,67.420669204418,62.3670368671108,73.3082089301722
United Arab Emirates,ARE,2023,17,67.2033041652855,63.6272920382472,73.3737929112185
Vietnam,VNM,2023,15,67.0688897543497,64.1655390822147,74.1578624854865
Hungary,HUN,2023,18,66.9868418119971,66.4557002078612,74.9171037218922
Mexico,MEX,2023,16,66.9441029275828,62.1386656294002,71.5093950123474
Turkey,TUR,2023,18,66.6266729235935,62.7540266261473,73.8436210753621
Jordan,JOR,2023,18,65.8725182778001,64.0715755673862,72.5596830946089
Namibia,NAM,2023,17,65.2379045539683,62.8277331629573,73.2748677633347
South Africa,ZAF,2023,17,64.979645098372,64.1365783689537,73.6556865613832
Oman,OMN,2023,9,64.864502881324,58.2886666425057,70.5044800346708
Egypt,EGY,2023,9,64.7032260163615,51.7387427229409,67.3538341590635
North Macedonia,MKD,2023,14,64.7032260163615,55.5508045263482,67.1813558152675
Seychelles,SYC,2023,15,64.269491188503,56.3729724201562,70.0458317971793
Slovenia,SVN,2023,14,64.269491188503,62.2059784148929,75.9138754837692
Croatia,HRV,2023,13,63.7915433113341,60.1719271683915,75.4401904540893
Morocco,MAR,2023,15,63.6649866512209,62.249792876675,73.062975921118
Argentina,ARG,2023,17,63.5665469043587,59.372860209682,67.7602335990355
Bosnia and Herzegovina,BIH,2023,17,63.5665469043587,59.5680270659646,67.6041196883104
Estonia,EST,2023,14,63.5665469043587,56.352838094186,70.7802557145315
Fiji,FJI,2023,9,63.5665469043587,48.7569297955051,67.4440823901487
Trinidad and Tobago,TTO,2023,16,63.5665469043587,60.0330301597354,69.6048590442309
Bahamas,BHS,2023,8,63.3395991032048,59.106172415663,72.9318593307418
Greece,GRC,2023,17,63.0629946604989,59.4879330369593,68.0464012729318
Romania,ROU,2023,17,63.0629946604989,58.6337575904642,67.4922317305335
Guatemala,GTM,2023,14,62.7725557827316,59.0934647249299,69.829707697456
Sri Lanka,LKA,2023,15,62.7677180025033,59.9692362583954,69.2622406598504
Indonesia,IDN,2023,18,62.6286015907682,58.7411940549254,67.0795034529559
India,IND,2023,17,62.237798216806,60.6036854549626,69.1792177934652
Suriname,SUR,2023,10,62.237798216806,48.7608026615427,63.7910342793388
Latvia,LVA,2023,17,62.1195551359322,59.1225644689253,66.5964134894482
Bahrain,BHR,2023,9,61.7376685263083,56.3414301168093,71.4411113992042
Bangladesh,BGD,2023,18,61.7376685263083,56.6462135448205,66.496898915903
Qatar,QAT,2023,8,61.7376685263083,51.5141725215727,64.4579846271696
Moldova,MDA,2023,13,61.5766194000016,57.5151647256555,75.2833862581654
Philippines,PHL,2023,18,61.5139843987723,58.6372256763941,66.8732025482562
Czech Republic,CZE,2023,14,61.4359684034878,58.1177320257248,71.6438378567978
Lesotho,LSO,2023,13,60.9746168311173,55.6791599825166,66.2700736797179
Saudi Arabia,SAU,2023,17,60.4487194864397,56.6193644427515,66.2850361215328
Tunisia,TUN,2023,10,60.4487194864397,53.3881896938345,67.6753060229408
Peru,PER,2023,16,60.2006065169386,55.5733742362982,65.8173039955451
Ecuador,ECU,2023,16,59.9022729580287,56.5304263681097,65.758722301282
Honduras,HND,2023,17,57.8494998096995,56.3636353161278,65.3781437144251
Germany,DEU,2023,17,57.675131299534,57.6388119073855,67.344072932204
Albania,ALB,2023,18,57.1625646483704,53.137115140046,62.3968563396799
Algeria,DZA,2023,14,57.1416656256788,51.8802059651437,62.0881827635429
Uruguay,URY,2023,18,56.8754806668759,47.8324888700755,58.6453761875066
Ireland,IRL,2023,17,56.1677303714721,50.4463458769018,59.7914502376863
Lithuania,LTU,2023,16,55.3333557362111,50.6307754389196,60.0359360335026
El Salvador,SLV,2023,17,55.1955650948489,53.4620418799347,62.7553926360308
Iraq,IRQ,2023,13,55.1106114298166,48.481563791549,65.3324571657314
Republic of Congo,COG,2023,9,55.0058397934393,40.0851984175859,55.7029602009047
Belize,BLZ,2023,15,54.8942560107721,50.1487392983477,62.164938287787
Djibouti,DJI,2023,13,54.6372559092143,50.7245329163504,66.1418103246503
Afghanistan,AFG,2023,4,54.5357535878639,50.5699556177119,60.0378728943575
Central African Republic,CAF,2023,7,54.240130448358,47.4709197513816,59.579619357835
Democratic Republic of Congo,COD,2023,10,54.240130448358,44.2976972343356,62.867520815317
Mauritania,MRT,2023,7,54.240130448358,49.5001967214775,66.1043340819801
Jamaica,JAM,2023,12,53.9985085069276,51.5859086273281,62.899207982936
Guyana,GUY,2023,9,53.7641911584185,41.3305329641752,57.551498550074
Mongolia,MNG,2023,16,53.4800773299444,48.6462948284863,59.2925137778673
Uganda,UGA,2023,16,53.4800773299444,51.2656806725675,63.6764884586507
Uzbekistan,UZB,2023,13,53.174777478185,46.0586493619892,63.9407988474534
Ethiopia,ETH,2023,7,51.9688127999085,44.6492249947121,66.3453952407691
Gabon,GAB,2023,12,51.3139547528769,46.0960514292189,61.0213723829499
Nicaragua,NIC,2023,16,51.3139547528769,44.4424671846571,58.1854423210967
Paraguay,PRY,2023,17,51.0178881079627,50.0784600918625,60.1252542596576
Kyrgyzstan,KGZ,2023,11,51.0143618013315,37.0552944862275,54.3968645147751
Rwanda,RWA,2023,18,51.0143618013315,49.5917958013199,58.3410528550594
Serbia,SRB,2023,8,50.9947014880394,45.6901273760594,59.4068727778545
Botswana,BWA,2023,17,50.943694315017,49.9488294455394,59.0007557508621
Eswatini,SWZ,2023,11,50.4829768976368,46.7799807602442,67.7968830536567
Togo,TGO,2023,9,49.959815194474,42.4261700945488,57.6256363135852
Niger,NER,2023,9,49.7941813327674,38.7032534591888,55.9400117943138
Kazakhstan,KAZ,2023,14,48.3037600921585,45.1708290776251,59.2783525780605
Mali,MLI,2023,10,47.7365716420499,38.3358670417745,50.6127975136634
Lebanon,LBN,2023,10,47.1120412563943,34.0197077394573,50.1132644612843
Tajikistan,TJK,2023,7,47.1120412563943,42.6710495916876,58.1739724361538
Mozambique,MOZ,2023,13,46.5071628071673,44.8964986989506,60.3374934279677
Kenya,KEN,2023,16,46.2054849221901,43.7469619123529,53.0681705744971
South Sudan,SSD,2023,5,46.2054849221901,39.9108946526961,49.2599134273981
Sudan,SDN,2023,7,46.2054849221901,37.3356355069786,48.2336673206675
Ukraine,UKR,2023,16,46.0411048064025,39.0057450165882,51.1100108800118
Yemen,YEM,2023,5,45.7130763055628,38.2582351221181,52.196314403172
Guinea-Bissau,GNB,2023,7,45.2435035037159,41.1775179815121,51.6347231785179
Comoros,COM,2023,11,44.9215154917787,39.4454148118039,52.8828875213893
Papua New Guinea,PNG,2023,13,44.9215154917787,36.6936697636123,52.0027282267742
Benin,BEN,2023,10,44.4556188739061,39.1703586320187,51.3698065467935
Zimbabwe,ZWE,2023,9,43.9723903687761,36.1445116726994,48.900248079173
Côte d'Ivoire,CIV,2023,10,43.3059384310417,39.0306624078538,51.6520218389337
Nigeria,NGA,2023,15,43.2239949192052,41.996703044739,52.4537872530172
Guinea,GIN,2023,14,42.4537149485079,34.4163830522462,48.4154029222611
Gambia,GMB,2023,11,42.3634117312443,27.0055608539909,46.9794676896775
Senegal,SEN,2023,10,42.2858814057143,40.3427282822301,53.4916877725077
Zambia,ZMB,2023,17,41.7250028625565,36.7057957781046,45.5358029271028
Pakistan,PAK,2023,18,41.421273568094,41.4009171890804,50.5731418204567
Ghana,GHA,2023,17,41.1418042366096,39.51520690364,48.757953501397
Burkina Faso,BFA,2023,9,41.1081157060461,35.2176724287166,52.3579757485682
Cameroon,CMR,2023,13,41.0889025649927,35.6981359442641,49.1355136283148
Madagascar,MDG,2023,12,40.6883541565821,34.2741953668838,49.6930672298314
Angola,AGO,2023,12,40.1425524304804,32.8683474107016,46.3689566602113
Tanzania,TZA,2023,12,40.0759257305553,38.5475436482702,50.0859433301321
Chad,TCD,2023,13,38.5197937391971,27.8654793010672,39.2938003992142
Haiti,HTI,2023,7,38.3580713872159,27.590369329896,40.0205897115263
Malawi,MWI,2023,17,36.0797222426214,29.8448842549885,40.318658021089
Azerbaijan,AZE,2023,12,35.9796330218132,29.6863628686802,48.2688261321558
Burundi,BDI,2023,8,35.8034323218697,25.6755415058362,41.4735988550762
Equatorial Guinea,GNQ,2023,8,35.8034323218697,25.7246321676652,38.3453952893177
Laos,LAO,2023,8,34.3829937229044,26.520500300249,41.0407610909448
Libya,LBY,2023,9,30.68211117773,21.4762354224331,39.3139210466393
Liberia,LBR,2023,12,22.7311644142519,14.9955995913326,26.5614466026966
Myanmar,MMR,2023,7,15.7729590880822,11.6512211520071,24.7441765264623
Sierra Leone,SLE,2023,9,13.1123304735573,8.53345573230572,22.9553511987905
Switzerland,CHE,2022,13,92.6030580949188,88.1616330344634,95.4586002946026
Denmark,DNK,2022,16,91.4644080106434,90.2663923103366,92.823867262805
Canada,CAN,2022,12,91.2801392199053,82.462879917179,94.1756760712206
Luxembourg,LUX,2022,16,91.274449794103,89.8323012435742,92.7345448701157
Australia,AUS,2022,16,90.597700712432,89.2500221651502,92.2916377626354
Hong Kong,HKG,2022,13,90.0170773566918,85.9803386635905,92.6165670717548
Japan,JPN,2022,12,88.1424917362406,83.247957151666,93.0287445584513
France,FRA,2022,14,85.8316622465017,82.8186942156165,91.9182224259799
South Korea,KOR,2022,13,85.1547502705188,81.1645932587446,87.9158169796738
Norway,NOR,2022,14,85.0493390014167,80.3773198741628,88.7575322414775
United Kingdom,GBR,2022,12,84.9823958378382,75.7823213970367,89.9454485167735
Singapore,SGP,2022,16,83.8414726842094,82.4574226136957,85.5255734347845
Sweden,SWE,2022,16,83.6141541016088,82.4534105267696,85.115369286774
China,CHN,2022,13,83.5494306292674,79.3724904968475,85.4745352374161
United States of America,USA,2022,11,82.8411499467968,75.8394415326279,91.0499883277139
Spain,ESP,2022,16,82.1627754276278,80.9065775957548,83.6018065875768
Iceland,ISL,2022,15,81.4447452410761,78.9897292552071,83.0499062575142
New Zealand,NZL,2022,9,81.1355448096958,76.3800483641595,86.626191190642
Malaysia,MYS,2022,15,79.7186073761441,75.5512227897587,82.538068010344
Croatia,HRV,2022,13,79.4264920071832,75.0738662526534,83.7791177617131
Netherlands,NLD,2022,13,79.2667010684067,75.4435612716062,82.1387027225583
Israel,ISR,2022,14,79.158738742448,73.6540723715391,82.9271016738755
Finland,FIN,2022,16,78.239051435802,77.0215081455754,79.5877774347656
Portugal,PRT,2022,16,78.203958802588,77.022328225258,79.4840297382723
Italy,ITA,2022,16,77.7885499256186,76.6323047614556,79.0450895068126
Belgium,BEL,2022,16,77.1661647544174,76.0696330584452,78.4779173391331
Thailand,THA,2022,17,77.0917340252201,76.0144658704378,78.4037680091598
Austria,AUT,2022,16,76.6475380323475,75.4699625976349,77.8338276142266
Armenia,ARM,2022,13,76.5632678203088,73.1829882955783,82.3482183614572
Cyprus,CYP,2022,15,76.294481151555,74.1975277377771,79.3902056078124
Moldova,MDA,2022,13,75.7020212126432,69.4986865721256,76.2617379250603
Brunei,BRN,2022,11,75.468146238773,70.4594639410474,80.1123223707694
Slovakia,SVK,2022,13,75.1476576854085,69.0183965133649,77.4288667350341
Russia,RUS,2022,13,74.8261766319449,64.9748282545985,74.9569209588934
Dominican Republic,DOM,2022,13,74.4980091044473,67.783403760764,75.9212558399305
Brazil,BRA,2022,16,74.3493389061194,73.2133876300792,75.7677209330694
Malta,MLT,2022,16,73.9419784642453,72.9031885773624,75.2595882504995
Panama,PAN,2022,16,73.8242276177793,72.72266631644,74.8473769244199
Chile,CHL,2022,15,73.1687585713298,69.7654496876086,74.7622614344895
Barbados,BRB,2022,15,71.1967763667651,69.4351830015454,72.514445060164
Kuwait,KWT,2022,14,70.6658714663316,68.8792514691964,78.2558874108033
Montenegro,MNE,2022,13,70.6374466107231,67.4395118976351,75.1294717251396
Georgia,GEO,2022,16,70.3814076691009,69.0233057680429,71.2641813573163
South Africa,ZAF,2022,17,69.3864371406235,68.474489498878,70.5124268488025
Cabo Verde,CPV,2022,11,69.2753833703943,62.5356234949374,71.9412562960586
Poland,POL,2022,13,69.2231662734126,67.9709895200398,77.0427577742758
Mauritius,MUS,2022,17,69.2108571939709,68.1819410248502,70.4399022381926
Namibia,NAM,2022,17,68.5851906282338,67.5653470942781,69.6345635918393
Cambodia,KHM,2022,17,68.5821021901141,67.6322097978189,69.8248057552474
Bulgaria,BGR,2022,16,68.5186652429587,67.5383441686921,69.5933827423401
Colombia,COL,2022,17,68.1779108108578,67.2566391861235,69.2499937662444
Belarus,BLR,2022,11,67.9848497261489,60.36715072168,74.1354844687377
Hungary,HUN,2022,17,67.9298767662546,67.0095305582439,68.8456108825027
Costa Rica,CRI,2022,16,67.5575832738582,66.5806750601591,68.6764716541222
Jordan,JOR,2022,17,67.4118433376212,66.4128952915506,68.3843204243801
Nepal,NPL,2022,17,66.7735211719968,65.829489019519,67.9050514873459
Mexico,MEX,2022,16,66.7424989278976,66.0795993741339,68.1723206347006
Bhutan,BTN,2022,12,66.7036796199427,59.6020144485116,71.4298157692956
Bolivia,BOL,2022,17,66.6367696384222,65.5950408910555,67.8107995620879
United Arab Emirates,ARE,2022,16,66.4808226165718,65.3150036184576,67.5978625374504
North Macedonia,MKD,2022,13,66.2823436072201,60.0865686350131,68.3633017855358
Slovenia,SVN,2022,13,65.9121869230787,64.8665792499554,73.5459367233874
Turkey,TUR,2022,17,65.7759505854306,64.7253292472949,66.9819962421585
Morocco,MAR,2022,14,65.4571708643402,60.292410368153,66.799951168988
Vietnam,VNM,2022,15,65.3745470884803,60.1200820962961,66.9635857739359
Bosnia and Herzegovina,BIH,2022,16,65.3461910927239,64.2512874125503,66.3376856536478
Seychelles,SYC,2022,16,65.3456734822776,63.6793932740876,66.8559889694388
Guatemala,GTM,2022,14,65.3091080170554,64.6614597869228,67.7122540073573
Argentina,ARG,2022,14,65.222585027263,63.2476064496069,70.1082847448526
Trinidad and Tobago,TTO,2022,15,65.1515807491893,63.4384437245667,66.2942945395581
Fiji,FJI,2022,13,64.6396145035733,56.8337737933099,71.0771324179528
Sri Lanka,LKA,2022,14,64.4805805001324,63.3789063050593,65.6757965061454
Estonia,EST,2022,13,63.940888974416,62.9041229294244,70.6818816398226
Philippines,PHL,2022,17,63.4347836305196,62.6285787176751,64.4154003703058
Romania,ROU,2022,16,62.9166067741584,61.9876896699301,63.9190874721205
Greece,GRC,2022,16,62.6585933690077,61.4156870892762,63.8936525835246
India,IND,2022,17,62.5026026917748,61.5958794816144,63.4996353232036
Czech Republic,CZE,2022,13,62.3934808955791,62.0850104046139,69.5205437645551
Indonesia,IDN,2022,17,62.2478228075027,61.4491578533795,63.2844618549173
Bangladesh,BGD,2022,17,62.2462765176426,61.5017775408523,63.4176018166715
Suriname,SUR,2022,9,62.1982451555061,48.5499572932861,67.5147535644045
Latvia,LVA,2022,16,62.1858701077482,61.1584079915038,63.0869824134944
Qatar,QAT,2022,10,62.107632541615,56.2519605712893,69.1961622889212
Bahrain,BHR,2022,6,61.998310434394,56.5271175122804,69.0031315368223
Peru,PER,2022,16,61.6942885496467,61.3331170442025,63.3095819143186
Honduras,HND,2022,17,61.6247593819275,60.7111497277847,62.6530341813681
Albania,ALB,2022,17,60.7673909208007,59.996710222264,61.6700475954749
Ireland,IRL,2022,16,60.5603277339947,59.4196403705733,61.7297154837861
Belize,BLZ,2022,15,60.2642850684482,55.282946575688,62.4853911236117
Tunisia,TUN,2022,8,60.0489965797407,51.0448027380839,63.2638746758957
Ecuador,ECU,2022,16,60.003555474978,58.906763507349,61.0964658626692
Germany,DEU,2022,12,59.6328664867397,56.9987052897861,69.9364540428679
El Salvador,SLV,2022,17,59.3462403013972,58.442219114802,60.166313345997
Saudi Arabia,SAU,2022,14,59.0741572863439,57.3179640101894,62.2474013111339
Eswatini,SWZ,2022,11,59.0259960547687,56.4154666679508,62.2024676254638
Mongolia,MNG,2022,16,58.5774068021574,57.568862056698,59.7879653053745
Uzbekistan,UZB,2022,13,58.4821651900372,55.3872010526353,62.1320938699145
Lithuania,LTU,2022,15,58.3599351072962,56.6117147095931,59.5650261308984
Lesotho,LSO,2022,13,58.2415253282587,55.1688730732724,60.5355083525491
Guyana,GUY,2022,9,58.1332517952883,48.9583801465585,67.308123444018
Iraq,IRQ,2022,13,57.7227898142032,51.0936829403319,60.9407523657491
Botswana,BWA,2022,17,57.7182845428872,56.946255011116,58.8011473644313
Egypt,EGY,2022,9,57.3246540150427,50.5847050638692,63.8878425536509
Algeria,DZA,2022,14,56.8076399049217,55.557880998632,58.4190311623867
Paraguay,PRY,2022,17,56.7175854263356,55.9222880204529,57.5932514736953
Djibouti,DJI,2022,14,56.5038520862166,50.275853523911,59.999122647483
Oman,OMN,2022,9,55.4339786551222,54.0136063420895,64.9874626121693
Afghanistan,AFG,2022,8,55.039051831222,38.4513954863955,57.8159437466429
Uruguay,URY,2022,17,54.7766651721572,53.813782165972,55.9338742700087
Mauritania,MRT,2022,9,53.893766409534,44.2671928456463,60.6269167246976
Kazakhstan,KAZ,2022,13,53.4995047065955,47.6752518765276,55.6034113044358
Uganda,UGA,2022,17,53.2325723626407,52.3640490973185,54.2140528958971
Democratic Republic of Congo,COD,2022,14,53.1188752695839,51.3137334714191,55.930291392118
Central African Republic,CAF,2022,7,53.0443899916191,44.1097812470185,55.5285073483091
Bahamas,BHS,2022,8,52.7108258472727,46.0134452142341,59.4082064803113
Ethiopia,ETH,2022,8,52.4602952263733,44.8279823569987,63.0096927427474
Senegal,SEN,2022,10,52.3637654677371,43.1434047232136,53.9074561954402
Nicaragua,NIC,2022,17,52.1182333774316,51.265121664334,53.0234650240185
Gabon,GAB,2022,12,51.6827997187898,48.4059028046741,54.8969276494775
Serbia,SRB,2022,8,50.3820710465395,45.7420318829234,56.3655980087417
Rwanda,RWA,2022,17,50.3390212971313,49.3896709575182,51.3313286977133
Jamaica,JAM,2022,12,50.1771975820539,48.483085724253,58.9714556532475
Kenya,KEN,2022,16,49.5495174004459,45.5329411476191,52.6330349953063
Kyrgyzstan,KGZ,2022,11,49.2275479445429,44.6234575356535,51.0902750635948
Mali,MLI,2022,10,48.4149666813297,34.9540330600392,50.1424643965569
Lebanon,LBN,2022,14,48.1933540529327,46.5453670866168,54.8819044739331
Mozambique,MOZ,2022,14,48.177563719024,45.2051783232878,50.4760674479544
Togo,TGO,2022,9,47.5727023759668,32.9915080404285,53.4099050555407
Tanzania,TZA,2022,12,47.3390787355625,45.4524384133917,50.6085915018093
Sudan,SDN,2022,5,47.1785121656973,39.9833503884595,51.0206674651081
South Sudan,SSD,2022,6,47.1196798375148,34.8732988938805,52.9651440689949
Zambia,ZMB,2022,17,47.0363246767367,46.2060049091309,48.0191124833038
Nigeria,NGA,2022,15,46.0856653896935,44.5889491010077,46.9145119916401
Papua New Guinea,PNG,2022,12,45.6882425112372,41.1330792264802,48.2622454425683
Pakistan,PAK,2022,17,45.6068379992208,44.9293431371473,46.5384306448039
Guinea,GIN,2022,15,45.4212720095589,44.352895796749,46.5513330377873
Benin,BEN,2022,10,44.9984312930401,38.5257734347971,49.5067173777444
Tajikistan,TJK,2022,13,44.7646156755453,42.8807680662771,48.6861055318068
Republic of Congo,COG,2022,9,43.5531491747274,36.1297940690006,45.3964133819703
Zimbabwe,ZWE,2022,9,43.4486076024397,29.0860716952675,45.4448940355835
Ukraine,UKR,2022,16,43.4270515284358,40.4883160843152,44.4830886740747
Angola,AGO,2022,17,43.4225234122292,42.2700396249089,44.4841794934159
Côte d'Ivoire,CIV,2022,10,43.3750726311165,34.8019226424677,48.8722588051707
Gambia,GMB,2022,12,41.6180952893817,38.8329454845058,45.6900284534207
Ghana,GHA,2022,17,41.5656122466363,40.6117999458425,42.8527580333801
Azerbaijan,AZE,2022,8,40.7513326602221,35.0040034388845,46.4986618815597
Madagascar,MDG,2022,14,40.5653654430519,38.7431391087364,43.767834288604
Malawi,MWI,2022,15,40.1793491154244,39.1277620979731,41.9524246122812
Guinea-Bissau,GNB,2022,7,39.8927997373972,28.5756291428597,46.5807092838593
Laos,LAO,2022,6,39.2438300896854,32.7807649896466,43.2394829824013
Niger,NER,2022,9,38.3445430828092,30.7013426761413,52.5180520479654
Comoros,COM,2022,11,38.0825595642042,32.0775885790093,41.910175836121
Libya,LBY,2022,9,37.177336100696,23.0295751704933,38.8383348430449
Cameroon,CMR,2022,16,35.8223293320131,34.8206420881971,37.6989664413164
Burkina Faso,BFA,2022,10,34.4243521430214,29.2806741487791,43.7290664044685
Burundi,BDI,2022,9,32.4782212990688,18.20682383121,32.6472241993565
Haiti,HTI,2022,11,27.2090611359267,18.835838534778,35.5822837370754
Chad,TCD,2022,15,26.1086177892087,23.4182871986748,28.1211217742099
Liberia,LBR,2022,12,17.8392603949465,3.83591874340356,20.2521647624649
Myanmar,MMR,2022,11,17.3136287219452,0,20.7819021870847
Equatorial Guinea,GNQ,2022,10,16.0083860347064,9.09485931727755,20.7900184707944
Sierra Leone,SLE,2022,8,10.8837939554314,5.1430360759515,16.6245518349114
Japan,JPN,2021,12,92.4332589775831,83.5069723850887,93.1071294565731
Switzerland,CHE,2021,13,91.5068594744116,87.4531769897964,94.2820076495052
Luxembourg,LUX,2021,16,90.3850134047521,89.0293410373793,92.0405555411177
Denmark,DNK,2021,16,90.0276012221029,88.6981988110022,91.4280888270793
Australia,AUS,2021,16,89.7236923034041,88.4042661037821,91.3899418554115
Hong Kong,HKG,2021,13,86.4477411674213,82.9105302848727,90.2785203858464
Singapore,SGP,2021,16,83.7064807573578,82.3222422311163,85.3983198106306
New Zealand,NZL,2021,9,83.5740020488127,76.012980642488,86.8280570136272
Sweden,SWE,2021,16,83.4768449329576,82.1583321680302,85.056850059294
South Korea,KOR,2021,13,82.9974860288075,79.6519470359203,86.0688941047582
France,FRA,2021,14,82.3173016807973,80.1855651676423,90.0759001399025
United Kingdom,GBR,2021,12,81.8651218100218,75.6387641513707,87.969071536281
Spain,ESP,2021,16,81.1847567600907,79.9212317905302,82.8589999026447
China,CHN,2021,13,81.113581093811,77.4234785638287,83.7987553591354
Norway,NOR,2021,13,81.019761289146,78.2357661337877,88.1316947601548
Canada,CAN,2021,12,80.5095134877305,75.3581346251613,85.6608923502997
Iceland,ISL,2021,15,79.5676336162155,77.2688217794931,80.9698877389415
United States of America,USA,2021,11,78.0069813958317,72.5421199732973,86.6958820648622
Armenia,ARM,2021,13,76.9411993868023,70.2851469850681,79.1268345192979
Finland,FIN,2021,16,76.7889091258478,75.6202624751834,78.2206269023245
Netherlands,NLD,2021,12,76.6355595105309,71.0528857968856,80.6970170643358
Belgium,BEL,2021,16,75.7560058561197,74.5143678353957,77.0487087021876
Portugal,PRT,2021,16,75.7442264834995,74.3817495911755,77.2665849049811
Thailand,THA,2021,17,75.4754166737743,74.4527305207551,76.8192571681274
Israel,ISR,2021,14,75.1147509438272,71.6068298609748,80.1229090056092
Italy,ITA,2021,16,75.0484040741918,73.8722707810438,76.2153133352102
Cyprus,CYP,2021,15,74.0603697535072,70.7481685098715,76.157630746511
Malaysia,MYS,2021,15,74.0250741956675,73.6313186201129,81.2063090261537
Malta,MLT,2021,16,73.8979040616938,72.6859666020686,75.2657814500834
Kuwait,KWT,2021,14,73.5624388451493,67.4276952903058,75.0231811561743
Austria,AUT,2021,16,73.2258223917499,72.150605489015,74.5043610994301
Brunei,BRN,2021,11,72.3712858160729,67.506042251232,78.3683988508763
Panama,PAN,2021,16,72.0420358527416,71.1745798084024,73.2110741410295
Slovakia,SVK,2021,13,72.0281411218085,67.428835584705,75.2431675035535
Chile,CHL,2021,15,71.8363590695939,68.503540807725,74.2847473369183
Slovenia,SVN,2021,13,71.7241394367804,62.0076727118031,72.1464829970575
Brazil,BRA,2021,16,70.7244168630354,69.2111908393366,71.9687443228298
Poland,POL,2021,13,70.6725399391619,67.670351611213,75.7649439495837
Dominican Republic,DOM,2021,13,69.6713440996246,65.8075680501351,73.8338896050629
Croatia,HRV,2021,13,69.3163194863565,65.684135535851,74.5913446712447
Barbados,BRB,2021,15,69.2261562007471,67.7780771379448,71.4504936974673
Montenegro,MNE,2021,13,68.2064165526005,64.7368057206877,73.9775632611392
South Africa,ZAF,2021,17,68.1483091738293,67.160508634119,69.2274740770831
Moldova,MDA,2021,13,68.0990605131143,64.1785017774376,71.3637928351088
Mauritius,MUS,2021,17,67.7048775705935,66.6911532358421,68.7171122671529
Namibia,NAM,2021,17,67.5204625947844,66.550581269404,68.7309457016123
Cabo Verde,CPV,2021,11,67.4560616556098,59.4847377871214,70.256387579846
Bulgaria,BGR,2021,16,66.6857062795045,65.7243905289505,67.7429474924796
Georgia,GEO,2021,16,66.3142172430779,65.1717767040825,67.2790741160306
Costa Rica,CRI,2021,16,65.9473581230715,64.7955336761738,66.9657432402401
Morocco,MAR,2021,13,65.8960213747464,58.6780670664997,66.7955488440032
Germany,DEU,2021,12,65.7457893645771,57.8126866005411,70.7116194926342
Russia,RUS,2021,13,65.714743625743,61.5341551907767,71.3406398637974
United Arab Emirates,ARE,2021,16,65.378919310932,64.0106842322765,66.5079931529959
Cambodia,KHM,2021,17,65.272480726429,64.424475731056,66.4372440504074
Turkey,TUR,2021,17,65.248631886762,64.224016117647,66.5025662498406
Colombia,COL,2021,17,65.1981173791779,64.2665067526473,66.1228689843484
Hungary,HUN,2021,17,65.1182233645656,64.2281952703318,66.0940006717596
Czech Republic,CZE,2021,13,65.0252482096752,60.2942267014668,68.5123042201307
Jordan,JOR,2021,17,64.9534950455369,64.0239968147635,65.9114191519378
Mexico,MEX,2021,16,64.8963191633601,63.6529803516639,65.7700257550086
Guatemala,GTM,2021,14,64.4949826912942,62.6993667259798,66.1792596259415
Belarus,BLR,2021,11,64.3969729584453,57.8608124726439,72.9285877464253
Seychelles,SYC,2021,16,64.135916887308,61.9711557322358,65.4182092296924
Bolivia,BOL,2021,17,63.5053724084102,62.5003867697093,64.6049067738598
Argentina,ARG,2021,14,63.4512242987044,61.4486913599736,68.7766074787428
Bhutan,BTN,2021,12,63.3052082410149,58.8927294778172,68.2071055035497
Estonia,EST,2021,13,63.0775527799797,62.6686028012655,70.3121957526388
Vietnam,VNM,2021,15,62.994017128596,58.7276477611746,65.2740054201107
Bahamas,BHS,2021,7,62.8989054824411,52.4173320286194,67.6779116340958
Nepal,NPL,2021,17,62.8377070989793,61.9796425658154,64.0219753933871
Bosnia and Herzegovina,BIH,2021,16,62.8179412049702,61.803445746722,63.8102432025548
North Macedonia,MKD,2021,13,62.581802753623,59.6118578363815,67.1617057728071
Trinidad and Tobago,TTO,2021,15,62.5283102533264,60.9789757076728,63.734192132445
Sri Lanka,LKA,2021,14,62.066182732414,60.825481759554,63.739572965513
Philippines,PHL,2021,17,61.6820071452908,60.9113069521784,62.5577417853539
Latvia,LVA,2021,16,61.3532674675545,60.1962272410637,62.2165480972903
Oman,OMN,2021,9,61.183644107517,53.9022811857703,64.9668998783438
Peru,PER,2021,16,61.1116572313306,60.0624009918852,61.9392706744127
India,IND,2021,17,60.9829325649198,60.0672383017537,62.0305799856244
Bangladesh,BGD,2021,17,60.9155639195553,60.0370308264365,62.0258622576096
Fiji,FJI,2021,13,60.6093029082904,58.764908115741,71.5554717325975
Honduras,HND,2021,16,60.1664357264115,59.1929184830543,61.0554668805086
Indonesia,IDN,2021,17,59.7556259708612,58.981846683728,60.7511007957155
Greece,GRC,2021,16,59.6984145410372,58.1337621736704,61.1282956004122
Bahrain,BHR,2021,6,59.4319299012016,55.702317793624,68.5813981037437
Ireland,IRL,2021,16,59.0946282673643,57.9434304108502,60.1276473338718
Qatar,QAT,2021,10,58.7201868617269,53.8972587865185,67.9691475878793
Albania,ALB,2021,17,58.5551839826593,57.7650428033817,59.371414124785
El Salvador,SLV,2021,17,58.4922295703056,57.5761492985454,59.4452656459294
Iraq,IRQ,2021,13,58.4848678083577,49.4430687182341,60.5363161252617
Romania,ROU,2021,16,58.4464433829081,57.7255262580294,59.7371962222477
Uzbekistan,UZB,2021,11,57.7204748878817,51.5465874934257,64.2311968966381
Ecuador,ECU,2021,16,57.3509880877853,55.8479961403973,58.098587777487
Mongolia,MNG,2021,16,57.2745618000219,56.2372573774887,58.4670237760906
Lesotho,LSO,2021,13,56.9531586451561,54.0261368502588,59.3413366372201
Lithuania,LTU,2021,15,56.7814698877941,55.3124124737585,58.1327193721905
Belize,BLZ,2021,15,56.5332878790819,53.9984468695274,61.2675464204214
Algeria,DZA,2021,14,56.4781784185548,55.6430881041729,58.380653628407
Botswana,BWA,2021,17,56.4528240622507,55.7060650128256,57.4629485096561
Tunisia,TUN,2021,8,56.3062787027854,49.4713238836016,61.6825439774702
Saudi Arabia,SAU,2021,14,55.8148273134951,54.8462885679984,59.4517002379183
Eswatini,SWZ,2021,11,55.3987680306905,52.2081731399172,58.5893629214637
Paraguay,PRY,2021,17,54.6752564002729,53.9070849868026,55.5370327638314
Democratic Republic of Congo,COD,2021,14,54.0722726930769,49.2738086978577,54.7249964924026
Lebanon,LBN,2021,14,53.0898974383766,50.210631954759,58.8577430661693
Uruguay,URY,2021,17,52.9447932238275,51.9367780348084,54.006265343778
Jamaica,JAM,2021,12,52.2689852710299,46.4844175819727,56.9589992297898
Serbia,SRB,2021,8,51.4809547593516,44.8030820103875,55.4025168086819
Djibouti,DJI,2021,12,51.4755453015499,49.0980425029042,57.6053255943404
Gabon,GAB,2021,12,51.4583002098193,46.1654015271759,52.0809671690977
Guyana,GUY,2021,9,50.702189232713,38.827018882059,58.5446376892374
Uganda,UGA,2021,17,50.688649519349,49.8385537699671,51.7501719942908
Togo,TGO,2021,9,50.5137142608395,33.3683545348267,53.5977055479159
Nicaragua,NIC,2021,17,50.4699399817908,49.5664751612594,51.4158435370846
Afghanistan,AFG,2021,8,49.9625360977141,37.3948894030273,57.3111117276666
Suriname,SUR,2021,9,49.9625360977141,41.1091367184023,58.8159354770259
Kazakhstan,KAZ,2021,13,49.7133268412316,44.3594305873278,52.4856595083667
Mauritania,MRT,2021,9,49.6348764279509,43.736084973822,59.5211545145857
Niger,NER,2021,9,49.5835274445536,30.9031987652188,52.259441842568
Kenya,KEN,2021,16,49.4794458606857,43.1913159578804,50.4631938408744
Egypt,EGY,2021,9,49.057285278673,43.1661386891071,54.948431868239
South Sudan,SSD,2021,6,48.6456164425399,36.1978824325396,51.4418961103357
Sudan,SDN,2021,5,48.4547606643816,40.8265786514541,51.2706703561072
Ethiopia,ETH,2021,8,48.2122575018778,44.910991327846,64.7275438790165
Rwanda,RWA,2021,17,47.7746774516979,46.9208684620558,48.8228501978905
Senegal,SEN,2021,10,46.7123566442569,40.8020403520501,53.0874334088841
Kyrgyzstan,KGZ,2021,11,46.6557091708933,43.9193973997161,50.5494738326961
Papua New Guinea,PNG,2021,12,46.1782398237816,39.7191342133346,47.3823227178742
Tanzania,TZA,2021,12,46.0973434873709,41.873078587059,47.3425105413236
Mozambique,MOZ,2021,14,45.7085825534823,43.8574513080042,49.2092553042052
Pakistan,PAK,2021,17,44.6907965198589,43.8091567065624,45.6833961555063
Nigeria,NGA,2021,15,43.7322957526055,42.8684212310702,45.7283467621353
Benin,BEN,2021,10,43.7240156560606,32.7300860611841,48.7527232942062
Zambia,ZMB,2021,17,43.6095492242286,42.7279350219756,44.6053865276511
Central African Republic,CAF,2021,7,43.5728292802836,41.9113430789212,53.3153239672714
Guinea,GIN,2021,15,42.9581688129688,42.0188592610333,44.5211570750756
Gambia,GMB,2021,12,41.8646708676879,38.2594893491496,44.5831282029006
Tajikistan,TJK,2021,13,41.3535478734235,38.3369813816789,44.4199538650239
Zimbabwe,ZWE,2021,9,40.4398568118983,29.3049537350359,44.4626900663595
Angola,AGO,2021,17,40.3632136373323,39.2130243958956,41.5134616494085
Madagascar,MDG,2021,14,40.0832061745306,38.13298089111,42.7663881405769
Ghana,GHA,2021,17,39.0592622960831,38.0249079419525,40.3768564057503
Ukraine,UKR,2021,16,38.4911544566988,35.6433930391003,40.0604042289055
Burkina Faso,BFA,2021,10,38.3232890027246,31.2294452707367,44.2412227280457
Malawi,MWI,2021,15,38.3211563730361,37.1388339595047,40.082174540645
Mali,MLI,2021,10,37.9993256092974,34.578148193759,48.6962260281148
Guinea-Bissau,GNB,2021,7,37.8839326630834,29.7023104625939,45.7774573070023
Azerbaijan,AZE,2021,8,37.5024323103557,28.2024601083429,40.3938735753156
Côte d'Ivoire,CIV,2021,10,36.4102977398727,34.6694508619389,47.6406796517053
Comoros,COM,2021,11,35.8994739585826,30.2556368960005,39.7873988202475
Republic of Congo,COG,2021,9,35.0986530974376,33.1906454080655,42.3118454877128
Laos,LAO,2021,6,32.8480338750039,32.4814088045013,44.0383707280896
Cameroon,CMR,2021,16,32.5688515757823,31.4282472708717,34.7196120817281
Libya,LBY,2021,9,32.2954258125362,24.292721391951,42.2079882507566
Chad,TCD,2021,15,23.8103563294096,20.0060585889495,24.3700034039626
Burundi,BDI,2021,9,22.7270026980759,18.2371779837009,31.4655478812018
Haiti,HTI,2021,11,19.0116525877383,9.33733104426237,26.7540687882889
Sierra Leone,SLE,2021,8,17.5107098759783,8.49890088691125,22.1112789392116
Myanmar,MMR,2021,11,15.6942688947694,0,21.1146678964937
Equatorial Guinea,GNQ,2021,10,15.281507658573,10.7423350774951,22.2070225030693
Liberia,LBR,2021,12,15.1238319957382,1.68428279866032,19.2585423728168
Luxembourg,LUX,2020,16,90.3946151891194,89.0032505677314,92.1103456733579
Denmark,DNK,2020,16,90.2574340959839,88.9819567888866,91.8552541807753
Australia,AUS,2020,16,89.8333142363063,88.4054066790463,91.665558256701
Switzerland,CHE,2020,13,89.7389793646009,85.5413143404741,93.0933463633465
Canada,CAN,2020,12,87.6055877373622,80.2964587868077,91.1760485018252
Hong Kong,HKG,2020,13,85.8412073474798,82.1092531419448,88.6376009732979
New Zealand,NZL,2020,9,85.4749497245705,75.6324274776311,87.6271076364277
Singapore,SGP,2020,16,84.93796317508,83.3461577371456,86.7369269270385
Sweden,SWE,2020,16,84.6953661694046,83.2684552092414,86.3279244685362
United Kingdom,GBR,2020,12,84.6882730401952,75.281672898694,87.3718099837147
Japan,JPN,2020,12,84.6702641719095,83.9694832274035,93.8091685233289
France,FRA,2020,14,84.2173334988056,79.3375014742417,88.0626999909593
Norway,NOR,2020,13,84.1671858613108,78.4005218873127,88.4817906693044
South Korea,KOR,2020,13,81.2762986116217,77.4310682045291,84.2655284712994
Spain,ESP,2020,16,80.7248685404969,79.4237078624791,82.3558221095662
China,CHN,2020,13,79.6473691413435,75.6559930357669,82.3892487872847
Iceland,ISL,2020,15,78.9978752218808,76.1683280612008,80.0551440296099
Netherlands,NLD,2020,12,78.9288057040018,71.2068158058371,80.9254106562963
Malaysia,MYS,2020,15,77.9592450771311,74.9883394137635,80.5102362906304
United States of America,USA,2020,11,76.9983463822039,69.5457056684737,84.8370410654951
Finland,FIN,2020,16,76.4066559334322,75.2499773598801,77.8238166484306
Israel,ISR,2020,14,75.6159262500847,70.9842237588798,79.9559405006297
Poland,POL,2020,13,75.482826370036,67.8408169905049,76.1324014283666
Belgium,BEL,2020,16,75.3651097698918,74.1522621209186,76.6474630785183
Thailand,THA,2020,17,74.4621844584994,73.3934737411508,75.8956504070547
Portugal,PRT,2020,16,74.2048973583633,72.9369019628661,75.7869449095014
Malta,MLT,2020,16,73.1790725038887,71.9843681180575,74.4253383095505
Chile,CHL,2020,15,72.898268065551,70.0022369729503,74.70605271954
Austria,AUT,2020,16,72.8145848048908,71.7499398515768,73.9678129337478
Italy,ITA,2020,16,72.4863994472196,71.2713535112657,73.7957084039895
Kuwait,KWT,2020,14,71.750419016916,64.5911730724309,72.7426831710375
Cyprus,CYP,2020,15,70.1867979402964,66.7559572420429,72.7184457030128
Panama,PAN,2020,16,70.1389690584786,69.1333097422026,71.3495701741335
Brunei,BRN,2020,11,68.5800576982031,64.8022147262965,74.6051768870095
Bhutan,BTN,2020,12,68.5601190045184,58.0181678303244,69.3839073472601
Fiji,FJI,2020,13,68.444200946079,56.7010075866772,69.9778550339914
Brazil,BRA,2020,16,68.3199872376619,66.9215017085295,69.5485268593569
Armenia,ARM,2020,13,67.7863212075409,66.1938020023394,75.2665072375704
Namibia,NAM,2020,17,67.7119948166071,66.7738706476694,68.8542353862409
Barbados,BRB,2020,15,67.5969300865563,66.0580742359989,69.5498501583445
Estonia,EST,2020,13,67.265796658992,62.188855878714,70.2555630847816
South Africa,ZAF,2020,16,67.2287731693561,66.1850223561942,68.3620702221971
Slovakia,SVK,2020,13,67.0804360583343,65.8459995325291,73.7524301463595
Germany,DEU,2020,12,66.9618800339599,58.0533111244248,70.830205280807
Cabo Verde,CPV,2020,11,66.6233093316184,56.9515840550315,68.0330260148656
Mauritius,MUS,2020,17,66.5233596530359,65.5095458005203,67.5271290879992
Croatia,HRV,2020,13,65.8495285935203,63.77771526754,73.0729261366357
Slovenia,SVN,2020,13,65.7793600681723,60.354301714427,70.3729647244328
United Arab Emirates,ARE,2020,16,65.3926700501008,64.0997620781121,66.4260061902892
Costa Rica,CRI,2020,16,65.1875482366902,64.0992955975154,66.2593443226374
Dominican Republic,DOM,2020,13,64.7001297878417,62.348237746978,69.5285573620351
Bulgaria,BGR,2020,16,64.6081609971735,63.6091335023559,65.7607288333685
Moldova,MDA,2020,13,64.4025342528126,60.1911607534127,67.5464867322455
Jordan,JOR,2020,17,64.2268941533106,63.1972641639944,65.3819869746951
Georgia,GEO,2020,16,64.0637543801278,62.8564182377717,65.140788200883
Montenegro,MNE,2020,13,63.785843712556,62.19781780993,71.4754354252614
Turkey,TUR,2020,17,63.6547490706145,62.656996449326,65.0374498256291
Colombia,COL,2020,17,63.5692232631941,62.6665367212589,64.6527718616083
Belarus,BLR,2020,11,63.4966029562511,53.754456466323,69.0961352570771
Guatemala,GTM,2020,14,63.3210932263626,62.1385613968993,65.5016071139383
Hungary,HUN,2020,17,63.3056918043257,62.4124149310521,64.3217553558823
Seychelles,SYC,2020,16,62.7952124081602,61.5807508341885,65.1319769875121
Mexico,MEX,2020,16,62.7404692978248,61.3765020364802,63.6326366189624
Lebanon,LBN,2020,14,62.3890421796482,57.866397581416,66.9116867778803
Morocco,MAR,2020,12,62.3132416517006,59.7419315157608,67.0358491227735
Cambodia,KHM,2020,17,62.1079478030598,61.3089106853727,63.2608179892229
Czech Republic,CZE,2020,13,61.7637260105503,59.0385363700508,67.403821931682
Qatar,QAT,2020,10,61.3756674783763,54.6007052876995,67.3051042839032
Trinidad and Tobago,TTO,2020,15,61.3691382785996,60.0865511879415,63.5562575595036
Argentina,ARG,2020,14,61.2585714228659,57.445226985119,64.1068412105344
Nepal,NPL,2020,17,61.0808936591948,60.2222657092189,62.2810759548844
Bahamas,BHS,2020,7,61.0647746091804,51.4042350732149,67.20438564466
Sri Lanka,LKA,2020,14,60.9284417154355,60.000559120874,62.6179338410557
Bolivia,BOL,2020,17,60.7331066506997,59.7664847829394,61.8855727466805
Philippines,PHL,2020,17,60.7292236288641,59.9176011329479,61.6243399247264
Bangladesh,BGD,2020,17,60.6000032130329,59.6623578974794,61.7699567493916
Peru,PER,2020,16,60.5843646918787,59.3709157841127,61.8833058140411
Latvia,LVA,2020,16,60.4129756677507,59.1133726263071,61.314402587671
Honduras,HND,2020,16,60.3881397332618,59.3017378765287,61.3023901564467
Bosnia and Herzegovina,BIH,2020,16,60.1776429796645,58.6962148460175,61.3617479954511
India,IND,2020,17,59.7361868345452,58.7875949622283,60.8299616480441
Bahrain,BHR,2020,6,59.4180673576882,55.2252334078717,67.4883326627731
Russia,RUS,2020,13,59.3645828604246,56.5909118162179,66.2535839972807
Ireland,IRL,2020,16,59.2983899047401,58.096368713005,60.4143560207628
Indonesia,IDN,2020,17,58.8933418133284,58.0760976794119,59.8439859831971
Greece,GRC,2020,16,58.7456410946289,56.908620649475,60.46303997935
Mongolia,MNG,2020,16,58.458514939879,57.5055366795639,59.7035195501299
Oman,OMN,2020,9,58.3526748288422,53.8564847527123,63.7085620520707
North Macedonia,MKD,2020,13,57.940061697561,56.6005817186441,63.4723479915671
Eswatini,SWZ,2020,11,57.8226550462186,54.351185705289,61.8337803444271
Belize,BLZ,2020,13,57.4481866299966,52.1497030091305,65.1377759729752
El Salvador,SLV,2020,16,57.1477811397849,56.2160535473032,58.3919795310518
Jamaica,JAM,2020,12,56.3115218562155,46.9222219746124,57.1201072205059
Ecuador,ECU,2020,16,56.1315996034097,54.6453505482755,56.9980602498922
Albania,ALB,2020,17,56.1238962212073,55.313091242785,57.038813396065
Afghanistan,AFG,2020,8,56.000177824018,36.100177502293,58.2134794750607
Lithuania,LTU,2020,15,55.9596340482139,54.5199902713578,57.3265651714077
Botswana,BWA,2020,17,55.6351990907294,54.8894010719318,56.5390340946035
Vietnam,VNM,2020,15,55.4721273853173,52.4442367948244,58.5000179758102
Egypt,EGY,2020,9,55.1920811119676,47.5732636672097,59.7414631427697
Algeria,DZA,2020,14,55.0174943855807,53.9640582375709,56.636736398646
Romania,ROU,2020,16,54.8847616037631,53.7383490750455,55.9696959267192
Lesotho,LSO,2020,13,54.692302946134,51.7012118621296,57.6766441256581
Saudi Arabia,SAU,2020,14,54.4613780841104,53.4255731666778,58.8608752496068
Iraq,IRQ,2020,13,54.3359459655055,49.4896643631971,58.7204484090396
Paraguay,PRY,2020,17,53.7414364932057,52.9854137425613,54.6612678110221
Ethiopia,ETH,2020,8,53.3937777605847,45.2851264783595,65.0337519463671
Guyana,GUY,2020,9,53.2904664797165,43.9373881402926,58.0563987182969
Uzbekistan,UZB,2020,11,53.202446293904,50.7800575287861,64.5598943622154
Tunisia,TUN,2020,8,51.5885079986677,47.3850135764976,60.0294768635834
Democratic Republic of Congo,COD,2020,14,51.3296362826455,47.0985659848087,51.773675788964
Uruguay,URY,2020,17,50.8733211418971,49.8267800871479,52.0084207400667
Nicaragua,NIC,2020,17,50.8450008927105,50.0367334952967,51.7716214036072
Senegal,SEN,2020,10,50.2356891778154,38.6966882534119,51.8728655377488
Suriname,SUR,2020,7,50.1860197736157,41.0621535486837,58.3665785839831
Djibouti,DJI,2020,12,50.1451853883477,47.1790101856029,55.0183117541
Serbia,SRB,2020,8,49.351926217856,43.6451398818981,54.6764350208636
Uganda,UGA,2020,17,48.8375371369907,47.9853332886196,49.8361681737735
Gabon,GAB,2020,12,47.807086362244,44.4102138645893,50.6179856975648
South Sudan,SSD,2020,6,47.8005555319772,35.4017564464019,52.2709114602598
Kyrgyzstan,KGZ,2020,11,47.7453747252914,42.6555953586209,49.6877908232764
Mauritania,MRT,2020,8,47.5512519120414,40.7972371300233,58.1109715057827
Niger,NER,2020,9,47.1794058950152,29.6014201336907,50.7591224221847
Côte d'Ivoire,CIV,2020,10,46.8448835135835,34.1621780665362,47.9751035862227
Rwanda,RWA,2020,17,46.5158945578869,45.6440091570344,47.5231258365287
Togo,TGO,2020,9,46.140758567751,32.8398985421007,55.5409052083161
Benin,BEN,2020,10,46.0551371238507,34.5751262947988,48.7304696012057
Mozambique,MOZ,2020,14,45.773382058982,43.2582332042875,47.7506988593818
Central African Republic,CAF,2020,7,45.6125444513764,39.6569264667034,50.0038636563454
Papua New Guinea,PNG,2020,12,45.3548749961059,39.6889605227117,46.9081432779822
Kazakhstan,KAZ,2020,13,45.146533830098,40.6968224451015,48.040753760606
Kenya,KEN,2020,16,44.5200421139342,42.67532092984,49.7481105545409
Guinea,GIN,2020,15,44.2727312538266,43.4574078089065,45.754594879077
Zimbabwe,ZWE,2020,9,44.1393735633125,28.2988073770766,45.2284470818476
Laos,LAO,2020,6,44.0002138174023,38.8335499989674,49.1668776358372
Zambia,ZMB,2020,17,43.6553087799687,42.733590124589,44.7237705367248
Pakistan,PAK,2020,17,43.316944355022,42.491917739947,44.3248769857708
Sudan,SDN,2020,5,42.9397778584588,36.9397203186261,52.6289224890791
Nigeria,NGA,2020,15,42.7555205935337,41.4796911579908,43.8666921305784
Guinea-Bissau,GNB,2020,7,42.0333079568631,29.516505201122,45.9300803734342
Gambia,GMB,2020,12,41.1792036435992,38.2690377313033,44.5938022186192
Tanzania,TZA,2020,12,41.1192449996621,39.3478409811948,44.437423091907
Madagascar,MDG,2020,14,40.2564035350317,37.5864002448609,42.1350135549443
Mali,MLI,2020,10,39.3199355130403,32.366276966844,47.7348604572472
Ghana,GHA,2020,17,38.6488665334824,37.6135415691687,39.9354986281585
Angola,AGO,2020,17,38.0552407091617,36.7304307076091,39.3720138766022
Azerbaijan,AZE,2020,8,37.9602680683658,28.715459993611,39.2079467511273
Tajikistan,TJK,2020,13,37.9165206816289,35.6565945412085,42.2167470123341
Republic of Congo,COG,2020,9,37.7441632566639,33.0513625465738,42.1836351184888
Malawi,MWI,2020,13,36.1666191708957,35.4018853595777,39.6193792589848
Burkina Faso,BFA,2020,10,35.5304534589312,30.9467243064568,44.9083760942113
Ukraine,UKR,2020,16,32.8868313803951,30.5230894800423,35.4657957999234
Libya,LBY,2020,9,32.7950330946907,22.1404580929421,40.8398270968552
Comoros,COM,2020,10,31.1017548485465,29.8904854301042,39.9536301312451
Cameroon,CMR,2020,16,30.4221955415681,29.1423686269704,31.7924502890049
Burundi,BDI,2020,9,28.7253682505866,16.8703281909503,30.7395078999154
Haiti,HTI,2020,11,27.7490222648911,11.3299126853574,28.3069189800433
Chad,TCD,2020,15,22.7944802090527,20.2991448957298,24.5363416174679
Liberia,LBR,2020,12,20.6494506936918,4.9071957863992,21.7287498922811
Sierra Leone,SLE,2020,8,18.9059811686935,8.22983184592714,22.4449423544819
Myanmar,MMR,2020,11,17.1186381282266,0,21.3905340196196
Equatorial Guinea,GNQ,2020,10,16.6346170457852,12.8079841382798,23.9020645552876
Luxembourg,LUX,2019,16,87.550660140079,86.0979115630237,88.9779868192632
Australia,AUS,2019,16,87.4442527321294,85.7910884749254,89.277905631102
Denmark,DNK,2019,16,86.907026041741,85.7290437221448,88.5583958591318
Switzerland,CHE,2019,13,86.039087056686,84.6504103443308,90.8914748103764
New Zealand,NZL,2019,9,84.4979312027677,76.1047648850636,87.0645289045305
Norway,NOR,2019,14,84.2396814062826,78.6281218569883,87.7867456771435
Singapore,SGP,2019,16,83.3131703909814,81.6845653965595,85.1689338351742
Sweden,SWE,2019,16,83.1016605296343,81.7867684611519,84.7353566948888
Canada,CAN,2019,12,82.6995057403436,76.9011448968456,87.9031332649365
Hong Kong,HKG,2019,13,82.5949083497387,79.0116803045564,86.1483745766097
France,FRA,2019,14,81.4759704140249,75.4706153533117,84.5111353573615
Japan,JPN,2019,12,80.6664344555684,75.4826115990187,85.8502573121182
United Kingdom,GBR,2019,12,80.1185619729547,73.3324449673996,85.4317417615443
South Korea,KOR,2019,13,79.7296419620442,74.3285908349125,81.3062269891971
Spain,ESP,2019,16,77.1476812007818,75.8042169935067,78.772505131063
Iceland,ISL,2019,15,75.2024136524476,73.1436670470506,77.0861533753413
Finland,FIN,2019,16,74.147256748278,72.6617743083652,75.5530357768251
China,CHN,2019,13,73.9430359857166,67.6278399568821,76.4008724406127
Israel,ISR,2019,14,73.4267398827235,68.0129721277087,76.7025689345915
Netherlands,NLD,2019,12,72.5124985694943,70.6553379705885,79.3308531787365
Belgium,BEL,2019,16,71.4744309970628,70.3134968527908,72.8261953775284
Malaysia,MYS,2019,15,71.2703378242809,70.2816480444474,77.9538907351263
Thailand,THA,2019,17,70.949893925816,69.8469641143614,72.3901754090099
Chile,CHL,2019,15,70.8280661887124,68.094567560119,72.6647164176251
Malta,MLT,2019,16,70.6748479719671,69.385437374433,71.9219932999958
Portugal,PRT,2019,16,69.5264912312472,68.0576043305364,71.2029995567519
Slovakia,SVK,2019,13,69.3994608593209,62.9385972306344,70.8185357235688
Poland,POL,2019,13,68.9781528608906,64.5318916137778,72.6611099495473
Bahamas,BHS,2019,7,68.6880835984331,61.1002328737505,76.2759343231157
Austria,AUT,2019,16,68.5321461159602,67.4028456537934,69.8575472826292
Kuwait,KWT,2019,16,68.2542738294274,67.1541592259715,69.4559578949555
Croatia,HRV,2019,13,68.1254821565152,58.3306461067247,68.2261891771725
Italy,ITA,2019,16,67.0488680216946,65.826069471791,68.5520705145107
Panama,PAN,2019,16,66.3984298969367,65.2852791194898,67.5501228432565
United States of America,USA,2019,11,66.2515743238414,65.3397858881729,79.4919320471287
Barbados,BRB,2019,15,66.0464699577165,63.8055134959449,67.2160270210773
Estonia,EST,2019,13,65.2501029790611,60.9852471763753,68.764806371389
Namibia,NAM,2019,17,64.8640443186467,63.8169064957053,65.9964951817541
Argentina,ARG,2019,14,63.9164831660921,60.2838330994976,67.5491332326866
Brunei,BRN,2019,11,63.8172312419494,59.9690707129537,70.0944809947935
Brazil,BRA,2019,16,63.2569993182976,61.7438855333539,64.6729058010166
South Africa,ZAF,2019,16,63.0877020092242,62.0552525450563,64.1947194095137
Cyprus,CYP,2019,15,63.0552715924762,61.4981552845299,67.8417872177189
Mauritius,MUS,2019,17,62.8232735408204,61.874073971562,64.0323972028869
Armenia,ARM,2019,13,62.5764001661084,60.5704035177029,67.7226545077632
Costa Rica,CRI,2019,16,61.9861130017289,60.9083564493457,63.2212929240459
Guatemala,GTM,2019,14,61.8959342187348,58.4813745283694,62.2059717224972
United Arab Emirates,ARE,2019,16,61.8741832367532,60.6786988069665,62.9443220707665
Czech Republic,CZE,2019,13,61.7817958301187,55.0428064993263,63.3514548181103
Jordan,JOR,2019,17,60.8706895794338,59.8299766799099,62.2409867126909
Bahrain,BHR,2019,6,60.6301069083908,53.8611049808696,66.3862886076075
Dominican Republic,DOM,2019,13,60.4230333308765,57.5527353560372,64.4898118065473
Turkey,TUR,2019,17,60.3484859220516,59.2367754245041,61.7042938482926
Cabo Verde,CPV,2019,11,59.9167932515744,53.1163380415489,65.4204630501389
Bulgaria,BGR,2019,16,59.7857060941638,58.7354257100654,61.0277539563137
Germany,DEU,2019,12,59.717950113957,59.2702619706754,71.1628625843885
Seychelles,SYC,2019,16,59.6435379574651,57.5319176944771,60.80100371317
Lebanon,LBN,2019,14,59.557325659054,53.192343970088,60.962489960351
Sri Lanka,LKA,2019,14,59.5275949597357,57.0219211055582,60.1459173318379
Colombia,COL,2019,17,59.4031292014753,58.4327565790831,60.3823133027225
Oman,OMN,2019,9,59.0073519079379,53.1597173272501,63.4046119489999
Morocco,MAR,2019,12,58.928300196753,54.4287678056077,63.7674519383172
Latvia,LVA,2019,16,58.5198307372585,57.5768579508461,59.4872580828385
Georgia,GEO,2019,16,58.4205207686052,57.4149106141262,59.6093048456312
Russia,RUS,2019,13,58.3305708620557,53.1456096986331,63.0648972106251
Bhutan,BTN,2019,12,58.2581017810031,55.9058808248976,66.3064948935758
Mexico,MEX,2019,16,58.2175592782103,56.7783208287973,59.1370402830503
Moldova,MDA,2019,13,58.0701118042617,54.5639380454013,60.7915847331759
Mongolia,MNG,2019,16,58.0336336499182,56.9594671390618,59.272318989378
Trinidad and Tobago,TTO,2019,15,57.4943945474787,56.3227263373141,59.4353495454678
Belarus,BLR,2019,11,57.3964925050919,52.3148995778141,67.5471159405591
Fiji,FJI,2019,13,57.3871150657302,52.7640191524031,65.5625711613278
Hungary,HUN,2019,17,57.2153694379309,56.2800583101904,58.2700370901326
Ireland,IRL,2019,16,57.0608822967128,55.8315944932443,58.3367925833278
Slovenia,SVN,2019,13,57.0547203509572,55.0081236471683,64.2121702854117
Peru,PER,2019,16,56.9849515044292,56.2573450154066,58.3286244787039
Philippines,PHL,2019,17,56.8463986291688,55.989742366106,57.7530636902573
Bangladesh,BGD,2019,17,56.7947895669111,55.9722127236408,57.9931572000905
Cambodia,KHM,2019,17,56.7835019995685,55.8983777772791,58.0059688098526
Nepal,NPL,2019,16,56.452753709793,54.5625763834563,57.3867938750657
Honduras,HND,2019,16,56.3499041602133,55.2382878874777,57.4482730343674
Montenegro,MNE,2019,13,55.7515232898368,55.4314153984023,64.547348428615
Indonesia,IDN,2019,17,55.3762711750145,54.6741141913413,56.4049540384008
Tunisia,TUN,2019,8,55.3521608201748,47.4984408446134,59.9133278406555
Bolivia,BOL,2019,17,55.0212700198586,54.0955108369884,56.1551156928981
Greece,GRC,2019,16,55.0165699896894,52.825137256206,56.9357632099212
North Macedonia,MKD,2019,13,54.8904479956986,52.257710770119,59.9396990320009
India,IND,2019,17,54.6736377318626,53.5608262333543,55.8436297883297
Bosnia and Herzegovina,BIH,2019,16,54.6538736309548,53.4014634696795,55.7874621163662
Qatar,QAT,2019,10,53.734056125737,52.1073111915826,65.7998807743532
Suriname,SUR,2019,8,53.4968063961294,38.3124607368138,58.6458758738876
Guyana,GUY,2019,9,53.2331131351078,39.1926236837391,58.3193511633416
Lithuania,LTU,2019,16,52.9706521649189,51.9760998973847,53.8259788988487
Eswatini,SWZ,2019,11,52.4945281054954,51.0181058670339,57.8561859151193
Vietnam,VNM,2019,15,52.3193534874205,48.7656819654742,55.8730250093667
Jamaica,JAM,2019,12,52.1555609111479,45.3637977776473,56.249689247994
Egypt,EGY,2019,9,51.9053567498176,45.9223106575211,58.9941555898779
Botswana,BWA,2019,17,51.9025105176745,51.070503424141,52.8518515233271
El Salvador,SLV,2019,16,51.5855278525599,50.5654107441312,52.6056449609887
Algeria,DZA,2019,14,51.5539827644856,50.5977122888463,53.0939854885861
Iraq,IRQ,2019,13,51.5462796147857,45.9861619159355,55.3509186886735
Mauritania,MRT,2019,8,51.2885015406284,40.4008551419421,58.1474825000452
Albania,ALB,2019,17,51.1246647460752,50.1494067821224,52.1653871123316
Ecuador,ECU,2019,17,50.7682879592357,49.818726974386,51.6981577791867
Romania,ROU,2019,16,50.1787232013428,48.908266116202,51.361968425794
Saudi Arabia,SAU,2019,14,50.0146296655337,48.7787805105764,54.1798889488127
Togo,TGO,2019,9,49.8203485184329,35.6718203751824,54.258583178206
Paraguay,PRY,2019,17,49.2198268188818,48.2619900233474,50.1955408493568
Nicaragua,NIC,2019,17,49.1830341132784,48.2138528008149,50.0641271979546
Lesotho,LSO,2019,13,48.9821134960957,47.094199035181,52.9710913090221
Djibouti,DJI,2019,12,48.4077039997174,41.4395530948232,48.8068116834883
Afghanistan,AFG,2019,8,47.8448568656048,36.8319750265366,57.1501241928704
Democratic Republic of Congo,COD,2019,14,47.6002059731388,42.9793831714716,48.0053840789312
Serbia,SRB,2019,8,47.5375964854024,41.9329187366611,53.8287872780682
South Sudan,SSD,2019,6,47.2804953607156,31.9319351526298,51.8118300266373
Ethiopia,ETH,2019,8,47.1260530133322,43.611067447724,63.7699748133441
Guinea-Bissau,GNB,2019,7,47.0908237548284,38.3239522378382,55.8576952718187
Uzbekistan,UZB,2019,11,46.8603582192893,42.7285029592732,56.6622156967113
Uruguay,URY,2019,17,46.8430382106777,45.7014003133679,48.0064273595211
Sudan,SDN,2019,7,46.5745657620929,38.8598327207961,51.7425375896585
Belize,BLZ,2019,13,45.4043363856549,40.0078321783657,50.8008405929441
Senegal,SEN,2019,10,45.2593215688184,36.8377244466451,50.3997461217427
Uganda,UGA,2019,17,44.814785446151,43.9926739956297,45.9402917462168
Gabon,GAB,2019,13,43.8422994471318,39.2936433268575,44.7226263903173
Kenya,KEN,2019,16,43.795587958817,38.7469762463955,46.1753181887203
Kyrgyzstan,KGZ,2019,11,43.3003050160849,40.1179962160655,47.2451264674505
Rwanda,RWA,2019,17,43.2515638413687,42.2988802018375,44.4442547739499
Niger,NER,2019,9,42.7961083042656,29.1287132348991,50.4961727919129
Benin,BEN,2019,10,42.7957199287828,33.5979088948026,48.2505266102285
Côte d'Ivoire,CIV,2019,10,41.7680944513613,36.5826255028753,49.1094282380691
Mali,MLI,2019,10,41.7277085370705,30.9820715562201,46.2660584397698
Mozambique,MOZ,2019,14,40.7883167536313,38.8053495913992,43.7752901812798
Papua New Guinea,PNG,2019,12,40.6744758658178,35.6016092529861,43.7589516285819
Guinea,GIN,2019,15,40.6557000061027,39.4157887315658,41.6182011140847
Laos,LAO,2019,6,40.4885020311691,33.26023716736,42.8179611477485
Libya,LBY,2019,9,40.0729905795908,31.3217862247465,48.824194934435
Central African Republic,CAF,2019,7,40.0647885234514,37.5497170593763,49.2172849890513
Kazakhstan,KAZ,2019,13,40.0291034647005,36.3884640225883,43.4870758310687
Zambia,ZMB,2019,17,39.5930484609356,38.6265274342909,40.6259630687271
Zimbabwe,ZWE,2019,9,39.5859680690629,30.2287226052513,45.9617460017713
Pakistan,PAK,2019,17,39.4532570620808,38.641162836954,40.4702052070313
Tanzania,TZA,2019,12,39.1026600741833,35.4587185072251,40.9771016448849
Madagascar,MDG,2019,14,38.7606447681658,34.5521838508396,39.2192210115995
Gambia,GMB,2019,11,38.0904775837079,35.3452292111839,42.3653550949508
Angola,AGO,2019,17,37.5208029242463,36.1817036806088,38.8383798024687
Nigeria,NGA,2019,15,37.0736500458937,36.3030379566333,38.7925876072472
Burkina Faso,BFA,2019,10,36.3665032108607,32.3164297412778,44.3391367750871
Ghana,GHA,2019,17,34.6297008629838,33.4379372264194,35.8567198952501
Tajikistan,TJK,2019,13,34.2870649574196,31.0858013943617,37.4716606487942
Republic of Congo,COG,2019,9,33.6270711259527,30.1971459089063,39.85085036666
Comoros,COM,2019,10,33.2005169112364,27.6428596430523,37.5869645802922
Malawi,MWI,2019,13,32.5001860950176,30.4272374145983,35.1393973841129
Haiti,HTI,2019,9,30.0686056703471,21.5881247403688,38.5490866003254
Azerbaijan,AZE,2019,8,29.3353147820146,25.3874031790094,39.2667979356761
Cameroon,CMR,2019,17,25.6870934482356,24.4433546855124,26.930603635108
Ukraine,UKR,2019,16,24.9035447116196,22.4634705636731,27.0428566590635
Equatorial Guinea,GNQ,2019,10,22.6697004784023,20.0240066626423,29.2556625422418
Chad,TCD,2019,15,21.9085977791102,19.1072806440562,23.8035436887914
Liberia,LBR,2019,10,18.6531676525873,3.25544186354126,21.6984829107716
Burundi,BDI,2019,10,16.4536728083786,7.89748615832455,26.5762915554726
Sierra Leone,SLE,2019,8,16.0615799300605,8.46437548434094,22.5031109545418
Myanmar,MMR,2019,11,8.19685579462364,0,21.7499330248401
Australia,AUS,2018,16,89.1817344378236,87.5809432071392,91.0844562299557
Denmark,DNK,2018,15,88.9913947805881,86.1484168046696,90.187272977722
Switzerland,CHE,2018,13,88.6339847780891,85.0281888284453,91.4782646192588
Luxembourg,LUX,2018,16,88.398949026712,86.9736848915387,89.8560900441958
Japan,JPN,2018,12,86.370468520699,80.4862402030888,91.3043552671006
Sweden,SWE,2018,16,86.1725625288038,84.7859898502272,87.923957765264
Canada,CAN,2018,12,85.3909167452362,79.2986064022312,89.3370258775026
Singapore,SGP,2018,16,85.1560290402029,83.6084484687257,86.9964474149467
Norway,NOR,2018,15,82.1257233917984,80.7775101287403,85.3511657050035
Hong Kong,HKG,2018,13,80.3634646317472,79.1356812306553,86.4317886259103
New Zealand,NZL,2018,9,77.7850973884989,74.8011826074836,86.8167381638428
France,FRA,2018,14,77.2086807198254,75.7421620298949,84.2521965021768
United Kingdom,GBR,2018,12,77.0525538956794,72.826539916817,84.8573833311289
Spain,ESP,2018,16,77.0427208308857,75.6156245439933,78.7260003709259
South Korea,KOR,2018,13,76.9535011045304,72.8528867934469,80.5757409116866
Netherlands,NLD,2018,12,76.7191361756154,71.1607413324287,79.6588024991588
Iceland,ISL,2018,15,76.6597223828215,74.0619927116049,78.1649007209922
Finland,FIN,2018,16,74.626125894393,73.2631687199293,75.9424187502574
Poland,POL,2018,13,73.4173845504949,65.4623302372694,73.520713336565
China,CHN,2018,13,73.3181847534633,67.6643337765545,75.7863516444761
Malta,MLT,2018,16,73.1752907724294,71.9104055543222,74.5188465402339
Malaysia,MYS,2018,15,72.6844803012717,71.5088958297309,77.6239610320074
Israel,ISR,2018,14,72.6474663159049,68.141940672635,76.7771775264812
Belgium,BEL,2018,16,71.5653932886017,70.4848549279853,72.7549807146883
Germany,DEU,2018,12,71.1017260069736,65.4060858166195,76.7973661973276
Thailand,THA,2018,17,70.8514502568549,69.6630385020909,72.2104803052252
Chile,CHL,2018,15,69.831128770439,65.0275615594407,71.7492853923034
Kuwait,KWT,2018,16,69.6438855813574,68.5964686707387,70.8818313066507
Barbados,BRB,2018,15,69.1108059386688,66.1254041973704,69.852525568907
Portugal,PRT,2018,16,68.7770287792619,67.0728960564988,70.5267355318474
Austria,AUT,2018,16,68.4289513866463,67.2104238949749,69.6816712983065
Cyprus,CYP,2018,15,66.1939503989112,62.7573896975888,69.6305111002336
Italy,ITA,2018,16,65.9244752715307,64.5607532104029,67.412054746376
Panama,PAN,2018,16,65.8901001403685,65.4051206329231,67.6794553747161
Estonia,EST,2018,13,65.8742393967453,62.696315160205,71.6433772131742
United States of America,USA,2018,11,65.1225313034511,64.3502206249092,78.4241283997262
Namibia,NAM,2018,17,64.9965544617159,63.9855481645769,66.1924734104716
South Africa,ZAF,2018,16,64.946908355157,63.9795530478578,66.1298614868657
Lebanon,LBN,2018,16,64.2153754359987,63.114341080976,65.5688829326262
Mauritius,MUS,2018,17,63.9209580862987,62.7868676838995,65.1338950589013
United Arab Emirates,ARE,2018,16,63.3564577944732,62.0516681685464,64.329059415363
Slovakia,SVK,2018,13,62.6297334947038,62.5874082378584,70.3580409393302
Costa Rica,CRI,2018,16,62.151701723577,61.0840793489109,63.3387658726845
Brunei,BRN,2018,11,62.002467649239,58.6325015976785,68.134455245984
Brazil,BRA,2018,16,61.9697455267349,60.5755363543742,63.2737527497699
Turkey,TUR,2018,17,61.8184401952197,60.6990381485,63.1047925177623
Guatemala,GTM,2018,14,61.707167412577,59.8372130524769,64.2851544215207
Croatia,HRV,2018,13,61.6012216536205,57.200021350109,67.3455396412878
Seychelles,SYC,2018,16,61.1539695327335,59.2483476213417,62.5708235845645
Bhutan,BTN,2018,13,60.948867422832,59.5783583965236,65.1908255553494
Jordan,JOR,2018,17,60.5385504966562,59.4946042735889,61.8504857871818
Belarus,BLR,2018,11,60.1500472646176,52.270893642399,67.5365705724713
Slovenia,SVN,2018,13,59.9143651297811,54.1126898685214,62.0354746219235
Armenia,ARM,2018,13,59.632907620813,58.1124091277128,65.9231409260662
Bulgaria,BGR,2018,16,59.4151090553828,58.2598722954485,60.4668621813372
Cabo Verde,CPV,2018,11,59.3686109441496,50.7576628167772,63.6561612532694
Latvia,LVA,2018,16,58.9279106257403,57.728792016281,59.9237336446084
Trinidad and Tobago,TTO,2018,15,58.7508494182592,56.2352668877039,59.5460226198816
Czech Republic,CZE,2018,13,58.742243586335,55.4296467115742,63.8202350016766
Sri Lanka,LKA,2018,14,58.6816579950685,56.9972628974553,59.8888631844528
Montenegro,MNE,2018,13,58.6138254065064,53.6036170610005,62.4856859183945
Mexico,MEX,2018,16,58.5108234988697,56.8975168200009,59.4019586655187
Colombia,COL,2018,16,58.5033159426176,58.4200863166152,60.8237361093476
Bangladesh,BGD,2018,17,58.056464378923,57.2345411525559,59.2556980471471
Peru,PER,2018,16,58.0420309532065,56.6117914329385,58.9640906610768
Dominican Republic,DOM,2018,13,58.0388101726031,57.1773934983961,63.6738170415492
Morocco,MAR,2018,12,58.0388101726031,53.5040791972897,63.5020476493924
Fiji,FJI,2018,11,58.0073981289854,54.4985903541239,72.1725819150587
Ireland,IRL,2018,16,57.4217414792243,56.4275196121432,59.1870610359543
Argentina,ARG,2018,16,57.1360886397085,55.2472008828332,58.5420671474672
Eswatini,SWZ,2018,11,57.0781943344276,53.8684597791692,60.3126927970486
Georgia,GEO,2018,16,57.0081750078042,56.3619085857838,58.4428482262563
Vietnam,VNM,2018,15,56.665767631953,54.0453414478606,59.3073502064927
Guyana,GUY,2018,9,56.5792228680357,41.0513455650433,57.8878818892934
North Macedonia,MKD,2018,13,56.544069925377,52.5837802295727,61.2688228532897
Indonesia,IDN,2018,17,56.4242442711708,55.5535088528851,57.2270613479673
Honduras,HND,2018,16,56.3874624050433,55.225859178206,57.4139363060341
Greece,GRC,2018,16,56.3430668603736,53.907798977375,58.4908957920069
Philippines,PHL,2018,17,56.1915645035168,55.3877744576969,57.3048697114732
Hungary,HUN,2018,17,55.8865446029585,54.9997740000255,56.9199479524699
Oman,OMN,2018,9,55.8413241467606,51.8788153978411,62.7495960649925
Moldova,MDA,2018,13,55.6403058518479,52.7216739178281,59.5963318352157
Nepal,NPL,2018,16,55.5429150240281,53.2016411717833,56.2971827820568
Mongolia,MNG,2018,15,55.3824650983709,51.7494452579071,59.0167502638777
Cambodia,KHM,2018,17,55.2269742381252,54.4377222397598,56.3768071391212
Russia,RUS,2018,13,55.0759346510327,52.8768567419087,61.864389371943
Qatar,QAT,2018,10,55.0421208183819,50.9359773276861,64.5405654677783
Bolivia,BOL,2018,17,54.9451855009627,53.9651235407055,56.1122291747913
Saudi Arabia,SAU,2018,16,54.6469368363124,53.7749032457434,56.3980615102626
India,IND,2018,17,54.2137932205428,53.1988667535291,55.3708635196431
Jamaica,JAM,2018,12,53.9506236784561,42.6134060623988,54.3055138752854
Bahrain,BHR,2018,6,53.8356842686918,48.0951663895353,59.5762021478482
Belize,BLZ,2018,12,53.8356842686918,48.0773463623585,59.8840212920158
El Salvador,SLV,2018,16,53.7480011139849,52.3350115590373,54.7025284569267
Lithuania,LTU,2018,16,53.6255854070971,52.6690857704279,54.5394469176649
Iraq,IRQ,2018,13,53.1487129790192,48.7589689364423,58.0777145033733
Bosnia and Herzegovina,BIH,2018,16,52.9773931695525,51.9152003920615,54.1192398442752
Botswana,BWA,2018,17,52.9604588142322,52.1388378115327,53.9128154118442
Tunisia,TUN,2018,8,52.6599236496978,45.2560602083199,59.0238887707108
Algeria,DZA,2018,14,52.3911575399093,50.952365991608,53.5958219856944
Afghanistan,AFG,2018,8,52.2563955689334,37.5313220296475,56.0648386934782
Paraguay,PRY,2018,15,51.5225714357126,49.4461187940058,53.5990240774194
Egypt,EGY,2018,9,51.3600296809357,43.9851610688898,57.3538516505494
Togo,TGO,2018,9,51.1988611041579,32.8996587952157,53.580686314108
Albania,ALB,2018,17,51.0118512700498,49.9679873964473,52.0138181275484
Senegal,SEN,2018,10,50.4236041135429,44.0410431790224,56.8061650480635
Ecuador,ECU,2018,17,50.2705387220969,49.2999716938594,51.229122251132
Suriname,SUR,2018,8,50.2014346700831,40.4804754258264,59.1129396500267
Bahamas,BHS,2018,7,50.1973017840822,48.5985037295294,65.9358342610569
Nicaragua,NIC,2018,14,49.8607265462736,48.2708666708416,52.3399956403884
Romania,ROU,2018,17,49.8407873515653,48.8409475229423,51.0654919526826
Lesotho,LSO,2018,13,49.780524002351,47.5183589801977,53.1285412232202
Democratic Republic of Congo,COD,2018,8,49.7264086830187,44.6671944114039,64.4295035592779
Iran,IRN,2018,4,48.4905866276318,46.5019660095903,51.473903281748
Ethiopia,ETH,2018,8,48.3242732205011,44.7030466255827,67.2683247711679
Mali,MLI,2018,10,46.5905625265267,39.0686100928942,54.1125149601592
Niger,NER,2018,9,46.3698980463823,30.2105666611465,50.5980361471407
Uruguay,URY,2018,16,46.079002328697,44.8778715333468,47.2464303384523
Uzbekistan,UZB,2018,11,45.5369017575205,41.4027541262102,55.5059897741626
Sudan,SDN,2018,7,44.8038705144942,38.0570860268065,51.0802656128663
Uganda,UGA,2018,15,44.6947753727244,44.0095365371676,46.7530664789287
Gabon,GAB,2018,13,44.3833974390358,40.5345213629346,45.6425738643574
Kenya,KEN,2018,16,43.9255475840709,37.7448665246052,45.4202713736313
South Sudan,SSD,2018,5,43.6818107019161,33.0535389740092,51.6302477411281
Djibouti,DJI,2018,12,43.1733389095985,40.6811178352883,47.9371904667503
Guinea,GIN,2018,15,43.053363079288,42.2175536407378,44.6722804922736
Mauritania,MRT,2018,8,42.7022992300203,38.6390441848247,57.1767962134939
Zimbabwe,ZWE,2018,9,42.6976260680973,30.5621947612188,45.6810595038744
Serbia,SRB,2018,8,42.6584696578105,40.512564310009,51.57261798876
Zambia,ZMB,2018,17,42.0849146529446,41.0519835558478,43.0558384110046
Central African Republic,CAF,2018,9,41.696011600919,37.1548922858408,43.7931537584952
Kyrgyzstan,KGZ,2018,11,41.6674399163483,40.9076525532954,47.4901817250586
Côte d'Ivoire,CIV,2018,10,41.5004115571579,36.1994184977882,48.6346748346318
Papua New Guinea,PNG,2018,11,41.3411402124891,35.0075685255708,45.1809539674795
Laos,LAO,2018,6,40.8134792761838,33.6012077715369,43.7120125371968
Mozambique,MOZ,2018,14,40.6596985534811,38.4104959733292,43.4103194643812
Rwanda,RWA,2018,17,39.8088204199695,38.8229039469202,40.9719404196003
Pakistan,PAK,2018,17,39.4928332291392,38.6552498574954,40.6423396000848
Benin,BEN,2018,10,38.7058348054483,34.2649395921504,48.3317643849477
Madagascar,MDG,2018,14,38.121580400371,35.1640155632799,40.1019394143418
Republic of Congo,COG,2018,9,38.1127291290696,33.0994283513586,42.0979378769656
Angola,AGO,2018,16,38.0378225008347,36.9351773205473,43.262085064684
Tanzania,TZA,2018,12,36.9817220069517,35.5830238594044,40.8128088777048
Nigeria,NGA,2018,15,36.6899110638422,35.1229565805776,38.4244343021834
Gambia,GMB,2018,10,35.0391610284413,34.303449495369,41.800287123744
Kazakhstan,KAZ,2018,13,34.3134398097056,30.6496772654737,37.9772023539375
Libya,LBY,2018,9,34.1589182672448,19.6350992904078,40.3674393036466
Azerbaijan,AZE,2018,8,33.9921277878925,26.4568626075861,37.598075017462
Tajikistan,TJK,2018,13,33.5676342623007,31.5803654440164,38.4173367770239
Ghana,GHA,2018,17,32.9269862279202,31.6122305756663,34.3541055771617
Equatorial Guinea,GNQ,2018,10,32.704342177163,25.8540470137657,36.1304897916137
Malawi,MWI,2018,13,32.2615531269402,29.6230207399669,34.2427708965793
Guinea-Bissau,GNB,2018,7,31.7526010948703,28.4321846164596,46.1364405097643
Burkina Faso,BFA,2018,9,31.1045832672985,22.4980543373193,44.9357879391784
Comoros,COM,2018,10,30.8529076311785,26.1422760206075,35.8904199453273
Cameroon,CMR,2018,17,26.4690310072555,25.2345901988051,27.6466879558019
Haiti,HTI,2018,9,26.1012190389767,14.018724957038,30.4212831952902
Ukraine,UKR,2018,16,22.8611285482122,20.0537843015663,25.2092657132703
Chad,TCD,2018,15,20.0890087223626,18.5892839630936,23.7407048050685
Burundi,BDI,2018,13,19.6264888932814,15.791128052974,20.8459948150467
Liberia,LBR,2018,9,17.567960062179,1.72302039171495,19.4381542076925
Sierra Leone,SLE,2018,8,14.5081585595093,8.10480683109213,21.2863221146148
Myanmar,MMR,2018,11,13.8218486173903,0,19.3804801355393
Australia,AUS,2017,16,89.6079373815199,87.7792426423745,91.4903701948739
Sweden,SWE,2017,16,88.6569509253617,87.3230448529398,90.5426970490473
Japan,JPN,2017,12,88.4000811852808,80.9629137930095,92.6285869644776
Switzerland,CHE,2017,15,88.2142842405934,84.8059834584589,90.1320224462839
Luxembourg,LUX,2017,16,88.000685090538,86.5282098213039,89.6206842105499
Denmark,DNK,2017,15,87.4537999986583,85.9752359452624,89.6679136445747
Singapore,SGP,2017,16,86.5615042175329,84.6849517863184,88.5935062339788
Canada,CAN,2017,12,85.396008186418,77.8186251690774,88.727076393884
Norway,NOR,2017,15,83.0032931315916,81.5741880439393,86.2150795806625
France,FRA,2017,14,82.7133216744767,75.5561249535321,83.357452418725
Hong Kong,HKG,2017,12,82.2909853766294,77.7823096887938,86.8626315399842
New Zealand,NZL,2017,9,80.71991494765,77.0057853692092,87.2515054222525
South Korea,KOR,2017,13,77.7571763019616,72.59217213674,79.9514669249978
Spain,ESP,2017,15,76.4801431177464,70.5923086983725,78.5969056814677
Malaysia,MYS,2017,15,76.2306596079063,71.244642611771,77.7823938371089
Iceland,ISL,2017,15,74.3792588281144,73.2502490224236,77.6268653048663
United Kingdom,GBR,2017,12,74.1295085062291,72.7421023086082,84.7308635904006
Israel,ISR,2017,14,73.8882085639603,67.0416352997354,76.0910933815785
Malta,MLT,2017,16,73.1081271505342,71.7552775166043,74.5129037204592
Finland,FIN,2017,16,73.0753502566351,71.5233067354619,74.4994693435712
China,CHN,2017,12,72.3374317907502,67.8997658176456,79.1923814612675
Netherlands,NLD,2017,13,71.7280979067928,67.3682093060778,73.9299783524639
Thailand,THA,2017,17,70.3755482343497,69.1793509263638,71.8798583170977
Belgium,BEL,2017,16,70.1753463776916,68.7358943043766,71.5446332377766
United States of America,USA,2017,11,70.1753463776916,63.1775512771012,78.3036114367224
Kuwait,KWT,2017,16,70.1558331278513,69.0128490319748,71.3817841926645
Germany,DEU,2017,12,69.9491767411436,60.7927685335505,72.4412920845556
Chile,CHL,2017,15,69.3515704626672,64.4985746372935,71.2609304864908
Estonia,EST,2017,13,68.7509961648824,63.6483291915642,71.8339716410895
Austria,AUT,2017,16,67.630272730973,66.1537999329521,68.9591674641853
Barbados,BRB,2017,15,67.533307538597,64.8141263772048,68.4060507613187
Portugal,PRT,2017,16,67.162328936103,65.4276794531768,69.0520981632727
Slovakia,SVK,2017,13,66.9878253077566,61.1965580110793,69.0755076399582
Lebanon,LBN,2017,16,66.3951338332121,64.7991425281111,67.5422498001235
Panama,PAN,2017,16,65.8749729492224,64.3377321512334,66.9066573525048
South Africa,ZAF,2017,17,65.3798576446326,64.2849531814031,66.5291034638186
Namibia,NAM,2017,17,64.5654776728258,63.6036396938117,65.8247105148679
Italy,ITA,2017,16,63.2708591171988,61.5398361928924,64.7109375595193
Poland,POL,2017,13,63.2708591171988,59.0182966632474,67.5234215711502
United Arab Emirates,ARE,2017,16,63.2708591171988,61.652032791961,64.5894439685455
Mauritius,MUS,2017,17,62.3424881443419,61.122221153333,63.7508419432608
Costa Rica,CRI,2017,16,61.4478194794792,60.3059504506863,62.5665330074611
Turkey,TUR,2017,17,60.9412365394004,59.7612807805304,62.3085220752846
Brazil,BRA,2017,16,60.7980119577367,59.2726938411481,61.9925912099534
Qatar,QAT,2017,10,60.5161664905059,50.5698966223724,65.5933611011162
Seychelles,SYC,2017,15,60.5161664905059,54.2189289581547,64.4822919801517
Bahrain,BHR,2017,6,60.0889519932199,52.7261232852662,66.4842760149713
Brunei,BRN,2017,11,60.0889519932199,56.7075545164695,65.7235345709933
Jordan,JOR,2017,17,59.8641420070556,58.8000353079083,60.9114263142531
Bhutan,BTN,2017,13,59.8027180587856,57.5534277374671,63.8761155817974
Colombia,COL,2017,16,58.6657644557378,57.248502268702,59.5286057057788
Fiji,FJI,2017,11,58.6657644557378,54.741784069571,72.6150073739293
Guatemala,GTM,2017,14,58.6657644557378,58.2181682379602,64.2568880776874
Croatia,HRV,2017,13,57.8527881540593,55.0846334969602,64.9663482990741
Latvia,LVA,2017,16,57.8527881540593,57.0194037033473,59.0849428798607
Mongolia,MNG,2017,15,57.8527881540593,51.3895652397837,59.1222700026771
Armenia,ARM,2017,13,57.8439414811135,55.1282011682306,62.2459333845905
Ireland,IRL,2017,16,57.8439414811135,55.9860063908859,59.1085799163917
Trinidad and Tobago,TTO,2017,15,57.8439414811135,55.2569915938697,58.7111226977564
Czech Republic,CZE,2017,13,57.7392492170369,54.2108943099734,62.270349658249
Belarus,BLR,2017,11,57.3202919630463,50.6473932620897,63.5798350607946
Russia,RUS,2017,13,57.2888466119862,50.6183641031542,59.5948196498779
Bulgaria,BGR,2017,16,57.2666951267192,55.6902412020533,58.5127345688789
North Macedonia,MKD,2017,13,57.2666951267192,50.7884977673181,58.1486019928612
Morocco,MAR,2017,12,57.2484318170373,52.4395325622076,62.5097530483094
Sri Lanka,LKA,2017,14,57.2484318170373,56.0408442336938,59.4771130490741
Peru,PER,2017,16,57.1916745234753,55.6425545919053,58.0460205510362
Cyprus,CYP,2017,15,56.9028660609729,53.9529027166954,61.2533951613924
Dominican Republic,DOM,2017,8,56.9028660609729,47.8415325282769,61.3847412464211
Bangladesh,BGD,2017,17,56.4071627549786,55.4693519538341,57.6983713205319
Greece,GRC,2017,16,56.4040858030129,53.7559790459983,58.6822421182787
Mexico,MEX,2017,16,56.4040858030129,55.1746867422617,57.7786452328769
Vietnam,VNM,2017,15,56.4040858030129,51.4855904186399,58.1141502563531
Guyana,GUY,2017,9,55.9599489419825,39.8622739871624,58.6613134783132
Cabo Verde,CPV,2017,11,55.7148134090244,49.9688018674525,62.689954802782
Saudi Arabia,SAU,2017,16,55.7148134090244,53.2001693610156,56.526616416181
Honduras,HND,2017,16,55.695391954993,54.2460757621251,56.6152685720893
Argentina,ARG,2017,16,55.3115178400389,53.8768024379908,56.9459405782009
Moldova,MDA,2017,13,55.3115178400389,51.11438849456,58.1845581138769
Georgia,GEO,2017,16,54.7535709310352,53.4524299040848,55.7368528731677
Indonesia,IDN,2017,17,54.2944310750061,53.439933669483,55.1667343752475
Philippines,PHL,2017,17,54.2944310750061,53.4159054992634,55.3003679359473
Oman,OMN,2017,9,54.1332425430113,51.6742367491534,63.6381149343997
Slovenia,SVN,2017,13,54.1332425430113,51.6523169879837,58.2720811321155
Belize,BLZ,2017,7,53.4807604415637,43.8586777688742,70.947591478441
Jamaica,JAM,2017,11,53.4807604415637,43.4209121371777,54.1682907753741
India,IND,2017,17,53.0001826998841,51.9662849810995,54.2568244527245
Suriname,SUR,2017,8,52.914414950024,40.0162267468693,59.1244672694547
Bolivia,BOL,2017,17,52.7511737804785,51.7831341130807,53.9316487783669
Cambodia,KHM,2017,17,52.7470116408877,51.9315150261757,53.8926311908225
El Salvador,SLV,2017,16,52.677510858724,51.2981938990934,53.5487002205016
Lithuania,LTU,2017,16,52.6732178003737,51.3753049911264,53.6907747549376
Timor-Leste,TLS,2017,5,52.6732178003737,40.9183530576661,52.7487756288599
Bahamas,BHS,2017,7,52.4331947747422,50.3332602077091,66.4600914798703
Nepal,NPL,2017,15,52.1558451140681,50.4138798651876,53.7312097168308
Montenegro,MNE,2017,13,51.6218208499609,49.3383871093703,56.7393070474074
Hungary,HUN,2017,17,51.3570317174935,50.4099865857126,52.5826376471824
Eswatini,SWZ,2017,10,51.2052061205955,45.5306981254086,56.2129515771944
Botswana,BWA,2017,17,50.8949574042926,50.0595556963106,51.9563361861448
Iraq,IRQ,2017,13,50.8949574042926,47.9006640062576,56.3711307865637
Mauritania,MRT,2017,8,50.8949574042926,38.1487417440894,56.010126953458
Bosnia and Herzegovina,BIH,2017,16,50.1208092695701,48.5807949822041,51.2956788125009
Algeria,DZA,2017,14,49.6003843653452,48.6719457601906,51.4587402285493
Egypt,EGY,2017,8,49.5309784006806,43.4416065370204,61.4863976421576
Iran,IRN,2017,6,49.5309784006806,47.9307632101408,52.3422003367717
Paraguay,PRY,2017,14,49.5309784006806,46.278482214368,52.7834745869932
Togo,TGO,2017,9,49.5309784006806,32.9782496535239,54.6024249723265
Benin,BEN,2017,10,49.381690087167,42.1140962995703,56.6492838747636
Ecuador,ECU,2017,17,48.5009373378873,47.4715214542389,49.4037473731916
Nicaragua,NIC,2017,13,47.8285274591186,44.0756040215793,52.5649953316728
Serbia,SRB,2017,8,47.8285274591186,38.5451234291774,50.7266792227372
Albania,ALB,2017,17,47.8259160637748,46.6502979255922,48.9023942819828
Lesotho,LSO,2017,13,47.8259160637748,45.9989305299012,52.008882692005
Tunisia,TUN,2017,8,46.7995017166555,45.1612290940139,57.9228180549545
Romania,ROU,2017,17,46.3288081845893,45.3045339367021,47.6302331049458
Sudan,SDN,2017,7,46.2926383896932,36.6035804168154,51.8361633936229
Niger,NER,2017,9,45.4068014862698,30.5577879012515,51.2884564413171
Uruguay,URY,2017,16,43.9057156402534,42.7071277713874,44.9946108876873
Uzbekistan,UZB,2017,11,43.5865328702228,34.8026649876577,49.9902407049778
Mali,MLI,2017,10,42.9550230681967,31.5795506259534,46.3729692413605
Kenya,KEN,2017,16,42.5919528273416,37.9500586677598,45.1534294971608
Papua New Guinea,PNG,2017,11,42.5919528273416,35.3200336894479,44.8546738706998
Côte d'Ivoire,CIV,2017,10,41.5569324992813,37.6022782766767,49.0652224599683
Democratic Republic of Congo,COD,2017,8,41.5569324992813,33.7695243234479,50.4248038149372
Senegal,SEN,2017,10,41.4813035842451,34.7663788050247,47.9182351064026
Republic of Congo,COG,2017,9,41.2913732615937,34.3265956639953,44.4808171630238
Gabon,GAB,2017,13,40.6391912962991,38.8592774777068,44.1619251298136
Libya,LBY,2017,8,40.6391912962991,21.4495575005143,42.6009444995648
Uganda,UGA,2017,15,40.6391912962991,39.8998068218039,43.5043740913246
Zambia,ZMB,2017,17,40.5562856644167,39.5022140631934,41.6189524695043
Madagascar,MDG,2017,12,39.5089125683166,34.5143719047633,39.5514522413828
Central African Republic,CAF,2017,9,39.4831805862558,35.3031666711751,41.9754433095158
Mozambique,MOZ,2017,14,39.3526828901983,36.6870077184935,41.7327401956465
Angola,AGO,2017,16,39.1203468659999,37.2247072452522,44.0637619662561
Guinea-Bissau,GNB,2017,7,38.9002190711761,30.0941152651837,47.4173456943326
Kyrgyzstan,KGZ,2017,11,38.9002190711761,37.6880594434504,45.4759788304449
Rwanda,RWA,2017,17,37.9922570607104,37.0538457448079,39.222894906256
Djibouti,DJI,2017,11,37.8123526728473,37.3301843225531,45.1030157589573
Gambia,GMB,2017,8,37.8123526728473,31.2560752701139,41.5841878110672
Pakistan,PAK,2017,17,37.575321663206,36.6285630858798,38.687567832901
Nigeria,NGA,2017,15,37.1098661714944,35.9811247417558,38.9301883432162
Guinea,GIN,2017,14,36.415314712205,33.7076205596446,42.7941916831661
Tanzania,TZA,2017,12,35.5414640545037,34.0149421276463,40.2162369025469
Afghanistan,AFG,2017,8,34.7223607187779,33.4302763929476,57.0120237906533
Azerbaijan,AZE,2017,8,34.7223607187779,26.2723847207655,36.96232426606
Burkina Faso,BFA,2017,9,34.7223607187779,25.4230456454281,46.5316222385545
Comoros,COM,2017,8,34.6702705050254,29.3059016119174,39.4629458563095
Laos,LAO,2017,6,34.6702705050254,32.4429728581425,42.3641405009384
Kazakhstan,KAZ,2017,13,33.8042648395872,32.0620317981592,39.4216218893363
Zimbabwe,ZWE,2017,9,32.353871929365,28.6579639165111,45.0983334725948
Ghana,GHA,2017,17,32.2172900063437,30.939692971827,33.5860812636758
Tajikistan,TJK,2017,13,31.6955090052435,25.1111227415061,33.354904872222
Equatorial Guinea,GNQ,2017,9,31.1629041566295,26.0626656555045,37.856015693997
Malawi,MWI,2017,15,28.1955810032872,27.3836100946017,30.3881723447276
Cameroon,CMR,2017,17,24.4313394433045,23.1940733607251,25.5961415959413
Haiti,HTI,2017,8,24.4313394433045,14.1812063488822,37.162813220058
Ukraine,UKR,2017,16,20.4899937824576,17.6943533360388,22.5684199981565
Chad,TCD,2017,16,20.4620410612079,17.4326892855148,21.7019302045954
Burundi,BDI,2017,13,15.9451112170125,12.3712795112825,17.0486811755204
Liberia,LBR,2017,8,15.9451112170125,2.43377025906049,20.2361299005286
Myanmar,MMR,2017,11,15.9451112170125,0,20.1089631019342
Sierra Leone,SLE,2017,8,15.9451112170125,8.89465538447418,21.3241138342054
Australia,AUS,2016,17,93.2205559561998,90.8619415788881,95.9125117098255
Singapore,SGP,2016,17,90.7767278603355,89.2573545446824,94.0632929553102
Japan,JPN,2016,13,89.9615929834847,87.3914052368202,92.5453877050552
Hong Kong,HKG,2016,15,89.3024713610364,85.8348423087913,92.823704562954
Denmark,DNK,2016,18,88.4632446003515,87.4216111083021,90.0323176990522
New Zealand,NZL,2016,10,87.8003162502481,81.5331246726118,94.2189112117184
Sweden,SWE,2016,14,87.6365283443205,84.0768644355621,89.4772271132238
Luxembourg,LUX,2016,18,87.6051590268041,86.1189328418914,89.4901417061358
Switzerland,CHE,2016,18,87.2234291511524,85.6885024141325,88.8429548901539
Canada,CAN,2016,15,86.5222816645972,78.5574277131815,93.6284758372073
South Korea,KOR,2016,15,84.4168912520766,77.7643097456823,85.9928025715433
United Kingdom,GBR,2016,15,84.2498050757637,76.3796020366704,89.5314579115228
China,CHN,2016,14,83.3725064949702,74.7274148703979,87.4444247828605
France,FRA,2016,16,81.0143293848206,74.5580632820775,88.5492197606837
Spain,ESP,2016,17,79.6854500900992,78.0036633014383,81.515335480798
Norway,NOR,2016,17,79.1159821062363,77.5860498611227,81.6324170352331
Malaysia,MYS,2016,18,77.6846624178239,76.4520998895922,79.2300602317245
Israel,ISR,2016,16,77.5682436122608,71.6340259545653,82.3237486632796
Netherlands,NLD,2016,15,76.0471345763963,71.5920639931894,78.8042844106964
Malta,MLT,2016,18,75.7577318321897,74.6329872861685,77.4584697307675
Portugal,PRT,2016,18,73.0941484552428,71.9109383145526,74.9020168491758
Finland,FIN,2016,18,72.1542195117403,71.0724308369628,73.3776512552608
Belgium,BEL,2016,18,70.6439821403936,69.594429027006,72.1554834255791
United States of America,USA,2016,12,70.1343381769046,58.9194785306045,76.9365606604559
Chile,CHL,2016,17,70.0358768731406,68.7428514776589,71.2403516811906
Austria,AUT,2016,18,69.9447051123236,68.9008732161134,71.2027355923247
Slovakia,SVK,2016,15,69.9034033933764,65.7902098721377,74.0165969146151
Mauritius,MUS,2016,16,69.4947696992944,64.9380984592166,73.9141669591444
Iceland,ISL,2016,18,69.0847929501293,67.8991195579189,70.6226423900942
Thailand,THA,2016,18,68.7223236422301,67.6612708138207,69.8709382769711
Barbados,BRB,2016,10,66.0833488487415,63.2806244220791,71.0129192620243
Lebanon,LBN,2016,17,65.6853595993805,62.6296860320247,66.4596566334785
Germany,DEU,2016,14,65.6701541537959,63.9438367188301,68.917628360529
South Africa,ZAF,2016,18,65.5157975274473,64.6272542091666,66.8130196293132
Kuwait,KWT,2016,18,65.4146846636985,64.4669329271671,66.592963376584
Panama,PAN,2016,17,65.1441692840321,63.5153849525579,66.7754758702462
Namibia,NAM,2016,17,64.2583722364352,62.6757627168773,65.5465723900116
Italy,ITA,2016,18,63.8572065427987,62.7298280097729,65.4256753910411
Poland,POL,2016,15,63.7569610972628,58.2165084773675,66.8582576928674
United Arab Emirates,ARE,2016,18,63.3256037555323,62.4416769336905,64.5355085591221
Brazil,BRA,2016,18,63.1263855173863,62.0618277929932,64.3987289282749
Estonia,EST,2016,15,62.5999579345511,59.4753876168834,66.7206228312057
Turkey,TUR,2016,18,62.2607192701732,61.19035167743,63.3259419281928
Bahrain,BHR,2016,9,61.8344861978098,55.3342657436385,66.2017309329337
Costa Rica,CRI,2016,18,61.6252525618091,60.8149668118751,62.765837472408
Qatar,QAT,2016,9,60.7892434484706,54.309784308344,64.2152361890967
Bhutan,BTN,2016,14,60.2843769388514,53.5652234343687,61.5410224828921
Brunei,BRN,2016,9,60.2199855322107,50.1542721265364,65.1114904876366
Czech Republic,CZE,2016,15,60.0741711927524,56.0817359270471,64.9533574498442
Jordan,JOR,2016,18,59.4173983525004,58.5823900551847,60.5165072445804
Fiji,FJI,2016,10,59.3225543171844,50.7609488857006,68.0108970148343
Guatemala,GTM,2016,15,58.2383976717589,52.7610374792903,59.2209578016804
Armenia,ARM,2016,15,57.717559876542,53.073509081582,60.3060820738197
Mongolia,MNG,2016,12,57.717559876542,53.2656460547277,62.1694736983564
Morocco,MAR,2016,14,57.4845875585688,53.043461777709,59.6308582540173
Latvia,LVA,2016,18,57.483948553466,56.6835879884787,58.6148240904138
Trinidad and Tobago,TTO,2016,16,57.4494379518847,55.6708611556348,58.9024852316642
Ireland,IRL,2016,17,57.3612204519014,56.560957319229,60.0809865921106
Colombia,COL,2016,17,56.845122263588,52.6302771619784,57.7838194485528
Croatia,HRV,2016,15,56.5968595764835,53.5291263786939,62.9942673769573
Russia,RUS,2016,15,56.5076782329694,54.7907543576681,63.6712437533947
Belarus,BLR,2016,12,55.940879997837,50.9531077705694,62.826906662597
Peru,PER,2016,17,55.80331224083,52.6582489718216,56.5130691140323
Bulgaria,BGR,2016,18,55.208214571487,54.2699545060321,56.4226900314222
Sri Lanka,LKA,2016,16,55.0104257364911,51.6960870967228,56.9005507515177
North Macedonia,MKD,2016,15,54.5046682690119,49.7158647847054,60.0886445659765
Cyprus,CYP,2016,18,54.4492305910447,53.3003522312655,56.1797552264327
Cabo Verde,CPV,2016,11,53.722584540716,45.9152730790938,58.4876303490791
Bangladesh,BGD,2016,18,53.7194729527918,53.0682907839093,54.5330739195002
Greece,GRC,2016,18,53.3744188551691,52.3226035858982,55.0207515981071
Mexico,MEX,2016,17,53.0597577724295,49.9081200584028,54.0743809761281
Vietnam,VNM,2016,16,52.9562322242242,51.544573766845,55.3900934623867
Saudi Arabia,SAU,2016,18,52.888830456549,52.2110264942227,53.9405551566298
Argentina,ARG,2016,18,52.3999569297608,51.4585686002525,53.5233780694781
Honduras,HND,2016,17,52.2703528618055,50.8395874356917,54.1673355111621
Moldova,MDA,2016,15,51.6094433784297,45.494820731673,52.2621248731624
Dominican Republic,DOM,2016,10,51.5988666861943,46.8373173833175,55.7133815164093
Georgia,GEO,2016,18,51.3877877855243,50.5974536662507,52.3846810424684
Philippines,PHL,2016,18,51.3581393788254,50.6413388081047,52.0929646865856
Slovenia,SVN,2016,15,51.3439491880278,48.437954434187,58.5281914872366
Oman,OMN,2016,10,51.26037661595,46.009730270886,56.511022961014
Belize,BLZ,2016,8,51.2195334571024,41.8214142616296,52.2431784330454
Jamaica,JAM,2016,12,51.1738244302478,46.6400827974891,53.7030037534471
Bahamas,BHS,2016,7,51.1363052331309,44.4556592960713,61.4751029287649
Botswana,BWA,2016,17,50.5162029962586,48.4635206858083,52.0778838127897
Algeria,DZA,2016,15,50.4586344590227,47.9700081277534,52.9176613862771
India,IND,2016,18,50.3710656892515,49.6006316328582,51.2579406138265
Hungary,HUN,2016,18,50.3291161414363,49.4645115646142,51.4317986714877
Bosnia and Herzegovina,BIH,2016,18,50.3035827649541,49.4253523534735,51.3453708988963
Cambodia,KHM,2016,18,49.891467741815,49.1826480086646,50.8286675347327
Seychelles,SYC,2016,15,49.8882617439651,45.862230200223,53.9142932877071
Timor-Leste,TLS,2016,6,49.7721788510177,41.5838123787684,50.1141714555418
Indonesia,IDN,2016,18,49.3493354900779,48.6286963372493,50.0970102155811
Kenya,KEN,2016,16,49.042113940983,47.9322390283041,51.1838595622709
Lithuania,LTU,2016,18,48.7927619576223,47.9328216907574,49.7829109280415
Nepal,NPL,2016,12,48.7308576335036,46.5799955994239,53.3880050539948
Bolivia,BOL,2016,17,48.6431369577671,45.4203397878709,49.780847467706
Suriname,SUR,2016,9,48.6301176697216,44.0991454618952,53.4777173694793
Eswatini,SWZ,2016,12,48.6228006501512,48.4453511116659,61.1214768728401
El Salvador,SLV,2016,17,48.4191719878449,46.0340516359557,49.6885178481145
Venezuela,VEN,2016,7,48.4191719878449,42.3065584404822,53.0206464959572
Mauritania,MRT,2016,9,48.0536563056647,42.8953409237185,52.0342908059175
Iraq,IRQ,2016,11,48.0328878795567,45.3047673501906,50.9423955290119
Montenegro,MNE,2016,15,48.0328878795567,44.6152117150703,51.9988791674018
Afghanistan,AFG,2016,8,47.5997077157512,35.9232508106941,49.5308684585201
Nicaragua,NIC,2016,15,47.5117887486517,45.1525190439048,50.8015840965581
Egypt,EGY,2016,9,47.4196710727332,41.3335701138981,48.9247701790425
Paraguay,PRY,2016,15,47.3416276847694,45.321402408066,50.9156220775632
Iran,IRN,2016,7,47.1357621475996,42.7317172508288,54.3126917184934
Romania,ROU,2016,18,47.0911139803976,46.2348267836574,48.096376225039
Guyana,GUY,2016,9,46.8837304186177,42.6518444822396,51.1497488485644
Serbia,SRB,2016,9,46.7206182635415,42.4511301714169,54.4099755608581
Tunisia,TUN,2016,10,46.4622036212977,42.2269764636148,54.3220413181017
Ecuador,ECU,2016,17,46.2573385293548,43.143878255316,47.314859054834
Mozambique,MOZ,2016,14,45.7238864347314,42.5648658157721,48.9476678154545
Sudan,SDN,2016,8,45.6507672004241,36.9894221084945,47.4874724321754
Lesotho,LSO,2016,11,45.0812670054931,37.8921192978726,46.1526520930914
Albania,ALB,2016,18,44.8952421941966,44.0704107823711,45.8783921634684
Tanzania,TZA,2016,12,44.2202558514669,37.2348485905946,46.7499719269803
Mali,MLI,2016,10,43.6075638682447,38.1135907414633,49.1015369950261
Papua New Guinea,PNG,2016,12,43.2873382493071,37.9161242512073,47.6582467725923
Uzbekistan,UZB,2016,13,42.5687575794959,34.9043130099083,48.4200055030892
Côte d'Ivoire,CIV,2016,10,42.4736902213462,34.2223391465502,44.4308443502414
Democratic Republic of Congo,COD,2016,6,42.3055086538253,34.8628149270308,45.5583830690951
Nigeria,NGA,2016,15,41.9656827007777,40.3318499817814,45.7195378846783
Uganda,UGA,2016,16,41.7730440334753,39.4164199087141,43.7873356142744
Libya,LBY,2016,10,41.6250421074388,38.5642732313858,49.3747806680929
Uruguay,URY,2016,18,41.6250421074388,40.6311319050928,42.7192230513354
Kyrgyzstan,KGZ,2016,12,41.070027333411,34.9696291702749,43.7741368470263
Gabon,GAB,2016,15,40.9724312075516,37.2927004400663,42.814844188694
Yemen,YEM,2016,6,40.1862285376606,34.0762140575092,43.0637472807265
Niger,NER,2016,9,40.0712095899225,36.0057341208035,46.2909027195357
Guinea,GIN,2016,15,39.7211583988265,38.5219239494872,42.3382111642575
Zambia,ZMB,2016,17,39.6474706372251,36.6304130978949,40.8607299133323
Guinea-Bissau,GNB,2016,6,39.395336968497,34.6341784848131,44.6469904564043
Pakistan,PAK,2016,18,39.3905656046057,38.6714110114771,40.1483036554977
Angola,AGO,2016,17,39.3872379737339,37.5077956187824,42.2986579652796
Comoros,COM,2016,9,39.3018084807245,32.284431357662,42.0713049564904
Djibouti,DJI,2016,12,38.8703926154775,33.7528162277776,42.1808916748522
Gambia,GMB,2016,11,38.455604484024,33.3972419952881,42.1715616760226
Ethiopia,ETH,2016,6,38.1356874470968,35.6936730897692,45.007757260364
Republic of Congo,COG,2016,9,38.0661170734656,35.1096847280033,46.5842591137008
Equatorial Guinea,GNQ,2016,8,37.561817154249,31.3204053627804,42.8347500249181
Togo,TGO,2016,9,37.3028506507418,30.1743600510749,42.8971118276561
Ghana,GHA,2016,15,37.2932932596859,34.7498574565402,41.1356296227248
Burkina Faso,BFA,2016,10,37.2270357570043,32.1978786773699,43.4055596488798
Azerbaijan,AZE,2016,10,37.0089556781182,34.7962079371045,46.9511018664809
Rwanda,RWA,2016,18,36.9047157380712,36.1935023886837,37.7451571751292
Laos,LAO,2016,9,36.4536206586988,33.2240117758471,43.2030257085525
Madagascar,MDG,2016,12,36.0536439991869,32.8611428258757,40.4915730251663
South Sudan,SSD,2016,5,35.6877770761812,23.5542801454726,45.7996022551113
Cameroon,CMR,2016,17,35.6312563707978,31.5153094533732,36.2818015223186
Tajikistan,TJK,2016,14,35.5115666346513,32.3678619894579,39.4762857874655
Benin,BEN,2016,10,34.6127650849581,30.3810638937483,41.690516846312
Ukraine,UKR,2016,18,34.421561285047,33.3228310405785,35.6389448069956
Senegal,SEN,2016,10,34.2992705071672,31.3344146120661,42.1094289128093
Haiti,HTI,2016,10,34.1962070056528,29.431138711726,41.1549333899746
Zimbabwe,ZWE,2016,9,33.9528518989275,30.2309960200882,41.3336360596515
Kazakhstan,KAZ,2016,15,33.6559963829386,29.6496224775561,37.6623702883211
Malawi,MWI,2016,15,33.5095963403313,30.5994396360871,35.1114772371831
Myanmar,MMR,2016,12,33.5095963403313,27.2088059557573,37.3795785757315
Liberia,LBR,2016,9,32.5954980683875,25.0811088356225,35.0397345335878
Burundi,BDI,2016,14,30.9633541521249,26.9261069076145,32.7782194513969
Central African Republic,CAF,2016,9,30.0127977947532,23.567027419647,35.4279655549199
Chad,TCD,2016,16,28.6255550108062,24.5101572182519,29.565134861716
Sierra Leone,SLE,2016,10,28.5074784439656,22.5841083850007,32.5895146849149
Australia,AUS,2015,17,92.7057387926229,90.7474780055612,95.0114109844749
Singapore,SGP,2015,17,91.3497646353096,88.3432652204813,93.0386222548722
New Zealand,NZL,2015,10,90.8564969261088,78.7140473363381,92.9511335433224
Japan,JPN,2015,12,89.916354673954,85.3773905765285,91.5542018867428
France,FRA,2015,16,89.425649355417,82.824943285932,96.0263554249021
Hong Kong,HKG,2015,15,89.07925752579,84.5783636800139,92.7974311827933
Sweden,SWE,2015,14,87.2851120897008,82.7455723937516,88.9209207717655
Denmark,DNK,2015,18,86.4711101345236,85.2709743658792,88.0196839725416
Switzerland,CHE,2015,18,86.4072981561257,84.8819519607257,87.9992145586462
Luxembourg,LUX,2015,18,86.2433616066281,84.7368407476281,88.1561873857769
Canada,CAN,2015,15,85.6555765080187,79.252064688315,92.8688708884216
United Kingdom,GBR,2015,15,83.8601730125536,74.9723477842049,88.2285043694185
South Korea,KOR,2015,15,81.2552314441145,75.3322041035507,83.6482881885525
Spain,ESP,2015,17,79.0777848117723,77.1869436494068,80.7442496994279
Israel,ISR,2015,15,78.5534369321297,70.5172192306483,80.973758755328
Norway,NOR,2015,17,77.7957787332997,75.5033493852294,79.8504425084444
Malaysia,MYS,2015,18,76.8289592655767,75.6183839500283,78.2011863438637
China,CHN,2015,14,76.728613808889,72.8791082647048,85.6744070946353
Portugal,PRT,2015,18,75.8731005155692,74.5482018787739,77.7064035282741
Malta,MLT,2015,18,75.8617098289724,74.7429797729143,77.3854915662718
Netherlands,NLD,2015,15,74.5638695075489,70.7557646290498,79.0732684876876
Finland,FIN,2015,18,70.7783661035501,69.735238284662,72.1073073034823
Barbados,BRB,2015,10,69.7345867685968,64.1244438561753,71.0702879142148
Belgium,BEL,2015,18,69.3936619035278,68.4277022503312,70.9879726113597
Austria,AUT,2015,18,68.6298505074052,67.6232741313187,70.1075755929942
Chile,CHL,2015,17,68.2651575325956,66.918980762044,69.3928118288449
Germany,DEU,2015,14,67.0285703835075,62.269638973109,67.876284141136
Mauritius,MUS,2015,16,66.6353608202578,63.7227906634118,72.1238741787113
Thailand,THA,2015,18,66.4702858390949,65.3785184996541,67.6527852711492
Iceland,ISL,2015,16,65.8719567088939,58.8125375445787,66.7460813100555
Slovakia,SVK,2015,15,64.6520265374465,59.6742453809663,69.1028442341675
South Africa,ZAF,2015,18,64.5298961252667,63.5713666070647,65.8408202855078
Estonia,EST,2015,15,63.5421903151138,57.4250743468927,65.2058825378571
Bahrain,BHR,2015,9,63.1173339700814,51.9011524726422,63.4504264441182
Italy,ITA,2015,18,62.5511077234924,61.5776392009886,64.097161931401
United States of America,USA,2015,12,62.4332074035008,55.9498874435832,77.1246349619817
Lebanon,LBN,2015,17,62.4065097004331,61.706667167424,65.4232837536698
Namibia,NAM,2015,17,62.201548952046,59.937841724298,63.4478362179146
Brazil,BRA,2015,18,61.31230428839,60.2093947402395,62.5692031948158
Panama,PAN,2015,17,61.0303848022574,59.2806100322413,62.7801595722735
Kuwait,KWT,2015,17,60.5131829700276,59.7691058613308,61.8269060109823
Poland,POL,2015,15,60.1186549815125,56.6485508899994,66.1849327321724
Costa Rica,CRI,2015,18,60.0306133153464,59.1369161879442,61.0397115792322
Turkey,TUR,2015,18,59.9254484971842,58.8385126262581,60.9135581358212
United Arab Emirates,ARE,2015,18,59.7235652350611,58.6949395787706,60.9092984989225
Bahamas,BHS,2015,7,58.9685474858123,45.792253218468,61.399707841274
Ireland,IRL,2015,17,58.4606331178287,56.659727858109,60.0491570461173
Jordan,JOR,2015,13,57.2235986574914,55.4606438608329,61.1090503279074
Slovenia,SVN,2015,15,56.6843576555332,46.7438633370601,56.7234973171532
Armenia,ARM,2015,15,56.6797973910097,50.573902285515,57.4145929967786
Czech Republic,CZE,2015,15,56.4968306731631,53.6380552570675,63.3214335573932
Qatar,QAT,2015,9,56.4518803617333,52.1560045813411,61.0538621072404
Mongolia,MNG,2015,9,56.2996756584053,52.3640886171403,64.1311279075214
Belarus,BLR,2015,12,56.2243906998931,47.2502188724481,60.4892723401239
Oman,OMN,2015,10,56.2013105236917,50.3304143964029,61.0116758329437
Seychelles,SYC,2015,15,56.1482733615124,50.3232838376375,57.764282157618
Trinidad and Tobago,TTO,2015,15,55.5993072645389,51.4254170595512,56.3743372023551
Cyprus,CYP,2015,18,55.4987266428509,54.1531131783879,57.2644065461385
Latvia,LVA,2015,18,55.4987266428509,54.6356475314602,56.6510718842597
Croatia,HRV,2015,15,55.1226316669286,51.4665791307423,60.7646086646016
Iran,IRN,2015,7,54.9201607100614,49.0107121078643,60.8296093122584
Morocco,MAR,2015,14,54.7577193117771,52.626267711058,59.7255525484871
Bhutan,BTN,2015,14,54.4245089641334,51.3517803225848,59.2604565885133
Greece,GRC,2015,18,54.3888042825866,53.2589343249449,55.9252530655806
Russia,RUS,2015,15,54.3008939999399,52.500765684282,61.7703609022882
Dominican Republic,DOM,2015,10,54.2624302811553,46.8373677815886,55.423484907981
Bulgaria,BGR,2015,18,53.695959343432,52.7062313344157,54.9647734439271
Colombia,COL,2015,16,53.6308037294866,49.9134446517747,55.1202059141774
Sri Lanka,LKA,2015,16,53.5405172785431,49.6897943237745,54.2481772019837
Bangladesh,BGD,2015,18,52.8060512830767,51.9965163398226,53.5889688878255
Peru,PER,2015,17,52.2643023009537,49.8124606726704,53.9977636009795
Vietnam,VNM,2015,16,51.5575604083242,48.657789797319,52.8213044179439
Guatemala,GTM,2015,15,51.344091850137,50.8594453664133,58.6787048112939
Botswana,BWA,2015,17,50.6587761190352,47.9255180265876,51.7509504417208
Jamaica,JAM,2015,12,50.2561063344132,44.6271556853139,52.3650254168949
Argentina,ARG,2015,18,50.2401333329331,49.1267296007581,51.1899585682367
North Macedonia,MKD,2015,15,50.1974023635777,46.3069201051743,54.4839029953786
Nepal,NPL,2015,12,50.1206669372918,45.4119499901184,52.2746182021911
Suriname,SUR,2015,8,50.1206669372918,43.7794699443171,53.8792390518604
Philippines,PHL,2015,18,50.1106469864193,49.3777061846571,50.8654069509515
India,IND,2015,18,50.0791217972056,49.2952838126159,50.9333375534003
Brunei,BRN,2015,9,50.0185906672824,47.0933634673403,62.1052811734524
Bosnia and Herzegovina,BIH,2015,18,49.8381560596173,48.8871538313809,50.8716594628301
Mexico,MEX,2015,17,49.8210509825809,47.1996395404182,51.7787533676993
Fiji,FJI,2015,9,49.4713090628905,46.6467706091581,64.5022561915971
Honduras,HND,2015,16,49.2819000797869,45.8390317296003,51.478440048666
Saudi Arabia,SAU,2015,18,49.1578625428902,48.4402509122173,50.1158677962501
Hungary,HUN,2015,18,48.8743981567589,47.9418862454014,50.0288310015494
Indonesia,IDN,2015,18,48.3291201471205,47.5188466548964,49.155143297795
Algeria,DZA,2015,15,48.0987152231006,45.0484212572995,51.1359721676636
Eswatini,SWZ,2015,12,47.9576852181247,46.6448606316317,59.9696070486088
Georgia,GEO,2015,18,47.9340679592997,47.1037840282115,48.865606182573
Kenya,KEN,2015,16,47.7387566837496,45.7482030238393,49.3368923617311
Tunisia,TUN,2015,10,47.5719043828903,43.3708057325216,53.4592848503433
Uzbekistan,UZB,2015,13,47.3162467759546,41.30325056674,53.3292429851691
Belize,BLZ,2015,8,47.033261092039,40.8450215718971,51.5927355224439
Lithuania,LTU,2015,18,46.9147308865602,46.0308457662896,47.8797359871696
Timor-Leste,TLS,2015,6,46.8827763450252,41.0673802358801,50.1840572138449
Cambodia,KHM,2015,18,46.3804207334177,45.6704876458577,47.2142155539728
Egypt,EGY,2015,7,46.3497003396713,39.5735216809191,48.4105239882697
Moldova,MDA,2015,15,46.1979090699142,44.3706013933248,52.5050649492696
El Salvador,SLV,2015,15,46.0405114459589,45.1938279481229,51.4806152382862
Iraq,IRQ,2015,6,45.9006687077369,38.1316793629883,47.3473395983055
Guyana,GUY,2015,8,45.8201496057168,42.0015844155589,50.6155425417083
Mauritania,MRT,2015,9,45.6776496154228,44.8043403990797,53.6757326063365
Mozambique,MOZ,2015,14,45.6776496154228,41.3647203142939,47.8494210737431
Niger,NER,2015,8,45.0887907724255,34.2905212654905,45.2355327697817
Romania,ROU,2015,18,44.9330957574542,44.0028756839354,45.9681949808176
Montenegro,MNE,2015,15,44.7552406727035,42.3743958558084,50.2164770431017
Paraguay,PRY,2015,15,44.468810395601,42.9029811421578,48.7044565256373
Afghanistan,AFG,2015,8,44.4391184679291,36.5907710471597,50.0079814867789
Serbia,SRB,2015,9,44.3446716023131,41.2835112556967,54.0326004654116
Nicaragua,NIC,2015,15,44.1108170853711,42.5858726024752,48.8349345029143
Bolivia,BOL,2015,17,44.0351387386252,42.5135327122391,47.0355176327122
Cabo Verde,CPV,2015,11,43.7630124033423,37.4149053458635,50.1111194608211
Azerbaijan,AZE,2015,10,43.4987245350836,33.1640742760896,45.2531813449646
Ecuador,ECU,2015,17,43.3359057193779,40.3088813173222,44.4498596825861
Venezuela,VEN,2015,7,43.2929721680475,41.640131369332,53.0503678334665
Albania,ALB,2015,18,42.8327790682436,42.0118283515319,43.8151248665867
Sudan,SDN,2015,8,42.4696049960956,35.9623495898451,45.5591170665588
Lesotho,LSO,2015,11,42.4479106918788,37.8212383472932,46.4340699875148
Nigeria,NGA,2015,15,41.9306063293487,39.3790804858135,45.5772077606751
Gabon,GAB,2015,15,41.4158871543549,37.1557417251626,43.2642828115795
Tanzania,TZA,2015,12,41.2790356912899,36.339350359035,45.6882919498666
Yemen,YEM,2015,6,41.2724040488776,35.0010516405974,43.5001418480043
Mali,MLI,2015,10,40.3422851068324,31.0188891713066,42.1625613018067
Zimbabwe,ZWE,2015,9,40.1404491624986,30.440138678582,41.6074539463082
Uruguay,URY,2015,13,39.7827550048766,38.342478317186,45.0132959647676
Libya,LBY,2015,10,39.4691658076973,36.0835799646836,47.1504721839317
Burkina Faso,BFA,2015,10,39.4372116409533,32.5580966689542,42.1845539850315
Guinea-Bissau,GNB,2015,6,39.1719026600773,32.918532223313,43.0789539255916
Democratic Republic of Congo,COD,2015,6,38.8739501971919,35.0500549788076,44.9222886848694
Togo,TGO,2015,9,38.7753442194452,29.1295325831412,42.2364436652864
Pakistan,PAK,2015,16,38.7492245171024,37.9506577642554,41.4838879504258
Uganda,UGA,2015,16,38.6844861600046,37.5731355967186,42.6232560874454
Côte d'Ivoire,CIV,2015,10,38.5872265166056,31.8497416870057,43.001362628806
Republic of Congo,COG,2015,9,38.5516722731798,33.3542148966903,44.9732169176268
Guinea,GIN,2015,13,38.2618978204585,35.5380855877533,41.6765336838846
Senegal,SEN,2015,10,38.1688806869437,30.0835617157004,40.541648068764
Madagascar,MDG,2015,11,38.1521516812482,30.9763115997809,39.6152487015015
Papua New Guinea,PNG,2015,12,37.7379380958475,35.3547543926986,46.2778795785592
Laos,LAO,2015,9,37.6099698369415,34.2603416759857,43.8437482034497
Zambia,ZMB,2015,15,36.9852487234006,33.4930049884508,40.2769740964064
Ethiopia,ETH,2015,6,36.9735465192003,35.6202230843111,44.1278308507333
Ghana,GHA,2015,15,36.2910866075015,33.2971639279586,39.4665633833666
Angola,AGO,2015,17,36.0789956257282,35.1560070826603,40.1606134811515
Haiti,HTI,2015,10,35.8949016658424,29.3251389671944,40.2994929150692
Ukraine,UKR,2015,18,35.7374644914787,34.6734128256263,36.9335812475821
Benin,BEN,2015,10,35.7065049199457,31.4901812602031,42.5358980315032
Gambia,GMB,2015,11,35.6467844792239,30.6726347400668,40.8303667127203
Djibouti,DJI,2015,12,34.9839344380053,32.8748313747075,41.7374681628965
Equatorial Guinea,GNQ,2015,8,34.7561715632594,28.4242323983413,39.7852628082346
Kyrgyzstan,KGZ,2015,12,34.7213934593729,31.8106821240312,41.7689402210278
South Sudan,SSD,2015,5,34.6521626859867,22.1003768972964,45.5956552800844
Kazakhstan,KAZ,2015,15,34.5853590005415,31.6256059863527,39.3746275320446
Comoros,COM,2015,9,34.3942983627037,28.8958906008877,39.2746881429166
Liberia,LBR,2015,9,33.8060037549246,27.5581372258323,36.2690842873505
Rwanda,RWA,2015,18,33.6548652460634,32.868236771457,34.5404217174379
Myanmar,MMR,2015,11,33.5949282731475,28.1595987161365,38.1846563379228
Cameroon,CMR,2015,15,32.6242303743206,30.1233662718178,35.604089882589
Malawi,MWI,2015,10,31.3465945328328,28.2746387776966,39.11788950639
Burundi,BDI,2015,14,31.2418262591889,28.3858867608705,34.0977657575073
Tajikistan,TJK,2015,13,30.5728422831104,29.2166499288127,37.393853726248
Sierra Leone,SLE,2015,10,28.6996863114677,22.9327233168678,33.1267434106906
Chad,TCD,2015,16,27.5921681195499,24.7427655529946,29.6945501242842
Central African Republic,CAF,2015,9,26.7481682151746,22.3713513375908,33.274323537278
New Zealand,NZL,2014,10,94.3370375884323,88.0605168180571,100
Australia,AUS,2014,17,93.3610351918617,90.6783246195288,95.3464025447815
Singapore,SGP,2014,17,92.9928046087193,90.2025340684398,95.4780053260736
Hong Kong,HKG,2014,15,90.3885940717277,86.9113376703504,95.333326830823
Japan,JPN,2014,12,90.1695143298917,87.3497502972224,94.0564956759971
Sweden,SWE,2014,14,89.5410418715964,84.8265720975244,90.7600507910357
United Kingdom,GBR,2014,15,88.3899479025172,78.0887985439206,89.8873339745239
Luxembourg,LUX,2014,18,88.1264273073833,86.4716592785095,90.1155937710791
Denmark,DNK,2014,18,87.5950376777073,86.3728555009685,89.1590779776734
Switzerland,CHE,2014,18,87.3858706938364,85.9852820682839,89.1945273276457
South Korea,KOR,2014,15,83.8834493724814,78.4316211662751,86.1477579863261
Canada,CAN,2014,15,83.5505210994331,78.3766335388678,92.0913058712522
France,FRA,2014,16,80.8792172667734,74.3357130351742,88.2487792379389
Spain,ESP,2014,17,79.0248830822099,78.6276252670631,82.0713130359797
Portugal,PRT,2014,18,78.3385641200661,76.9643001229876,80.225967786106
Norway,NOR,2014,17,77.5968835211463,75.3905524369362,79.596203606823
Malta,MLT,2014,18,77.3623583497668,76.1138098711642,78.8823931431601
Malaysia,MYS,2014,18,76.8873596355028,75.6013981066349,78.4234212905263
Netherlands,NLD,2014,15,75.1650011591949,72.5230025715515,80.4730543030701
China,CHN,2014,13,74.4318447768701,73.7656458658037,86.1405467131992
Finland,FIN,2014,15,72.1126641060073,70.5316689852975,81.7465472752664
Barbados,BRB,2014,10,71.7849945320592,63.8648439920151,72.0131292372723
Israel,ISR,2014,15,71.7630188925264,70.4483424885557,81.7272464979766
Mauritius,MUS,2014,16,71.5120468080806,65.8975604304209,75.9700667134206
Belgium,BEL,2014,17,69.8818431912522,67.5890044577694,73.8139112071657
Austria,AUT,2014,18,69.7957258614072,68.8168030661196,71.3121685912535
Panama,PAN,2014,15,69.1735438946351,65.083451761703,73.2636360275673
Iceland,ISL,2014,12,68.3673817771509,62.0711453847999,70.7351501913563
United States of America,USA,2014,12,68.0634396399294,55.7335561327202,74.5107293508135
Chile,CHL,2014,17,66.5182228540082,65.8037758686974,68.0709077873257
Germany,DEU,2014,14,65.9214094189729,63.218230448754,68.0496183535459
Thailand,THA,2014,18,65.6164229659513,64.5077761637818,66.7872478951224
Slovakia,SVK,2014,15,64.5120918888908,58.9319203083273,67.873885568203
South Africa,ZAF,2014,18,64.2310506694269,63.2570877515207,65.3910883767504
Estonia,EST,2014,15,63.7931365613181,58.2938222407128,66.1579306549623
Italy,ITA,2014,18,63.6146480328231,62.5321430912166,65.1202147118259
Ireland,IRL,2014,15,63.4773852960393,58.6835309309051,71.0975093893715
Lebanon,LBN,2014,17,63.1614769773032,61.2686168291166,65.2895405212897
Brazil,BRA,2014,18,61.592676037499,60.441930166233,62.8320589586115
Namibia,NAM,2014,17,60.1579798227218,58.4655607332472,61.8503989121964
Costa Rica,CRI,2014,18,60.0397834652665,59.1414466618983,61.0198913091455
Turkey,TUR,2014,18,60.0036095851777,58.8606981015778,61.1038361691677
Jordan,JOR,2014,13,59.6174868869821,56.0052623277252,62.2702111256441
Kuwait,KWT,2014,17,59.1835927286201,58.3521494202762,60.3938890697391
Greece,GRC,2014,18,58.7771377406455,57.5269099448922,60.2733476443349
Czech Republic,CZE,2014,15,58.2830738082099,54.0134422004368,62.839047374988
United Arab Emirates,ARE,2014,16,57.9585295230632,55.5962470007903,62.6474730054874
Mongolia,MNG,2014,9,57.6803338161221,51.1337707104715,62.9070688724286
Bahrain,BHR,2014,9,57.4753209751809,52.0553440368373,63.8414345503184
Poland,POL,2014,15,57.2699361868558,55.667339718247,65.9955017026197
Oman,OMN,2014,10,56.6506193330495,50.8267718624023,60.8063682820424
Croatia,HRV,2014,15,56.5385179110864,51.9893543791603,61.7000338208465
Guatemala,GTM,2014,15,55.6306001234781,51.4241403185667,58.6002349261858
Bulgaria,BGR,2014,18,55.2906752007184,54.2374308961069,56.4477304710634
Morocco,MAR,2014,14,55.2192225585653,52.4027284053126,59.7886717380258
Latvia,LVA,2014,18,54.7999784339532,53.9259867575015,55.9725705456787
Slovenia,SVN,2014,15,54.2454376709021,50.02233477484,60.4351625195365
Russia,RUS,2014,15,53.7245616168199,49.7683129402042,57.6850676861197
Cyprus,CYP,2014,16,53.663625649769,47.2533753204244,61.1114591417503
Bahamas,BHS,2014,7,53.2246599482227,45.7017111045584,63.0570311414936
Seychelles,SYC,2014,14,53.0060851286831,50.0541418413205,60.3121379759838
Bhutan,BTN,2014,14,52.9405081759927,51.1802721122038,59.2883583803432
Trinidad and Tobago,TTO,2014,15,52.6314450183654,50.9299913558828,56.3299814409492
Colombia,COL,2014,16,52.4627248427096,49.2208332223382,55.0526683001679
Qatar,QAT,2014,9,52.3741012254518,50.6376766112894,61.4761669780128
Cabo Verde,CPV,2014,11,52.0724241914392,46.1548843059597,58.1643627225068
Bangladesh,BGD,2014,16,52.0015462309866,48.4385400504031,54.8351827468553
North Macedonia,MKD,2014,15,51.7226243646596,45.6464528421354,53.9119998287757
Brunei,BRN,2014,9,51.7188002789712,45.9876309600491,61.2595589250215
Belarus,BLR,2014,12,51.6865201180778,46.7000523428341,58.5655056150511
India,IND,2014,18,51.578429125688,50.775686542538,52.3615016898911
Iran,IRN,2014,7,51.3869877970423,42.9776255278814,54.6396210192992
Armenia,ARM,2014,15,51.2345469544976,49.3087683420876,56.395555916374
Peru,PER,2014,17,51.2109271892853,48.6875308309851,53.2546486898073
Hungary,HUN,2014,18,50.5379193197084,49.6255251050854,51.7227626973116
Vietnam,VNM,2014,16,50.5042570641023,48.6739949261047,52.316977825618
Nepal,NPL,2014,10,50.199819201246,40.6226159370884,51.1786985017529
Honduras,HND,2014,16,50.0411733599257,45.5853910686978,51.8969259431488
Botswana,BWA,2014,17,49.8903786331215,47.9107091068132,51.7310872192316
Jamaica,JAM,2014,12,49.7579766106235,45.4490534637977,52.8682741475505
Philippines,PHL,2014,18,49.6434429740579,48.9197531955488,50.3850972140129
El Salvador,SLV,2014,15,49.6188675494571,45.7938668368089,53.0605241581997
Eswatini,SWZ,2014,12,49.1621622749743,46.1902302665512,59.2169649280209
Venezuela,VEN,2014,7,49.0416128726665,41.3755165917537,52.2070168208448
Saudi Arabia,SAU,2014,18,49.035034226692,48.313952468769,49.9316187322206
Sri Lanka,LKA,2014,16,48.9994889502899,48.5718027592916,53.5094816707978
Serbia,SRB,2014,9,48.9955560098271,40.1974730377713,53.521989815418
Bosnia and Herzegovina,BIH,2014,18,48.9871955983114,48.0967222314935,50.0408176942821
Fiji,FJI,2014,9,48.749881233839,46.8197822701026,63.8203908894643
Mexico,MEX,2014,17,48.5861023705396,47.5544594297613,52.5954959355807
Argentina,ARG,2014,18,48.523282580386,47.4274690337643,49.5262896661677
Suriname,SUR,2014,8,48.2906972644363,42.974489039303,52.9329300391127
Dominican Republic,DOM,2014,10,48.002600268142,46.7578126891894,55.143351895582
Moldova,MDA,2014,15,47.7994132432607,44.0944245275303,51.2905400933275
Indonesia,IDN,2014,18,47.6444029763931,46.8804167015573,48.4016072310098
Cambodia,KHM,2014,16,47.4787815623227,43.9532705303387,50.3116681099179
Lithuania,LTU,2014,18,47.128394809528,46.2028565298636,48.0861557772507
Georgia,GEO,2014,18,47.0625010716917,46.1914902726586,47.9454904363461
Afghanistan,AFG,2014,8,46.5274334907725,36.7376685127757,49.763165866417
Kenya,KEN,2014,16,46.4381789883218,44.1221019632803,47.5097935731452
Belize,BLZ,2014,8,45.889319519741,40.8263519390042,52.6816765127586
Mauritania,MRT,2014,7,45.8179072739929,38.2629439882205,47.9757871614359
Papua New Guinea,PNG,2014,12,45.0892792300728,36.0513641474482,46.611585229671
Paraguay,PRY,2014,15,44.9290933225344,43.1329622203834,49.112285853954
Romania,ROU,2014,18,44.9004637344932,43.9691027741825,45.9625016390078
Algeria,DZA,2014,15,44.7306204696104,44.0639039705133,49.6196279399597
Iraq,IRQ,2014,6,44.7042901015013,37.0106455145713,47.7753460561379
Uzbekistan,UZB,2014,13,44.6221197340896,32.6446835075074,45.873875199039
Mozambique,MOZ,2014,14,44.5057680396132,40.8553914503286,47.0094023598899
Montenegro,MNE,2014,15,44.311204259205,42.8692266988865,50.3821524582424
Guyana,GUY,2014,8,44.3034571928061,42.4722647493025,50.5017063667901
Ethiopia,ETH,2014,6,44.1542028849853,34.6345628768039,45.3983263700064
Timor-Leste,TLS,2014,6,43.9487098896335,40.8580805185641,50.3836104654123
Nicaragua,NIC,2014,15,43.646850766964,42.2465216864695,48.9580637867008
Egypt,EGY,2014,7,43.546000325546,39.7309677295787,48.5851200920546
Bolivia,BOL,2014,17,43.438426985843,40.8501665265493,46.3623171381083
Sudan,SDN,2014,8,43.338380877122,36.1930498140337,46.2874320879802
Ecuador,ECU,2014,17,43.3223599789022,40.1565014309555,44.4951254038738
Lesotho,LSO,2014,11,41.9763613364018,37.8864608473607,46.9712542105797
Tunisia,TUN,2014,10,41.8920926925149,36.1277611177556,47.6564242672741
Gabon,GAB,2014,15,41.6237848786022,37.6360610034038,44.4778437687586
Uruguay,URY,2014,13,41.5285101344215,38.9815984409637,44.8779576623113
Albania,ALB,2014,18,41.1819852402552,40.2200385979591,42.1854468300469
Burkina Faso,BFA,2014,10,41.0505029208737,31.3504813085579,41.8438676032493
Angola,AGO,2014,17,40.8597777304307,36.5105750808839,41.1572690089135
Libya,LBY,2014,10,40.6645645536202,35.9309998571969,46.7431009005621
Nigeria,NGA,2014,15,40.4405248251354,36.9713316408746,43.0878293761239
Niger,NER,2014,8,40.2103000436237,34.1741481468065,45.4615593885177
Yemen,YEM,2014,6,40.1294354077763,34.4675297675158,43.1611237592271
Uganda,UGA,2014,16,39.8521406977453,38.0612832022681,43.6675004063197
Zimbabwe,ZWE,2014,9,39.1163264474714,30.3235279824418,42.1889647269747
Guinea-Bissau,GNB,2014,6,38.9902530913051,34.213395014514,43.8576569533966
Azerbaijan,AZE,2014,10,38.9655581411013,32.1807447599165,43.1868972316373
Laos,LAO,2014,9,38.531203481446,35.2816192173766,43.8220872927617
Republic of Congo,COG,2014,9,38.156657677372,34.3395430353816,44.7794544469102
Democratic Republic of Congo,COD,2014,6,38.0967600729474,35.1042263938696,45.0818212499465
Pakistan,PAK,2014,16,37.970394169369,37.408713644573,41.0546136058707
Tanzania,TZA,2014,12,37.6503155641631,34.6061172234291,44.4034818371387
Ukraine,UKR,2014,18,37.5990900335306,36.4403868385924,38.7203955073774
Djibouti,DJI,2014,12,36.8414961900433,35.3572694341294,44.0034586313203
Kazakhstan,KAZ,2014,15,36.4301236483783,29.5475334317092,36.7064842709477
Mali,MLI,2014,10,36.4207773151134,31.5646041699479,41.8403599367002
Zambia,ZMB,2014,15,36.0192256808068,33.6537135023444,40.5214419243466
Guinea,GIN,2014,13,35.8529102821865,35.1990052795216,40.4378252513517
Cameroon,CMR,2014,15,35.6963375466469,32.0611300185113,38.6292324160085
Gambia,GMB,2014,11,35.6558130279273,28.444565604005,37.9205567754194
Myanmar,MMR,2014,11,35.4654969470025,26.9488510161572,37.4196344549073
Côte d'Ivoire,CIV,2014,10,35.1243855458487,33.4635599350021,43.6763270359587
Ghana,GHA,2014,15,34.7123185627073,33.0415915706689,39.4592480872146
Madagascar,MDG,2014,11,34.694862294843,29.7496918764982,38.1135596056589
Kyrgyzstan,KGZ,2014,12,34.4557642103227,28.4275717919735,37.2797654385979
Malawi,MWI,2014,10,34.3972967654782,30.5791205733036,40.5236071301398
Haiti,HTI,2014,10,34.0568856272722,29.432430251235,39.7924830355165
South Sudan,SSD,2014,5,33.6165482957922,20.6464736491198,45.3917083050575
Comoros,COM,2014,9,33.599687150403,27.5965836520865,39.0163527901093
Rwanda,RWA,2014,18,33.1955946647827,32.3829418388881,33.9308786811676
Benin,BEN,2014,10,33.148517606469,31.5726404242132,42.270164133413
Senegal,SEN,2014,10,32.6398358427548,27.2898241170618,37.9898475684479
Liberia,LBR,2014,9,32.3877236115028,28.8289117040097,38.1366451816665
Tajikistan,TJK,2014,13,32.2312150150205,29.9080332180801,37.7080320241571
Equatorial Guinea,GNQ,2014,8,30.8989742412073,29.1168051885542,40.1445190732691
Sierra Leone,SLE,2014,10,30.6754652327844,23.1384518832916,33.2945826372249
Togo,TGO,2014,9,29.6011599777087,23.6709168940823,35.531403061335
Central African Republic,CAF,2014,9,27.5690345381808,22.0026634379277,33.4811007054121
Burundi,BDI,2014,14,27.2111320034988,25.6494014687618,32.0459605541836
Chad,TCD,2014,16,25.6547473347883,25.2769841423379,29.9166600410925
Hong Kong,HKG,2013,15,95.0261080718568,88.7126725482902,96.8131006404414
Australia,AUS,2013,17,93.5955788263607,90.7408096389772,95.1188091276874
Singapore,SGP,2013,17,92.8027522209794,90.5925164598098,95.1662844947243
Japan,JPN,2013,12,91.3645044102808,87.7400502929724,95.515329441796
Denmark,DNK,2013,18,88.8060130295242,87.5730335277741,90.4126118710164
Luxembourg,LUX,2013,18,88.7079035705046,86.9268764687937,90.6935627174144
Canada,CAN,2013,15,87.6980220801736,77.2919059038582,92.0564356118728
Sweden,SWE,2013,14,87.5514221597715,85.6211028105301,91.5076485637991
Switzerland,CHE,2013,18,87.2380064493026,85.8971861015659,89.0667049861694
France,FRA,2013,16,85.5454285098765,74.0527664339468,87.6865715125106
South Korea,KOR,2013,15,84.4441430928027,76.9469355850357,85.9925359397131
New Zealand,NZL,2013,10,84.0142559172984,80.3212158825359,93.1790451128494
United Kingdom,GBR,2013,15,82.3567954909501,77.9514864951487,90.0139919688311
Spain,ESP,2013,17,80.4617833645242,79.1441246486231,82.6754893664673
Norway,NOR,2013,17,78.6072123756686,75.2690733362887,79.8651227758702
Israel,ISR,2013,15,78.6032019719801,69.6424100535466,79.8437415541244
Malta,MLT,2013,18,77.4942806498844,76.2226614736344,79.1171531539299
Netherlands,NLD,2013,15,76.8459870951416,76.0094491966658,82.8356333963883
China,CHN,2013,13,76.0405821400563,74.5440417381167,87.1028348917426
Malaysia,MYS,2013,18,75.8508175688518,74.6149386102083,77.4123741583435
Portugal,PRT,2013,16,75.0271093554886,69.9793025527213,84.1961730999471
Finland,FIN,2013,15,74.0968005115517,70.405807421176,82.8442137408536
Mauritius,MUS,2013,16,72.4605261175419,64.8299065987309,74.4668154843344
Austria,AUT,2013,18,70.2607140802129,69.2320788677817,71.8583069934586
Belgium,BEL,2013,17,69.9371818291176,67.6816565078105,73.3820621112844
Germany,DEU,2013,14,66.9975675383938,61.6886135086668,68.2342292904671
Barbados,BRB,2013,10,66.4242326333922,62.5607268421378,70.5134886103717
Chile,CHL,2013,17,65.547885426344,64.2627767524812,66.7424147727437
Iceland,ISL,2013,12,65.2797596248801,60.9153230763534,70.7319034472122
Lebanon,LBN,2013,17,64.8408506812817,61.9618309100439,66.2523641875575
Estonia,EST,2013,15,64.7401797955573,58.9320069742228,66.3156980428865
Thailand,THA,2013,18,63.7787295203068,62.6947672493225,64.887759745081
Italy,ITA,2013,18,63.7212354475403,62.5600091851678,65.2915412733293
South Africa,ZAF,2013,18,63.6316586959123,62.6740728592238,64.851609715133
Slovakia,SVK,2013,15,63.400765345363,58.6834548340885,67.4898035865421
Panama,PAN,2013,15,62.1913761059569,59.9778082333738,68.5475676008691
Jordan,JOR,2013,13,61.9123178731624,57.330092633146,63.2289115968601
Cyprus,CYP,2013,16,61.0439904008735,53.4496262066523,68.6384690759088
United States of America,USA,2013,12,60.9802872116972,55.034385451688,73.6787951004607
Greece,GRC,2013,18,60.1000291114316,58.934455829319,61.7311117196802
Brazil,BRA,2013,18,60.0485983482796,58.9016084945098,61.2864754845036
Ireland,IRL,2013,15,59.7144929169628,57.5867706177768,69.5161775515972
Namibia,NAM,2013,17,59.6834423650254,59.1389236726751,62.4739007009371
Poland,POL,2013,15,59.1224775401854,54.9055428832454,64.4285301709477
Bahrain,BHR,2013,9,58.6167950654661,51.291094515659,62.7555726019573
Costa Rica,CRI,2013,18,58.4997656982261,57.6371005354264,59.5336187220013
Croatia,HRV,2013,15,57.7939685806022,51.0642539214926,61.1328217284917
Turkey,TUR,2013,18,57.5556234318819,56.4576581997311,58.5895739009123
Czech Republic,CZE,2013,15,57.4416585872418,52.7454672297341,62.8972992756383
Slovenia,SVN,2013,15,57.0667983613411,51.3169224258568,61.6476017126845
Kuwait,KWT,2013,17,56.8589098932916,55.9358712346339,58.1543626437367
United Arab Emirates,ARE,2013,15,56.6627772318328,53.8658443956441,61.2774840843314
Tunisia,TUN,2013,10,55.8619222771993,46.8952417761869,56.3264707146033
Morocco,MAR,2013,14,55.4552955183636,51.6076460447673,58.084768321789
Qatar,QAT,2013,9,54.5934529282846,51.1923117408466,61.5592802837626
Oman,OMN,2013,10,54.2446846945794,50.0182327202606,61.0638300402749
Guatemala,GTM,2013,15,53.8459505312175,50.7778399722185,57.8708057073647
Bhutan,BTN,2013,13,53.7976094400773,49.7001394256565,60.2313354289644
Mauritania,MRT,2013,7,53.3730705209969,48.6475995805796,59.7767389297365
Bulgaria,BGR,2013,18,52.9401952883429,51.9535224061076,54.1598467799963
Latvia,LVA,2013,18,52.684932555626,51.7043840060351,53.9001274234535
Belarus,BLR,2013,12,52.6526238383223,43.8734727664134,55.4595366446265
Trinidad and Tobago,TTO,2013,15,52.5488127048218,50.2971943856735,56.2303642608644
Cabo Verde,CPV,2013,11,52.4543062195799,46.4863945902051,59.3736786545159
Armenia,ARM,2013,15,52.3851354033606,47.0947538669228,54.7268485991777
Bahamas,BHS,2013,7,52.1882945341058,48.3822907403634,63.4206567689903
Seychelles,SYC,2013,14,51.6973591122261,49.1345050893051,58.8824900320641
India,IND,2013,18,51.5941924326567,50.753129434202,52.482486324082
Dominican Republic,DOM,2013,10,51.3714534845073,45.8446636258028,54.7611670330025
Jamaica,JAM,2013,12,51.2843277213087,45.5923128209424,53.4390657900551
Mongolia,MNG,2013,9,51.1985111831531,49.4636232329008,60.1254859659041
Russia,RUS,2013,15,51.1546691118437,46.636400963476,55.1773142602775
Suriname,SUR,2013,8,50.9754176243045,44.0314473370223,52.6371017949127
Iran,IRN,2013,7,50.3697627771575,45.4572981856321,57.659244882048
Botswana,BWA,2013,17,50.0277026123294,47.1937262075832,51.5811842681587
Belize,BLZ,2013,8,49.8092910064853,41.4272899529591,52.7573935614994
El Salvador,SLV,2013,15,49.773001073825,45.6546893060541,52.6478601574909
Vietnam,VNM,2013,16,49.7126719902835,48.2425642413244,52.1202891243684
Sri Lanka,LKA,2013,16,49.5913328806786,47.543619712854,53.8039935709069
Fiji,FJI,2013,9,49.3973376576789,44.4640869948712,62.3098631357074
Philippines,PHL,2013,17,49.2807725426575,48.4468900207073,53.2426613212139
Peru,PER,2013,17,49.0912540861054,46.1749234572253,52.0217934649758
Hungary,HUN,2013,18,49.0128364374411,48.0193031838093,50.2657793670457
Brunei,BRN,2013,9,48.5362164984529,45.0604219006507,59.4361918288265
Honduras,HND,2013,16,48.4553380298814,44.3995575029312,50.554211787685
Serbia,SRB,2013,9,48.4553380298814,43.0813050534395,54.4949705590284
Guyana,GUY,2013,8,48.3928833634759,43.4860815876885,51.1476714448793
Eswatini,SWZ,2013,12,48.1412132685771,44.7218306244607,55.5920866835127
Mexico,MEX,2013,17,47.8405720578829,46.3158326256945,51.0495166023648
Bangladesh,BGD,2013,16,47.6560062958085,46.2447714100164,51.916059437227
Colombia,COL,2013,16,47.4996755431412,46.5942908247591,51.8369493868347
Bosnia and Herzegovina,BIH,2013,18,47.4118787135131,46.5149642730614,48.5253507706495
Saudi Arabia,SAU,2013,18,47.2062113867879,46.4998374368041,48.1197317865787
Venezuela,VEN,2013,7,46.9444656024246,40.9442310373166,51.5870293991426
Nepal,NPL,2013,10,46.6902488048223,42.3777432639304,51.1547573634884
Argentina,ARG,2013,18,46.3149291414827,45.313481361701,47.2790559831923
North Macedonia,MKD,2013,15,46.0690593969309,43.4498621298252,50.9544557799413
Kenya,KEN,2013,16,45.880056679923,42.5620719175256,45.971388697015
Nicaragua,NIC,2013,15,45.8449258850288,41.7455460266477,47.0695645705038
Lithuania,LTU,2013,18,45.777266434722,44.8268037462352,46.8796109769906
Indonesia,IDN,2013,18,45.7366807323768,44.9771700655568,46.5663138448773
Republic of Congo,COG,2013,9,45.6133287394885,39.5706862606975,51.6559712182796
Ethiopia,ETH,2013,7,45.5541201824632,40.8767912243323,50.2314491405941
Papua New Guinea,PNG,2013,12,44.991511006993,35.6613740096013,46.7429599744826
Timor-Leste,TLS,2013,6,44.2446652420549,42.1638190502235,50.7729972063359
Cambodia,KHM,2013,16,44.1934214822931,40.9253849009385,47.2894221783579
Moldova,MDA,2013,15,44.0870484544652,40.6705836682714,48.1702535693124
Syria,SYR,2013,5,43.9009700408565,37.2121707671134,48.6053306994622
Bolivia,BOL,2013,17,43.5700040561459,41.1383728060745,45.4352112149291
Egypt,EGY,2013,7,43.1343556237322,39.6097803543333,48.8122868853397
Romania,ROU,2013,18,43.0174698738669,42.0691524451304,44.1592872582717
Paraguay,PRY,2013,15,42.7557000224563,41.2675548325233,47.5422916827708
Democratic Republic of Congo,COD,2013,6,42.4380658953577,35.2600584526615,44.8961603469817
Georgia,GEO,2013,18,42.1456278870479,41.2957044735252,43.1475321264522
Uruguay,URY,2013,13,41.7218389174108,36.881387690787,43.9031213092815
Sudan,SDN,2013,8,41.5310954263123,34.1893105497163,45.7110772410986
Senegal,SEN,2013,10,41.4984233854369,31.3232405228963,43.1042460826226
Ecuador,ECU,2013,17,41.3453261089758,38.3865676674999,42.9957634370694
Guinea-Bissau,GNB,2013,6,41.2102364514881,32.1122101577329,42.901601000208
Algeria,DZA,2013,15,41.0814595278651,40.0400356257738,45.8850357335853
Gabon,GAB,2013,15,40.601221907694,36.4415172072149,42.0635615484637
Iraq,IRQ,2013,6,40.0571374709627,37.5551998344688,46.4430403894165
Mozambique,MOZ,2013,9,39.8127082034279,34.1968801485342,45.8238976494885
Lesotho,LSO,2013,10,39.7950745689961,38.1874143292348,46.8608894477964
Afghanistan,AFG,2013,8,39.5762538218629,36.6418032319228,50.3004895047923
Uzbekistan,UZB,2013,13,39.4476938711106,31.5061238879516,43.598157817623
Montenegro,MNE,2013,15,39.2108583561939,35.3836069025705,43.0381098098173
Pakistan,PAK,2013,13,39.1848612338753,35.1856504545839,43.4314378383218
Laos,LAO,2013,7,39.0918555972228,32.5162141033779,43.7170549823904
Angola,AGO,2013,17,39.0330764413219,37.0001676127535,41.9163475283072
Yemen,YEM,2013,6,38.8086276570751,36.3238712291093,44.3044667970924
Uganda,UGA,2013,16,38.7238709382004,37.2570242808628,42.4583599427263
Mali,MLI,2013,10,38.656527069758,31.4239961468176,41.49896258451
Guinea,GIN,2013,9,38.5956538861237,30.3623242704991,39.3999791350813
Albania,ALB,2013,18,38.2954411272598,37.3688375817037,39.4425002524401
Djibouti,DJI,2013,12,38.2829094114184,33.8103796409705,42.3216143126275
Burkina Faso,BFA,2013,10,38.1142787797104,31.4896198339894,42.4718029745211
Niger,NER,2013,8,38.1010386627848,33.9944226549994,44.5644358829816
Tanzania,TZA,2013,12,38.0069670384842,32.9529670218944,42.1993256789438
Benin,BEN,2013,10,36.9455947077961,31.2229879400824,42.1375502926048
Liberia,LBR,2013,9,36.5214749573128,28.6187172253123,37.9296782325804
Zimbabwe,ZWE,2013,9,36.3635406603093,31.3759701327268,42.323870254541
Côte d'Ivoire,CIV,2013,10,35.5019447005632,31.0279076467977,41.876033112879
Togo,TGO,2013,9,35.4761334390671,31.6527770534345,43.9382192319956
Nigeria,NGA,2013,15,35.0441972616742,34.0920359696267,40.1098812907244
Azerbaijan,AZE,2013,10,34.6485285486495,30.3304623905021,41.9359550748694
Equatorial Guinea,GNQ,2013,8,34.6476138714933,30.8894974320078,41.8477750445404
Libya,LBY,2013,10,34.5238480805395,29.0652116530232,39.9824845080559
Haiti,HTI,2013,10,34.4896507136903,28.5625868492584,40.1754707278899
Myanmar,MMR,2013,10,34.004747661599,27.1182582492524,40.336801031072
Gambia,GMB,2013,11,33.8265132927642,27.045146498467,35.776112426658
Ukraine,UKR,2013,18,33.4161496062442,32.2710222058225,34.6553956263728
Zambia,ZMB,2013,15,33.3128500352403,31.2211013380631,36.8207079826618
Central African Republic,CAF,2013,9,32.827320881769,25.0277606308775,35.6450773675473
South Sudan,SSD,2013,5,32.5809339055977,19.1925704009436,45.1877613300306
Malawi,MWI,2013,10,32.5024976678798,29.9138063823994,40.1751639497433
Rwanda,RWA,2013,18,32.3537333982938,31.4630456099872,33.1933837933318
Madagascar,MDG,2013,11,31.8489783573347,28.1791579093849,36.1606584731506
Comoros,COM,2013,9,31.5035386636088,23.9927609202814,35.0802126853648
Tajikistan,TJK,2013,13,31.4021836485681,26.3620177654367,34.3107140369761
Ghana,GHA,2013,15,31.3928487342795,29.1679933601531,35.0415263372077
Cameroon,CMR,2013,15,30.7640691562144,28.3470652928157,33.6369590628608
Sierra Leone,SLE,2013,10,29.8979877914749,24.6647996076489,34.8879035915774
Kazakhstan,KAZ,2013,15,29.8643040067217,25.5661734167673,32.8594370018696
Chad,TCD,2013,14,28.8036003759333,25.2287437881923,30.76647891472
Kyrgyzstan,KGZ,2013,12,27.8666434282243,25.4429503125582,34.4745560093399
Burundi,BDI,2013,14,27.6283687132137,24.833695187264,30.4680885906675
Hong Kong,HKG,2012,15,93.5013695296742,88.7331126263994,96.1190138781149
Australia,AUS,2012,17,92.7841634132168,89.6861779554753,94.702228780964
Singapore,SGP,2012,17,92.7153781275162,89.5259018755755,94.6995117504225
Japan,JPN,2012,12,90.6053804284953,88.3601427462072,95.1701394114086
Denmark,DNK,2012,18,90.5992458781366,89.4213147476991,92.1860875278583
Canada,CAN,2012,15,88.1147198058989,75.5061985875966,89.2158761018602
Sweden,SWE,2012,14,87.6717239816293,85.5273267555174,90.5934103007749
Switzerland,CHE,2012,18,87.3018788996881,85.7766691238029,88.9630596191294
Luxembourg,LUX,2012,18,87.1408631404247,85.4582322528237,88.9090990383289
United Kingdom,GBR,2012,15,86.624016193054,80.5484386146262,92.1916557921377
New Zealand,NZL,2012,10,84.5114397643535,80.724142261159,93.9339737884202
Netherlands,NLD,2012,15,81.713010894169,74.6502665698993,82.5815240486022
France,FRA,2012,16,81.1969899908944,75.0264530791212,90.0827863830732
South Korea,KOR,2012,15,80.9951133698892,76.4308929947613,84.1621565138997
Spain,ESP,2012,14,80.4327029041856,79.0444225900214,86.9977658772156
Portugal,PRT,2012,16,79.8878208363788,74.2220683277902,88.1240937462111
China,CHN,2012,12,78.1499762588784,74.4851513969301,87.334709788825
Norway,NOR,2012,17,77.2945107423027,75.229909081325,79.6241699967622
Finland,FIN,2012,15,76.3060719453655,69.7768241761872,81.2438014901698
Malaysia,MYS,2012,18,75.6499668938535,74.4544113074815,77.2262188302223
Israel,ISR,2012,13,73.4673799704581,70.2759773431977,82.7016979631576
Malta,MLT,2012,16,73.402007447382,71.1448239392142,82.5008078040562
Iceland,ISL,2012,12,71.4081887800117,64.5067862216992,72.9364676851717
Austria,AUT,2012,18,70.5396589671443,69.492821653798,72.1145284383133
Belgium,BEL,2012,17,69.5476432602605,67.9437021450607,74.4508559572364
Ireland,IRL,2012,15,68.9954221852039,63.8077082014853,78.1203344297802
Greece,GRC,2012,18,67.1091359728732,66.0112146545616,68.5520842205222
Barbados,BRB,2012,10,67.086199640504,62.7406740219957,70.8249543117468
Cyprus,CYP,2012,16,66.9191275814353,61.8750804488379,75.2991140877123
Mauritius,MUS,2012,16,66.7487973464591,64.9235116759352,73.5889949293877
Germany,DEU,2012,14,66.0456506977403,61.3116545583677,68.2572263461414
Chile,CHL,2012,17,65.91150544765,64.5299378015154,66.9371565950231
Lebanon,LBN,2012,15,65.7124071695905,63.5290318825924,71.969899590776
Italy,ITA,2012,18,65.2539042583046,64.0942859806039,66.6977606260967
Estonia,EST,2012,15,62.7041214229632,57.6184710753641,65.9765268948375
Panama,PAN,2012,15,62.6634673627786,59.2742459538995,67.7385492035609
Thailand,THA,2012,18,62.248848101867,61.1764618084964,63.3414114375316
Bahamas,BHS,2012,7,62.1652881065025,46.3871187234467,63.9616608589968
Slovakia,SVK,2012,15,62.1044427543553,58.2622295973215,67.6282085980406
Jordan,JOR,2012,13,61.3815161094269,57.8716698739326,64.0249235471627
South Africa,ZAF,2012,16,60.9484048338649,59.2868602299384,66.4700775021516
Poland,POL,2012,15,60.2010460438076,54.3778434568345,62.7524417340651
Brazil,BRA,2012,18,58.8919610913483,57.6822431383026,60.1049386331929
Czech Republic,CZE,2012,15,58.7874306878971,53.2256582036835,62.0633854658042
Slovenia,SVN,2012,15,58.5383761014032,55.0843831824615,65.5576069334507
Croatia,HRV,2012,15,57.9611944659043,52.6133879330262,62.7471620731794
United States of America,USA,2012,12,57.6569341454518,53.6099597204399,74.4322615650118
Namibia,NAM,2012,17,57.5570681036258,55.7245270608514,59.3896091464002
Costa Rica,CRI,2012,18,57.3250242146027,56.4098724023529,58.333836155635
Bhutan,BTN,2012,13,56.8610465084705,51.3663513689481,61.9202629724233
Kuwait,KWT,2012,17,56.4133026969573,55.2382663995835,57.3932166343695
Eswatini,SWZ,2012,12,56.3491227473988,45.1277969718491,59.1318529129065
Turkey,TUR,2012,18,56.1779767003718,55.0469213812718,57.2445504261109
United Arab Emirates,ARE,2012,15,56.1219933295034,54.1477472991229,62.2745233545614
Oman,OMN,2012,10,56.1194914518317,49.4009427015168,60.4268208126302
Seychelles,SYC,2012,13,55.9659152780903,46.870354205352,58.5470102722601
Mauritania,MRT,2012,7,55.936104804423,51.5335787439533,63.2772042684331
Bahrain,BHR,2012,9,55.2708359734451,50.4931716079316,61.7174525635092
Morocco,MAR,2012,14,54.4505022617964,50.7694363644463,57.5773499373452
Bulgaria,BGR,2012,18,54.4419762341292,53.4305728749896,55.6367414459971
Cabo Verde,CPV,2012,11,54.0727450652685,48.0350000942048,59.4037461911499
Brunei,BRN,2012,9,53.6752059337962,44.1781435234553,58.6291169805943
Jamaica,JAM,2012,12,52.2841252802074,46.8738684898393,54.2897275536357
Mongolia,MNG,2012,10,52.2209659604894,48.0713507791282,58.8244506532654
Latvia,LVA,2012,18,51.8624592511102,50.7937706396166,53.11630095506
Trinidad and Tobago,TTO,2012,13,51.7619379894829,50.1386028190803,58.3577090966676
Hungary,HUN,2012,18,51.5107710460275,50.5890378185721,52.7244729545398
India,IND,2012,18,51.476726770759,50.664928997128,52.3087731367125
Dominican Republic,DOM,2012,10,50.893929231496,45.5854529066188,54.3306201199755
Russia,RUS,2012,15,50.8605684660762,44.7930451601039,52.0522480337833
Serbia,SRB,2012,9,50.7368204200484,42.614025508104,54.544685674909
Qatar,QAT,2012,9,50.7234720165021,48.7440004984258,59.085167646663
Bangladesh,BGD,2012,15,50.5139355160278,47.4928236819019,53.588932455652
Fiji,FJI,2012,9,50.5139355160278,44.377239642482,63.8506669899951
Guatemala,GTM,2012,15,49.9683852346058,48.6687908218849,55.8261359626207
Belize,BLZ,2012,9,49.6471526227899,43.9579540062708,53.4516419434647
Philippines,PHL,2012,16,49.6066055393726,46.7105307041917,52.4961812263313
North Macedonia,MKD,2012,15,49.3122579363317,42.3463128444068,50.142054118332
Peru,PER,2012,17,48.9685353838331,45.8633799624353,51.2764206700321
Iran,IRN,2012,7,48.8451763536996,45.6521707327625,56.7638495856941
Colombia,COL,2012,16,48.7600437556799,45.6684814134396,50.442533010152
Suriname,SUR,2012,8,48.6258927129901,42.4750514695199,52.5608196119374
Vietnam,VNM,2012,16,48.5264677645276,46.9276282739242,51.6777266572471
Botswana,BWA,2012,10,48.4913501521966,46.0011185919108,55.8999805611847
Honduras,HND,2012,14,48.4427314658816,47.642997755988,56.4264196862667
Egypt,EGY,2012,7,48.353274220449,40.0685041484576,49.2661042027547
Tunisia,TUN,2012,10,48.3432380885074,47.0736201913158,56.5818550721404
Bosnia and Herzegovina,BIH,2012,18,48.2978858944493,47.3454115838792,49.3197177869099
Armenia,ARM,2012,15,48.2129701377429,44.1988552726888,50.8435355776919
Guyana,GUY,2012,8,48.1641493983046,43.6590864428498,51.9258273756496
El Salvador,SLV,2012,15,48.1570587312807,46.3731300555531,52.4268254036297
Sri Lanka,LKA,2012,16,48.1570587312807,46.1726023218928,51.635712992283
Mexico,MEX,2012,17,47.5407596407911,44.8256163285747,49.8954272289417
Lithuania,LTU,2012,18,47.0297881172698,46.0659675655099,48.0327405953655
Nepal,NPL,2012,10,46.5412023197057,41.4577236406391,51.8058494217337
Saudi Arabia,SAU,2012,18,46.2350822943739,45.5019345914669,47.1793429204917
Indonesia,IDN,2012,16,45.9114194777569,42.3659055471697,49.1029676528105
Belarus,BLR,2012,12,45.673427100765,41.247518408417,53.0366576304927
Afghanistan,AFG,2012,8,45.6155278068751,37.1305085956294,50.0845988307641
Romania,ROU,2012,18,45.6031558731379,44.6772987527275,46.6426674246405
Venezuela,VEN,2012,7,45.2629713727083,40.4572973902581,50.6134735523488
Moldova,MDA,2012,15,44.8649925168337,40.5022387428771,48.1251389554718
Kenya,KEN,2012,16,44.6996627043102,41.6446156275588,45.5643354596489
Argentina,ARG,2012,18,44.5270728491066,43.4156321216918,45.4471751097106
Niger,NER,2012,8,44.2594850159663,34.6901881022439,45.0065081961933
Nicaragua,NIC,2012,15,44.1187988283317,40.6376774264955,48.0009890431252
Mozambique,MOZ,2012,9,44.0354477629204,33.7309328696473,45.4257033224586
Montenegro,MNE,2012,15,43.8063939467895,41.2732564245119,49.1073973443203
Libya,LBY,2012,10,43.0775620188229,38.7482375893982,48.9968650531457
Guinea-Bissau,GNB,2012,6,42.6725403097692,34.0714236364916,43.9309912811894
Uruguay,URY,2012,13,42.6272362263531,37.0515446650043,44.0403533224419
Bolivia,BOL,2012,17,42.3565685658752,39.9833642912569,45.1087449684862
Algeria,DZA,2012,15,42.3054834850518,40.1138999031334,46.0398856371773
Democratic Republic of Congo,COD,2012,6,42.2897664985283,34.8715698823725,45.1994893200222
Syria,SYR,2012,6,42.05750927594,41.1647243110134,50.5166356529267
Iraq,IRQ,2012,6,41.6519264940552,36.4596549207849,46.4327943646083
Yemen,YEM,2012,6,41.6104910215688,36.8500310550223,44.2662129646872
Paraguay,PRY,2012,15,41.5380806989884,40.1329475292777,47.2580949617409
Cambodia,KHM,2012,16,41.5184949660071,39.1995839499309,44.7957570680241
Gabon,GAB,2012,14,41.3329307613627,37.310145812654,45.3557157100714
Timor-Leste,TLS,2012,6,41.3329307613627,36.7795489657878,45.8863125569377
Togo,TGO,2012,9,41.2059961354669,30.7475939440713,44.4368304461504
Lesotho,LSO,2012,10,40.3470224623529,37.2927849477531,45.7239031188833
Albania,ALB,2012,18,40.1156063433233,39.2720945115174,41.1024572367245
Georgia,GEO,2012,18,39.9935717590482,39.1587117697827,40.8991860133393
Laos,LAO,2012,7,39.9642768357292,36.9490436905533,45.6897803118528
Uganda,UGA,2012,16,39.8198619211296,37.8286655724547,43.5234695958153
Ethiopia,ETH,2012,7,39.4149226178732,34.8472056567718,44.8871493193275
Benin,BEN,2012,10,39.072086814394,32.7916924400681,43.9626896259283
Ecuador,ECU,2012,17,38.5405609318687,38.2857727790662,43.0159661422379
Papua New Guinea,PNG,2012,12,38.0446121848027,35.6972789313039,46.2835186422305
Angola,AGO,2012,17,38.0127685331073,37.7950680935536,42.4150714262044
Zimbabwe,ZWE,2012,7,37.0730088518328,32.3001361777872,43.7601320458677
Mali,MLI,2012,10,36.9266861616452,29.6958693593092,41.9599539335387
Myanmar,MMR,2012,9,36.6282591201745,27.2246556115123,40.3851893785448
Côte d'Ivoire,CIV,2012,10,36.5422682595368,29.8807136483152,39.949911321572
Senegal,SEN,2012,10,36.5185687801225,33.1181749807705,42.0822488278419
Djibouti,DJI,2012,7,35.8376498107383,34.2118825733812,46.7055488311684
Equatorial Guinea,GNQ,2012,8,35.8228408319057,31.0474155549747,43.128998798855
Ukraine,UKR,2012,18,35.6963724130964,34.6137525481942,36.7848727283094
Azerbaijan,AZE,2012,10,35.5974508059345,29.8936387936616,42.1679320846319
Pakistan,PAK,2012,13,35.590479435658,34.0729346028658,42.4645578036402
Uzbekistan,UZB,2012,13,34.8574348873969,29.6595083702159,41.4074457216466
Madagascar,MDG,2012,11,34.6571291463729,28.295367058604,37.1976638461324
Tanzania,TZA,2012,12,34.6335059736222,31.6225584979693,41.2729118232408
Republic of Congo,COG,2012,9,34.6312668537445,32.1279490652913,43.8487294427813
Burkina Faso,BFA,2012,10,34.5826201729407,30.3986055685725,41.4461678236036
Malawi,MWI,2012,10,34.2158009451284,29.7000278329133,39.7510591128642
Zambia,ZMB,2012,15,34.0947721560968,30.3841473288745,35.5493836228862
Haiti,HTI,2012,10,33.9223647978326,27.6688432160299,38.9469734353848
Guinea,GIN,2012,8,33.3529315659634,31.2976407680862,43.0766191486837
Nigeria,NGA,2012,15,32.3468682833139,31.3075131857177,37.3699578134415
Sudan,SDN,2012,8,32.0715607226179,26.4161375141681,37.7269839310677
South Sudan,SSD,2012,5,31.5453195154032,17.7386671527674,44.9838143550037
Rwanda,RWA,2012,18,31.4796094368024,30.5828441175429,32.3607161749634
Tajikistan,TJK,2012,14,31.1646384521913,26.3088784974683,33.8556803035619
Comoros,COM,2012,9,30.7756131784449,23.715091898385,35.4546896367084
Sierra Leone,SLE,2012,9,30.1765822313113,20.993674448082,34.5598213880297
Burundi,BDI,2012,14,29.5480941421115,26.7293156950457,32.617519745861
Cameroon,CMR,2012,15,28.9106485617516,28.4943357874913,33.438323226685
Central African Republic,CAF,2012,9,28.7530632495126,23.9929053737856,35.3473572609027
Ghana,GHA,2012,15,28.3899873947847,25.6806996163119,31.0992751732575
Kazakhstan,KAZ,2012,15,28.3899873947847,23.076256480838,30.1671546731407
Gambia,GMB,2012,11,27.836359738775,27.5856354532292,35.8198120956482
Chad,TCD,2012,14,27.4433715314915,25.1635602099654,31.1048923421484
Liberia,LBR,2012,8,27.3856853391594,22.8413525057684,35.2236656484066
Kyrgyzstan,KGZ,2012,12,25.8865978643379,23.5923562032274,31.6766654296562
Hong Kong,HKG,2011,14,97.0505926950833,90.6872735751692,98.8016032051614
Australia,AUS,2011,17,93.5320809605684,90.2376395554424,94.4263863717552
Singapore,SGP,2011,17,91.9947059869257,88.6760881182472,93.8827110354938
Denmark,DNK,2011,18,90.9898406080915,89.6530276406274,92.7084957014965
Japan,JPN,2011,12,90.6942878706861,87.7947468933239,94.9223232140597
United Kingdom,GBR,2011,15,89.6208389301718,80.2191382924549,91.285154310407
New Zealand,NZL,2011,10,88.7448769136249,79.5376160832167,93.0903985581541
Luxembourg,LUX,2011,18,86.7505932990578,85.041830541328,88.6248530662369
Sweden,SWE,2011,14,86.4896655505336,84.3235859293733,89.7349632915638
Switzerland,CHE,2011,18,86.4097033119625,84.9449715221936,88.2870420472526
Spain,ESP,2011,14,85.3831071291788,80.960887316592,88.557942724899
Netherlands,NLD,2011,15,82.6822829307809,75.8996121116287,83.6566370269626
Portugal,PRT,2011,16,81.8319472342463,76.161143535214,90.0677100482438
Canada,CAN,2011,15,79.3684057105595,74.7800710716294,88.9012235909855
France,FRA,2011,16,78.4860225867965,75.4457391269971,88.4226962729667
Norway,NOR,2011,17,77.1531874639083,75.1398022582533,79.3414816355644
South Korea,KOR,2011,15,76.7006832350231,75.575108259321,83.2643103789107
Malta,MLT,2011,16,75.7986583285649,70.024339989632,80.4125410038942
China,CHN,2011,12,74.8739849928444,72.568920004312,85.4131520942159
Malaysia,MYS,2011,18,74.7264020538505,73.41097440168,76.3397294463291
Cyprus,CYP,2011,16,74.5099055552961,65.3127538743517,79.8456517309823
Finland,FIN,2011,15,74.4550763889524,69.7980618316541,81.9797184667429
Israel,ISR,2011,13,73.2485388230506,70.2327332328404,82.7907278767496
Lebanon,LBN,2011,11,71.9586903309188,63.4079778641326,73.8307638421277
Mauritius,MUS,2011,16,71.7170894644093,64.4352894504716,72.0408167374623
United States of America,USA,2011,12,71.2244692050107,62.7861914915871,79.6627469184343
Austria,AUT,2011,18,70.8308325941411,69.7363451095363,72.3809028784934
Ireland,IRL,2011,15,69.9693582475691,63.8636410567022,77.8456614855087
Greece,GRC,2011,18,68.9449861474162,67.828188460898,70.3991675839004
Belgium,BEL,2011,16,68.3112343163947,62.8835624978668,72.7501890057881
Italy,ITA,2011,18,66.0891807421012,64.9895690668192,67.6355441293509
Chile,CHL,2011,16,65.612688200589,63.9994202848388,66.5741352392716
Iceland,ISL,2011,12,64.5112304669914,59.7623385756916,69.2057513410666
South Africa,ZAF,2011,16,64.4780294591413,59.1358095212137,66.6712129779709
Barbados,BRB,2011,11,64.4762104377868,61.4076395368475,70.277713370543
Mauritania,MRT,2011,7,60.9168426836556,52.7490949266735,66.0771942070584
Thailand,THA,2011,18,60.5142246030086,59.410900096253,61.6719717502922
Slovenia,SVN,2011,15,60.4442242767556,57.1920467429591,66.1201433305619
Panama,PAN,2011,15,60.2437579531709,59.0156250815592,67.184635716585
Estonia,EST,2011,15,60.1065361819651,56.6214468791411,64.9526639804038
Slovakia,SVK,2011,15,59.7846827196795,58.4295761646798,67.7508834805742
Jordan,JOR,2011,13,59.6854077613786,57.0567996634517,63.2537135693164
Brazil,BRA,2011,18,59.1914809524675,58.0182089970633,60.4249144727478
Namibia,NAM,2011,17,58.3831027618536,56.7140623814893,60.5972389107893
Cabo Verde,CPV,2011,10,57.8932661264474,47.3115638814528,59.609897359876
Poland,POL,2011,15,57.684956679953,52.9851901549153,62.178307346186
Costa Rica,CRI,2011,18,56.4676795797636,55.5804183531933,57.4691523105646
Czech Republic,CZE,2011,15,56.2288771777131,51.8292004537706,61.6769599603868
Bahrain,BHR,2011,9,56.1195379485275,48.5851778544091,61.1455694483984
Guatemala,GTM,2011,15,56.0756992401563,52.3915442437629,59.7598542365497
Germany,DEU,2011,14,55.2856827965373,51.7651787784215,58.806186814653
Trinidad and Tobago,TTO,2011,14,55.2774198242591,49.7501441984128,57.7243933778132
Qatar,QAT,2011,9,55.254440160936,48.0057881964845,58.7334656262833
Morocco,MAR,2011,11,55.1615327578233,48.3345929399276,57.1970132464575
Bulgaria,BGR,2011,16,55.1023495336198,49.7049604357253,57.7326197618147
Turkey,TUR,2011,18,54.4822532716711,53.3942058627609,55.5069752326561
Oman,OMN,2011,10,54.4666711402719,47.6721070838454,60.0520812304162
Bhutan,BTN,2011,13,54.3452720773255,50.0332195561216,59.7811677636261
Kuwait,KWT,2011,17,54.3452720773255,52.9457212784677,55.4048767450263
Latvia,LVA,2011,13,54.2317337096985,48.6713403115864,57.1708575723905
Croatia,HRV,2011,15,53.0420684252515,52.2631012736433,61.1519705881458
Tunisia,TUN,2011,10,52.851852466324,48.1061579615357,57.6582369661926
United Arab Emirates,ARE,2011,15,52.6155133603328,48.4915366539964,56.7394900666693
Botswana,BWA,2011,10,51.931082842134,45.1033006485362,56.6731126902396
Seychelles,SYC,2011,13,51.7864935695463,46.6535407168183,58.9877153098164
Dominican Republic,DOM,2011,10,51.7130624802527,44.8851459817646,53.1875813646709
Hungary,HUN,2011,18,51.692242612012,50.7239365686833,52.936733329246
India,IND,2011,18,51.6147238591136,50.8138110452386,52.4073230845525
Iran,IRN,2011,7,51.4747336483963,45.0939050591872,55.8238675741748
Eswatini,SWZ,2011,12,50.7422866735166,43.5786554915216,56.9279977433279
Bahamas,BHS,2011,7,50.5980253649813,47.0067858047223,63.9834920383084
Jamaica,JAM,2011,12,49.0467138571947,45.9948366245253,53.9905312508804
Peru,PER,2011,17,48.8645893949138,44.8231860353784,50.1069603804798
Mongolia,MNG,2011,9,48.7371283017294,44.8063106529071,56.4386126101643
Fiji,FJI,2011,9,48.6639153627601,43.6291444461111,59.8931028966328
Bangladesh,BGD,2011,11,48.5426835578284,44.0160433776855,53.0693237379714
Mexico,MEX,2011,17,48.531930794496,44.8405438912847,50.0245985426115
Vietnam,VNM,2011,16,48.3820215555239,46.1022601618492,50.9883107063589
Nepal,NPL,2011,10,47.9964152254698,42.1363607413063,51.0505746119494
Romania,ROU,2011,17,47.9653428918903,44.4048259998622,48.0342906525056
Belize,BLZ,2011,8,47.6605387385761,43.5045332747368,54.564680451052
El Salvador,SLV,2011,15,47.5911087359867,45.7434790495514,51.9053379137025
Suriname,SUR,2011,8,47.3664787163969,41.8407402040314,50.9044637504123
Colombia,COL,2011,16,47.1683062913856,43.9256413011558,49.0214241014845
Venezuela,VEN,2011,7,47.0909122596707,39.0128709787925,48.9361768369257
Philippines,PHL,2011,16,46.9915910965603,45.7412398916276,50.8849814976697
Bosnia and Herzegovina,BIH,2011,18,46.7747957547499,45.8579552400709,47.8429911096128
Belarus,BLR,2011,12,46.7481207303505,41.9184933282482,52.5523813250985
Brunei,BRN,2011,9,46.7481207303505,43.8194274411559,57.9361883022817
North Macedonia,MKD,2011,15,46.7481207303505,40.9699045487557,48.7143818672046
Serbia,SRB,2011,9,46.2765227549131,41.7490197384814,53.9823609775238
Sri Lanka,LKA,2011,10,46.1856824975692,41.9660599134729,50.4053050816654
Honduras,HND,2011,14,46.1578254245565,41.524544747336,50.791106101777
Egypt,EGY,2011,7,45.6258412589501,40.3167926804094,48.9885721044612
Syria,SYR,2011,6,45.6128443659918,39.6923285963176,49.8050000097096
Iraq,IRQ,2011,6,45.4889707068814,36.6233782695129,47.2142374936733
Saudi Arabia,SAU,2011,18,45.4716494291027,44.7044686576072,46.3327127669243
Guyana,GUY,2011,8,44.4304654235962,43.0610728942844,51.1220814523773
Lithuania,LTU,2011,18,44.162986544427,43.238885109866,45.4271722668261
Bolivia,BOL,2011,15,43.7396212834755,40.1568561609219,48.1482525222064
Nicaragua,NIC,2011,15,43.7396212834755,39.410276686627,45.0392925131655
Moldova,MDA,2011,15,43.7166575134185,38.7274107781574,45.534790110793
Niger,NER,2011,8,43.2155662539987,33.8560470086724,44.7247349332979
Russia,RUS,2011,15,43.0434678431284,41.1634419223524,48.4933899926247
Montenegro,MNE,2011,15,42.777603636892,39.5892214803388,47.0261487491897
Indonesia,IDN,2011,16,42.6756782304327,41.4197210865365,47.142556167862
Armenia,ARM,2011,15,42.4728638358429,42.0739908530734,48.9116262188692
Yemen,YEM,2011,5,42.4728638358429,37.6022914334171,44.7740151346484
Afghanistan,AFG,2011,8,42.4161772767707,37.6912175175133,50.2833812646799
Paraguay,PRY,2011,15,42.4161772767707,40.5370736234559,46.1640264974035
Papua New Guinea,PNG,2011,12,42.2512939857233,36.7391731493694,47.0057234784143
Argentina,ARG,2011,18,41.9289926938831,40.7921496608765,42.9146994041676
Democratic Republic of Congo,COD,2011,6,41.8363081525816,34.2889230987844,44.7791854638175
Algeria,DZA,2011,15,41.2877663374124,36.9707609875834,43.3413325511221
Lesotho,LSO,2011,10,41.1064058453721,35.5721383689973,44.1773221923093
Angola,AGO,2011,17,40.9137285420435,38.2318200942206,42.8295316377733
Kenya,KEN,2011,16,40.7750986887857,39.8144607675841,44.0950589952557
Pakistan,PAK,2011,13,40.1536724264894,33.2523067960668,42.8612676298785
Timor-Leste,TLS,2011,4,39.7430659895292,35.6427593278084,44.7760086286015
Laos,LAO,2011,5,39.4913952923526,36.1395194396974,45.1262952900369
Libya,LBY,2011,10,39.3547044740976,38.1815565694696,48.2154476940064
Sudan,SDN,2011,8,39.3021539921145,34.4309812751064,45.2953574548663
Côte d'Ivoire,CIV,2011,10,39.0770228176074,30.3401040439806,40.3808121716827
Mozambique,MOZ,2011,9,39.0262595331308,34.1813357288347,45.302500264992
Zimbabwe,ZWE,2011,7,38.9637270454561,30.4226768181253,41.6005433021218
Ethiopia,ETH,2011,7,38.8091284622711,35.0170357074977,44.4837942698887
Djibouti,DJI,2011,7,38.7987794277691,34.9838497557339,47.90636883599
Uruguay,URY,2011,13,38.7987794277691,34.8253074863324,42.2511321919269
Senegal,SEN,2011,10,38.7076871543356,33.4785022688325,42.5521759050161
Albania,ALB,2011,18,38.2114472955541,37.172524255952,39.2590634584617
Uzbekistan,UZB,2011,13,38.2114472955541,28.8963922859857,40.520364862286
Ecuador,ECU,2011,15,37.7846257350607,36.7140190283676,44.1171700710699
Cambodia,KHM,2011,16,37.5687214018891,36.695536194499,42.0310364163849
Uganda,UGA,2011,16,37.358578561834,36.9308776184066,42.4692289645632
Guinea,GIN,2011,8,36.9453070639,29.4233255619956,40.5782746190224
Georgia,GEO,2011,18,36.9126857065011,36.0878299491092,37.8705260657504
Benin,BEN,2011,10,36.6601608946046,32.5823747068089,42.5878968290148
Myanmar,MMR,2011,8,36.4830520277522,25.541839481395,39.4270024064274
Guinea-Bissau,GNB,2011,6,36.1298297836994,33.9192953293323,43.762479971595
Malawi,MWI,2011,10,36.1193871658931,30.2356745442251,39.8723820295485
Republic of Congo,COG,2011,9,36.0399713700718,33.3775775822974,43.2643361828913
Togo,TGO,2011,9,35.7603132318876,30.0782502151973,42.3817571627659
Haiti,HTI,2011,9,35.4748442509993,23.7291370612892,39.1140823813095
Mali,MLI,2011,10,35.1007516122105,29.0088336198048,40.5525812963904
Burkina Faso,BFA,2011,10,34.9106458107583,28.9683191941819,40.1196585658546
Azerbaijan,AZE,2011,10,34.2835265919836,29.4458888946833,41.489126390481
Sierra Leone,SLE,2011,9,33.7965392643807,19.7376805714714,34.0820684049212
Ukraine,UKR,2011,18,33.2192047658091,32.1899365369634,34.3412379154634
Gabon,GAB,2011,13,32.9996572174619,31.4500396982007,40.0812656764333
Liberia,LBR,2011,8,32.8360284343408,23.7702925473668,35.0571674478249
Tanzania,TZA,2011,12,32.0837414818119,29.4859009751457,38.6941445524919
Equatorial Guinea,GNQ,2011,8,31.4162144756106,28.0287881483016,38.2962106484683
Gambia,GMB,2011,11,30.7551710026592,24.4742548858838,33.8058901317146
Madagascar,MDG,2011,11,30.5166408029386,27.9229934550941,35.895577817071
South Sudan,SSD,2011,5,30.5097051252087,16.2847639045913,44.7798673799768
Comoros,COM,2011,9,30.4839029230085,25.0362921862495,34.7417061420163
Cameroon,CMR,2011,15,30.4003408468258,27.8323176783374,33.0901923777382
Rwanda,RWA,2011,16,30.3522389453782,29.6276281769283,33.083136899909
Zambia,ZMB,2011,15,30.1811011926184,26.0584345388714,31.263935953952
Nigeria,NGA,2011,15,29.6947474963914,28.4062021925408,33.9878096591545
Tajikistan,TJK,2011,14,28.6523209073156,23.7170665907145,31.2098466156155
Ghana,GHA,2011,15,28.5925249276469,25.0392851139411,30.8784646773751
Kazakhstan,KAZ,2011,13,28.3596379244552,23.8657607235637,31.9276902908895
Burundi,BDI,2011,14,27.8199887098643,25.6307551430662,31.6234295562881
Chad,TCD,2011,14,27.1074307669895,25.9176033752539,31.7802313876526
Kyrgyzstan,KGZ,2011,11,26.3079172982891,18.5192086596074,27.5466593451714
Central African Republic,CAF,2011,9,25.0810382021659,20.4478855058815,29.1896579421114
Hong Kong,HKG,2010,14,95.0151890937341,91.1950074568663,98.7486949897785
Denmark,DNK,2010,14,92.9640672405194,86.3048137530695,94.7862759297591
Singapore,SGP,2010,17,92.9640672405194,88.9836901333356,94.072442076406
Australia,AUS,2010,17,92.8122062326568,91.0105037805472,95.410564712766
Japan,JPN,2010,12,92.7527439978934,86.7710937148741,93.9819542464028
United Kingdom,GBR,2010,15,90.1380576532371,80.5465085033457,91.0770764113497
Sweden,SWE,2010,14,88.1229823137131,84.5249336844309,90.2602664381227
Spain,ESP,2010,14,87.7356849350855,84.0452721779836,91.0181512186379
Switzerland,CHE,2010,18,87.1024637893543,85.6816899163356,89.0011091906476
Luxembourg,LUX,2010,18,84.3965501424529,82.8603502540245,86.0942990691235
Netherlands,NLD,2010,15,83.5950557981226,79.115137604024,85.3641346179577
Canada,CAN,2010,15,82.5011744922673,76.2698933709824,90.1845399104584
New Zealand,NZL,2010,10,81.4955896782898,79.0783560821275,92.8118441156185
Portugal,PRT,2010,16,80.2545016319618,77.7891851674421,92.8588081473063
France,FRA,2010,16,79.5363966637319,76.0811605079642,90.9172227427526
South Korea,KOR,2010,14,79.4472034701081,74.4917412743347,83.3530736962265
Malta,MLT,2010,16,77.5796279248525,72.2283838990058,85.0256678445197
Norway,NOR,2010,17,77.5538452220806,75.1544388640326,79.6622798871137
Ireland,IRL,2010,15,76.2299815619427,71.8842876514373,84.6418615670521
Cyprus,CYP,2010,16,75.1118336624995,69.7094676037785,83.1637698856297
Malaysia,MYS,2010,17,74.8179002586049,73.1835294762187,76.2901855091786
Finland,FIN,2010,15,74.7786065556629,69.9849207135736,82.8687302531011
Israel,ISR,2010,13,74.2714665742684,68.871054702342,80.4895713411326
China,CHN,2010,8,73.3702515566422,64.9070701721386,81.2689713577416
Greece,GRC,2010,18,72.8385298460505,71.6884387856292,74.253727194217
Austria,AUT,2010,18,71.9242374972742,70.791317710628,73.5101418021937
Mauritius,MUS,2010,16,69.3168330522697,64.5249229624466,74.8042833827246
United States of America,USA,2010,12,68.6651500339507,53.602316602119,73.3077197566027
Italy,ITA,2010,18,67.5012686148051,66.3616768847603,69.0670685101658
Slovenia,SVN,2010,15,67.3928115072538,59.2235775164333,68.4091336783963
Belgium,BEL,2010,16,67.1121479930258,63.6125543980992,72.9241356935214
Lebanon,LBN,2010,9,66.4848692823816,54.4118117585475,71.9391181583019
Slovakia,SVK,2010,15,65.4622872532607,59.7261438482319,69.0915820788651
Chile,CHL,2010,16,65.3916433018025,64.1521890016842,66.617530020688
Germany,DEU,2010,14,64.6114431300906,59.8296852836231,67.2433766342608
Jordan,JOR,2010,11,64.5318107821645,56.0266457311331,65.4884812257572
Barbados,BRB,2010,11,64.1599896667407,60.5221021410916,69.230476555159
Iceland,ISL,2010,12,62.8430491875339,61.2643791816675,70.3776477430009
Mauritania,MRT,2010,7,62.6959261210522,52.5627818322095,68.4673713305542
Panama,PAN,2010,15,62.4383088908664,59.0939386583529,69.5980547881371
Estonia,EST,2010,15,62.3707448167741,57.192518803614,66.2185874252797
South Africa,ZAF,2010,16,61.0636195804837,59.0660758967065,65.8302303868029
Croatia,HRV,2010,15,60.0936998495122,53.1720518018162,62.6724586314629
Thailand,THA,2010,18,59.4050690270925,58.3129346524197,60.6099223397446
Namibia,NAM,2010,12,59.1475253568301,55.1807736556361,61.959718304217
Poland,POL,2010,15,58.0682998205134,53.0242521108758,60.8134793946117
Brazil,BRA,2010,18,57.8934721098512,56.7518473089334,59.1479392548333
Iran,IRN,2010,6,57.3325372825676,44.0568937179434,58.6311845960168
Costa Rica,CRI,2010,18,56.2279784100027,55.3169697051046,57.2460161394831
Oman,OMN,2010,10,56.2205286057591,48.8351604536706,59.8176882185885
Trinidad and Tobago,TTO,2010,14,56.0450937762472,51.0870207704419,59.6833808175564
Czech Republic,CZE,2010,15,55.5523665627525,53.072294335499,62.140453533605
Eswatini,SWZ,2010,11,55.361402576471,42.3650366494356,58.5645539440532
Bahrain,BHR,2010,9,55.3345406021162,47.8951725311341,59.9020909802197
Kuwait,KWT,2010,17,54.2974452950151,52.9893634251986,55.4612244278155
Bulgaria,BGR,2010,16,53.4180209206245,52.1820551484157,61.3212444987073
United Arab Emirates,ARE,2010,15,52.6445374367997,48.1757057997453,57.113369073854
Bhutan,BTN,2010,8,52.6225818245098,39.9097392535132,54.2731314353154
Belize,BLZ,2010,8,52.3676225339667,41.9965792125218,52.8757592891572
Qatar,QAT,2010,9,52.260491697356,48.3220587653913,58.6352521497548
Turkey,TUR,2010,18,51.9767038961075,50.8953282339844,52.9250465884568
Hungary,HUN,2010,16,51.857435123923,48.982517614548,56.3367181740382
India,IND,2010,18,51.4293961742476,50.6103410488146,52.3388914674811
Tunisia,TUN,2010,10,51.1929065914817,46.8206258266076,56.4253102662391
Dominican Republic,DOM,2010,10,50.7668065763546,42.9326169691197,52.2198587136175
Seychelles,SYC,2010,12,50.6574255623346,44.0351278285225,60.5411948657022
Botswana,BWA,2010,10,50.6481142869097,44.9708841524678,55.6949357452533
Mongolia,MNG,2010,9,50.4675330560296,42.6383978554903,53.333981323342
Bahamas,BHS,2010,7,50.4146874021966,47.1915358268288,63.7406881186302
Jamaica,JAM,2010,12,50.4029338536815,46.634945864301,54.0899532218841
Morocco,MAR,2010,11,49.7850348018153,45.8380110468227,55.6854827181247
Latvia,LVA,2010,13,49.5765575457729,46.972217672662,55.5157564653607
Peru,PER,2010,12,49.4603962011359,45.8446798206649,53.0761125816068
Montenegro,MNE,2010,15,49.3810551753487,42.7666893138971,51.1147180875846
Bosnia and Herzegovina,BIH,2010,18,49.3567501030896,48.5156441352001,50.2974012739258
Philippines,PHL,2010,16,48.7200518463487,45.4166186472941,50.9232690312081
El Salvador,SLV,2010,15,48.6977673792437,46.3425859479511,53.1946886385403
Guatemala,GTM,2010,15,48.6387480971286,47.0747743646226,54.6398403129173
Romania,ROU,2010,17,48.6387480971286,46.9659334142015,50.6360259264783
Sri Lanka,LKA,2010,10,48.5781577158252,44.6964875525026,53.3042981529036
Cabo Verde,CPV,2010,9,48.1368644846334,41.9228932130925,58.3551208998573
Bangladesh,BGD,2010,11,47.9799272251958,43.2554478962112,52.7044065541803
Mexico,MEX,2010,17,47.5263053128503,43.8387956260361,49.022064270352
Suriname,SUR,2010,8,47.4749312843867,41.0490982909674,50.5809125376984
Fiji,FJI,2010,9,47.0879781088688,43.3699963321689,61.9171728363822
Serbia,SRB,2010,7,47.0322868121815,41.7179061773323,57.3166145888719
Lithuania,LTU,2010,18,46.7049277942472,45.6933887856922,47.8638761174487
Belarus,BLR,2010,7,46.6958612716824,33.2939920196173,53.8570696588052
Brunei,BRN,2010,6,46.5223457201013,41.7185242049935,54.9794249540694
Nepal,NPL,2010,10,46.0611117919303,41.7243667826298,49.8651721428667
Egypt,EGY,2010,7,45.924636549028,39.4895428449322,48.3543997303545
Vietnam,VNM,2010,16,45.8669245358883,44.6973959025889,49.7822789968251
Guyana,GUY,2010,8,45.4067622186682,41.9373114331874,51.9225222816803
Papua New Guinea,PNG,2010,12,45.1904220526203,38.0167279170698,48.0386716544605
Honduras,HND,2010,10,45.0491576503863,43.6061971029169,54.2273717735552
Colombia,COL,2010,16,44.713035159905,43.7306572808222,48.4408648900943
Saudi Arabia,SAU,2010,18,44.6456154772021,43.9078414953382,45.606430982902
Libya,LBY,2010,10,44.165817594845,36.571362559763,47.208032811226
North Macedonia,MKD,2010,15,44.143008987901,39.3684769027134,47.1344502911651
Iraq,IRQ,2010,6,43.9431131853405,36.9221912386705,46.7100684938335
Syria,SYR,2010,6,43.9392946695653,38.9948355282455,48.1943571396375
Bolivia,BOL,2010,10,43.6150869724744,39.4291656595407,52.1506795027416
Venezuela,VEN,2010,7,43.4892358837063,37.7115831847395,48.0121808437851
Russia,RUS,2010,15,43.1597516199847,38.3720070226786,45.0785765850383
Yemen,YEM,2010,5,43.1536349514431,38.3667979919553,45.0935604744662
Democratic Republic of Congo,COD,2010,6,42.6255353139928,34.2168249855289,44.0357652328538
Armenia,ARM,2010,9,42.5023286214356,29.12709539871,44.2905373183109
Afghanistan,AFG,2010,6,42.1967871873942,30.885356297289,44.4352653018895
Paraguay,PRY,2010,14,42.1820610728605,36.8944208545803,44.3223060237105
Moldova,MDA,2010,15,42.1090373870636,38.7203798311852,45.1985799991663
Togo,TGO,2010,9,42.1090373870636,31.1388772558534,43.1795478817653
Nicaragua,NIC,2010,15,41.8843205684819,38.7434262512997,44.6931150961732
Indonesia,IDN,2010,16,41.8757021635935,40.8406266284532,46.7497938931434
Angola,AGO,2010,10,41.7896503875502,31.7148505620762,46.6484838087928
Kenya,KEN,2010,16,41.7534900812966,39.0922727432557,43.3887181733281
Albania,ALB,2010,13,41.6156422565135,36.7240289138867,45.0330397953691
Djibouti,DJI,2010,7,41.2458643463998,36.9876888030498,48.8412007375298
Pakistan,PAK,2010,13,41.0482127159448,36.8491364545467,45.2472889773429
Algeria,DZA,2010,15,40.3866826885486,36.8349005335492,43.1300745670488
Sudan,SDN,2010,9,40.3866826885486,34.2744929659983,45.177877854245
Argentina,ARG,2010,18,39.5957262325792,38.633487421432,40.5377002062075
Timor-Leste,TLS,2010,4,39.5457275941584,35.8818882457675,45.0701572394889
Laos,LAO,2010,5,39.4007068380187,36.4330687809735,45.1140457677102
Niger,NER,2010,8,38.6866053737243,32.6919585346269,43.884029828882
Ethiopia,ETH,2010,7,38.331904904048,32.9548721803549,42.8662244819572
Cambodia,KHM,2010,11,38.2868727950623,31.8123843648744,41.4534714501219
Ecuador,ECU,2010,15,38.1899760255978,35.9363792294151,43.5833372581035
Côte d'Ivoire,CIV,2010,10,37.8294626444183,28.6105790148053,39.0740326544976
Uruguay,URY,2010,11,37.7542549538704,32.5290448719781,43.1966124402662
Guinea-Bissau,GNB,2010,6,37.7395139391911,31.9415065111703,42.9824950068557
Uzbekistan,UZB,2010,8,37.3809487293225,28.5231290401465,48.2848002124203
Senegal,SEN,2010,10,37.1683163152953,33.4218490666135,41.9795812671981
Lesotho,LSO,2010,9,36.7393763462024,33.9116591865573,42.4962766061351
Benin,BEN,2010,10,36.159813201484,33.2620487851693,42.3067612168973
Madagascar,MDG,2010,12,36.0525366173121,28.8631865322543,37.369008329274
Mozambique,MOZ,2010,9,35.8830692007905,31.7304106332853,43.4522701718361
Uganda,UGA,2010,16,35.8348722314334,35.4563041603128,41.4786736426855
Gambia,GMB,2010,11,35.2972491955527,28.6217079796123,36.7978623230585
Republic of Congo,COG,2010,4,35.2726413024014,33.8178451249096,43.7661817175394
Azerbaijan,AZE,2010,10,35.0760758872709,28.7473047559797,39.3108132031469
Ukraine,UKR,2010,18,34.657046252255,33.8103961321355,35.8200937329489
Georgia,GEO,2010,18,34.3607574634777,33.541088740202,35.288457409192
Mali,MLI,2010,10,33.9673549982106,27.4982057437955,39.4261500470234
Burkina Faso,BFA,2010,10,33.8367380490178,26.8087009516028,38.3700560041243
Malawi,MWI,2010,10,33.5515972078629,27.982491249004,39.6617225519478
Guinea,GIN,2010,8,33.2392289014902,28.1819971407086,40.2650648912512
Cameroon,CMR,2010,10,32.7636164280056,25.4523321323586,35.8671811769434
Myanmar,MMR,2010,8,32.4930645875217,26.9022234308185,39.8618563849634
Tanzania,TZA,2010,7,32.2979485728756,25.1632214102696,41.1729967230266
Zimbabwe,ZWE,2010,7,31.9632436792831,28.0163976597582,40.0440693587491
Liberia,LBR,2010,8,31.8752288046211,24.171594789796,37.5648848748923
Haiti,HTI,2010,9,31.4566232586357,23.264122806277,37.0414635147001
Rwanda,RWA,2010,15,31.4274744926249,25.1642114307074,32.9836978619708
Sierra Leone,SLE,2010,9,30.9008647107755,18.4319166085358,33.2403418047189
Burundi,BDI,2010,9,30.1381830401983,25.2555897810062,36.7324214042185
Comoros,COM,2010,4,30.0172388193548,24.3095187068557,34.0922373484287
South Sudan,SSD,2010,5,29.4740907350142,14.8308606564146,44.5759204049498
Nigeria,NGA,2010,15,29.2377881587338,27.1209081927142,32.9403088120025
Gabon,GAB,2010,8,28.8709266267522,27.8678939929498,41.9021728986595
Ghana,GHA,2010,15,28.1911066105652,26.0699581960311,31.74948921131
Zambia,ZMB,2010,15,28.1391726243151,26.1267122026379,31.6914377763889
Tajikistan,TJK,2010,10,27.0338548268181,19.1464013971036,32.9008377653722
Chad,TCD,2010,9,26.7818800858692,21.0491994227551,32.0294368281069
Kazakhstan,KAZ,2010,13,26.7742549737496,25.8046893746306,33.8201811639132
Kyrgyzstan,KGZ,2010,6,26.4478414591282,19.2585811008955,34.5724591102246
Central African Republic,CAF,2010,4,25.0476712799286,20.4039816167019,29.5849226435248
Hong Kong,HKG,2009,14,99.2737803250966,92.8315276205746,100
Denmark,DNK,2009,12,93.5239433627408,84.0819850815151,98.4157873094437
Singapore,SGP,2009,17,93.2744006227605,89.8459462285371,95.1892656893986
Australia,AUS,2009,17,92.2354497531559,90.4105790679578,95.5625113191182
Spain,ESP,2009,14,91.4861605554313,86.6360348946609,93.4667446055377
United Kingdom,GBR,2009,15,91.3950300319779,83.5526027638406,94.0402732816864
Japan,JPN,2009,12,90.3411950271972,87.2922494952553,94.8107966350517
Sweden,SWE,2009,14,88.2770137840199,85.7085077288524,91.099099731536
Switzerland,CHE,2009,18,87.9146805117998,86.3031566845075,89.7108511448549
Ireland,IRL,2009,15,87.7869408233406,77.375927178827,90.994778664311
Netherlands,NLD,2009,15,85.169531013605,82.6207474418343,89.5243499532042
Canada,CAN,2009,15,84.9671344445392,75.5915693267358,89.1730263999805
New Zealand,NZL,2009,10,82.8954184742619,78.5387538550491,92.1436073544293
Luxembourg,LUX,2009,13,82.3905860086479,81.1858305443176,86.5780034532659
South Korea,KOR,2009,9,79.9704085691706,72.3802597592884,83.8709184420972
France,FRA,2009,16,79.2482855231911,76.8369375313536,89.9933826691184
Portugal,PRT,2009,16,78.9940235735436,72.2746509529508,85.7133961941364
Cyprus,CYP,2009,16,76.2504384640847,70.1677295552929,84.3599837772834
Greece,GRC,2009,18,75.4075452083919,74.160025602225,76.8541095889564
Norway,NOR,2009,13,74.8427328990615,72.4802226177599,77.601220511817
Malta,MLT,2009,16,73.6634387428283,70.1755789112922,80.9973095072414
Israel,ISR,2009,13,73.1882518977878,68.4755245901383,82.0453747502148
Malaysia,MYS,2009,17,72.891640686188,71.4946733967603,74.32867306971
Austria,AUT,2009,18,72.8885801583725,71.7393936630231,74.6247092069672
United States of America,USA,2009,7,71.1823708625365,52.1811360658367,75.3222201498699
Finland,FIN,2009,15,70.4195672923426,70.1724248498983,82.6747925731857
Iceland,ISL,2009,12,70.2897983070497,66.2333959348036,75.3279558192691
Belgium,BEL,2009,16,67.4612040136964,64.2317519449302,72.6655207113934
Mauritius,MUS,2009,11,67.2116967484265,61.7113054043716,72.5248335307418
Chile,CHL,2009,16,66.249395283433,64.8042169935301,67.0513473005569
Italy,ITA,2009,17,66.2073745606413,65.6219784452694,68.6151300212497
China,CHN,2009,8,65.9812383104119,62.7238897000253,78.5034973362738
Germany,DEU,2009,14,64.9474692692191,61.7150821553451,68.5476296924564
Estonia,EST,2009,15,64.2054887302904,58.6551451786163,67.2424927580295
Jordan,JOR,2009,10,63.1315138068062,57.3300336287417,65.5826508698512
Barbados,BRB,2009,10,62.6810529233236,60.8840492015955,68.8659806980164
Slovenia,SVN,2009,15,62.5666543553983,59.7747059384287,69.2997842774613
Mauritania,MRT,2009,7,62.2801116935419,54.5430299144563,69.5727134242954
Lebanon,LBN,2009,9,61.6521985689839,54.4117127941497,72.8650676045938
Bulgaria,BGR,2009,16,60.7707729008556,52.8039565382332,61.2358279960162
Namibia,NAM,2009,12,60.212791443605,55.9879550184255,62.2889159883681
Slovakia,SVK,2009,15,60.2071199848617,59.6157296137493,68.8923312745651
South Africa,ZAF,2009,16,60.0291244895119,58.3891073604302,65.1245365643736
Czech Republic,CZE,2009,15,59.5143363602607,52.3278184140013,62.4495645112543
Croatia,HRV,2009,15,59.51151185804,53.3850258160439,63.4915289553186
Panama,PAN,2009,15,58.6842693025557,57.1084720159833,66.1837438526225
Bahrain,BHR,2009,7,57.6883029907831,50.8914718613805,64.4526276837876
Brazil,BRA,2009,18,57.1794740813954,56.0027556645491,58.4013558622681
United Arab Emirates,ARE,2009,11,56.9085978120759,54.756073674441,64.361827163459
Oman,OMN,2009,10,56.6412771825887,48.2421082531086,59.6287352838791
Thailand,THA,2009,18,56.4341802888218,55.3316461246973,57.5693235196358
Costa Rica,CRI,2009,18,56.095072414986,55.2553357258874,57.0144908641353
Bahamas,BHS,2009,7,55.344484269609,47.2712216931422,63.3177786929744
Poland,POL,2009,15,55.0337867925778,51.4831657377418,59.305956688934
Trinidad and Tobago,TTO,2009,13,54.713181967342,49.9686128913592,57.972630852682
Latvia,LVA,2009,13,54.2276010091219,49.9534210377105,58.3532538542232
Botswana,BWA,2009,10,53.6863877599697,45.4788654778888,55.7000932105103
Iran,IRN,2009,6,53.395863129874,44.6444835171375,58.2107647220781
Kuwait,KWT,2009,17,52.8414074368964,51.6597968028964,54.089574914117
Eswatini,SWZ,2009,6,51.989349269253,40.0031045304887,62.6663224997486
Qatar,QAT,2009,9,51.810412760159,47.8967242216914,57.4016035468551
Fiji,FJI,2009,9,51.0632665768993,43.4014798313152,60.3839231555924
Jamaica,JAM,2009,11,51.0088265273438,46.4082911593887,53.9158724287357
India,IND,2009,18,50.886632901238,50.1179274070317,51.7457599071966
Lithuania,LTU,2009,18,50.1537085004524,49.1604036745759,51.297934929627
Belize,BLZ,2009,9,49.9207877043811,42.0368854036835,54.6925287508207
Hungary,HUN,2009,16,49.606422523394,48.4523350809224,55.3765761683154
Morocco,MAR,2009,11,49.404146083534,42.9068262359749,53.5537780891937
El Salvador,SLV,2009,14,49.1951972355781,47.1384872068893,54.1003151898391
Turkey,TUR,2009,18,48.9469136195627,47.7157263785574,49.9253298899618
Romania,ROU,2009,17,48.9184505884518,47.6818808176302,51.7253094635124
Philippines,PHL,2009,11,48.4775895308306,42.6946244636784,51.1501526641024
Seychelles,SYC,2009,11,48.4064783925889,47.4316569467587,62.8944210084359
Cabo Verde,CPV,2009,9,48.2106426874109,41.7644818390328,58.5276387633622
Bosnia and Herzegovina,BIH,2009,18,48.1149832823209,47.2134970118574,49.0600063375298
Sri Lanka,LKA,2009,10,47.902485192965,43.5040945930257,52.3827736323959
Bolivia,BOL,2009,10,47.6184336243665,38.6446077353065,51.9895671602794
Montenegro,MNE,2009,15,47.6050542062431,42.6396160375793,51.1037958933486
Guatemala,GTM,2009,10,47.5216249271853,43.5257055758962,55.2941814061181
Mexico,MEX,2009,17,47.1115795585748,43.6090101983638,48.8647108205651
Guyana,GUY,2009,8,46.5439297278095,44.8223117299075,52.387765947114
Dominican Republic,DOM,2009,10,46.1953835446588,41.1927348895456,51.7911658486797
Brunei,BRN,2009,4,45.7373088703753,40.4984836857387,58.4918207525856
Egypt,EGY,2009,7,45.7083441142829,38.1276909914649,47.3103281613723
Honduras,HND,2009,10,45.6686452055457,43.0370542208,54.8320115154632
Nepal,NPL,2009,10,45.6004424411917,40.8192399461587,49.570306948472
Turkmenistan,TKM,2009,5,45.5235246699613,44.3319072548273,52.4390018702905
Yemen,YEM,2009,5,44.8322299761422,36.6528227838367,47.0874194064223
Mongolia,MNG,2009,9,44.3737976598223,42.590023855271,53.381994083325
Belarus,BLR,2009,7,44.0097397982588,33.1467459755912,52.6157056491502
Vietnam,VNM,2009,16,43.8306520529409,41.819953038358,46.7766527120777
Russia,RUS,2009,15,43.8029708225572,38.5276556240711,45.2724533374965
Djibouti,DJI,2009,7,43.7619705247578,37.4928144689828,49.5552171575265
Serbia,SRB,2009,7,43.7388667652591,41.0370769467915,56.6238678157321
Saudi Arabia,SAU,2009,13,43.7132700003434,38.5666942489698,47.0328193924827
Peru,PER,2009,12,43.3033895896943,40.7417839505476,49.2362690593263
Colombia,COL,2009,16,43.1295940025525,41.0251060777037,45.7373750338695
South Sudan,SSD,2009,4,43.0724992992282,34.9640606759721,44.4796169482658
Tunisia,TUN,2009,10,42.9522122107861,38.0510482908487,47.8533761307236
Niger,NER,2009,8,42.3365796972692,33.0558514050642,43.159969483166
Benin,BEN,2009,10,42.2557902714084,34.0872708839475,43.3736409444261
Albania,ALB,2009,13,42.2342336443053,35.9699749696776,45.0697612428013
Iraq,IRQ,2009,6,42.0063060375717,36.5429511023464,46.8114721905585
Suriname,SUR,2009,8,41.7355343215376,41.0002661391655,50.4498618946114
Laos,LAO,2009,4,41.482821819896,32.5789173584653,44.5434832201615
Uruguay,URY,2009,11,41.2811572354441,33.4102374372784,44.9018375374211
Libya,LBY,2009,10,41.2702752013812,33.6231131538452,44.1783746065822
Syria,SYR,2009,6,41.2470657949232,37.2169992672644,46.3687417370991
Ecuador,ECU,2009,15,41.0002873164176,37.5206578442113,44.479916788624
Moldova,MDA,2009,10,40.8641877173252,31.832995517496,43.7514454712941
Indonesia,IDN,2009,16,40.1386079649379,38.9626203147034,44.0292802599238
Afghanistan,AFG,2009,6,40.1330346961486,31.4412289886221,45.07867540032
Gabon,GAB,2009,8,39.9022903990262,28.802137078085,43.1179899659752
Togo,TGO,2009,8,39.4378963926937,32.3178757717092,43.0207243560197
Mali,MLI,2009,10,39.4303861739935,28.7443476090803,40.0041303382611
Senegal,SEN,2009,10,39.0915439425967,34.5615676196055,42.827998284403
Tanzania,TZA,2009,7,39.0416838880053,25.5818292168829,40.9956216023364
Algeria,DZA,2009,10,38.9455066118792,29.2407253970388,41.8947104790257
Democratic Republic of Congo,COD,2009,6,38.915241594862,33.2052790460515,44.2007954170498
Kenya,KEN,2009,14,38.6825584982301,36.6835235444649,43.7493630235401
Venezuela,VEN,2009,7,38.5342961978035,38.0996855544228,47.8120935621637
Ukraine,UKR,2009,18,38.4048583236841,37.3100761373833,39.3782406674613
Papua New Guinea,PNG,2009,12,38.4004750442917,36.7986318052563,47.5216587676161
Armenia,ARM,2009,9,37.9457841109525,28.6416518583988,42.1508805985725
Argentina,ARG,2009,18,37.5088335364815,36.5134940544834,38.4276120240605
North Macedonia,MKD,2009,15,37.5024407655246,37.11056243361,43.9343497124912
Bangladesh,BGD,2009,11,37.4613488460442,34.4692949063807,44.5433716611455
Sudan,SDN,2009,9,37.4583188747988,33.0344437144717,44.2755535769709
Nicaragua,NIC,2009,15,37.4121822434626,34.6195926421329,40.2047718447922
Uzbekistan,UZB,2009,8,37.1508756383668,30.2444875531837,47.7304963288405
Burkina Faso,BFA,2009,10,36.5289809878491,26.8689218094187,37.5542619110154
Uganda,UGA,2009,16,35.8296469501998,35.4030631932069,40.1898622761134
Georgia,GEO,2009,18,35.5908133495588,34.7351685006959,36.4899342883591
Guinea-Bissau,GNB,2009,6,35.4765402924388,32.2617875621469,42.839648407864
Paraguay,PRY,2009,14,35.4750999784914,31.8646276800978,39.085572276885
Ethiopia,ETH,2009,7,35.4321026079806,30.1728719906613,41.0864114305873
Côte d'Ivoire,CIV,2009,10,35.221521751244,28.9822543495421,38.8625542922683
Mozambique,MOZ,2009,9,34.7693771223494,30.009611211461,42.3093315587263
Timor-Leste,TLS,2009,4,34.7078476219907,33.3779121262667,43.4051565674589
Zimbabwe,ZWE,2009,6,34.6450960615608,30.0495826958708,41.3362973157387
Lesotho,LSO,2009,6,34.3385685711621,24.7768646853797,38.5402918732834
Bhutan,BTN,2009,8,33.9374557109198,26.9791737996423,40.8957376221974
Guinea,GIN,2009,8,33.8756100773262,28.3384433839575,39.8356536340282
Malawi,MWI,2009,9,33.5389087919537,28.881682913604,38.8618322989619
Cambodia,KHM,2009,11,33.001477191371,30.7315596963187,40.762702937697
Burundi,BDI,2009,9,32.5437029016844,26.1841993310859,37.1796818773758
Angola,AGO,2009,10,32.2922891117626,25.1885077608129,39.3960704627123
Pakistan,PAK,2009,13,32.2814257077903,27.6766733963189,36.8861780192617
Central African Republic,CAF,2009,4,32.1537799238758,28.9840867378955,44.9412216755084
Cameroon,CMR,2009,10,31.5355694071618,24.8973152277781,36.7310662694643
Liberia,LBR,2009,8,31.49936642917,23.4648986702138,35.3447370324642
Gambia,GMB,2009,11,30.8096013422382,23.121205455452,31.5646351838936
Republic of Congo,COG,2009,4,29.9463977194364,25.6696291601759,40.6510515770507
Nigeria,NGA,2009,15,28.9740331248406,26.5635483988076,31.6824993979351
Haiti,HTI,2009,9,28.5471020895603,20.8681395729496,35.3156236107559
Chad,TCD,2009,9,28.2274579193879,20.3904927671252,33.0450595531172
Ghana,GHA,2009,15,27.9019377919525,26.0683640277566,31.0722817184079
Zambia,ZMB,2009,15,27.8388920241858,24.6931177700872,30.3113687715339
Myanmar,MMR,2009,8,27.5205164713252,26.1938788844322,38.2444306645086
Azerbaijan,AZE,2009,10,27.2769229166046,26.7962696589132,38.5597844278502
Kazakhstan,KAZ,2009,12,26.4280977885177,22.5761358371422,30.5664507434658
Madagascar,MDG,2009,12,26.0136804360124,21.9781836753955,30.0491771966293
Comoros,COM,2009,4,26.0119142585006,17.0779455498166,34.9458829671846
Sierra Leone,SLE,2009,9,25.836525914091,17.9542656951736,32.163640526276
Rwanda,RWA,2009,15,24.6446089308571,22.1625906816504,29.3552470747574
Tajikistan,TJK,2009,10,24.398719646787,17.2520398498921,32.3504954033202
Kyrgyzstan,KGZ,2009,6,22.0883304126536,17.7921002816346,33.0247598519306
