country,iso,year,n_obs_vars,free_flow_scaled,index_lower_scaled,index_upper_scaled
Hong Kong,HKG,2025,7,85.1473455455757,80.0661580484067,86.7666095742494
Singapore,SGP,2025,9,85.0757738356376,82.6223554125866,87.1254948110208
United States of America,USA,2025,8,84.7286863241547,81.036928269012,85.3805589858331
Hungary,HUN,2025,8,76.4449605632124,72.6745514779055,80.5633384700751
Ireland,IRL,2025,7,75.2563563252337,73.6885939170056,82.1504481450912
Portugal,PRT,2025,7,73.7133385314284,67.3250680616837,74.3106008610205
Lithuania,LTU,2025,8,72.5911939943758,67.4337737275112,73.1184531605885
Switzerland,CHE,2025,8,72.3272971876808,69.0556397266261,73.3768480947623
United Arab Emirates,ARE,2025,8,72.2166486322364,68.0806268480852,73.3305414236649
Canada,CAN,2025,8,71.9004184355291,68.7831976331377,75.2756709673849
Sweden,SWE,2025,7,71.6369139045198,64.5143588813996,71.9106926928942
Iceland,ISL,2025,7,71.2913067180936,60.5073701014463,72.5984193116343
Croatia,HRV,2025,8,70.9643447153846,65.3661351370251,72.7384573542565
Spain,ESP,2025,7,70.9269119167013,66.8385493688673,74.9288570022925
Belgium,BEL,2025,7,70.5272579905644,67.2444578898842,73.9054480008914
Japan,JPN,2025,8,70.4727015604514,67.1433010440827,71.2254560574153
Netherlands,NLD,2025,7,70.4698015082965,67.5335776043346,74.3327600224379
Germany,DEU,2025,7,69.9936396934664,66.4538863078687,73.5333930790641
Albania,ALB,2025,9,69.9099922440024,66.9182331506616,70.983365889124
New Zealand,NZL,2025,8,69.7980473842499,63.1125071356978,70.5149650609787
Czech Republic,CZE,2025,8,69.6187856567,67.5901303243435,73.2388062333747
Estonia,EST,2025,8,69.539070959829,68.8350407741377,73.8335878787347
Denmark,DNK,2025,7,69.4816083127565,65.2696990162507,72.6114719125527
France,FRA,2025,7,68.5926724054987,64.67547821592,72.1625733843606
Bahrain,BHR,2025,8,67.8525966753307,63.4044023525055,68.8150021179409
Norway,NOR,2025,8,67.8155018248814,64.7113215748612,69.2788664521209
United Kingdom,GBR,2025,8,67.6743342213337,65.1962590195359,68.5127056800459
Romania,ROU,2025,8,67.4735115691276,59.9201502564123,67.6819068423475
Israel,ISR,2025,8,67.1251916558979,63.123358975808,67.6488039656149
Italy,ITA,2025,7,66.8429347610303,59.0805349229496,67.8591247155354
Slovakia,SVK,2025,8,66.8028496750008,64.0714480867289,70.8758166877477
Mauritius,MUS,2025,9,66.760237177822,63.9942934229421,67.6372840507295
Bulgaria,BGR,2025,8,66.1244898898301,58.3465209301359,66.4460293868564
Poland,POL,2025,8,65.8012891228016,60.640644697479,67.991157624462
Kyrgyzstan,KGZ,2025,9,65.5591067848154,61.881721925911,66.6265380390605
Slovenia,SVN,2025,8,65.05177033183,59.8641247758823,66.5807696327874
Costa Rica,CRI,2025,9,64.8148099233411,61.7961809647231,65.7965057495053
Austria,AUT,2025,7,64.2072993375995,62.6892167466567,70.5326169816791
Lebanon,LBN,2025,8,63.4062196967218,59.9021723945151,64.9062140987593
Georgia,GEO,2025,9,63.0358308104809,59.9312045102038,63.9447752171821
Vietnam,VNM,2025,9,62.9658663867175,61.1181017711747,66.2513505069979
Thailand,THA,2025,9,62.9152004698806,60.3704326479479,64.6572996109782
Australia,AUS,2025,8,62.9145185523331,54.8973876343067,63.4854819796654
El Salvador,SLV,2025,8,62.8512805505742,59.5860007455442,64.3080936677438
South Korea,KOR,2025,9,62.2944148269784,59.8254342816234,63.1169050539612
Latvia,LVA,2025,8,62.1445540283617,60.8610410263544,66.7058550050807
Mexico,MEX,2025,9,62.1217743228194,58.4492377421662,62.7964911556107
Chile,CHL,2025,9,61.5547000433664,58.5689295669928,62.1226586261148
Seychelles,SYC,2025,6,61.512558219104,57.0524150282649,70.9066525434337
Qatar,QAT,2025,8,61.280666570823,56.9825869093465,63.1862016335938
Finland,FIN,2025,7,61.2554020747146,60.8341170550436,69.6703144770672
Oman,OMN,2025,8,61.0603584094311,54.2594235155445,61.9050359410995
Kuwait,KWT,2025,8,60.8427476449345,53.3451034363322,60.8765601943197
Peru,PER,2025,9,60.396089105943,56.3863519711036,61.2721028999713
Montenegro,MNE,2025,8,60.3403487241375,58.1886608704068,64.8392029176995
Jordan,JOR,2025,9,60.0033109959382,57.1319848722091,61.7517242502864
Uruguay,URY,2025,9,59.8546802460137,57.9785028013653,62.1841269319151
Armenia,ARM,2025,9,59.6551738480058,57.2709584136442,60.6332598288912
Botswana,BWA,2025,9,59.0525401905327,55.2984241653883,59.7047596838815
Greece,GRC,2025,7,58.9043230409836,53.5942824473963,62.7234810180968
North Macedonia,MKD,2025,9,58.8342979642302,55.4970985327507,59.9698823916631
Panama,PAN,2025,8,58.7483254277176,54.9420928526212,62.4618781308865
Philippines,PHL,2025,9,58.3984462801863,54.9094114078363,59.7449503269946
Jamaica,JAM,2025,7,58.1222182772358,50.803883898812,60.7062391858539
Rwanda,RWA,2025,9,57.8434134500257,54.852307801032,60.5585479818961
Bosnia and Herzegovina,BIH,2025,9,57.1337486616347,53.7356124639987,57.9557283496239
Papua New Guinea,PNG,2025,6,57.1121576076493,55.487891618679,70.4179790540163
Burkina Faso,BFA,2025,7,56.2945551462479,48.3775239486841,58.1449410945728
Malaysia,MYS,2025,9,55.8322518516581,52.5737329965537,57.0917486050186
Nicaragua,NIC,2025,7,55.2563420815838,52.5813665562441,61.2081303190142
South Africa,ZAF,2025,9,55.0846324536588,54.8651650584684,59.5529592878924
Ukraine,UKR,2025,9,55.0136294932679,51.8727191665378,55.8638670968558
Colombia,COL,2025,9,54.7505031746532,50.4466982419805,55.5898072589989
Paraguay,PRY,2025,8,54.7406017543144,48.7598408597538,55.7576237453836
Cambodia,KHM,2025,9,54.7382217775788,52.9379387487848,57.4392819718702
Guatemala,GTM,2025,8,54.6283247236248,54.3017099410747,61.201840823627
Kazakhstan,KAZ,2025,9,54.5616654415603,51.4397761231906,55.1787865957547
Moldova,MDA,2025,8,54.231978046752,51.1737390277811,55.5172859644128
Honduras,HND,2025,8,54.1948575972684,47.6178845234723,55.0574099637866
Dominican Republic,DOM,2025,8,53.5639901104315,50.9465169147683,58.066376894993
Mongolia,MNG,2025,9,53.328189783922,49.2965333584668,56.7921604184805
Lesotho,LSO,2025,7,52.832833970151,45.9226613227112,54.7181512847827
Saudi Arabia,SAU,2025,9,52.6228182226542,49.1914563240097,54.8147967237538
Zambia,ZMB,2025,9,52.5652144205124,46.2105428261183,53.2909242329248
Trinidad and Tobago,TTO,2025,7,52.4731332247506,47.4791563555759,57.7863580790287
Namibia,NAM,2025,9,52.3619700804004,50.6421109336747,55.046505269869
Eswatini,SWZ,2025,8,51.5896971819578,46.533426996283,52.6672102183753
Argentina,ARG,2025,9,51.1102828885821,48.4939882066778,53.4735734130966
Serbia,SRB,2025,8,51.0399640829363,48.5697986000066,56.7604043415838
Uzbekistan,UZB,2025,8,50.0910746721418,43.4909400284147,53.767585937061
Bolivia,BOL,2025,7,48.4441647330223,40.8358091781603,56.0525202878844
Mali,MLI,2025,8,48.4302739231377,42.0646944211153,50.7374476503689
Egypt,EGY,2025,8,48.3898389846792,40.8711366454676,50.9545080260886
China,CHN,2025,9,48.1779291168127,44.12599480783,48.9225792475871
Kenya,KEN,2025,9,47.915364181506,42.764979267573,48.1565671672417
Indonesia,IDN,2025,9,46.9951045006645,44.8552148674365,49.7536081709594
Turkey,TUR,2025,9,46.9811328121353,44.6667778545419,48.4435808082795
Azerbaijan,AZE,2025,8,46.8467170354074,41.618252338084,48.4683039913837
Belarus,BLR,2025,8,46.8268179910454,44.5003931728068,50.3055519296841
Ecuador,ECU,2025,7,46.1914625618853,42.15560940676,50.2273157170106
Morocco,MAR,2025,9,46.1096552344388,41.6855674133076,47.3309670986504
Tunisia,TUN,2025,9,45.6571743279454,41.1951936243092,46.9557395001501
Ghana,GHA,2025,8,45.5767738917757,40.7249260365583,49.4568159976931
Benin,BEN,2025,8,45.4191590271207,41.1799583516158,49.3419442208898
Nepal,NPL,2025,7,44.9134993736358,38.0493257506766,46.2081957949469
Russia,RUS,2025,7,44.77761349255,36.2988102157821,45.7745789140173
Haiti,HTI,2025,6,44.7552607991307,39.4217468373382,48.2869538599783
Sri Lanka,LKA,2025,8,44.16174312745,39.7018205257176,47.7692063786037
Brazil,BRA,2025,9,44.126513741633,43.8488381830944,48.7349997265888
Laos,LAO,2025,8,44.0391469440154,36.7573640967611,48.0439986315081
Uganda,UGA,2025,8,42.9811256498142,40.6442838571108,46.6214124376363
Senegal,SEN,2025,8,42.5947637896165,41.9710493331395,50.0292752389198
Côte d'Ivoire,CIV,2025,8,40.9310973479699,40.1939393453927,54.6032883956678
Madagascar,MDG,2025,8,40.216318241064,36.0055763965067,41.3882123776092
Niger,NER,2025,7,39.2836451067559,37.2425524923834,46.8252713204314
Cabo Verde,CPV,2025,6,39.0013242661835,30.5739326610715,47.4287158712955
Angola,AGO,2025,9,38.7547900982713,33.9543849705532,40.705906241041
Gambia,GMB,2025,6,38.357022866073,32.9435587444501,45.1204778538276
India,IND,2025,9,38.0914743036737,36.0429844667708,42.3986696454469
Mauritania,MRT,2025,7,37.3481565474943,33.4794001526155,43.5951106130136
Tanzania,TZA,2025,8,36.3254361165939,29.738540794127,37.5334361155153
Iraq,IRQ,2025,7,36.2551310175359,26.6535554182855,40.9920683293869
Mozambique,MOZ,2025,8,35.1691976504781,27.0610233434853,35.9730244952623
Burundi,BDI,2025,6,35.0546450279928,19.7631565393403,35.2869117089226
Nigeria,NGA,2025,7,34.5063097360208,29.7763319146632,44.1166011869319
Togo,TGO,2025,7,33.9956223330982,29.1354798965321,38.8557647696643
Pakistan,PAK,2025,8,33.5799422936219,25.2873011158074,36.2451822152463
Equatorial Guinea,GNQ,2025,6,32.1022174335157,15.1188757191909,35.1716162976592
Malawi,MWI,2025,9,31.0574863125267,25.2581851951502,33.7985370470006
Democratic Republic of Congo,COD,2025,7,30.8584392434645,22.452666866827,37.8545444081717
Gabon,GAB,2025,7,30.0579470492605,25.7840818530206,36.1118643904486
Liberia,LBR,2025,7,29.9206454519421,23.7398811967241,35.827393916354
Chad,TCD,2025,7,29.613772335944,10.8990553514158,29.7038747794692
Bangladesh,BGD,2025,9,29.1962491396812,25.7840928370836,30.9442031666403
Cameroon,CMR,2025,8,28.9237360620311,23.527192895496,36.0678862567396
Republic of Congo,COG,2025,7,28.6842040462393,15.7108366914223,34.5500509158615
Guinea,GIN,2025,7,27.2578019950236,21.0504492628587,33.4418543859943
Zimbabwe,ZWE,2025,8,26.4918440814376,20.7991882146181,31.5018644407021
Myanmar,MMR,2025,6,26.4681847225278,25.0983340123952,48.1612638274893
Algeria,DZA,2025,9,25.9224792329084,19.9119238732734,30.2969644057398
Tajikistan,TJK,2025,7,25.691328060901,21.7670726491414,33.1709761012137
Guinea-Bissau,GNB,2025,6,21.2807632147035,16.8122232164101,31.3239619769308
Venezuela,VEN,2025,8,19.4318957849169,5.99464842299839,23.0232298754814
Libya,LBY,2025,8,18.01313555997,11.9417756546803,22.5111651563817
Iran,IRN,2025,7,13.6983270076439,2.27048422199708,23.6285011260544
Hong Kong,HKG,2024,6,87.0391438136587,81.7683432002915,90.2446168372884
Singapore,SGP,2024,9,84.3632242684447,82.1717118061875,86.2932296552608
United States of America,USA,2024,8,84.0232410486622,80.2836298745814,84.6413747302643
Cyprus,CYP,2024,5,80.034463870472,70.6109800718233,87.1548897376992
Hungary,HUN,2024,8,77.0094574991911,73.5875610463721,81.9782512949555
Ireland,IRL,2024,7,75.3578508035245,73.5557501589287,82.7667119959804
Canada,CAN,2024,8,73.6343541544009,66.073158467823,74.198840111074
Portugal,PRT,2024,7,73.0459760467172,65.2643765349244,73.7785869600786
Switzerland,CHE,2024,6,72.2630107400041,65.6261358430395,72.7537099263839
Netherlands,NLD,2024,7,71.8908970832488,67.6575851100687,79.179618736602
Lithuania,LTU,2024,8,70.4830175922369,67.1474426792892,72.4156613634157
United Arab Emirates,ARE,2024,8,70.2733783922427,67.8800921740036,72.8966373575134
Estonia,EST,2024,8,70.1276392773403,68.4051874692475,73.5829950051641
Slovakia,SVK,2024,8,69.9535647639715,63.7489326265036,70.3788645240674
Denmark,DNK,2024,7,69.9143068831172,64.4368730155551,71.4201509273166
Japan,JPN,2024,8,69.8720310040845,66.8572927339005,70.4988362465598
Belgium,BEL,2024,6,69.7673718649493,65.4447148336073,73.0746486155979
Croatia,HRV,2024,8,69.604019917005,64.2245273035368,71.8213316482626
Austria,AUT,2024,7,69.2250648364017,62.7590560915874,69.8887989041168
Czech Republic,CZE,2024,8,69.1685034872489,66.6345499187233,72.4720870530967
Albania,ALB,2024,9,68.2209998891543,65.6288942399358,69.2392485282861
New Zealand,NZL,2024,8,68.0310522132902,61.4742347745894,69.7816096869967
Germany,DEU,2024,7,67.4777761220704,62.2242946526283,69.8282981591503
United Kingdom,GBR,2024,8,66.9213794634247,64.0379517280123,67.6453802719884
Romania,ROU,2024,8,66.729142761696,59.7779365188062,67.6810122945209
Norway,NOR,2024,7,66.3121697544429,61.2354268440211,67.616221694419
Bahrain,BHR,2024,8,66.2277483811101,61.5740674991014,68.2006401722323
Slovenia,SVN,2024,8,65.936658770618,62.8726877593135,69.0006297819225
Spain,ESP,2024,6,65.9201701845593,65.6103991001023,74.598629250045
Israel,ISR,2024,8,65.5036684883876,60.3238220015472,66.4238007751741
Poland,POL,2024,8,65.4155609395534,60.1144726172187,67.6059611075068
France,FRA,2024,7,63.8687229412624,62.8620564166735,71.681301476517
Mauritius,MUS,2024,9,63.8429141645558,61.3971015727434,65.3828554033675
Finland,FIN,2024,7,63.4951970763854,60.3216642091481,69.1046102063833
Kyrgyzstan,KGZ,2024,9,63.4394007101077,60.4091062409563,64.5168262674024
Costa Rica,CRI,2024,9,62.9774164834615,60.5635002250438,64.2595598009947
Latvia,LVA,2024,8,62.5925214694279,60.1583819675902,66.2642870888059
Georgia,GEO,2024,9,62.4056681963324,59.6924778334885,63.480481589152
Seychelles,SYC,2024,6,62.3092349735142,56.0774803434449,69.5570214513685
Greece,GRC,2024,7,62.2645692545972,52.7353213409042,62.3465398633104
Vietnam,VNM,2024,9,61.8773130212475,58.2778025339916,62.8144243417836
Bulgaria,BGR,2024,8,61.8457939527907,58.2742417122729,66.0486568309325
Montenegro,MNE,2024,8,61.6948387470362,56.770662031093,63.7789643136804
Australia,AUS,2024,8,61.27866868882,53.7830014391292,61.5096006400152
Mexico,MEX,2024,9,60.9390996904523,58.1104558128382,61.666589579473
Lebanon,LBN,2024,8,60.5461007595361,59.6532096848873,64.2179713914034
Italy,ITA,2024,7,60.462508111643,59.5313839114913,67.6541947440649
Thailand,THA,2024,9,60.1404532525503,57.7660575156071,62.8773930267752
Qatar,QAT,2024,8,59.91995948121,55.5480533596629,62.4411255421229
El Salvador,SLV,2024,8,59.7400475820088,56.4270577835882,62.1456023703298
Chile,CHL,2024,9,59.7106350770349,57.1725253258757,60.7044323719656
Jamaica,JAM,2024,7,59.5762333047754,46.9642154788083,60.1281750758278
Panama,PAN,2024,8,59.2368060465164,52.6789065186878,59.59893782113
South Korea,KOR,2024,9,59.1607492818891,57.4907754855729,60.6841363324461
North Macedonia,MKD,2024,7,58.4617581586379,53.1464210958184,61.7381829648184
Sweden,SWE,2024,7,58.1840351073533,57.500876016231,71.4186570931015
Kuwait,KWT,2024,8,58.1596313811424,51.9004798815255,59.31838766548
Papua New Guinea,PNG,2024,6,57.9483024578927,53.6741877299515,67.5037009099834
Oman,OMN,2024,8,57.6582654485796,51.4611111003575,59.5425310038895
Philippines,PHL,2024,9,57.5907421515702,52.7047389023775,58.1918241643794
Uruguay,URY,2024,9,56.9993802409095,56.5842754926181,60.1095478399713
Guatemala,GTM,2024,8,56.9271923127845,53.3297667217123,60.0706867608375
Botswana,BWA,2024,9,56.6531658769007,53.9000468235692,57.8041273342146
Peru,PER,2024,9,56.5068813818363,55.092031252699,60.1187993405578
South Africa,ZAF,2024,9,56.4039309345112,53.6981964119606,57.2284059669914
Jordan,JOR,2024,9,56.3477590379942,54.3174623008889,59.6532270182993
Bosnia and Herzegovina,BIH,2024,9,55.4754551650887,51.4634582899851,56.3020254916092
Armenia,ARM,2024,7,54.768729472116,51.4233977138508,59.8341581743877
Malaysia,MYS,2024,9,54.5394830644087,49.9320686966943,55.396611896454
Cambodia,KHM,2024,9,53.9152602427528,49.7377487694196,55.0910769387308
Ukraine,UKR,2024,9,53.7796936096846,51.4249560682069,54.9168696227882
Trinidad and Tobago,TTO,2024,7,53.5636155124811,47.9883411764194,58.027881329198
Colombia,COL,2024,9,53.5348862956937,49.6402832020756,54.1524337883305
Saudi Arabia,SAU,2024,9,53.5057544976194,48.826143451674,54.2621668582491
Nicaragua,NIC,2024,6,53.0649549602815,50.5499055295791,61.1932291171137
Kazakhstan,KAZ,2024,9,52.8265276139433,49.5103415812893,53.7643996843013
Rwanda,RWA,2024,9,52.4290282217965,51.0899428355667,57.2477629196515
Moldova,MDA,2024,8,52.3161666166346,50.0912911048601,53.9479396013159
Paraguay,PRY,2024,8,51.8910515545151,46.8958315932301,54.0668241569585
Serbia,SRB,2024,8,51.708862548265,47.8206580516878,55.8013357777603
Lesotho,LSO,2024,7,51.5869050996012,43.4605356711282,52.277452564027
Mongolia,MNG,2024,9,51.3134294502898,47.5193696844368,54.9725185494727
Namibia,NAM,2024,9,51.2935847071031,47.8573128341763,53.0562935422134
Iceland,ISL,2024,7,51.1524023802601,50.0825395303416,70.7826673792423
Dominican Republic,DOM,2024,8,50.7931831186825,48.9625157894891,55.5876479879945
Argentina,ARG,2024,9,49.8704886661154,46.7424952141155,52.0887739821559
Côte d'Ivoire,CIV,2024,8,48.6437783762253,40.6348984975383,50.6948427856199
Bolivia,BOL,2024,6,48.4638325081983,32.1474379404966,49.1513047810759
Belarus,BLR,2024,8,48.4195117394329,44.6430923340365,50.3098285641169
Burkina Faso,BFA,2024,7,48.3446864508831,42.9268897677953,53.1667467134482
Eswatini,SWZ,2024,8,48.0151358971005,43.5652656510787,49.9597872662656
Honduras,HND,2024,8,47.9411939996897,45.2814331111377,53.393819938582
Cabo Verde,CPV,2024,6,47.192028407689,35.4285356338792,54.9055717814765
China,CHN,2024,9,47.0011678332041,43.1287298481904,47.5512165763715
Turkey,TUR,2024,9,46.7514898948331,43.9857694753837,47.7194926630624
Zambia,ZMB,2024,9,45.7584987425537,41.2035451183723,48.4439572776303
Senegal,SEN,2024,8,45.4465726832137,39.1559831442578,48.2355237454574
Indonesia,IDN,2024,9,45.0506402705717,42.3161446840314,47.7199471547616
Ecuador,ECU,2024,7,44.8983330707108,41.3608720689066,51.6278463479895
Azerbaijan,AZE,2024,8,44.7016353259528,39.2024241941426,46.3028232284059
Brazil,BRA,2024,9,44.469045088035,39.9228781813559,46.117577391206
Gambia,GMB,2024,6,44.4042919215229,30.8992937841264,44.9920076261902
Russia,RUS,2024,7,44.049568639341,39.5288470560525,48.7533334792565
Egypt,EGY,2024,8,44.0381868554566,38.6087290110488,49.1953329889189
Kenya,KEN,2024,9,42.4666018863139,38.6302439212635,45.2802743854538
Uganda,UGA,2024,8,42.216394230464,35.5159628137665,42.8899671002909
Benin,BEN,2024,8,42.1707503526872,35.9487933688427,45.9456433574806
Haiti,HTI,2024,6,41.9162744512174,38.1477074037251,46.5818488003255
Sri Lanka,LKA,2024,8,41.8296819785767,37.1702935099012,45.4591564953666
Nepal,NPL,2024,7,41.4311998575631,34.4252956785744,43.1954080936769
Laos,LAO,2024,8,41.1677731982237,33.9038110028489,44.4496094941192
Niger,NER,2024,7,40.9356927927968,31.6174743110229,42.8114372240429
Morocco,MAR,2024,9,40.9233067963693,38.1311647864994,43.3888483143885
Ghana,GHA,2024,8,40.0997458699424,36.7937051435761,46.3366428306051
Uzbekistan,UZB,2024,8,38.7137370110562,38.032941293602,51.4851492425544
Tunisia,TUN,2024,9,38.2646781405928,32.4639276094601,39.6335209456901
Madagascar,MDG,2024,8,37.6415744976588,33.8199659501241,39.9777718387951
Mali,MLI,2024,8,37.5544218460731,37.0080312844433,48.0009804697188
Mauritania,MRT,2024,7,36.6402481782215,29.0151674792367,40.8595524446939
Angola,AGO,2024,9,35.9825271822131,29.8668033509299,38.4302043341428
Nigeria,NGA,2024,7,35.7351193294055,28.2454575646635,42.2159002664284
Togo,TGO,2024,7,35.029333394809,27.2355811625691,38.8093008015234
Equatorial Guinea,GNQ,2024,6,34.5339662133715,12.2132999121624,35.3914315645313
Malawi,MWI,2024,9,32.7994546478163,24.4852943445489,33.6177379396954
India,IND,2024,9,32.7342000876688,31.4046829202725,38.8993801138225
Burundi,BDI,2024,6,32.3536535927869,16.665435015213,35.0203022138044
Gabon,GAB,2024,6,31.966437390668,23.294794560554,34.3862164970812
Iraq,IRQ,2024,6,31.5218034513815,26.9172417141629,40.6759392548861
Tanzania,TZA,2024,8,31.4982369824106,22.9722864818498,32.2353737490967
Pakistan,PAK,2024,8,31.4166896720922,25.4773549889151,35.486780807877
Mozambique,MOZ,2024,8,30.1638721602414,24.678316022306,33.0502022742823
Republic of Congo,COG,2024,6,29.9073825593898,10.8316208829999,39.7547315260397
Myanmar,MMR,2024,6,29.2201226400058,23.6132915541915,38.4377574426199
Cameroon,CMR,2024,8,28.9171493414719,22.8423585829683,35.4748650972894
Liberia,LBR,2024,7,28.5257462088672,18.4986895477587,34.0439895592288
Bangladesh,BGD,2024,9,27.0700803011822,21.3476491233453,27.6660012840183
Chad,TCD,2024,7,25.6701110631016,11.8493596209431,27.5491678316823
Tajikistan,TJK,2024,7,25.4505849307223,20.1017523929822,31.8498164749888
Zimbabwe,ZWE,2024,8,23.545883258348,17.8589297906602,29.7294876862603
Guinea,GIN,2024,7,23.5352399887824,18.829116258282,32.1798352450524
Guinea-Bissau,GNB,2024,6,22.8670976947188,13.468152366907,29.9520284912273
Algeria,DZA,2024,9,22.671027804596,18.2844131652685,28.0461175430972
Sierra Leone,SLE,2024,4,21.8662103981684,16.219580459212,32.1639404949728
Democratic Republic of Congo,COD,2024,6,17.7524703644264,12.6812920306833,36.6109052564225
Venezuela,VEN,2024,8,16.7108984937113,3.56169468824907,22.1503151357836
Libya,LBY,2024,8,15.5556717026082,7.72197268353645,19.2626636459153
Iran,IRN,2024,7,4.76858061075064,3.34804143587945,22.9807701150828
Hong Kong,HKG,2023,6,86.1960386768939,81.2061039932759,89.1074531936703
United States of America,USA,2023,8,83.8623436569652,79.4106144038917,84.741185784781
Singapore,SGP,2023,9,83.4829520075315,81.2310299752622,85.8910675605759
Ireland,IRL,2023,7,76.6545832268374,71.7472636634816,80.0497998496519
Hungary,HUN,2023,8,75.1014343268396,71.0986410254166,77.9213452019654
Malta,MLT,2023,5,74.9611272190338,63.4416123776583,82.9107583478783
Spain,ESP,2023,6,73.5684965806473,66.4398156457101,74.1818307823297
Portugal,PRT,2023,7,72.5399226021806,66.4308863120224,73.5714952493572
Belgium,BEL,2023,6,72.177538890134,66.6402803408307,73.3764617994589
Luxembourg,LUX,2023,5,71.8502707472905,70.7927383800231,91.8684238988232
Canada,CAN,2023,8,71.8406110760928,68.5418373499151,73.9984452288302
Estonia,EST,2023,8,71.7480215949775,67.0164233681178,72.7676617872435
Lithuania,LTU,2023,8,71.6269718515597,67.0693973843979,72.3534775216229
Netherlands,NLD,2023,7,70.5590812096385,67.9937360721485,74.4134552066204
France,FRA,2023,7,70.3786319648593,63.7431282507448,71.5950974666427
Sweden,SWE,2023,7,70.1594524451983,63.5760511726982,71.0939619892111
Croatia,HRV,2023,8,70.0422577333705,64.0063918917474,71.3520009159323
Japan,JPN,2023,8,69.7315367639073,66.1830864776309,70.2637264955291
Finland,FIN,2023,7,69.4418432170318,65.7700465486495,73.113639885414
Czech Republic,CZE,2023,8,69.17216107566,66.6756346216615,72.7219152295453
Switzerland,CHE,2023,6,69.1539614304167,65.5746324227651,72.0197988986567
Germany,DEU,2023,7,69.0676013446342,63.0119118353956,69.5543500700131
Austria,AUT,2023,7,68.8488516960739,63.6440225372012,70.143955476518
United Arab Emirates,ARE,2023,8,68.77883450857,66.8862350759148,71.4565086725769
Cyprus,CYP,2023,5,68.4366352366667,59.3871853316995,74.8487503087409
Iceland,ISL,2023,7,67.6677258840845,58.2026594740439,70.7384052316759
Denmark,DNK,2023,7,67.6449233992004,63.3767783707811,70.863572417258
Slovakia,SVK,2023,8,67.2333177399549,65.5608006259033,71.3348224121736
Albania,ALB,2023,9,67.0102825190286,63.7784698865068,67.8912956631777
United Kingdom,GBR,2023,8,66.4781270903675,63.8566994224937,67.4925435080747
New Zealand,NZL,2023,8,65.8187920335287,60.7439413078678,68.6099308541416
Seychelles,SYC,2023,6,65.5833724383674,56.4862633402186,69.4296685941931
Bulgaria,BGR,2023,8,65.3461697768684,58.6980743249816,66.3470630768759
Slovenia,SVN,2023,8,65.2758645562139,60.6605931957534,66.7141674663282
Poland,POL,2023,8,65.1007432603778,59.721461029479,67.5710661144189
Latvia,LVA,2023,8,64.683240563385,60.7064416622497,66.5435546148681
Israel,ISR,2023,8,64.5443510244757,59.9145615337099,65.4558972088952
Romania,ROU,2023,8,64.24649499569,60.3837476653536,68.0220863364997
Lebanon,LBN,2023,8,63.9897690392479,59.0832405130921,64.5193800242635
Italy,ITA,2023,7,63.7410372845377,58.8208440546085,67.6744423481411
Costa Rica,CRI,2023,9,62.4792428418184,60.4144797353248,63.7521495100917
Bahrain,BHR,2023,8,62.1856301215361,60.557416204895,66.9205633580568
Kyrgyzstan,KGZ,2023,9,61.9172157386608,58.6767862858372,63.0605034735977
Norway,NOR,2023,7,61.9073933427836,60.733663467446,66.5966204475466
Georgia,GEO,2023,9,61.6025295061065,58.3574249778588,62.9584498181558
Mauritius,MUS,2023,9,61.5252532103759,60.7270740345129,64.5999269379653
Vietnam,VNM,2023,9,61.4246283366334,58.1312801649384,62.4274142042244
Thailand,THA,2023,9,61.1738749347699,57.8077471932296,62.4721587384124
Mexico,MEX,2023,9,60.9912573489396,57.4445924904819,61.6144968172444
El Salvador,SLV,2023,8,60.919893029347,56.4901072870438,61.7141919963972
Greece,GRC,2023,7,60.7165381533417,52.9264159343291,62.301996568008
North Macedonia,MKD,2023,7,60.5043492856517,53.4184029428468,61.4063099209329
South Korea,KOR,2023,9,59.873187613181,57.2296626464798,60.3355571516043
Chile,CHL,2023,9,59.6880540392395,56.9826174959889,60.3782366722964
Qatar,QAT,2023,8,59.1716946509621,56.9741041534544,62.7043223097659
Kuwait,KWT,2023,8,58.6338541472663,52.1620428459935,59.0715839664898
Montenegro,MNE,2023,8,58.1124107036321,57.3212916486878,63.974010357625
Nicaragua,NIC,2023,6,57.9885862897068,49.7426573984498,60.9397024028409
Panama,PAN,2023,8,57.9371373524343,52.3032607077771,59.5465348718378
Uruguay,URY,2023,9,57.6978063112399,53.9665761227532,58.8966593662525
Australia,AUS,2023,8,57.6550768758922,52.5441547141202,60.3190336914263
Peru,PER,2023,9,57.4090479437574,54.8532525493328,59.8809745662033
Guatemala,GTM,2023,8,57.3786363258899,53.3217365709979,59.5873152041204
Philippines,PHL,2023,9,56.4164111863029,53.1183782467794,57.7735991614043
Papua New Guinea,PNG,2023,6,55.3859111243416,53.1565982966251,67.1226774670421
Jordan,JOR,2023,9,55.2183883310438,51.5043808589033,56.1625332557717
Oman,OMN,2023,8,55.2028032877264,50.8900579173563,58.5661532022317
Bosnia and Herzegovina,BIH,2023,9,55.158465126975,52.4792958596283,56.0490416319622
Dominican Republic,DOM,2023,8,55.0946153783307,48.0080699815123,55.3375174192903
South Africa,ZAF,2023,9,55.006512568753,51.1539745501023,56.2404606435622
Malaysia,MYS,2023,9,54.7095758619324,50.9472450005653,55.6613530007844
Ukraine,UKR,2023,9,53.9551658925235,49.2364036405957,54.5473933044876
Saudi Arabia,SAU,2023,9,53.5560783112912,49.207606785659,54.4380889117857
Armenia,ARM,2023,7,52.9743986235095,49.8839875125822,57.7169100849547
Colombia,COL,2023,9,52.7255385627786,48.7933002253182,53.6993847669806
Botswana,BWA,2023,9,52.5512036820581,52.2936267718242,57.7753765211614
Serbia,SRB,2023,8,52.0101325588865,47.614779083055,55.4805921421287
Moldova,MDA,2023,8,51.8882431813655,49.5680790228564,53.915633255186
Kazakhstan,KAZ,2023,9,51.6407460501364,48.16202301688,52.5151546520052
Cabo Verde,CPV,2023,6,51.3654564309666,36.102871818248,54.2550880173282
Jamaica,JAM,2023,7,50.8459410737758,48.2484434805368,57.2130879396149
Paraguay,PRY,2023,8,50.6215642382475,45.8901077269758,53.1060112939782
Trinidad and Tobago,TTO,2023,7,50.4464848275136,47.4898712430556,57.5790113905946
Argentina,ARG,2023,9,50.4355729790326,46.4754237108999,51.4250340747191
Honduras,HND,2023,8,49.8378436713567,44.5213140604488,52.3955403588805
Mongolia,MNG,2023,9,49.8244165372096,46.0810060436842,53.4733377606225
Rwanda,RWA,2023,9,49.514965505809,49.1747851980781,56.2977656315666
Belarus,BLR,2023,8,49.5082678981899,44.4788328188222,49.6376189535839
Cambodia,KHM,2023,9,49.4794585100517,48.7957409264641,53.8194038456667
Namibia,NAM,2023,9,48.9489025966591,45.7648262093299,50.9287428650593
Ecuador,ECU,2023,7,48.3964665880289,41.8609869357558,51.2650013808609
Haiti,HTI,2023,6,48.1730573675509,38.607439931695,48.5991111233097
Lesotho,LSO,2023,7,48.0981286517983,42.5351494673104,52.1409992200451
Eswatini,SWZ,2023,8,47.7828212488486,43.1705381400153,49.3756230037834
Burkina Faso,BFA,2023,7,47.4018305122035,42.4123613106903,52.9672347559544
China,CHN,2023,9,46.6772391717899,44.2166888060896,47.520093738846
Sri Lanka,LKA,2023,8,45.2190426257229,39.4750104115955,47.6758345653649
Indonesia,IDN,2023,9,45.1678349070157,42.9243855210994,47.2172733591757
Uzbekistan,UZB,2023,8,44.9235426700202,40.5606828049894,50.5111107264231
Brazil,BRA,2023,9,44.7567897990533,40.3797987106993,45.7296140641509
Mali,MLI,2023,8,44.7348027949762,36.6374285646458,46.8502855146405
Zambia,ZMB,2023,9,44.3514738473428,39.3594669488011,47.2190281157682
Benin,BEN,2023,8,44.2813799809481,34.6736378679037,45.6212820308708
Kenya,KEN,2023,9,43.5067699065264,37.7656069101446,44.5426154715108
Côte d'Ivoire,CIV,2023,8,41.9816550257744,38.3877725369897,48.7678890730058
Bolivia,BOL,2023,6,41.7443471634623,30.2716106374175,46.2775407755853
Azerbaijan,AZE,2023,8,41.4159328802401,37.6354837666396,45.3062224674396
Turkey,TUR,2023,9,41.2521358595732,40.9247546568716,47.8044082453056
Morocco,MAR,2023,9,41.0560017175013,37.4386967624053,42.0007117449094
Laos,LAO,2023,8,40.7042176647142,32.3618952559921,43.1691787478167
Senegal,SEN,2023,8,40.48954785232,38.3725300963312,46.2709532502061
Russia,RUS,2023,7,39.3756418695042,38.8105045559517,50.2696675977633
Nepal,NPL,2023,7,39.2775011646553,33.2573572700022,41.815915874337
Democratic Republic of Congo,COD,2023,6,39.0253996821248,11.6857664056172,40.041269847819
Ghana,GHA,2023,8,38.9329154687359,35.008267371176,45.7491838521451
Uganda,UGA,2023,8,38.0988074088142,33.2048869070871,40.9081511769276
Egypt,EGY,2023,8,38.0681880231416,37.4003107287523,47.8915325527013
Nigeria,NGA,2023,7,37.9208366768711,27.6300754853565,41.0512851484179
Gambia,GMB,2023,6,36.7966800863424,31.0243313321969,42.4425565786224
Niger,NER,2023,7,36.538113025308,31.0313970163961,42.2842224578293
Mauritania,MRT,2023,7,35.8792146838462,27.5121313461148,40.788467615394
Iraq,IRQ,2023,6,35.8342123861056,27.4792187441652,40.8166650543547
India,IND,2023,9,35.6989773810859,31.2464288466656,37.6949054252236
Burundi,BDI,2023,6,35.3689148401613,17.8531335571089,36.087425311668
Angola,AGO,2023,9,35.245910367642,28.8584412479627,37.8800019875167
Tunisia,TUN,2023,9,35.1086243838865,27.3407337502749,36.839695987546
Republic of Congo,COG,2023,6,34.9341885438122,10.8316208829999,38.979696182323
Ethiopia,ETH,2023,5,34.6498545186104,28.8005607248257,40.5826763308183
Gabon,GAB,2023,6,33.8749277320765,27.9473970642629,39.80245839989
Madagascar,MDG,2023,8,32.7220791211053,31.5067537001641,38.5113996934086
Pakistan,PAK,2023,8,32.2688714725354,24.524090744572,34.6129201052182
Togo,TGO,2023,7,31.3858763790541,26.8105075266394,37.3741275758513
Afghanistan,AFG,2023,5,30.7692255505279,26.1746819818364,39.9507081403786
Tanzania,TZA,2023,8,30.2639604769765,25.544337687192,34.9835832667611
Myanmar,MMR,2023,6,29.2921133287045,24.2857208558106,35.813513067886
Malawi,MWI,2023,9,28.5545336279273,26.0215931480711,34.3638824631881
Liberia,LBR,2023,7,28.3414049516163,18.6333381089153,32.7620128682693
Mozambique,MOZ,2023,8,27.6329203647221,23.0170208919246,32.6416449866959
Algeria,DZA,2023,9,27.5598534810652,17.6997643678809,28.0274856838471
Cameroon,CMR,2023,8,27.4865562171066,21.8398112772432,34.1138040124449
Tajikistan,TJK,2023,7,27.1739641645729,19.3785633903705,30.7839823932537
Equatorial Guinea,GNQ,2023,6,26.0327527103473,14.28120359304,35.7310086433701
Chad,TCD,2023,7,23.6205070144122,10.9530073433232,26.9427272288943
Bangladesh,BGD,2023,9,23.3487435224512,20.1728549362232,26.8817097693034
Zimbabwe,ZWE,2023,8,23.1517949840089,18.464716401835,29.8596031574665
Sudan,SDN,2023,5,23.0087564160744,14.0353124779094,27.9651950040293
Guinea-Bissau,GNB,2023,6,22.6762109742365,14.7726690281436,29.5171514466804
Sierra Leone,SLE,2023,4,21.8662103981684,16.219580459212,32.1639404949728
Guinea,GIN,2023,7,16.9904116785754,10.3279513311698,23.6528720259811
Libya,LBY,2023,8,15.7610756047798,5.29299453208075,17.921631267367
Venezuela,VEN,2023,8,11.5355989515214,7.18267934640982,23.7808921134629
Iran,IRN,2023,7,5.05080483309206,1.11030821932977,23.2283550856197
Hong Kong,HKG,2022,7,86.7084321080671,81.8141659159131,89.1343964393871
United States of America,USA,2022,9,83.7870717977636,80.9949847383625,84.555536233424
Singapore,SGP,2022,10,83.6954869817144,82.3065667798259,85.6017016641784
Ireland,IRL,2022,8,76.0970870702387,72.4867734646116,79.5959664722452
Hungary,HUN,2022,9,74.2483793285052,71.8133988272387,78.2674663055953
Netherlands,NLD,2022,8,72.635300991168,68.1348615039026,73.5368482789862
Cyprus,CYP,2022,6,72.5092153317069,62.2380231856316,78.9538521162745
Spain,ESP,2022,7,71.8968349241563,66.0166849779069,74.0960728595976
Malta,MLT,2022,6,71.5330617658202,71.1954055772414,90.8153321840715
France,FRA,2022,8,71.4197133176558,68.0296038175479,74.8098228177636
Switzerland,CHE,2022,7,71.2621683324617,65.8428136711819,71.8696617514815
Croatia,HRV,2022,9,70.3590065922704,63.5627660196993,70.9632084121554
Belgium,BEL,2022,7,69.5795568644943,66.7960423261706,73.2436824532639
Sweden,SWE,2022,8,69.4894243650755,64.1167980351554,70.6635398653581
Germany,DEU,2022,8,69.4779244577388,62.6407327838188,69.6091789964146
Seychelles,SYC,2022,7,69.4201512402944,59.5342569292188,69.8978640158791
Estonia,EST,2022,9,69.357974224482,68.5717422322295,72.7901736403683
Denmark,DNK,2022,8,69.2201463964029,64.1868218418448,70.2907280781267
United Arab Emirates,ARE,2022,9,69.1876657287102,65.5032184191534,70.2506863035667
Finland,FIN,2022,8,68.9382654790368,61.4794977160546,69.125910897852
Iceland,ISL,2022,8,68.9382654790368,59.5547811794129,70.1435232619282
Japan,JPN,2022,9,68.8761705225414,67.1612130668358,69.7239476831806
Austria,AUT,2022,8,68.7184848078235,62.6716557060057,69.7760360753389
Lithuania,LTU,2022,9,68.6616099849893,67.5831176222704,72.1534703022343
Canada,CAN,2022,9,68.6163496570978,62.8872288326932,69.5458025828977
Portugal,PRT,2022,8,67.6712482145778,65.5219482544369,73.2194568197554
Czech Republic,CZE,2022,9,67.6458792764126,67.3432058438051,72.0175050463449
Slovakia,SVK,2022,9,67.6077342520169,65.7645220605128,71.0041483774266
New Zealand,NZL,2022,9,67.5651217210588,61.9372709071249,68.0135362747453
Romania,ROU,2022,9,67.0514833376411,61.3238010509108,68.4463099993502
Poland,POL,2022,9,66.5855742991014,59.5323711761991,66.8898255552256
Italy,ITA,2022,8,66.2577160847885,60.8938072310521,67.8059685400243
United Kingdom,GBR,2022,9,66.2524669434747,64.1546518815816,67.0810828391508
Slovenia,SVN,2022,9,65.5623164314732,61.3249128598872,66.176379513128
Bahrain,BHR,2022,9,65.3509421209903,61.1538923433956,66.4103767674141
Albania,ALB,2022,10,64.8699877316493,64.1285491049274,65.9991683051444
Bulgaria,BGR,2022,9,64.7638291373947,58.9017596779907,66.5597824579509
Israel,ISR,2022,9,64.269543750995,61.0103989132485,64.990940173635
Norway,NOR,2022,8,63.7321764269027,61.3322754033926,65.4968710744454
Mauritius,MUS,2022,10,63.1111822438437,62.3188350862213,64.2383264616445
Latvia,LVA,2022,9,62.7936284991403,61.0766576536158,66.7159370008957
Lebanon,LBN,2022,10,62.6828020305389,61.7818645499642,63.6537545234278
Costa Rica,CRI,2022,10,61.9603618255026,61.2792049483215,62.9316701567066
Georgia,GEO,2022,10,61.7903088192101,61.0833990963057,63.0100062192333
Thailand,THA,2022,10,61.5145644190959,60.5087290069481,62.5163890331684
Vietnam,VNM,2022,10,61.3578329216335,60.3487236622001,62.5267953409261
Qatar,QAT,2022,9,60.0753804705811,57.2875925364274,62.1697461629781
Montenegro,MNE,2022,9,59.7696325441146,57.0988505471531,63.263487994289
Greece,GRC,2022,8,59.3045858205494,53.7169993600987,61.950418601063
Kyrgyzstan,KGZ,2022,10,59.205456795359,58.0989153632689,60.284537367256
El Salvador,SLV,2022,9,58.9328007053097,55.9152126223587,59.8404378832712
South Korea,KOR,2022,10,58.7140491160443,57.879692253986,59.6134042664168
Peru,PER,2022,10,58.3186583848791,57.489693296426,59.3972897634674
Panama,PAN,2022,9,58.2067710883376,54.88649324293,59.8362204669021
Guatemala,GTM,2022,9,57.9746995235351,53.5834463226432,58.6964183557637
Chile,CHL,2022,10,57.7367297692365,56.9783690398665,58.7934154872723
North Macedonia,MKD,2022,8,57.437861777036,52.5467087984535,59.08452095908
Kuwait,KWT,2022,9,57.286112295235,51.9781039184409,58.035682201848
Uruguay,URY,2022,10,56.8122064707386,56.2224556148425,57.8948937992494
Philippines,PHL,2022,10,56.6196538823996,55.1955746460043,57.5560427067347
Mexico,MEX,2022,10,56.2139436682018,54.7502916386434,57.5541159354898
Australia,AUS,2022,9,55.4377375126434,50.7633331695526,57.9222718929505
Botswana,BWA,2022,10,55.3280113925266,54.4767248848206,56.3714134357875
Papua New Guinea,PNG,2022,6,55.0892105799863,51.7749325596965,65.0528175567036
Malaysia,MYS,2022,10,54.7678635570581,53.5545366124528,55.8654240691611
South Africa,ZAF,2022,10,54.7275500796733,53.8706649534583,55.6384650828717
Saudi Arabia,SAU,2022,10,54.5742782306344,53.3226922154863,55.5395260620127
Bosnia and Herzegovina,BIH,2022,10,54.5724016228083,53.7834844089277,55.5998825435906
Oman,OMN,2022,9,53.8669547182081,50.7292779815435,56.7830992820241
Jordan,JOR,2022,10,53.784187406309,52.5344438972485,54.8274732106618
Serbia,SRB,2022,8,53.784187406309,47.3583843860387,55.6171593586042
Ukraine,UKR,2022,10,53.7817726671608,52.9844731344763,54.8530065479147
Lesotho,LSO,2022,8,53.716362599694,45.2586581807779,53.8054355039497
Rwanda,RWA,2022,10,53.553693425834,52.5423551937461,54.7331543263966
Trinidad and Tobago,TTO,2022,8,52.278258634158,48.414336134878,57.6092083271074
Cambodia,KHM,2022,10,52.2345093329575,51.3855604933747,53.4201342682506
Colombia,COL,2022,10,51.9851431134206,51.1655971579049,52.9663488300166
Moldova,MDA,2022,10,51.7957439020618,51.1284619788639,52.8114268006285
Russia,RUS,2022,9,51.7957439020618,46.0525415956868,52.3671567025073
Argentina,ARG,2022,10,51.6441213714083,50.8121896699483,52.7340514397354
Armenia,ARM,2022,8,51.5680042976307,46.710456965799,53.3072681613348
Nicaragua,NIC,2022,7,50.8431032142123,47.9946225304005,57.3252238473057
Cabo Verde,CPV,2022,6,50.2881307644756,36.5233673982863,54.8383083288941
Kazakhstan,KAZ,2022,10,50.0697919200787,49.2504681640694,51.1381927655168
Ecuador,ECU,2022,8,49.759593821658,43.6039138517435,50.5667344704272
Dominican Republic,DOM,2022,9,48.6296541268932,45.9461608692066,52.4981569409248
Paraguay,PRY,2022,9,48.5630844863983,45.0451333469337,51.390180340126
Uzbekistan,UZB,2022,10,48.5630844863983,47.2801038406474,49.8129064268995
China,CHN,2022,10,48.5382898505977,47.5018928869862,49.3656074891221
Sri Lanka,LKA,2022,9,48.3484861280559,42.4195807862785,49.2113952580722
Honduras,HND,2022,9,48.3272595148072,42.8219612274657,49.8485812339186
Belarus,BLR,2022,9,48.2518551882045,45.708130155344,49.0200942579848
Tunisia,TUN,2022,9,48.0609876833398,44.0477004067475,52.3162131569715
Turkey,TUR,2022,10,48.0609876833398,47.2415384980169,48.9530293575796
Egypt,EGY,2022,9,47.8892946546298,39.9004300088342,48.3835197168306
Namibia,NAM,2022,10,47.7434805036136,46.7996613242279,48.8764797682572
Indonesia,IDN,2022,10,46.813916381349,45.4701797369107,47.8870992182625
Zambia,ZMB,2022,10,45.4724787344079,44.1763583512317,46.8779566130535
Burkina Faso,BFA,2022,8,45.437364105704,34.3747344754141,46.4210212201436
Kenya,KEN,2022,10,45.1508277452274,44.0620118880842,46.166878486591
Mongolia,MNG,2022,10,44.7568755551083,42.7461734946735,47.1635450502468
Eswatini,SWZ,2022,9,44.7086675399539,42.6817147261717,46.6411421780032
Côte d'Ivoire,CIV,2022,8,44.3615200845553,37.4964427830549,48.2547254494973
Jamaica,JAM,2022,7,44.039673534321,42.9580053432652,52.5292129687914
Azerbaijan,AZE,2022,10,43.703593546519,42.5403311396961,45.0907786720793
Brazil,BRA,2022,10,42.4813422472062,41.5047717336672,43.5966351829297
Mali,MLI,2022,8,42.2647078611943,36.6846707149146,46.724726560114
Bolivia,BOL,2022,7,41.84775758852,34.1001013495657,46.8235879325785
Senegal,SEN,2022,9,41.78497033533,35.2377454604196,42.9003399786816
Haiti,HTI,2022,6,41.5660022451726,36.8996748092442,45.9005721015254
Laos,LAO,2022,8,41.4484946022249,35.3572470358384,43.3214424084776
Nigeria,NGA,2022,8,41.4480973052101,35.1802533160484,44.7418046857536
Morocco,MAR,2022,10,40.0368590557154,39.3118013758856,41.0633980881444
Benin,BEN,2022,9,39.2323355326021,35.1361550005615,43.2550358874645
India,IND,2022,10,38.392930641138,36.9777408110356,39.5843913100411
Gambia,GMB,2022,7,37.4108222344564,31.1753236924428,41.7198898448807
Madagascar,MDG,2022,9,37.0452036795676,34.9869402273391,37.9388893223773
Ghana,GHA,2022,8,37.0406379325692,35.022979577612,45.6603688753433
Cameroon,CMR,2022,7,36.8618108156241,24.3746378144608,38.7320236602912
Iraq,IRQ,2022,6,36.2157989604409,26.9040103807384,40.9258575731981
Malawi,MWI,2022,10,36.1339705569404,34.8338813285302,37.3651658265283
Republic of Congo,COG,2022,6,35.479851383735,18.9107305862455,46.3002462934426
Uganda,UGA,2022,8,34.5760005203214,34.1926643087366,42.1401163598234
Pakistan,PAK,2022,9,33.5085438413892,28.6153717448692,35.2845684028281
Mauritania,MRT,2022,8,32.9289227720872,29.7715996977208,37.9759472324345
Guinea,GIN,2022,7,32.4172347240219,17.5539417472134,32.5843679584569
Niger,NER,2022,8,31.7051664432261,21.1159819130683,35.14136801145
Angola,AGO,2022,10,31.2784314687312,29.259208749033,33.0353988840698
Mozambique,MOZ,2022,9,30.683374041973,28.6417911900448,32.402561625787
Nepal,NPL,2022,8,30.3600849027439,20.9931956336897,34.8652579704665
Tajikistan,TJK,2022,10,29.8927081656258,28.6396776792605,31.0902429679783
Togo,TGO,2022,8,29.8927081656258,28.2092235562958,37.194454735017
Myanmar,MMR,2022,7,29.5981183032589,26.545589646256,34.0521197010625
Tanzania,TZA,2022,9,29.591012002501,27.8658570121115,31.2124985531857
Burundi,BDI,2022,7,29.4875524641905,20.1526452670762,34.4785455800485
Afghanistan,AFG,2022,6,28.6056593936976,16.9129966620012,34.7940612111077
Equatorial Guinea,GNQ,2022,6,27.88363406807,16.444827257068,35.0292184229748
Algeria,DZA,2022,8,27.5997041286882,19.4057817524016,30.0120839437468
Ethiopia,ETH,2022,7,26.6865945290933,20.310163145471,30.2540531869912
Bangladesh,BGD,2022,9,26.5056968557182,19.4778247977342,27.2163961338527
Gabon,GAB,2022,5,24.8745413733036,21.287455208609,31.9570685350409
Liberia,LBR,2022,7,24.3471952619768,20.398360328386,33.2697640123142
Zimbabwe,ZWE,2022,9,22.847623539838,21.2242137551429,24.8350640803644
Guinea-Bissau,GNB,2022,6,22.845177073401,14.6637336485857,30.1037187246875
Sierra Leone,SLE,2022,4,21.8662103981684,16.219580459212,32.1639404949728
Chad,TCD,2022,6,20.3858084047227,9.91346568604445,29.6918918644238
Venezuela,VEN,2022,8,18.7943260243747,5.5553360892969,23.338701534346
Iran,IRN,2022,7,15.4146242835327,0,22.8676370126442
Democratic Republic of Congo,COD,2022,7,14.1912343339271,5.91910560395874,33.5510454016256
Libya,LBY,2022,8,14.1912343339271,1.67013316749441,15.3089528008697
Hong Kong,HKG,2021,7,86.3248421723625,81.321629613476,88.2826752678913
Luxembourg,LUX,2021,5,84.6005826569022,78.7700951178208,86.584487731376
Singapore,SGP,2021,9,83.4787373732305,80.5105657339982,86.2180819267145
United States of America,USA,2021,8,83.4787373732305,79.3533794485535,84.6344418910158
Cyprus,CYP,2021,6,79.4986017791809,68.8774182269728,84.8128798335322
Hungary,HUN,2021,8,77.5547294597928,73.371187579098,81.7491925165892
Ireland,IRL,2021,7,76.1399560754581,71.4519313432373,80.4675201088402
Malta,MLT,2021,6,75.5113157893123,70.4350239526668,89.8795169738735
Netherlands,NLD,2021,7,71.9917421094095,64.6194004898522,73.5430652705123
France,FRA,2021,7,71.9521151793204,62.582964415581,72.374908557236
Seychelles,SYC,2021,6,71.9427852662313,66.1064723757202,73.1157760011621
Czech Republic,CZE,2021,8,71.4897480212443,68.6031933184715,74.3763027240172
Switzerland,CHE,2021,6,70.0271066738965,66.7316186183138,73.1869509673824
Belgium,BEL,2021,6,69.136317355512,64.5294223829232,72.7114926591816
Canada,CAN,2021,8,68.8190877209015,62.6898009371877,71.304996405955
Portugal,PRT,2021,7,68.8190877209015,63.10796310213,72.1696130480065
Denmark,DNK,2021,7,68.6289435922318,61.1338994202793,69.1692292070254
Austria,AUT,2021,7,68.6239688435566,62.0157782136775,69.3496261858476
Japan,JPN,2021,8,68.6239688435566,64.8679388477312,69.3783374512243
Iceland,ISL,2021,6,68.5331956432998,44.4520777106447,69.5270191684228
Lithuania,LTU,2021,8,68.5133561390002,66.2419985165767,71.4160595992705
Romania,ROU,2021,8,68.3489610276008,64.4335325798588,72.2643894753427
Estonia,EST,2021,8,67.9020180777507,65.99185117137,71.5508070352707
Slovakia,SVK,2021,8,67.7920643813181,64.6581423516361,71.0222463127322
United Arab Emirates,ARE,2021,9,67.6569334993694,65.6639327930369,70.2545996226604
Sweden,SWE,2021,7,67.5600578501596,61.2818233067028,69.2170558665842
Germany,DEU,2021,7,66.8582963534961,61.0587708959591,69.3028618743463
Italy,ITA,2021,7,66.2165668769828,57.6333348369316,67.4244333497548
Finland,FIN,2021,7,66.1614193504638,58.9251903439604,67.8303911375985
New Zealand,NZL,2021,8,66.1614193504638,59.9906604716891,69.4132833574273
Bulgaria,BGR,2021,8,65.6955032067148,59.3426823996683,66.7423480293647
Slovenia,SVN,2021,8,65.6955032067148,59.5341249795383,65.9339615115095
United Kingdom,GBR,2021,7,65.5373147788147,59.7163778950114,67.8882059021121
Israel,ISR,2021,8,64.3286047731491,58.7906897268128,65.4479426553816
Latvia,LVA,2021,8,64.3286047731491,59.6388167274312,66.114884589728
Bahrain,BHR,2021,9,63.613105247131,60.5554835623604,65.5105560309991
Norway,NOR,2021,7,63.5439195670878,56.7157985852308,64.9168737285061
Spain,ESP,2021,6,63.5138199144148,62.079419837083,73.1769643310894
Costa Rica,CRI,2021,9,61.4635055204793,59.6775518368282,62.4811091302411
Croatia,HRV,2021,8,61.2808918836558,60.8369987106269,70.1020501441085
Panama,PAN,2021,9,61.2808918836558,56.5917566421209,62.0811125511843
Georgia,GEO,2021,9,60.9308772813786,57.4471519224602,62.0730326498656
Australia,AUS,2021,8,60.7412865286008,55.1246399520029,66.3579331051988
Qatar,QAT,2021,9,60.6814011612583,57.9698082425659,62.7462298872645
Lebanon,LBN,2021,9,60.6197378085324,56.9256840320845,63.1644488114892
Poland,POL,2021,8,60.5562616017483,59.0134547685225,66.7510761631076
Mauritius,MUS,2021,9,58.9424510221885,58.6713851740388,64.4452763582539
Kyrgyzstan,KGZ,2021,9,58.8102151757148,55.4238833374665,61.1788252552515
South Korea,KOR,2021,9,58.7077082450895,55.181312526023,59.610569027695
El Salvador,SLV,2021,9,58.6183865069654,56.3683041361357,59.5939672367954
Greece,GRC,2021,7,58.6183865069654,49.2444381012107,60.5535432354976
Mexico,MEX,2021,9,58.5275244968198,53.5636760182234,59.3667214261622
Albania,ALB,2021,9,58.400824060021,55.6802404679523,61.1214076520898
North Macedonia,MKD,2021,7,58.400824060021,50.3150075589283,58.8780915330795
Papua New Guinea,PNG,2021,5,58.400824060021,50.7609230905614,65.3188005685936
Saudi Arabia,SAU,2021,9,58.400824060021,54.1485216270216,58.9671771216238
Thailand,THA,2021,9,58.400824060021,57.4337593385757,63.4774619447711
Vietnam,VNM,2021,9,58.400824060021,57.5606926553605,63.3899022607498
Chile,CHL,2021,9,57.8630084431778,55.6260267916154,58.6329998669175
Oman,OMN,2021,8,57.0584411587577,47.8708140273491,58.4617616506808
Montenegro,MNE,2021,8,56.7942132347834,54.1931890101694,62.3152203459582
Malaysia,MYS,2021,9,56.6828486717849,52.1640207497449,58.1131006960349
Peru,PER,2021,8,56.6151399145347,49.9211012526073,59.2779581778779
Jordan,JOR,2021,9,56.1076325914492,51.3078503075161,56.6414806511515
Bosnia and Herzegovina,BIH,2021,8,55.8798524540734,47.0434799670532,57.0068560024542
Uruguay,URY,2021,9,55.8798524540734,53.4934203254656,56.9192211334736
Guatemala,GTM,2021,8,55.84786761133,51.6987409103357,60.9943874524833
Kuwait,KWT,2021,8,55.4982171651806,51.0723518795741,59.7681165274756
Botswana,BWA,2021,9,54.607885415849,51.0421371892822,57.0094303110363
Serbia,SRB,2021,6,54.607885415849,41.0016751932793,55.2316497197333
Philippines,PHL,2021,9,54.2934272479972,53.9502999552629,61.1615860673044
Armenia,ARM,2021,7,52.9388295321706,41.3180700832603,53.4530936057712
Russia,RUS,2021,9,52.9388295321706,48.5295870772446,54.0110894525112
Jamaica,JAM,2021,6,52.1211214468578,41.2133750477005,56.1547495425352
Nicaragua,NIC,2021,7,52.1211214468578,47.5930102960945,57.3576360309008
Dominican Republic,DOM,2021,8,51.6286110600225,42.7683568012969,53.8535124084227
Colombia,COL,2021,9,51.438225387315,46.0635662073325,52.1003702660842
Ecuador,ECU,2021,7,51.3651376915541,40.1562664777549,52.4762750918055
South Africa,ZAF,2021,9,51.3651376915541,47.7656369414262,54.6354168402779
Moldova,MDA,2021,8,51.3182671355279,49.8651293614389,56.2253482782279
Trinidad and Tobago,TTO,2021,7,51.1017915373398,50.5185527738964,62.1503878115552
China,CHN,2021,9,50.7611883747323,44.6071130448712,51.3762760444905
Cambodia,KHM,2021,9,50.6823796028929,46.497995987725,52.4437594023045
Ukraine,UKR,2021,9,50.5107910333781,47.6695314473622,54.3372638758527
Paraguay,PRY,2021,9,50.1051924268925,44.6917750186075,50.947985729659
São Tomé and Príncipe,STP,2021,4,49.9486968349523,39.9796353026188,61.7773741162129
Honduras,HND,2021,9,49.1324229112781,43.0129524370195,50.2369811288087
Zambia,ZMB,2021,8,49.1324229112781,42.8243324369136,54.9043057321029
Uzbekistan,UZB,2021,8,48.4714244330537,44.9265943103144,52.3923946827406
Kazakhstan,KAZ,2021,8,48.3351541676755,38.8062092922935,50.5775603105037
Eswatini,SWZ,2021,8,48.0749383350574,39.9684762273045,48.4386440429191
Cabo Verde,CPV,2021,7,47.9896666299698,29.7557959107805,49.9606058660147
Belarus,BLR,2021,7,47.6192131009852,41.7251879053699,53.5132382966005
Indonesia,IDN,2021,8,47.6192131009852,40.5169637080595,51.4464287391429
Turkey,TUR,2021,8,47.6192131009852,45.1118719032791,57.5813171763384
Mongolia,MNG,2021,9,47.6054556378114,42.3160569273004,49.5758183429815
Rwanda,RWA,2021,9,47.6054556378114,45.0292521116758,52.5604492491233
Lesotho,LSO,2021,7,46.2486420909012,45.2403961386836,54.0884177787983
Sri Lanka,LKA,2021,8,45.8419618209457,36.8087136609816,48.5143218227719
Argentina,ARG,2021,9,45.6735881854593,45.5597346516981,53.1752098580829
Kenya,KEN,2021,9,45.6735881854593,40.8759208680575,47.4690439838392
Namibia,NAM,2021,9,45.6600796263295,42.2130271873865,48.7316545029076
Haiti,HTI,2021,6,44.7776481632969,39.5403256466524,49.0184770360474
Azerbaijan,AZE,2021,7,44.6012984142799,33.6855615565758,45.6923277327667
Tunisia,TUN,2021,8,44.2568987189357,40.1110994086679,51.5347932755159
Mali,MLI,2021,8,43.4673082563836,35.9215141638582,46.0770855887539
Burkina Faso,BFA,2021,8,43.4126417951901,38.1926120259199,47.7214553732937
Laos,LAO,2021,6,43.1871563441938,30.8063124036967,48.469491867287
Uganda,UGA,2021,9,42.3692222116577,35.4240615528043,42.9634856609739
Egypt,EGY,2021,8,42.3573776438305,39.1791163652527,50.0081653770338
Brazil,BRA,2021,9,41.8182684894776,34.9965135640666,42.6307454517852
Côte d'Ivoire,CIV,2021,9,41.7393305193055,40.3418943038864,48.7490242683959
Guyana,GUY,2021,4,41.7393305193055,36.2253359867585,54.557321569217
Morocco,MAR,2021,8,41.7393305193055,39.3848408915812,46.9794191414513
Benin,BEN,2021,9,41.376467083793,35.2153618445282,43.1772143570831
Ghana,GHA,2021,8,39.2395693434153,34.5641755980479,44.4939923392603
Senegal,SEN,2021,9,39.2395693434153,34.9416001353128,42.1631455960314
Nigeria,NGA,2021,8,38.0930733603117,35.2027962092747,45.7372398511905
India,IND,2021,9,37.5133493423554,33.9441533807653,41.5577236295552
Madagascar,MDG,2021,7,37.5133493423554,36.7749973141741,51.1944586660184
Bolivia,BOL,2021,7,36.9720483426475,34.7119442311439,46.4586895412123
Bahamas,BHS,2021,5,36.0815028121924,32.0127749943727,58.7311846430421
Afghanistan,AFG,2021,6,36.0726159956749,20.5756936171529,36.685043903713
Mauritania,MRT,2021,8,36.0449699032451,30.2167543869323,42.1167790272877
Democratic Republic of Congo,COD,2021,7,35.6595595965384,2.57833414292287,36.7946891967082
Myanmar,MMR,2021,6,34.9321807205832,23.5029710622014,35.0568539655611
Gambia,GMB,2021,7,34.8039373949973,27.4065288668121,39.3383195705992
Mozambique,MOZ,2021,7,34.5232675057372,31.7312145652151,44.3879662130913
Nepal,NPL,2021,7,34.3760446521719,30.5976574801749,43.074842871726
Malawi,MWI,2021,8,34.0153244804498,29.1668582168122,42.1244967918618
Tajikistan,TJK,2021,8,33.0604226467538,26.5798416050547,38.3281087708186
Niger,NER,2021,8,33.0403931337144,25.6472287916346,36.102653103144
Tanzania,TZA,2021,8,33.0403931337144,25.4185152333788,34.1525342097352
Angola,AGO,2021,8,32.295467437389,18.6554148994722,33.2100917231286
Guinea,GIN,2021,8,31.9628584939655,19.5805928310196,32.3110327814211
Iraq,IRQ,2021,6,31.9628584939655,27.029182834597,41.4010527641134
Cameroon,CMR,2021,7,31.8363965370859,23.2149440685793,39.1655912653118
Pakistan,PAK,2021,8,31.8363965370859,24.2770521944959,36.2151572656554
Algeria,DZA,2021,6,31.2736157791319,23.297694185098,39.8585063976681
Bangladesh,BGD,2021,7,31.2736157791319,24.2761378492366,39.3333222323456
Equatorial Guinea,GNQ,2021,6,30.5548560369553,17.727731446091,36.3516522605126
Turkmenistan,TKM,2021,5,30.5548560369553,19.9868841346812,33.0815357918662
Ethiopia,ETH,2021,6,29.89088226955,24.4074815900713,37.8401562262622
Burundi,BDI,2021,7,29.5320165102502,19.1639455399085,33.606763005916
Gabon,GAB,2021,5,29.5320165102502,24.2273984263109,34.8366345941896
Republic of Congo,COG,2021,6,29.5320165102502,15.4833768449671,44.9035218962662
Togo,TGO,2021,8,29.5320165102502,28.912169201589,36.9676943744753
Comoros,COM,2021,4,27.8409235462065,17.6677650518324,34.9537223588022
Libya,LBY,2021,5,27.8409235462065,26.4750554817347,48.0243961902723
Fiji,FJI,2021,4,26.8573606150417,18.9420216405287,41.063954028637
Sudan,SDN,2021,5,26.5521095462966,13.9734432780502,28.6866805161229
Guinea-Bissau,GNB,2021,6,25.6082517647095,14.5607764117074,29.6922752012415
Sierra Leone,SLE,2021,4,25.6082517647095,22.2562593379555,33.9647025611578
Central African Republic,CAF,2021,5,25.3909253540099,23.588517277247,38.2556097001672
Cuba,CUB,2021,5,25.3909253540099,12.0227792377119,29.5879228075416
Liberia,LBR,2021,7,23.3695200371138,20.0548646476189,32.716331065157
Zimbabwe,ZWE,2021,8,23.3695200371138,18.6637920399897,26.0159194031722
Chad,TCD,2021,6,22.2385186401535,6.1215100235992,29.2432230795611
Venezuela,VEN,2021,7,22.2385186401535,9.03048467928114,35.446552601026
Iran,IRN,2021,8,0,0,14.7602024962944
Luxembourg,LUX,2020,6,89.8441592110524,85.8750187383974,94.4995336637741
Singapore,SGP,2020,10,84.5134794662562,82.9148458398654,86.8693435347628
United States of America,USA,2020,9,84.3681008215835,82.1825034896047,85.4219968587476
Cyprus,CYP,2020,7,82.5087731678907,73.5983930041934,89.4397779702712
Malta,MLT,2020,7,81.7737448426742,69.4651849958718,84.467169212469
Hong Kong,HKG,2020,8,79.7816102298726,78.9233469087543,86.9785619000352
Belgium,BEL,2020,7,76.2552935926147,70.5546063078336,76.4388920712273
Switzerland,CHE,2020,7,75.1897249212186,67.7166055563481,75.5309259679334
Seychelles,SYC,2020,7,74.0560033815038,66.1387660868403,75.2438592841057
Hungary,HUN,2020,9,73.5070634547028,70.8073816082716,74.9037430715094
Ireland,IRL,2020,8,73.1924504339877,69.8964713354596,76.4884295325158
Netherlands,NLD,2020,8,72.7676249155656,71.6834408342664,75.4778217496354
United Arab Emirates,ARE,2020,10,72.0587890346189,71.0108236052286,73.4393704272409
Canada,CAN,2020,9,71.9060180896838,71.1393729836481,74.1523214045007
Portugal,PRT,2020,8,71.3709788990013,65.0986580910225,71.563205175355
Finland,FIN,2020,8,71.3027760429077,64.7313247475026,71.5733462375563
Czech Republic,CZE,2020,9,70.7416913521673,67.6699828046953,71.9926654079288
Japan,JPN,2020,9,70.5349491337699,69.2844698585527,71.4926631567929
Germany,DEU,2020,8,70.2550818666743,67.3729777996784,73.1371859336702
United Kingdom,GBR,2020,8,69.5333195523587,66.4102823606873,72.7121294214523
France,FRA,2020,8,68.9739103048921,68.0562352925409,74.8453321405638
Estonia,EST,2020,9,68.92155473819,65.7433524745922,69.7592224395847
Lithuania,LTU,2020,9,68.4635402377197,65.0593863963663,69.0839198526815
Romania,ROU,2020,8,68.3629236223625,65.7580378892445,73.0626580316397
Sweden,SWE,2020,8,68.218889526382,67.369856354102,73.0503370782743
Denmark,DNK,2020,8,67.9117586050253,66.7238507785161,72.3191226249393
New Zealand,NZL,2020,9,67.807973580649,65.8881434875924,68.8708348673619
Austria,AUT,2020,8,67.4989137902094,67.2757805887706,72.5831254516196
Norway,NOR,2020,9,67.2532654359865,65.242434287568,68.2106728767588
Slovenia,SVN,2020,9,66.4701813702753,65.5483353464556,69.7399843610115
Iceland,ISL,2020,8,65.4701695731493,63.1276146272733,67.9427352996038
Slovakia,SVK,2020,9,65.3364265832621,64.3930058675241,68.7409334210217
Latvia,LVA,2020,9,65.3181977451445,62.0786203786546,67.0594480083009
Qatar,QAT,2020,10,64.7594620648688,63.868506631929,65.8911040178357
Poland,POL,2020,9,64.5801686860334,61.8046224334892,67.3518264922223
Australia,AUS,2020,9,64.4043276488507,61.0280309517075,65.2476757145573
Spain,ESP,2020,7,64.3095807818695,61.0247173411296,68.2542966970615
Israel,ISR,2020,9,64.2391058844467,61.8859907057521,65.1535217437394
Bahrain,BHR,2020,10,64.230730881177,63.254230442115,65.5385458822224
Italy,ITA,2020,8,63.4899074509321,63.043609478439,70.109020479613
Croatia,HRV,2020,9,63.4822089999519,57.8007290644635,64.065480378663
Bulgaria,BGR,2020,9,62.9354647996975,61.4361619433001,66.8451617696834
Panama,PAN,2020,10,62.456404838003,61.4723636896079,63.4687204071097
Mauritius,MUS,2020,10,62.4486688900107,61.4301988101297,63.9254422751275
Chile,CHL,2020,10,61.590427323324,60.6633761198977,62.5379545230302
South Korea,KOR,2020,10,60.9209358252669,59.8321472707472,61.7436483899663
Malaysia,MYS,2020,10,60.75551708678,59.6855028823046,62.031415072518
Costa Rica,CRI,2020,10,60.4037920493038,59.5280762771144,61.5126462874136
Georgia,GEO,2020,10,60.2048579754216,59.2794019899848,61.6666423978379
Lebanon,LBN,2020,10,59.7484876389888,58.6102499138465,60.8211798740865
Kyrgyzstan,KGZ,2020,10,59.577082441064,58.4704834216077,60.6724260631609
Greece,GRC,2020,8,59.5264706027675,59.2503357595898,67.0802172616915
Papua New Guinea,PNG,2020,7,59.3427851031704,52.4951681444401,62.5313559983169
Vietnam,VNM,2020,10,59.2670428016442,58.0978948830791,60.4584149460077
Albania,ALB,2020,10,59.1580359576129,58.336180667607,60.3504260869528
Thailand,THA,2020,10,59.021685812514,57.9455865864436,60.1827708219256
North Macedonia,MKD,2020,8,58.9038510129807,56.8471971574612,63.5225233876054
Peru,PER,2020,10,58.5776422919645,57.5446173182858,59.7102861036358
Mexico,MEX,2020,10,58.484237718752,57.4172972208232,59.5413487100903
Saudi Arabia,SAU,2020,10,58.0868997187296,57.1453740262231,59.203950247731
Guatemala,GTM,2020,9,57.742455388388,54.8025056748073,60.6824051019686
Oman,OMN,2020,10,57.6844995751364,56.679994861293,58.8502097374108
Montenegro,MNE,2020,9,57.2806970008308,55.3357299706058,59.3522473647924
El Salvador,SLV,2020,10,56.9978541900361,56.0293726015792,58.0482438449751
Bosnia and Herzegovina,BIH,2020,10,56.7361239769778,55.6676972103874,57.6972564226204
Kuwait,KWT,2020,10,56.178987175794,55.1367672485742,57.4666704407269
Uruguay,URY,2020,10,56.1417998439585,55.2232023230534,56.9790822944018
Serbia,SRB,2020,8,55.4281240231763,54.106241566661,61.440965384972
Philippines,PHL,2020,10,55.2264222763752,54.1660690488044,56.2541802360056
Botswana,BWA,2020,9,55.2079186577112,52.6633775521934,58.9185660293154
Colombia,COL,2020,10,54.9919499748396,54.0042617622461,55.9678621835389
Jamaica,JAM,2020,9,54.8056263791026,48.08987619423,55.1103418902874
Jordan,JOR,2020,10,54.6459703952104,53.5451438627547,55.7109950839908
Armenia,ARM,2020,8,54.5372378000273,52.9107811086833,60.3608184611014
Nicaragua,NIC,2020,7,54.4492633046847,52.11847101588,61.4952097297759
Russia,RUS,2020,10,54.3938200744271,53.3774442746927,55.3357629647785
South Africa,ZAF,2020,10,54.261542488233,52.9700472420946,55.1052704812874
Ukraine,UKR,2020,10,53.774698445178,52.6929684962037,54.9824773553242
Paraguay,PRY,2020,10,53.1691884087579,52.2039955156392,54.1585601394651
Cambodia,KHM,2020,10,53.0008449776166,51.9070188630879,54.1927774930743
Trinidad and Tobago,TTO,2020,8,52.9490832862683,50.1862951298221,58.3351179889564
Moldova,MDA,2020,10,52.469858303238,51.4949574767971,53.7011538224544
China,CHN,2020,10,51.9504679484416,50.9800323698667,52.9963654483635
Dominican Republic,DOM,2020,10,51.6644508156446,50.4782257437754,52.609257783834
Indonesia,IDN,2020,10,50.7766623069254,49.6111489577294,51.9863402021607
Ecuador,ECU,2020,9,50.7189997647682,48.6191852826104,51.1428517473964
Zambia,ZMB,2020,10,50.3995445025118,49.3879786939509,51.3839543539696
São Tomé and Príncipe,STP,2020,6,50.3043170153138,38.7563937437258,53.9410329533912
Honduras,HND,2020,10,50.2654483897975,49.1180345669609,51.5260474796224
Uzbekistan,UZB,2020,8,49.8252701704548,42.763344353728,53.370545518605
Kazakhstan,KAZ,2020,10,49.5987432606471,48.4101548434542,50.6735784156455
Rwanda,RWA,2020,10,49.0211969793306,47.7538350109715,49.9302084402111
Turkey,TUR,2020,10,48.8016789741631,47.7700978661354,49.8473398627854
Belarus,BLR,2020,9,48.7383501080983,46.9501367997809,52.4312800016349
Equatorial Guinea,GNQ,2020,6,48.3970195887387,26.0742952563127,49.2794572142419
Cabo Verde,CPV,2020,7,48.2061691594925,30.5432663033987,49.0184252274209
Lesotho,LSO,2020,8,48.0940027460818,42.7922493413239,50.6248885681427
Argentina,ARG,2020,10,47.5620926181676,46.2577159314412,48.6279345119836
Azerbaijan,AZE,2020,9,47.3876956395521,43.6327779893004,49.4565628308856
Tunisia,TUN,2020,9,47.3426343780425,42.8891435906615,49.3740674351716
Haiti,HTI,2020,7,47.0843330866455,40.2185280904027,48.7751078527039
Mongolia,MNG,2020,10,47.0234266638469,45.4757223323176,48.6815498167258
Kenya,KEN,2020,10,46.6976505732753,45.2633388126323,47.6658089559453
Benin,BEN,2020,10,46.5366142809502,45.1698678876287,47.5905856229545
Namibia,NAM,2020,9,45.8120219895945,43.9069527426259,49.750419043251
Morocco,MAR,2020,10,45.7865682386497,44.7392031782656,46.7818349099787
Sri Lanka,LKA,2020,10,45.5005576193816,44.1748532831415,46.642476688233
Uganda,UGA,2020,10,45.4534685311129,44.0410442016309,46.5127590183748
Burkina Faso,BFA,2020,10,45.2627771393093,43.6937065219372,46.4392392678785
Yemen,YEM,2020,10,44.1432303800337,42.0900336921875,45.6897215872222
Egypt,EGY,2020,10,44.1171695905719,42.5419793779593,45.0551833447264
Laos,LAO,2020,9,43.5687410763353,41.9092948958999,47.6857148283292
Guyana,GUY,2020,6,43.4617007708082,33.9001092640019,49.7435981801811
Mali,MLI,2020,10,42.6720991308733,40.877046348069,43.8757584796238
Côte d'Ivoire,CIV,2020,10,42.3161116573394,40.8611129460908,43.5039613051573
Eswatini,SWZ,2020,8,42.2240358762311,40.0316834690879,49.9048979749524
Brazil,BRA,2020,10,42.0325334876636,40.5653182339936,43.2323469009749
Ghana,GHA,2020,10,41.3727709757066,40.1326640613742,42.3950219680445
Nigeria,NGA,2020,9,41.2816012590917,36.920782257661,42.0522155939789
Bolivia,BOL,2020,8,41.2698264635667,37.790804021211,46.810731766528
Madagascar,MDG,2020,10,40.3912726137215,38.8874453292554,41.3668754730388
Senegal,SEN,2020,10,40.1725619983625,38.7392097684924,41.2861463580068
Bahamas,BHS,2020,6,39.6011791652368,25.7569471523722,44.2888368192958
Mozambique,MOZ,2020,9,39.0164668369703,35.5081689908318,41.3450540257087
Nepal,NPL,2020,9,38.6644328371883,36.958546866435,39.9449360991438
Tajikistan,TJK,2020,10,38.4338875339893,36.8535679400786,39.6949095049755
Malawi,MWI,2020,10,38.308371442525,36.4906770587801,39.405651099091
Mauritania,MRT,2020,10,37.1201404166447,35.3414510811354,38.359613173001
Myanmar,MMR,2020,7,36.9052648965036,32.6106369315033,44.2983942436392
India,IND,2020,10,36.5898789259633,34.4210808160539,38.0883599959006
Tanzania,TZA,2020,8,36.5676303854062,32.5002908106759,39.0749506971298
Gambia,GMB,2020,8,36.3878260551893,35.0368832550786,48.2231868319138
Afghanistan,AFG,2020,8,36.2055479435888,30.5898531975336,40.7487200327755
Cameroon,CMR,2020,10,35.951380102524,34.1964252830688,37.3931373093327
Niger,NER,2020,9,35.0627901589946,28.6034883747244,35.8875727542905
Democratic Republic of Congo,COD,2020,7,34.8163807063557,22.0760710102294,41.0777228816618
Iraq,IRQ,2020,7,33.9990666979125,28.6360485973589,39.5158096801167
Guinea,GIN,2020,9,33.8550578699972,30.28831158226,35.5059301200471
Togo,TGO,2020,9,33.685810868498,33.4712487229014,39.5905663791677
Pakistan,PAK,2020,10,33.6204608311343,31.7201518243902,35.2813852428771
Bangladesh,BGD,2020,9,33.0723009299614,28.9322737859027,34.4342229391773
Ethiopia,ETH,2020,8,32.7297004045567,27.8919401362726,35.971521923288
Turkmenistan,TKM,2020,6,32.3164759233086,22.9097176961881,36.8697599800603
Algeria,DZA,2020,10,31.7883740195287,29.7565758855869,33.087281203822
Gabon,GAB,2020,8,31.349232398186,22.5925046838911,34.5093712509359
Burundi,BDI,2020,8,30.6577597998162,27.2082181813747,37.2329472759953
Republic of Congo,COG,2020,7,30.6304436455465,19.6163096510817,38.7460786947684
Angola,AGO,2020,10,30.221356109265,28.286370731191,31.7402527710254
Libya,LBY,2020,7,30.1779967932575,18.9689974949279,39.3633306572721
Comoros,COM,2020,6,30.0726404901744,22.22726754688,37.9180134334688
Liberia,LBR,2020,8,28.8016271188183,28.3559876415351,34.8986277321284
Fiji,FJI,2020,6,28.5126583000199,12.3186183861926,28.8155895371726
Cuba,CUB,2020,6,27.5923287923917,24.7035324103596,38.8716478246909
Sierra Leone,SLE,2020,6,26.8891624580548,24.5141834433045,36.3802680965095
Chad,TCD,2020,7,26.0782922665327,21.2472936008156,33.911568893528
Sudan,SDN,2020,8,25.4556321475098,23.1640803749771,29.4944834593509
Zimbabwe,ZWE,2020,10,25.1347219777267,22.3390746895647,26.9132448404682
Guinea-Bissau,GNB,2020,6,24.8063059191025,15.4536333461452,32.460214400504
Venezuela,VEN,2020,9,23.2509846134727,18.7598395601593,25.8483065614679
Central African Republic,CAF,2020,7,19.9435891144835,16.9920248131527,28.7123423248037
Iran,IRN,2020,10,16.4363162045259,13.5725398342822,18.1304396701044
Luxembourg,LUX,2019,6,90.8176918589344,85.0399034036822,92.2541438830457
Singapore,SGP,2019,10,85.5542494751299,83.6928596609764,87.5491578144201
United States of America,USA,2019,9,85.1451503658141,83.5467466300257,86.2318624698436
Hong Kong,HKG,2019,8,84.3720505680574,82.7197682028166,89.6043449084943
Malta,MLT,2019,7,80.9229259540137,73.407542792884,88.5501099805302
Cyprus,CYP,2019,7,79.3121269036618,72.1864364750745,86.7062534584714
Belgium,BEL,2019,7,77.0906948190302,71.8175841411678,77.4153126900324
Ireland,IRL,2019,8,76.9590403607593,74.8779631595274,81.905367832123
Hungary,HUN,2019,9,76.0570343980457,73.4494285264317,79.7419472291496
France,FRA,2019,8,75.3241777778052,69.0002041883421,75.4271502065126
Netherlands,NLD,2019,8,74.6211789693323,74.1035227305219,78.3350543792116
Seychelles,SYC,2019,7,74.3180420434266,67.7445593922636,76.9594132612237
Switzerland,CHE,2019,7,73.9294509128979,70.9143184735854,76.2010060904142
Canada,CAN,2019,9,73.9097266639329,71.4895454048892,75.0095008773158
Germany,DEU,2019,8,73.4081058273076,72.0282035804407,76.8881389263758
United Arab Emirates,ARE,2019,10,73.0820566048925,72.0470717474982,74.5852370669414
Austria,AUT,2019,8,72.6216811925628,69.2491038024167,73.9502121981305
Japan,JPN,2019,9,71.676236280275,70.3160787728201,72.6617280650867
Portugal,PRT,2019,8,71.5273370247919,65.8646333167912,71.9628335063392
Italy,ITA,2019,8,70.97313312359,64.6020646408732,71.1327635669068
Czech Republic,CZE,2019,9,70.5717221805403,69.4373882448834,73.3389557135468
Sweden,SWE,2019,8,70.5663717210927,69.2275797971515,74.4087802417182
Finland,FIN,2019,8,70.4481673989878,66.8928043714762,72.7401680472744
Denmark,DNK,2019,8,70.2496010542467,67.8130032801478,73.1100856824915
Estonia,EST,2019,9,70.0988000647004,67.0271505177842,71.388016372398
United Kingdom,GBR,2019,8,69.6458763468554,66.9635033732115,73.7066828102501
Romania,ROU,2019,8,68.8957337633994,66.9610376422615,74.4766902384909
New Zealand,NZL,2019,9,68.799637000482,67.1555455443466,69.960854477319
Norway,NOR,2019,9,68.4937392136635,66.5393064581365,69.5409486986079
Spain,ESP,2019,7,68.3196743453669,61.0460365590486,68.3379216497382
Slovenia,SVN,2019,9,67.725547970762,66.4354702731616,70.4701337217364
Bulgaria,BGR,2019,9,67.5122984259951,63.2136775085414,68.262713651807
Latvia,LVA,2019,9,67.1334782982885,63.974187780992,68.2327008965225
Slovakia,SVK,2019,9,67.0432374430054,66.7001208845535,70.641521673307
Lithuania,LTU,2019,9,66.5469189361197,65.2655279698405,69.2171344292766
Greece,GRC,2019,8,65.8213195568485,57.3251876302484,66.26234299488
Bahrain,BHR,2019,10,65.5406448988376,64.4755922173233,66.6241413801975
Israel,ISR,2019,9,65.3713260223825,62.8270494939529,66.2398940894784
Australia,AUS,2019,9,65.3106037682325,61.6487419577834,65.9827366656957
Qatar,QAT,2019,10,65.1238541355911,64.0982004236809,66.256479518246
Poland,POL,2019,9,64.7135283708315,62.808762537163,68.5763515306148
Panama,PAN,2019,10,64.4887941084035,63.3816491482582,65.5516236826938
Iceland,ISL,2019,8,64.2537951027891,63.9987339072038,69.3048885963521
South Korea,KOR,2019,10,63.8690985360197,62.8829544330369,64.6963981075619
Mauritius,MUS,2019,10,63.2780003379159,62.1641219300114,64.8372894014933
Chile,CHL,2019,10,63.2640722561177,62.3140817377478,64.2824810688804
North Macedonia,MKD,2019,8,62.9074117193587,57.0448762833999,64.0269489602438
Croatia,HRV,2019,9,62.3031949176749,58.6795726205383,64.8304467384057
Serbia,SRB,2019,8,61.9792598142672,56.0171978659324,63.2120190987018
Lebanon,LBN,2019,10,61.9661973565767,60.9378854842779,63.0682629604874
Costa Rica,CRI,2019,10,61.8385694742846,60.8422431983259,62.8516936862017
Kyrgyzstan,KGZ,2019,10,61.7828935600221,60.7327462223701,62.8943258227274
Malaysia,MYS,2019,10,61.765276012592,60.6485952495884,63.0759670707842
Vietnam,VNM,2019,10,60.8532719197796,59.6530908576106,62.0388640862913
Georgia,GEO,2019,10,60.5914295720921,59.6480979673197,62.1131394012946
Montenegro,MNE,2019,9,60.5027833714135,58.4244157300018,62.5811510128252
Mexico,MEX,2019,10,60.2865350895145,59.1523354365428,61.4872210752839
Peru,PER,2019,10,60.1770646949955,59.2454512473645,61.3477294200271
Nicaragua,NIC,2019,7,59.9280118483279,52.4530377702533,61.9625865773256
Albania,ALB,2019,10,59.7354526321606,58.7650216794696,60.9238994920704
Thailand,THA,2019,10,59.1183961853449,57.9574650718944,60.3146863178523
Oman,OMN,2019,10,58.8924083916804,57.7149055472388,60.1284243614277
Armenia,ARM,2019,8,58.786598856717,52.808539627904,60.3168090324964
El Salvador,SLV,2019,10,58.6484609708957,57.712803014989,59.7286418735529
Uruguay,URY,2019,10,58.4028624704951,57.5868854784325,59.3602202269969
Kuwait,KWT,2019,10,58.2100778099339,57.1331311757638,59.4689148048493
Bosnia and Herzegovina,BIH,2019,10,57.9135032665287,56.7820099743682,59.0443906601609
Papua New Guinea,PNG,2019,7,57.3851426154935,51.9106661456242,61.4084932705638
Jordan,JOR,2019,10,57.1461506804636,56.1826792422606,58.2214404023502
Botswana,BWA,2019,9,56.5823798651814,54.5692254229041,60.813004794613
Guatemala,GTM,2019,9,56.466526959935,52.9556920581328,58.6604292728911
Russia,RUS,2019,10,56.1136879658576,55.1867964077557,57.0669165808045
Colombia,COL,2019,10,56.0059056553486,55.0244974700862,56.978395690552
Philippines,PHL,2019,10,55.9126208222532,54.9558373884909,56.9777076057817
South Africa,ZAF,2019,10,55.7572378323574,54.5582540884625,56.7187261766736
Trinidad and Tobago,TTO,2019,8,55.6307994265337,51.0530707374572,59.0296151262726
Saudi Arabia,SAU,2019,10,55.5897307897572,54.5504321190409,56.7305677246623
Ukraine,UKR,2019,10,55.1322613311725,54.0102427670736,56.2876674119009
Cambodia,KHM,2019,10,54.245406307898,53.1643945684247,55.3352503551562
Paraguay,PRY,2019,10,53.7284979866372,52.780094945007,54.8210074764202
China,CHN,2019,10,53.560102943475,52.6416736013516,54.5348205278074
Moldova,MDA,2019,10,53.4494606481203,52.4224312636626,54.6069494152125
Dominican Republic,DOM,2019,10,53.1293788809263,51.9812669875177,54.1203680375303
Indonesia,IDN,2019,10,52.1980058565509,51.1145908813572,53.1911776648533
Ecuador,ECU,2019,9,52.0861970381326,50.8057935320658,53.1808853096437
Turkey,TUR,2019,10,51.7010756464423,50.8514787102082,52.584450751439
Honduras,HND,2019,10,51.5901648260988,50.5468925299373,52.7357434707229
Jamaica,JAM,2019,9,51.5693128883398,50.6972064873231,56.4571338769582
Belarus,BLR,2019,9,51.3074412556458,49.0614613266911,54.4819830085542
Zambia,ZMB,2019,10,51.0281460594133,49.8183071979388,52.0339076274617
Argentina,ARG,2019,10,51.0174559290393,49.8741691408483,51.9606056372622
Rwanda,RWA,2019,10,50.9130941030081,49.6408333899501,51.9121505728163
Eswatini,SWZ,2019,8,50.6576987833024,42.0273627696021,52.9394288117027
Kazakhstan,KAZ,2019,10,50.0403439717093,48.926049670488,51.1621396380402
Kenya,KEN,2019,10,49.6881669528281,48.4214037444197,50.5877759260722
Benin,BEN,2019,10,49.291824544412,48.0474489572405,50.3638712217821
Uganda,UGA,2019,10,49.0917780732791,47.8977713624918,49.9657327503995
Tunisia,TUN,2019,9,49.0765948517764,44.494092548627,50.778912791385
Mongolia,MNG,2019,10,48.8240611367179,47.2898315834479,50.3964165808786
Namibia,NAM,2019,9,48.8024624942267,45.5941926040901,51.0047730528982
Uzbekistan,UZB,2019,8,48.7948048417671,40.5948987532243,51.7703201479896
Lesotho,LSO,2019,8,47.9832544434132,45.7405216716012,52.6531169944036
Guyana,GUY,2019,6,47.3620930228417,40.3125543812096,54.3652850235752
Gambia,GMB,2019,8,46.9934277004298,38.7039439503708,50.1616495481744
Sri Lanka,LKA,2019,10,46.8936861924068,45.7538290774927,47.8256189166652
Haiti,HTI,2019,7,46.6447165312358,42.1553919044503,50.4650889127698
Morocco,MAR,2019,10,46.6408355997874,45.4926817648554,47.6038823410574
Laos,LAO,2019,9,46.4079992063089,44.0700337903775,50.5546209864994
Burkina Faso,BFA,2019,10,46.3640834452741,44.9875144114898,47.5711385483513
Egypt,EGY,2019,10,46.2634940596786,44.8552026781121,47.1066449870741
Cabo Verde,CPV,2019,7,46.2236585824884,30.3434268292516,48.7193554523399
Yemen,YEM,2019,10,46.2236585824884,44.3064405326382,47.6980168910599
Mali,MLI,2019,10,45.8951226571219,44.2631574565772,46.982141143841
Bahamas,BHS,2019,6,45.2630704199213,26.5258935383097,46.9530239554976
India,IND,2019,10,45.1252915610362,43.7929082622103,46.2080480766788
Brazil,BRA,2019,10,44.7116740721751,43.3367538865607,45.6955168479962
Côte d'Ivoire,CIV,2019,10,44.276239963824,42.8900628564542,45.3221186636051
São Tomé and Príncipe,STP,2019,6,44.084508225618,43.1968682845768,57.5437432376867
Bolivia,BOL,2019,8,44.0071046131845,38.1853751073862,46.9393145075384
Ghana,GHA,2019,10,43.3739998390277,42.1709002671916,44.4774173159483
Mozambique,MOZ,2019,9,42.9956565159921,38.4608432693277,44.9549729198594
Senegal,SEN,2019,10,42.6523838821937,41.2929459660292,43.7738355907754
Nigeria,NGA,2019,9,42.1174809913433,38.5803409425804,44.1273215830615
Madagascar,MDG,2019,10,41.9809749309127,40.6595778203684,43.2686759672669
Togo,TGO,2019,9,41.3880662032296,36.8845364317817,43.2359732395641
Myanmar,MMR,2019,7,41.3840195329161,34.6633470794645,53.8111383820032
Azerbaijan,AZE,2019,8,40.8786291990558,39.626243293538,48.62325682595
Tanzania,TZA,2019,8,40.674493341867,38.1399977981606,44.1265763695089
Nepal,NPL,2019,9,40.4234639749341,38.7950965785328,41.7636912386374
Cameroon,CMR,2019,9,40.2406065738574,34.1439635300481,42.3494670829863
Mauritania,MRT,2019,10,40.1779561259261,38.5540951842366,41.4606642608574
Malawi,MWI,2019,10,39.7038766927016,38.2052679766276,40.6384461573034
Tajikistan,TJK,2019,10,38.6506985249528,37.038016254651,39.8329738660905
Cuba,CUB,2019,6,38.5823748831152,25.678880904163,38.6605086234588
Niger,NER,2019,9,36.8055493900642,32.870275969288,39.2615081104359
Bangladesh,BGD,2019,9,36.6886727066874,33.5000553322245,37.9637271282303
Iraq,IRQ,2019,7,35.7836839072235,30.2457975665193,40.4527827079426
Gabon,GAB,2019,8,35.6957470395358,24.5235136499236,36.2051533461232
Pakistan,PAK,2019,10,35.2815088143305,33.3471211962736,36.911028767784
Liberia,LBR,2019,8,35.0667464278604,32.5698857896993,40.7683688998717
Afghanistan,AFG,2019,8,34.9311257371334,30.3421272396883,40.5183883483119
Guinea,GIN,2019,9,34.5936144749687,34.321577888588,40.0197249504498
Chad,TCD,2019,7,34.4178025594541,23.1246437002222,35.1771809188119
Burundi,BDI,2019,8,34.3676418100776,29.2855930092909,39.4398706249568
Republic of Congo,COG,2019,7,34.1428125846881,22.2884737782883,40.2023872551868
Algeria,DZA,2019,10,33.9735181419747,31.9893274538409,35.2964651940337
Guinea-Bissau,GNB,2019,6,32.0059535134138,19.1271965079325,35.7268514549264
Ethiopia,ETH,2019,8,31.4409928286276,30.1481795267943,36.9254627652777
Equatorial Guinea,GNQ,2019,6,31.4342220441744,26.3537953914669,45.1949956128015
Angola,AGO,2019,10,31.2110861389853,29.2123290255764,32.5782105570413
Sierra Leone,SLE,2019,6,30.9813326242418,26.8641250383812,37.37913976522
Turkmenistan,TKM,2019,6,30.1943487527253,23.4813838098369,38.6325651318591
Sudan,SDN,2019,8,29.994313499094,23.1397455761198,30.4054052888176
Iran,IRN,2019,9,27.968783194931,18.5694385099639,29.3011036295422
Zimbabwe,ZWE,2019,10,27.0456698286564,24.6625091547245,28.5983716521553
Libya,LBY,2019,7,26.4212573599161,20.5931783374391,40.9177645479817
Venezuela,VEN,2019,9,25.6251729244793,21.237998986554,27.2050643054509
Fiji,FJI,2019,6,25.5536496944015,16.9608363883458,33.946755136685
Democratic Republic of Congo,COD,2019,6,23.9099955968099,16.899828018119,40.0257739643492
Central African Republic,CAF,2019,7,23.7730216785525,18.1627023155129,29.9629960390017
Comoros,COM,2019,6,21.0319290918621,17.0093390772569,33.1124680355264
Luxembourg,LUX,2018,6,91.2047996962564,86.8999570004621,93.6791701383507
Hong Kong,HKG,2018,8,90.4708523968252,85.4269739169605,92.2632610171308
Singapore,SGP,2018,10,87.0139665479473,85.1299585591439,89.3749650504884
Cyprus,CYP,2018,7,84.8008313263217,71.2658476251789,85.9313232750599
United States of America,USA,2018,9,84.308548728832,83.63638482653,86.5022569743272
Netherlands,NLD,2018,8,83.7687903639908,76.5277249368699,84.5540288744698
Ireland,IRL,2018,8,83.145958535919,78.3678538847614,85.5058469936811
Hungary,HUN,2018,9,79.1838315937829,76.4086821424795,83.6962874405185
Malta,MLT,2018,7,79.1217596988678,73.729964209058,90.8900949933761
Switzerland,CHE,2018,7,78.2185573374785,72.9669958285406,79.3744524022416
Belgium,BEL,2018,7,77.4719245390912,72.9803174313613,78.5711508735186
France,FRA,2018,8,75.6939771154292,70.4069685615984,76.0578856358998
Canada,CAN,2018,9,74.9188822247249,73.0825307689999,76.0568773042534
Germany,DEU,2018,8,74.8045772765971,72.5237422012774,77.472612238781
Austria,AUT,2018,8,74.6839190787013,70.7000911319913,74.9391015553317
Sweden,SWE,2018,8,74.4861411461768,70.8991692823535,75.7060409691072
Seychelles,SYC,2018,7,74.4350130205339,71.0482313414306,79.2046729007751
United Arab Emirates,ARE,2018,10,73.843554012556,72.7856297863128,75.2928166165616
United Kingdom,GBR,2018,8,73.6637325649642,69.6732464663633,74.7762342493943
Romania,ROU,2018,8,73.6518592225088,67.997967440369,74.5851620792092
Czech Republic,CZE,2018,9,73.6328114217703,71.0284008911763,74.8523223608011
Estonia,EST,2018,9,71.6117444717301,69.3172552277466,73.0697492482524
Japan,JPN,2018,9,70.4335526070031,70.2198819041725,72.4757129361939
Slovakia,SVK,2018,9,70.2674348495812,69.7112778121069,73.4377500697186
Slovenia,SVN,2018,9,70.2395225775301,67.1846680351408,71.3322479378993
Finland,FIN,2018,8,69.5886596637949,68.1927575185459,73.4163222204076
Norway,NOR,2018,9,69.0947290925102,67.327571253842,70.2077008044375
Latvia,LVA,2018,9,68.9660471567816,67.6258678170787,71.5965804740443
Portugal,PRT,2018,8,68.711670144203,66.8328016666374,72.2579535079368
Lithuania,LTU,2018,9,68.665590547561,67.533846678252,71.7134963399156
New Zealand,NZL,2018,9,68.6011658045146,66.7503624439708,69.6852417486711
Italy,ITA,2018,8,68.3132562645333,65.3727349199869,72.1126169079166
Bahrain,BHR,2018,10,67.7792376717492,66.8047145076317,69.2363892706392
Poland,POL,2018,9,67.353637801815,64.3430621553722,69.5844965703175
Denmark,DNK,2018,8,67.0116567735983,66.663039784657,74.0328501442112
Greece,GRC,2018,8,66.9731738662518,62.6249716800219,71.3213760524816
Mauritius,MUS,2018,9,66.783372735065,63.5078986994967,68.9974566763189
Australia,AUS,2018,9,66.7183104061516,63.7095410424001,67.7025586436529
Iceland,ISL,2018,8,66.6252579725088,64.7486216362346,71.1495925077365
Bulgaria,BGR,2018,9,66.6015652447068,65.5249650217594,69.8384066997775
Israel,ISR,2018,9,66.5865723910771,65.5618385360852,68.6998809883607
Panama,PAN,2018,10,66.253438918567,65.3647273959493,67.1973039299859
Qatar,QAT,2018,10,65.8429666411209,64.8692236489566,67.0041415675143
Croatia,HRV,2018,9,65.7970308381826,61.0519750701945,66.5427334852027
Spain,ESP,2018,7,65.1666795981935,60.594451544208,68.8381458631726
Chile,CHL,2018,10,64.0336080927881,63.1224131747813,65.1061677578359
Lebanon,LBN,2018,10,63.742931848286,62.7705061071396,64.8615687023608
Malaysia,MYS,2018,10,63.6777457619793,62.577670239939,65.0949625318407
Kyrgyzstan,KGZ,2018,10,63.6343416590767,62.6876232156297,64.8079730601549
South Korea,KOR,2018,10,63.4530058307824,62.3470119599062,64.2590740697827
Costa Rica,CRI,2018,10,62.4660124811382,61.5111864316642,63.5642062598084
Peru,PER,2018,10,61.9295837685756,60.992996759509,63.101176587958
Georgia,GEO,2018,10,61.72591947012,60.7653161298232,63.2475357419026
Mexico,MEX,2018,10,61.2415143465099,60.1852018043857,62.3910969649855
Kuwait,KWT,2018,10,60.8991980300983,59.7760224021474,62.13841583882
Vietnam,VNM,2018,10,60.8497869543267,59.6691806377381,62.1039724896165
Serbia,SRB,2018,8,60.625799982208,57.3344891695933,65.0891508157856
Nicaragua,NIC,2018,7,60.5224656859186,53.7921319939554,63.2186501248058
Albania,ALB,2018,10,60.377327431582,59.5090811890714,61.6022127847972
North Macedonia,MKD,2018,8,60.2994361297723,57.5527768988534,64.6553907902151
Thailand,THA,2018,10,60.2879569485334,59.2464858119115,61.5491281160688
Guatemala,GTM,2018,9,60.2488682490369,55.5606618283302,60.9942741765465
El Salvador,SLV,2018,10,60.0366815539268,59.0830066830692,61.1288401773646
Uruguay,URY,2018,10,59.7665747192633,58.8139199020176,60.6372977726951
Jordan,JOR,2018,10,59.4369522885577,58.5021005648795,60.4944619594353
Oman,OMN,2018,10,59.0854563805076,57.8708449245187,60.2920159626432
Bosnia and Herzegovina,BIH,2018,10,58.8191345774496,57.8144557647557,59.8861465049811
Armenia,ARM,2018,8,58.3171031840529,52.8028112405441,60.0950040760905
Montenegro,MNE,2018,9,57.8538589961506,55.386267752906,59.7812728428485
Cambodia,KHM,2018,10,57.7101342157789,56.6512343341973,58.9145618226637
Russia,RUS,2018,10,57.2323221243706,56.2281101598245,58.1061047354266
Saudi Arabia,SAU,2018,10,56.8774538254777,55.8381886723733,57.949680390526
Turkey,TUR,2018,10,56.7838230360642,55.7395729097683,57.6988854025291
South Africa,ZAF,2018,10,56.4450364561653,55.3838622908876,57.356544098092
Ukraine,UKR,2018,10,56.25826414916,55.0961667314972,57.4771521673869
Philippines,PHL,2018,10,56.082688510559,54.9517799532162,57.17115486273
Colombia,COL,2018,10,55.8934932671439,54.9375910839412,56.699152551461
Botswana,BWA,2018,9,55.5245923540589,52.5013453517437,58.5478393563742
Eswatini,SWZ,2018,8,55.226831389064,43.158809624506,55.7532240663825
Moldova,MDA,2018,10,54.3905310566686,53.3341567963464,55.4574107193405
Dominican Republic,DOM,2018,10,54.2869486989662,53.1824928248359,55.2440106633858
China,CHN,2018,10,54.1074535676506,53.096865327563,55.0263036807789
Paraguay,PRY,2018,10,54.038927753487,53.0145049112227,55.0361035168213
Jamaica,JAM,2018,9,53.4277778926061,53.0236035294538,58.8271816028034
Zambia,ZMB,2018,10,53.2420413909491,52.2292803714391,54.2196224287409
Indonesia,IDN,2018,10,52.5725528235318,51.4072591946172,53.4922687205149
Kenya,KEN,2018,10,52.4962673666791,51.2906156831286,53.3687934255244
Ecuador,ECU,2018,9,52.1164045346779,50.5094261481134,52.7929902355453
Papua New Guinea,PNG,2018,6,52.0151482338006,48.7575890564168,60.2206479875626
Uganda,UGA,2018,10,51.8086440266377,50.6189436719408,52.679365232807
Honduras,HND,2018,9,51.7327952102489,49.9528039189527,56.5300817778372
Belarus,BLR,2018,9,51.5429751026656,48.8730400321199,54.2770862375955
Kazakhstan,KAZ,2018,10,51.4241801368796,50.3336557748754,52.5819910106177
Mongolia,MNG,2018,10,51.3813055552692,49.9616349484607,52.9412431732807
Rwanda,RWA,2018,10,51.0740535065108,49.7913885288194,51.9883967580739
Haiti,HTI,2018,7,50.7101902630598,44.5290798977292,52.8032238839372
Guyana,GUY,2018,6,50.5802405345197,42.8214431882916,58.2732871078869
Burkina Faso,BFA,2018,9,50.0720986078656,42.5052020784474,50.4103497565447
India,IND,2018,10,49.6739816909615,48.322776046065,50.61788075474
Argentina,ARG,2018,10,49.4745698364452,48.1935675221444,50.5308363446334
Tunisia,TUN,2018,9,49.1297224348905,45.8218842212084,51.8085829979681
Morocco,MAR,2018,10,49.0227181164794,47.8297974998909,50.0166350195317
Namibia,NAM,2018,9,48.9948219385793,45.9412350375665,51.9223080194424
São Tomé and Príncipe,STP,2018,6,48.9562297141011,44.6763022963368,59.6577185815952
Trinidad and Tobago,TTO,2018,7,48.597159594924,41.9266001197884,55.2677190700596
Gambia,GMB,2018,7,48.4956581525123,34.7789264655951,54.6132027079477
Benin,BEN,2018,10,48.4808279478465,47.1954212305396,49.470176151311
Mali,MLI,2018,10,47.7332081739858,46.1256905318194,48.7841406426217
Azerbaijan,AZE,2018,8,47.5728880500855,41.5012446415747,50.0307527404906
Sri Lanka,LKA,2018,9,47.2811992046248,45.4799304764795,52.9864119470727
Yemen,YEM,2018,8,46.3956047580137,41.9869923371412,49.8549441912259
Egypt,EGY,2018,10,46.0848103983839,44.5885688448608,47.0492760115992
Bolivia,BOL,2018,8,45.9831344307982,40.828189263917,49.2292504150141
Brazil,BRA,2018,10,45.8577907157553,44.4332835966924,46.7932694126197
Laos,LAO,2018,9,45.4098973437745,44.2696530450771,51.0436931094891
Uzbekistan,UZB,2018,8,45.3777076838332,38.7267872341953,50.3375644695453
Lesotho,LSO,2018,8,45.3748150815173,44.9843480218898,53.0908742966449
Ghana,GHA,2018,10,44.8693667085656,43.5622850099315,45.7420092637128
Cabo Verde,CPV,2018,7,44.4820197518249,30.0772792635188,46.1918842976596
Nepal,NPL,2018,9,44.4427119387054,41.3978677747895,44.4607301100189
Togo,TGO,2018,9,44.3684988377897,38.5783572719873,44.5429103885084
Senegal,SEN,2018,10,44.3472432068851,43.036205872887,45.2988812499353
Nigeria,NGA,2018,9,44.0390920702097,43.5357286843014,48.1239783996204
Equatorial Guinea,GNQ,2018,6,43.867332088001,26.9470988587611,45.4061139601116
Cameroon,CMR,2018,9,43.7978459891857,34.9224767291979,44.1896263886404
Côte d'Ivoire,CIV,2018,10,43.3658314971044,41.9759163044222,44.4643487665366
Mozambique,MOZ,2018,9,43.164423294279,40.9894481824056,47.0225604353205
Republic of Congo,COG,2018,7,42.8805810458695,28.8053191970402,44.9795431893338
Madagascar,MDG,2018,10,42.508640326598,41.0111806871481,43.4969146306288
Turkmenistan,TKM,2018,6,42.491957915981,24.7132887190894,43.2129138400756
Mauritania,MRT,2018,8,42.1637975108312,38.6119625527458,46.6960058512345
Malawi,MWI,2018,9,41.3112156912024,38.1648487106875,43.9832905800379
Bangladesh,BGD,2018,9,40.7422213240878,37.381827081924,41.7370024908614
Tajikistan,TJK,2018,10,40.4951483355016,39.1202473685673,41.8491739175733
Ethiopia,ETH,2018,7,40.3101030526571,31.3925464328464,43.2603747716856
Tanzania,TZA,2018,8,39.6339842057041,36.4950838565323,43.2509775735738
Pakistan,PAK,2018,10,39.0801513644235,37.3783867527843,40.6265286888245
Iraq,IRQ,2018,7,39.0697100129292,31.8862434291404,41.5673681933673
Niger,NER,2018,9,38.6012263313977,36.4888980329471,42.5159963543147
Guinea,GIN,2018,9,38.0468510925502,37.7734942383733,43.513890069923
Sierra Leone,SLE,2018,6,37.2578607151722,27.6733372621748,39.69739208976
Liberia,LBR,2018,7,37.189030695685,29.0174875212542,39.445645839986
Gabon,GAB,2018,8,35.7489062459957,29.625859388962,40.6940512186868
Angola,AGO,2018,9,35.5565638705771,31.3342407013682,37.933020074736
Algeria,DZA,2018,10,35.5099362579033,33.5218235635678,36.7140026941829
Cuba,CUB,2018,6,35.2873015128973,31.2841842726474,42.8996369870818
Myanmar,MMR,2018,7,33.6866972484625,21.6623862826116,45.7110082143134
Venezuela,VEN,2018,9,33.1473613576826,29.6805959517043,34.3689972846828
Libya,LBY,2018,7,32.916404827311,29.8273615442722,41.752224744528
Zimbabwe,ZWE,2018,10,32.0743752867512,29.939083171967,33.3399450469394
Chad,TCD,2018,7,31.0368840002834,25.49918531762,36.7846594609
Afghanistan,AFG,2018,7,30.7057499229964,22.6447319276768,36.6962719549872
Burundi,BDI,2018,8,30.3948304206659,28.8195604319554,40.336976813605
Bahamas,BHS,2018,6,30.2022000668762,28.8718468474016,52.6799162892941
Guinea-Bissau,GNB,2018,6,30.117962608864,17.0940239388232,33.8952133263698
Sudan,SDN,2018,8,29.9831341855588,25.4142629607148,32.7225906916385
Iran,IRN,2018,9,28.9257894482852,19.1297311317565,29.9551755366721
Democratic Republic of Congo,COD,2018,6,26.2703959320923,25.3022992228064,48.8438862636645
Central African Republic,CAF,2018,6,25.8509711947293,22.7480316819845,35.5193855838815
Fiji,FJI,2018,6,22.5946410887838,21.6030543904974,39.0779207361931
Comoros,COM,2018,6,11.9912176935549,3.73346167857984,20.24897370853
Hong Kong,HKG,2017,7,94.3613612040503,88.83680310407,94.9689858141557
Luxembourg,LUX,2017,6,91.9910326493894,87.8602097788323,94.7302826021135
Hungary,HUN,2017,9,91.5313569225176,85.9902699075024,94.3106377896365
Ireland,IRL,2017,8,89.6938500803504,83.3377849946625,91.7449565810376
Singapore,SGP,2017,10,89.645777469191,87.4729956678877,92.0321143103416
United States of America,USA,2017,9,85.696539687783,84.1612922238924,86.9156730604899
Netherlands,NLD,2017,8,84.2121670907039,80.8437279641744,91.7480541954513
Switzerland,CHE,2017,7,83.4599327369881,77.835879147201,87.6818952689101
Seychelles,SYC,2017,6,81.7146842323341,78.2319300517454,85.1974384129228
Malta,MLT,2017,7,81.6104549278099,77.3627935840782,91.3949802391985
Belgium,BEL,2017,7,79.7530417302158,75.7082693349377,84.176097925812
Cyprus,CYP,2017,7,79.3809106539418,68.7527070775843,81.2510302612558
Canada,CAN,2017,9,76.273611626463,74.1363670889314,77.4642088462234
Czech Republic,CZE,2017,9,76.0611840504847,73.5214436644949,77.4250651213583
Germany,DEU,2017,8,76.0103772879451,74.0398413872593,77.6768261447682
France,FRA,2017,8,75.8615439989137,70.7652026943898,77.1319232504514
Slovakia,SVK,2017,9,75.5521765360403,72.2546104547805,76.6560195439292
United Arab Emirates,ARE,2017,10,75.4839830553228,74.439758681851,76.944113573683
Romania,ROU,2017,8,74.3827732521648,70.3373073170313,75.9098229279963
Denmark,DNK,2017,8,74.3251419881325,70.677163075938,75.4617558496461
Austria,AUT,2017,8,73.9091996156097,73.3645091232884,77.4277970232459
Sweden,SWE,2017,8,73.8589409283172,72.3312133305295,76.9806967624603
United Kingdom,GBR,2017,8,73.6526051635873,71.8655249354871,76.54794167409
Portugal,PRT,2017,8,73.0709660558332,68.0759095350101,73.3733701918556
Latvia,LVA,2017,9,72.1301768609846,69.419992464591,73.3962155288372
Norway,NOR,2017,9,71.8788285647483,69.9768576410228,72.858925039812
Estonia,EST,2017,9,71.8683923349324,70.7265551680708,74.6078312184417
Slovenia,SVN,2017,9,71.8576595553595,68.6365520685682,72.2272604784355
Japan,JPN,2017,9,71.8391791638781,71.5520731683685,73.9575348730217
Finland,FIN,2017,8,71.6463473697132,70.6073119965994,75.2103944692629
Panama,PAN,2017,9,71.5125529016855,68.7455927314813,72.9515427320449
Italy,ITA,2017,8,71.117875545104,67.2401976197114,73.3964152663286
Bulgaria,BGR,2017,9,71.049171307069,67.8122995355118,71.6281892599672
Iceland,ISL,2017,8,70.6795242534147,65.2145658959531,71.6522310301226
Lithuania,LTU,2017,9,70.4651779316192,69.1593573113298,72.9720087317853
Israel,ISR,2017,9,70.2946082585819,68.3806707707791,71.380065354551
New Zealand,NZL,2017,9,69.7810459196572,67.9636775393173,70.9278436931163
Bahrain,BHR,2017,10,69.6827715789353,68.7641872441804,71.0347191127021
Australia,AUS,2017,9,68.2276223977037,65.0839171075322,69.0972645016802
Qatar,QAT,2017,10,67.7710641295947,66.7436678072866,68.9887204133578
Poland,POL,2017,9,67.5531499580853,66.4632350536801,70.827523797219
Timor-Leste,TLS,2017,4,67.4217958219308,58.7756656332694,76.0679260105922
Kyrgyzstan,KGZ,2017,10,66.9050249793037,65.8890299586719,68.2334826333143
South Korea,KOR,2017,10,66.4080615117112,65.3965111122699,67.2657543415756
Lebanon,LBN,2017,10,66.3062107092373,65.2706175043466,67.4160777780553
Mauritius,MUS,2017,9,66.3011231675132,64.2268027170773,69.4798007047111
Serbia,SRB,2017,8,66.2457414780408,60.1841613626445,67.2105587784518
Chile,CHL,2017,10,66.1207451692929,65.0095257159578,67.2970675548346
Greece,GRC,2017,8,66.0815209804039,59.1855687375621,67.2752588409594
Malaysia,MYS,2017,10,66.0411292841942,64.8775814008043,67.5017570242719
Croatia,HRV,2017,9,64.8207187735632,62.9730487605311,68.1478073380028
Spain,ESP,2017,7,64.7876237694356,62.0996098958128,69.554875752311
Costa Rica,CRI,2017,10,64.6160714440619,63.6089293093343,65.7478776990012
North Macedonia,MKD,2017,8,64.4984923142082,59.7679672215844,66.2102469199613
Thailand,THA,2017,9,64.498412028426,59.8533045723059,66.3323638009548
Georgia,GEO,2017,10,63.4595839048925,62.4130567244584,64.8801139973546
El Salvador,SLV,2017,9,63.3965721929082,59.0585558600656,64.7121569854572
Kuwait,KWT,2017,10,63.3124079734878,62.1340278584063,64.602976133929
Mexico,MEX,2017,10,63.2686734957839,62.1547592395491,64.4441537165467
Guatemala,GTM,2017,9,62.9273091611234,59.7802826467441,66.0743356755027
Uruguay,URY,2017,10,62.9209461478794,62.0746049041424,63.8725115185742
Peru,PER,2017,9,62.8827312424772,57.2911787239586,64.8563945943896
Vietnam,VNM,2017,10,62.6839463656923,61.5393150349167,64.1201074882252
Jordan,JOR,2017,10,62.5013353085882,61.5383713167041,63.6272206680894
Saudi Arabia,SAU,2017,9,62.3925258281151,56.491802241239,63.8546667849238
Nicaragua,NIC,2017,8,62.2071279811815,57.6443851309517,63.8872793316887
Albania,ALB,2017,10,61.9526035813385,61.0164888487354,63.239704699838
Botswana,BWA,2017,10,61.8481091784445,60.6547020006365,63.0757252551704
Cambodia,KHM,2017,10,60.947220334461,59.840442365789,62.1783683133004
Oman,OMN,2017,10,60.5930149520785,59.3261698890093,61.7607481163903
Bosnia and Herzegovina,BIH,2017,10,60.3040036072842,59.2782141353745,61.4147572752697
Montenegro,MNE,2017,9,59.770028586724,57.5567873916735,61.9681440242721
Russia,RUS,2017,10,59.548387253249,58.4976061721552,60.5717105552491
Jamaica,JAM,2017,9,58.7193335440491,56.2425616401445,61.81565385308
Ukraine,UKR,2017,10,58.609110626025,57.5122603067023,59.9021343348997
Turkey,TUR,2017,10,58.5214150713685,57.4866628960954,59.5123133576101
Philippines,PHL,2017,10,57.7633228778034,56.6525475826454,58.8805005039275
Armenia,ARM,2017,8,57.2639198117436,54.0792385861708,60.7583656209213
Papua New Guinea,PNG,2017,6,57.2639198117436,49.4233672358798,61.020123431698
Colombia,COL,2017,10,56.6963117276051,55.7464521405786,57.7693807506184
Mongolia,MNG,2017,10,56.6714471336176,54.5572466766684,58.8072801634386
China,CHN,2017,10,56.6618904185407,55.7442073079598,57.6114474326652
Dominican Republic,DOM,2017,10,56.4114610090772,55.3631201267332,57.4987524962711
Kenya,KEN,2017,10,55.9197273789984,54.7728345396652,56.8725254833901
Moldova,MDA,2017,10,55.8788209046975,54.6884932472609,57.0493426545359
Uganda,UGA,2017,10,55.533713463646,54.4712793367161,56.5150622234459
Paraguay,PRY,2017,10,55.5117514516101,54.5053966172652,56.6618025733063
Guyana,GUY,2017,6,55.50535233068,52.7131139394235,64.3170982542206
India,IND,2017,10,55.415777822787,54.2526095013947,56.3741863846484
Zambia,ZMB,2017,10,55.3183779522533,54.2885687738318,56.3718093840077
Honduras,HND,2017,9,55.1989943574586,50.7576068633695,58.3795203429847
Lesotho,LSO,2017,8,55.0333835182801,48.6312506298245,56.7384663482598
South Africa,ZAF,2017,10,54.8068705820649,53.6053454442679,55.8316231314614
Kazakhstan,KAZ,2017,10,54.7575614020572,53.6188503350778,56.1275069317169
Rwanda,RWA,2017,10,54.6944848932506,53.5942079525947,55.7012029125798
Indonesia,IDN,2017,10,54.6532961243125,53.5497895246803,55.7582270871573
Ecuador,ECU,2017,9,54.2472913324004,53.0395449892924,55.4767791392112
Trinidad and Tobago,TTO,2017,7,54.1213951076032,51.3714078767395,65.4006703762823
Namibia,NAM,2017,10,53.0798146898777,51.8437384611314,54.2042093508834
Belarus,BLR,2017,9,52.6966471117873,51.0019462379332,56.3276191235864
São Tomé and Príncipe,STP,2017,6,51.9064490060664,47.2802568003678,61.0353638869234
Haiti,HTI,2017,7,51.6505663274986,44.2640021663278,52.0952984556497
Gambia,GMB,2017,6,51.5928141926182,43.340744717593,63.5249529132111
Morocco,MAR,2017,10,51.5928141926182,50.3884661728575,52.5891897774383
Mali,MLI,2017,10,51.1928933548738,49.7720786816998,52.2827659601532
Yemen,YEM,2017,8,51.1155302769888,46.7228189200666,54.2026851020525
Azerbaijan,AZE,2017,8,50.5278751188007,46.364743905739,54.2584173157051
Mozambique,MOZ,2017,10,50.411891024564,48.5444337660146,52.4852252628105
Egypt,EGY,2017,9,50.3638208274329,47.8094485892304,52.566455004129
Benin,BEN,2017,10,50.0406489488054,48.655438743711,50.9470497484652
Brazil,BRA,2017,10,49.7910343454982,48.5710392971758,50.7859328994635
Laos,LAO,2017,10,49.7451109417869,48.5683518797047,51.0786875822645
Eswatini,SWZ,2017,7,49.6298684813347,45.0574032153882,57.1240409822954
Argentina,ARG,2017,10,49.5014377864742,48.3102712706659,50.6349123524456
Tunisia,TUN,2017,10,49.4453836489799,48.0407142367795,50.5852010305025
Malawi,MWI,2017,8,49.3986164026919,41.5093042176764,49.7518743460379
Ghana,GHA,2017,10,48.7172164828691,47.5533444740711,49.897859750682
Bahamas,BHS,2017,6,47.8791531317153,37.6627675133161,56.5997088283183
Senegal,SEN,2017,10,47.6215379917787,46.5450240297597,48.7197641633603
Togo,TGO,2017,9,47.4919196781477,44.3519891555904,49.8559471898097
Sri Lanka,LKA,2017,8,47.4468319389885,45.6774411482586,54.1317524189967
Guinea,GIN,2017,8,46.8145836543222,44.1786112843566,53.8449320785395
Tanzania,TZA,2017,9,46.570063750265,45.0101063537825,47.8034758014198
Burkina Faso,BFA,2017,9,46.2870179259711,45.7866767053337,51.4176996372441
Côte d'Ivoire,CIV,2017,10,46.2870179259711,45.0183324602357,47.251505040854
Bolivia,BOL,2017,8,45.8130698249183,42.2880759553578,50.3413724884528
Nigeria,NGA,2017,9,45.8040902277238,45.0250333272581,49.9258925769649
Cabo Verde,CPV,2017,6,45.0150982371175,27.2599014062384,52.628608382322
Madagascar,MDG,2017,10,45.0150982371175,43.7144700544489,46.2066645796748
Libya,LBY,2017,7,43.7650535390358,32.3867526690022,44.2562245915807
Nepal,NPL,2017,9,43.7088303995707,42.4414810137602,44.9666920864475
Niger,NER,2017,9,43.1641401624076,41.3103810419004,47.3453623674895
Gabon,GAB,2017,8,42.7308374546407,32.7406464727417,43.6423924857828
Uzbekistan,UZB,2017,7,42.7308374546407,37.1362518151002,50.1642459707841
Tajikistan,TJK,2017,10,41.443206186651,40.1017257239885,42.758943098258
Bangladesh,BGD,2017,9,41.3436152179054,40.238955377192,43.6612750896063
Ethiopia,ETH,2017,8,41.0026933654818,35.049354387999,44.5441090012663
Fiji,FJI,2017,5,39.9741471789107,23.2450400759795,43.9794768322127
Mauritania,MRT,2017,8,39.9741471789107,38.8557363095857,48.7488193776518
Pakistan,PAK,2017,10,39.9741471789107,38.3997705259974,41.5310818687392
Algeria,DZA,2017,10,39.7396129188844,38.0060318581722,40.8558097536909
Guinea-Bissau,GNB,2017,5,39.7396129188844,27.0091669090423,42.7096200793685
Cameroon,CMR,2017,9,39.3511188671302,36.5079886904399,44.0955414452098
Iraq,IRQ,2017,7,39.283134713443,30.5068097333095,42.4394637980756
Republic of Congo,COG,2017,7,38.9570663130003,33.0685179377934,49.8875866504422
Turkmenistan,TKM,2017,6,38.9570663130003,25.3731558600776,42.4935190894202
Liberia,LBR,2017,7,38.4902658345982,31.9002942130043,44.3894398623412
Comoros,COM,2017,5,38.4700089398318,27.3209992773198,41.5392854507098
Burundi,BDI,2017,8,37.5323703889061,31.4201911051004,41.3830035664967
Venezuela,VEN,2017,9,37.4104933959352,34.4826707727733,38.6536009357524
Angola,AGO,2017,9,37.1651737201633,34.3028043364841,40.9614842449733
Cuba,CUB,2017,6,37.0536314784666,36.6368866301421,47.5708381457587
Zimbabwe,ZWE,2017,10,35.7638799572272,33.7984384856172,36.9301297903181
Chad,TCD,2017,8,34.6276436714609,29.5492236266045,37.0147337713306
Democratic Republic of Congo,COD,2017,6,33.6264346912067,29.6625727722541,50.9278987987232
Central African Republic,CAF,2017,6,33.1662480317799,28.5023675916293,39.7578858366773
Myanmar,MMR,2017,6,33.019660680401,26.1664015785065,47.3753206403027
Sierra Leone,SLE,2017,6,32.7473578952973,26.5547335762413,36.8656198829851
Equatorial Guinea,GNQ,2017,6,31.6647572391565,29.477430651201,48.6398938332373
Sudan,SDN,2017,7,30.3409158337794,23.3453228185487,33.7408425600918
Afghanistan,AFG,2017,7,28.7911244593319,22.9152898567198,37.7737450611715
Syria,SYR,2017,5,25.6692277045827,15.5526784438167,30.3376244721733
Iran,IRN,2017,9,22.2907968872982,17.6259141463635,26.9556796282328
Luxembourg,LUX,2016,6,96.2735286213586,90.5828552522328,98.0071867161096
Hong Kong,HKG,2016,8,93.8164597360559,88.5783080751692,95.1021078238206
Singapore,SGP,2016,10,90.2062636912046,88.0983819033959,92.073615786482
Ireland,IRL,2016,8,86.6192247672325,82.8950683051869,89.6024246583244
United States of America,USA,2016,9,81.2015980973945,80.8851249902428,83.3112419717206
Hungary,HUN,2016,9,80.7345431679966,79.465851153419,82.575681804494
Netherlands,NLD,2016,8,80.141339305103,77.281116071956,82.8460281788198
Belgium,BEL,2016,7,79.7207825711805,75.3730495450203,83.316645328918
Malta,MLT,2016,7,79.2571373947819,74.3165352012022,81.600223485456
Switzerland,CHE,2016,7,78.5769537403615,73.2750805183742,81.6265886837519
United Arab Emirates,ARE,2016,10,78.0636393165893,76.822064782665,79.0088126304187
Denmark,DNK,2016,8,77.6803310384732,75.6629740098934,79.697688067053
Germany,DEU,2016,8,77.2086867100566,75.5794197905078,80.6955626491987
Czech Republic,CZE,2016,9,77.1051771427823,74.5650121932573,77.9015412626043
Seychelles,SYC,2016,7,76.8284387681417,70.6121601477507,79.6598639116242
Cyprus,CYP,2016,7,76.723341364565,65.0831532098027,82.4117594515639
Sweden,SWE,2016,8,76.004195943777,74.3703446005192,78.0583485539304
Latvia,LVA,2016,9,75.8566943169607,74.0001869137671,77.7132017201542
Slovakia,SVK,2016,9,75.2703445680971,73.8663425486123,77.5308661440614
Finland,FIN,2016,8,74.3790359638812,71.2373720113172,75.6960166598531
Romania,ROU,2016,8,74.3529979874789,71.1063315538074,77.9300481417864
Norway,NOR,2016,9,74.1568813213859,74.034067738657,76.2402618154845
Austria,AUT,2016,8,73.5160195792595,71.9356204026485,75.749213982467
Estonia,EST,2016,9,73.264529805413,71.3140147002482,75.0865807139289
Portugal,PRT,2016,8,72.9933132105411,72.6592510327782,77.4770586847788
Italy,ITA,2016,8,72.9210866008654,71.6904670089332,76.0697594727051
Japan,JPN,2016,9,72.6778351000056,71.496450878787,73.8022653144445
Bahrain,BHR,2016,10,72.5461881784263,71.2760340720513,73.5211305793853
New Zealand,NZL,2016,9,72.4059097384935,71.0306360793894,73.3805717949537
France,FRA,2016,8,72.334398873444,72.0575641213018,77.9537738003217
Canada,CAN,2016,9,71.968978499703,70.0834475399723,73.6519563242879
Slovenia,SVN,2016,9,71.5813862283426,69.5931764277917,73.1484085224134
Malaysia,MYS,2016,10,70.5532753677572,69.4007519604676,71.5924360923412
Lithuania,LTU,2016,9,70.5210891697185,67.3158911675684,71.397781941024
Panama,PAN,2016,10,70.3774349860522,69.5356703657063,71.4080908361681
Qatar,QAT,2016,10,70.0895718429434,69.1029411247507,71.1399892586654
United Kingdom,GBR,2016,8,69.9643336584638,69.6542993053751,76.2366336582979
Spain,ESP,2016,7,69.4147586368882,64.3398882265324,72.7220925593463
Poland,POL,2016,9,69.3642599871212,66.3797094493207,71.629432224223
Bulgaria,BGR,2016,9,68.2989184128035,68.0338385181682,73.6863376594813
Serbia,SRB,2016,8,67.8230454497181,61.8070088125997,68.8746618610355
Chile,CHL,2016,10,67.2044166834911,66.4440362129919,68.2413280629867
Israel,ISR,2016,9,66.9104582746098,65.300605073032,68.1888437904035
Mauritius,MUS,2016,10,66.5346669739099,65.3951549572649,67.687174536486
Lebanon,LBN,2016,10,66.3736859815815,65.3666025060982,67.3979928340652
Greece,GRC,2016,8,66.3643066754424,63.3181732281463,69.6365872029924
Timor-Leste,TLS,2016,6,66.2554203065711,43.0536133941962,68.3158006056597
Georgia,GEO,2016,10,65.9061884477897,64.8248295191585,66.8391461078178
South Korea,KOR,2016,10,65.7693789660334,64.9006618343545,66.918008127037
Iceland,ISL,2016,8,65.7231364539343,61.9012690666477,69.5844242152949
Australia,AUS,2016,9,65.4765901257605,63.1158849364374,66.9468691020093
Thailand,THA,2016,10,65.0991801763267,63.8751213050187,66.0500108994284
Jordan,JOR,2016,10,65.0456835066145,64.1540092644835,65.9884131790584
Montenegro,MNE,2016,9,65.0177349742542,61.7587735944425,66.1054177551947
Costa Rica,CRI,2016,10,64.9312067780628,64.1451665559325,65.89085157059
Albania,ALB,2016,9,64.8392916784623,62.2790679103784,68.6684615372722
Croatia,HRV,2016,9,64.7879961498654,63.6314249759001,67.8289774259647
São Tomé and Príncipe,STP,2016,6,64.5738295980008,53.4007930234032,66.0179728037236
Kyrgyzstan,KGZ,2016,10,64.2023812422262,63.3261153560675,65.5242884644249
Peru,PER,2016,10,63.948136379346,63.1764633476158,64.9158720892167
Kuwait,KWT,2016,10,63.8390751389613,62.9225980382165,64.8815081237955
Saudi Arabia,SAU,2016,10,63.7499901932445,63.0108304306246,64.829130777512
Uruguay,URY,2016,10,63.3836822509453,62.5559834331409,64.2537840946608
El Salvador,SLV,2016,10,63.2822218813138,62.5144048450377,64.4713904615907
Guatemala,GTM,2016,10,63.2290883490374,62.480296760491,64.1898845370552
Armenia,ARM,2016,8,63.1571066659896,58.8535103231666,68.5032184733369
Vietnam,VNM,2016,10,63.0403180382714,61.9251969721643,64.2394077820102
Cambodia,KHM,2016,10,62.0376500033275,60.8941995457871,63.0284766572775
Bosnia and Herzegovina,BIH,2016,10,61.9969522048899,60.9921133843821,62.9811726846927
Jamaica,JAM,2016,9,61.3025200622662,59.1925937673642,64.4098607484028
Mexico,MEX,2016,10,61.2741467183409,60.3795163519751,63.3338892673685
Nicaragua,NIC,2016,8,61.0470596201156,53.7443378630265,63.609197800336
Guyana,GUY,2016,6,60.6187519830109,52.4669461526134,65.7422847082303
Ukraine,UKR,2016,10,60.3851421403554,59.1866735291214,61.43401957555
Russia,RUS,2016,10,60.3391356600004,59.462349506676,61.2301051536388
Paraguay,PRY,2016,10,60.2012900759239,59.2609181964505,61.1116076962147
Papua New Guinea,PNG,2016,7,59.879931789672,45.5893180043832,66.7367772062629
Botswana,BWA,2016,10,59.6177037078896,58.6013393273738,60.8502937776701
Philippines,PHL,2016,10,59.4235138703387,58.4579125447241,60.3924881607243
China,CHN,2016,10,59.330881547218,58.4259664122473,60.2975067160629
Uganda,UGA,2016,9,58.8822977637324,54.4549216448575,59.8221325712627
Turkey,TUR,2016,10,58.7375963185699,57.8607718494275,59.7086093695885
Indonesia,IDN,2016,10,58.0862139523609,57.0428138286083,58.9921857065061
Zambia,ZMB,2016,10,58.0347805130255,56.9439498451015,59.0201656651427
North Macedonia,MKD,2016,8,57.7466167883829,56.4125859751437,66.3391926933012
Dominican Republic,DOM,2016,10,57.4900540697146,56.5582971300197,58.8407344357166
Trinidad and Tobago,TTO,2016,7,57.2170092269547,55.0518596198633,65.7486912899467
Kenya,KEN,2016,10,56.5113758991536,55.5128925054955,57.3580645485073
Moldova,MDA,2016,10,56.3039077550736,55.2698251859188,57.3473174956752
Rwanda,RWA,2016,10,56.2007665433718,55.1864893502514,57.1549542422062
Colombia,COL,2016,10,56.0201439144255,55.1257069854148,56.9994807921485
Oman,OMN,2016,10,55.7177079685369,54.6657016761837,57.281184169489
Haiti,HTI,2016,8,55.1472058454824,50.4818573728383,58.6893428204944
Honduras,HND,2016,10,54.9264029760861,53.8990871805832,56.5093205036114
South Africa,ZAF,2016,10,54.7295851771825,53.8201457903913,56.0915622196433
India,IND,2016,10,54.2014721443727,53.2066396170697,55.1884700290982
Kazakhstan,KAZ,2016,10,53.9377143352236,52.9165553168911,54.8148537122643
Mali,MLI,2016,9,53.3051589212101,47.9342837408707,54.3352417739825
Ecuador,ECU,2016,9,53.2345138012479,52.3104469922055,54.7572448409532
Benin,BEN,2016,10,51.74346277513,50.625255155076,52.9370617368977
Lesotho,LSO,2016,8,51.7387190580799,48.7640938051428,55.7941154113116
Morocco,MAR,2016,9,51.1942907843904,49.2287067508813,55.0699910220598
Nigeria,NGA,2016,9,51.0327820515627,49.4714605563147,55.010275505919
Senegal,SEN,2016,10,50.8049430375288,49.6745600530753,51.8209314573257
Gambia,GMB,2016,8,50.7861546191413,42.5606544504865,56.0699772198438
Eswatini,SWZ,2016,8,50.3717210420934,46.2329643502089,56.3381669160377
Ghana,GHA,2016,10,50.2978434302521,49.2850912899094,51.3458151235155
Namibia,NAM,2016,10,50.1312257950933,48.9484131282367,51.5234656711443
Turkmenistan,TKM,2016,6,50.0008408180401,22.243338599948,51.0398161657583
Laos,LAO,2016,10,49.9787057824614,49.0955159186719,51.4717884279453
Malawi,MWI,2016,9,49.9225345578502,48.3791810690356,53.5713013136689
Azerbaijan,AZE,2016,10,49.5991454118103,48.3566328327596,50.7329763868601
Brazil,BRA,2016,10,49.40765960584,48.2923492536602,50.6352184551124
Madagascar,MDG,2016,10,49.396364688048,48.1904760797703,50.395371963534
Argentina,ARG,2016,10,49.2873775376315,47.9007874268699,50.2220549810315
Yemen,YEM,2016,10,49.2078982983133,48.0976249559302,50.5188000863388
Pakistan,PAK,2016,10,49.0160285984594,47.9212165675045,50.1342828578786
Sri Lanka,LKA,2016,10,48.4772967128061,47.3855707199717,49.7966992119347
Belarus,BLR,2016,9,48.3461773799637,47.7059446168897,56.4556949565567
Bolivia,BOL,2016,8,48.2722605514541,40.914215417361,51.9751639120018
Bahamas,BHS,2016,6,47.9776641570502,35.6857325237816,56.8295434037455
Egypt,EGY,2016,10,47.7705281818937,46.6387437822307,49.0377835375846
Côte d'Ivoire,CIV,2016,10,47.3522317044344,46.1911910025708,48.5438881894119
Tunisia,TUN,2016,10,46.520606987795,45.248594669563,47.8382863972711
Burkina Faso,BFA,2016,10,46.3183775363083,45.1844729775077,48.0318800999111
Togo,TGO,2016,9,45.5617577866669,37.0836044603716,49.2969759466007
Mozambique,MOZ,2016,10,45.4131150805064,44.1049922304668,46.9994269388144
Bangladesh,BGD,2016,10,45.1562642840438,43.9775821834526,46.2672247683173
Nepal,NPL,2016,9,44.7687087075833,43.1405942912802,46.3865538087855
Cabo Verde,CPV,2016,7,44.4125741195363,40.3533790553098,57.3877004095829
Guinea,GIN,2016,9,44.3268472322412,40.9128277017377,46.6496981407416
Tajikistan,TJK,2016,8,44.1589564171035,37.954697929662,45.5331723987554
Uzbekistan,UZB,2016,8,43.8528715750905,29.5118419887588,46.3867789483912
Cameroon,CMR,2016,10,43.7269849299031,42.3753798064404,44.9515001161589
Chad,TCD,2016,8,43.6896066291629,40.1802550932803,47.1989581650454
Tanzania,TZA,2016,9,43.684207026473,42.1155432917604,44.6694558611242
Libya,LBY,2016,8,43.5219284332608,33.8059765657591,43.9458260450675
Mauritania,MRT,2016,10,41.0401377663221,39.6497841428506,42.4520328059709
Equatorial Guinea,GNQ,2016,6,40.7909677364322,33.5343420641476,52.4651726499056
Fiji,FJI,2016,6,40.6717119201202,36.7917212036995,55.7222176151817
Guinea-Bissau,GNB,2016,6,40.6114709270127,25.5479786016168,51.270039186624
Liberia,LBR,2016,8,40.489765468599,32.3738090990671,44.1022887875854
Algeria,DZA,2016,10,40.3509231748063,38.9441578121001,41.8707538847959
Mongolia,MNG,2016,10,40.1861882781598,38.9226681289629,43.7863916241312
Republic of Congo,COG,2016,8,38.9977032744076,29.8500983088608,49.200143736257
Ethiopia,ETH,2016,9,38.7109672959667,37.0555016564937,40.5660441681714
Cuba,CUB,2016,6,37.8689176325111,19.132467269035,41.7918362634619
Sierra Leone,SLE,2016,5,36.9395180565764,31.0406747770817,41.6876378903616
Comoros,COM,2016,6,36.8127687126835,27.7807274517442,48.8549261546897
Iraq,IRQ,2016,8,36.6137054191098,29.3939104869471,43.6540129942126
Niger,NER,2016,9,35.9160656102282,29.6989038914063,43.4678430321463
Central African Republic,CAF,2016,7,35.514163465673,28.6841230694887,43.594889519093
Gabon,GAB,2016,8,35.483391248647,27.6258806492655,40.6684866594792
Venezuela,VEN,2016,10,35.3123469998637,33.6144067725093,37.0668738475934
Burundi,BDI,2016,8,34.3169758455775,21.9039887873396,35.5015762745782
Myanmar,MMR,2016,8,33.2146587863184,29.0731656105167,40.9540256901156
Democratic Republic of Congo,COD,2016,6,32.5453078933084,26.1552654176176,50.7153657528825
Zimbabwe,ZWE,2016,10,31.8923345204674,29.9749282216155,34.0533864769599
Angola,AGO,2016,10,30.415132487652,28.5265623850001,32.4785872157513
Sudan,SDN,2016,8,29.3851301363915,27.7290959131786,39.9205351417685
Afghanistan,AFG,2016,8,27.2847950242915,25.0802213099449,41.4825270605877
Syria,SYR,2016,6,27.0168587566905,0,29.4774804138267
Iran,IRN,2016,8,24.4098242073729,17.6497743679236,29.2427620924691
Hong Kong,HKG,2015,8,95.1974120257334,89.7991133359846,96.8768517808249
Singapore,SGP,2015,10,91.4315729306775,89.2373118280293,93.6036174684189
Luxembourg,LUX,2015,6,90.206448405807,88.4715923781918,96.9675920641036
Ireland,IRL,2015,8,85.277752989886,82.2505765534477,88.9160736649366
Cyprus,CYP,2015,7,83.1858306169954,70.5879483792047,95.3787382260936
United States of America,USA,2015,9,81.6045671466481,81.3102747400455,83.7069661412803
Hungary,HUN,2015,9,80.9275243129203,79.3571008872229,82.7472612939941
Netherlands,NLD,2015,8,80.4002970946231,76.8977445845503,82.6194190687936
United Arab Emirates,ARE,2015,10,77.9305498856173,76.8246707519563,78.9590405721788
Germany,DEU,2015,8,77.6413390309268,75.035727185975,78.3661219546996
Switzerland,CHE,2015,7,77.0989748054374,73.0613521167159,80.8162937826674
Belgium,BEL,2015,7,77.0592934294914,75.2435371793642,82.6018205547568
Sweden,SWE,2015,8,76.6934676155296,73.7921231023207,78.0503384512125
Slovakia,SVK,2015,9,76.4237886046983,73.5906718099443,77.3519923871356
Czech Republic,CZE,2015,9,76.1661044606842,73.8810190819664,77.0636858611503
Denmark,DNK,2015,8,75.8572259733393,73.8993503184439,77.6951378626769
United Kingdom,GBR,2015,8,75.2214461428455,72.3894812942089,76.7847996837297
Finland,FIN,2015,8,74.9717313360667,72.6834231170235,77.0114527892499
Austria,AUT,2015,8,74.4347034638318,71.5362127737083,75.4873888071648
Portugal,PRT,2015,8,74.3362465422839,73.2042742741241,77.6257419989674
Italy,ITA,2015,8,74.3169808255074,71.9533676212518,76.200842472535
France,FRA,2015,8,74.309170399941,71.6137777453533,77.1395791750013
Estonia,EST,2015,9,74.1739562534966,71.4432635659937,75.580998885957
Norway,NOR,2015,9,74.1069007709207,72.5547398891775,75.0956860524976
Malta,MLT,2015,7,74.0233489246758,70.6674656894445,81.2600163229814
Latvia,LVA,2015,9,73.1990980456506,71.6602740066229,75.542272532643
Japan,JPN,2015,9,72.7221141601618,71.3474842609525,73.899151947521
Bahrain,BHR,2015,10,72.6761648036118,71.5595181557355,73.6636578002627
Canada,CAN,2015,9,72.5878516654703,70.7386470968152,74.2624576471984
New Zealand,NZL,2015,9,72.0773290602657,70.5970158607591,73.1151976577055
Romania,ROU,2015,8,71.8966473643336,70.7590580084049,77.6081540613569
Seychelles,SYC,2015,7,71.5330599562325,66.8728462154148,78.9040267736308
Slovenia,SVN,2015,9,71.3018876129196,69.39069468017,73.2355135658545
Qatar,QAT,2015,10,70.2604796046181,69.3271898549495,71.2854771570878
Bulgaria,BGR,2015,9,69.9754130376776,69.7265028651064,74.0037451766124
Malaysia,MYS,2015,10,69.9492842233184,68.8744693903805,70.8616331701507
Panama,PAN,2015,10,69.7303002127962,68.8524090263808,70.8277856208702
Spain,ESP,2015,7,69.5209701534527,63.8758043709611,72.45828769569
Poland,POL,2015,9,68.6556048077865,66.2015890767179,70.428805272708
Lebanon,LBN,2015,10,67.8840524858221,67.065927739597,68.9514172301407
Greece,GRC,2015,8,67.6788648256443,64.142652714537,70.7649917416091
Chile,CHL,2015,10,67.6366085994289,66.7820947579383,68.7185478966363
Papua New Guinea,PNG,2015,7,67.3853941299783,57.119752064576,77.6510361953806
Mauritius,MUS,2015,10,67.1304773427199,66.0098661629002,68.3192660755116
Lithuania,LTU,2015,9,67.0934659242493,67.027174358627,71.5057334909768
Georgia,GEO,2015,10,66.9036833735112,65.8581543833119,67.8013402609419
South Korea,KOR,2015,10,66.1910113686144,65.3142025042458,67.3842513239166
Israel,ISR,2015,9,66.1049718068054,63.9736028872449,67.3879544937029
Jordan,JOR,2015,10,65.8855151438953,65.0002830225195,66.8160425356416
Kyrgyzstan,KGZ,2015,10,65.732964561907,64.7820039662653,66.8450297186493
Australia,AUS,2015,9,65.483832431778,63.2906654571067,66.7756444792482
Serbia,SRB,2015,8,65.2242805622307,60.6041998716821,68.3117125557287
Thailand,THA,2015,10,65.1304039067298,64.0870084570672,66.2348969846348
Croatia,HRV,2015,9,65.0550979075013,63.6638025782667,67.6916143506767
Costa Rica,CRI,2015,10,64.7294801611515,63.9443091537704,65.8348055588775
Saudi Arabia,SAU,2015,10,64.2817032798631,63.5340979947083,65.3422336500627
Albania,ALB,2015,9,64.2550914616298,62.776688312104,68.5051299702876
Kuwait,KWT,2015,10,64.1248012958565,63.2182055812981,65.2131722380456
Bosnia and Herzegovina,BIH,2015,10,64.0033692264404,63.1524686191249,64.9393111432012
Peru,PER,2015,10,63.7797014017696,62.9446756159374,64.8115345965063
Uruguay,URY,2015,10,63.5984121233339,62.8712097628801,64.5359359416128
Montenegro,MNE,2015,9,63.4286842300348,60.844827005168,65.3079661143509
Guatemala,GTM,2015,10,63.3394050784935,62.5996766790966,64.3418614432717
El Salvador,SLV,2015,10,63.0236641394643,62.2410053932901,64.2173207248329
Vietnam,VNM,2015,10,62.1945228307329,61.1031078747588,63.2664115951534
São Tomé and Príncipe,STP,2015,6,61.6938211428261,54.8778830003444,68.9228204011094
Mexico,MEX,2015,10,61.460308381592,60.537063132332,63.2647519077201
Jamaica,JAM,2015,9,61.1629728008422,58.1728374934312,64.1009926883074
North Macedonia,MKD,2015,8,60.7783535148006,57.1074622333325,65.845880757849
Cambodia,KHM,2015,10,60.7503581728706,59.6886853852297,61.6838616540362
China,CHN,2015,10,60.6868118217497,59.7943431409953,61.5335726703103
Trinidad and Tobago,TTO,2015,7,60.2096912170701,55.2876474586866,65.4533421045544
Ukraine,UKR,2015,10,60.1612713813487,59.1233353574375,61.1369964034871
Iceland,ISL,2015,8,59.8148594670845,59.3322105523666,69.3277597220288
Armenia,ARM,2015,8,59.5877350654266,59.3389152882765,68.0016684302302
Paraguay,PRY,2015,10,59.5318077551901,58.6890451791191,60.4796228723947
Russia,RUS,2015,10,59.3119242138265,58.4035272974216,60.2199958112919
Turkey,TUR,2015,10,59.2750208100719,58.4414292537564,60.24724262833
Botswana,BWA,2015,10,59.1024117172313,58.1768956932841,60.4901002679151
Indonesia,IDN,2015,10,59.0145578940907,58.0156596397139,59.8436139031626
Philippines,PHL,2015,10,58.8292853706687,57.8852418592336,59.8165005554427
Dominican Republic,DOM,2015,10,58.6751894407721,57.8099110625879,60.0125647774033
Uganda,UGA,2015,9,57.9821721581836,54.4014548302772,60.4904218262459
Guyana,GUY,2015,6,57.7901665955953,51.0216668784108,64.240272199186
Moldova,MDA,2015,10,57.0365153452376,56.0011490399542,58.0646353844115
Oman,OMN,2015,10,56.896362161183,55.8814146896451,58.4374871511786
Kenya,KEN,2015,10,55.9600095837756,54.926722626143,56.7947784768587
Haiti,HTI,2015,8,55.9179607678503,51.169975501472,57.4284741982718
Rwanda,RWA,2015,10,55.8549424029342,54.8297865250831,56.7585728168579
Colombia,COL,2015,10,55.7899181050318,54.9520664021892,56.836476513808
Zambia,ZMB,2015,10,55.727986630485,54.633899840841,56.8357811095039
Honduras,HND,2015,10,55.3688186290331,54.295182972405,56.8994653907277
Ecuador,ECU,2015,9,55.2123656604033,54.1580592054718,56.6695227253256
Morocco,MAR,2015,9,54.7632109225234,49.6572145523286,55.8101468017783
Kazakhstan,KAZ,2015,10,54.2984474610651,53.3065526361113,55.192400098245
Nicaragua,NIC,2015,8,54.2049528023853,53.6608612548594,64.796792065818
India,IND,2015,10,54.1773836995316,53.1608124745851,55.0655620160622
South Africa,ZAF,2015,10,53.5403217878831,52.5923259299575,55.0342600454201
Gambia,GMB,2015,8,53.0977419876682,45.6392518782787,58.4587787719742
Mali,MLI,2015,9,53.0785534179279,47.6936653650322,53.9549278854583
Turkmenistan,TKM,2015,6,52.6577142900381,24.5059389569532,52.7320930672367
Timor-Leste,TLS,2015,6,52.571019170291,44.6098208905874,70.8112444246881
Yemen,YEM,2015,10,52.5043815719787,51.4059307218289,53.6865506416988
Malawi,MWI,2015,9,52.494631435556,48.5394374224232,54.3206100745286
Benin,BEN,2015,10,51.6622211262196,50.5725926501571,52.8661950506779
Brazil,BRA,2015,10,51.0688116619246,49.9473953345476,52.1743947520643
Sri Lanka,LKA,2015,9,50.5826689846539,48.2187942402065,53.8644379381093
Lesotho,LSO,2015,8,50.3419406866144,48.2950199889154,56.9113905849118
Nigeria,NGA,2015,9,50.2490253519865,49.3561022566899,55.4292929824463
Laos,LAO,2015,10,50.0243577641621,49.0040592013618,51.4190031811339
Senegal,SEN,2015,10,50.0058611548425,48.9241502722925,51.0013069326991
Ghana,GHA,2015,10,49.9938413536102,49.0551646547409,51.0321998389556
Azerbaijan,AZE,2015,10,49.8420992192794,48.4908520584772,50.9395206865404
Madagascar,MDG,2015,10,49.7000997923758,48.6196485330449,50.8020061038462
Pakistan,PAK,2015,10,49.5971245864506,48.5160770992002,50.6800829298276
Argentina,ARG,2015,10,49.5617342876173,48.2913413653203,50.6056614539078
Tunisia,TUN,2015,10,49.5025042255942,48.2703045462179,50.7151527144298
Eswatini,SWZ,2015,8,49.4593187074268,46.4404646429661,56.5490116846066
Namibia,NAM,2015,10,49.4515245614266,48.3280161709308,50.9263754657887
Bolivia,BOL,2015,8,48.8871429396791,42.2349899121534,53.8914725578122
Egypt,EGY,2015,10,48.3638207428218,47.1581169526997,49.358156910387
Côte d'Ivoire,CIV,2015,10,48.2153103807144,46.8984123726693,49.1923830049372
Liberia,LBR,2015,8,47.6247298981097,38.7345866956454,49.165207035376
Belarus,BLR,2015,9,47.4916290305919,47.2220304411911,56.1666879087107
Cameroon,CMR,2015,10,46.2032094406569,44.8088371152269,47.3389853708601
Tajikistan,TJK,2015,8,45.5100695171072,39.073587236972,46.7558034783731
Bangladesh,BGD,2015,10,45.4550535414478,44.3695509533327,46.6882233105092
Mozambique,MOZ,2015,10,45.4351306716801,44.0105218505547,47.607050262125
Burkina Faso,BFA,2015,10,45.0242493760515,43.8353763761281,46.8997262979709
Iraq,IRQ,2015,8,44.6298682169048,29.0894923557347,45.2728749718368
Guinea,GIN,2015,9,44.3815073076539,40.7898184334584,46.689386766781
Tanzania,TZA,2015,9,43.8420676067177,42.847701114902,45.4527203721828
Cabo Verde,CPV,2015,7,43.2127068101259,37.2617872323775,55.0900042312848
Guinea-Bissau,GNB,2015,6,42.8776071524673,26.8409379315321,50.4603460726018
Nepal,NPL,2015,9,42.8375929253931,41.4559000513517,44.8298893741186
Sudan,SDN,2015,8,42.5703445070619,27.5519794825825,43.191757039099
Bahamas,BHS,2015,6,42.0801215823812,39.9383312309855,58.1655492447906
Fiji,FJI,2015,6,41.9814198260652,34.6120875071935,54.934872972986
Mongolia,MNG,2015,10,41.3635589695403,39.8995110325127,44.8550134292088
Uzbekistan,UZB,2015,8,40.7400435247095,32.1934789982442,47.2019929973079
Niger,NER,2015,9,40.634657116806,31.5631865512963,43.8653177682308
Mauritania,MRT,2015,10,40.3019431815984,38.790759946487,41.8539291642559
Central African Republic,CAF,2015,7,40.2106413746247,29.4732989193947,44.672610437089
Cuba,CUB,2015,6,40.1731209568006,25.0003015563488,45.0763698596081
Afghanistan,AFG,2015,8,39.8419532909768,27.4494707352987,42.7816376760712
Algeria,DZA,2015,10,39.7406353142924,38.3340547344265,41.0564296009158
Equatorial Guinea,GNQ,2015,5,38.9566746238295,32.5893170178744,52.5154002856334
Chad,TCD,2015,8,37.7332148746878,24.3700956342469,38.8630740981568
Togo,TGO,2015,9,37.5389827841852,36.8841852910068,49.8186629715239
Sierra Leone,SLE,2015,5,37.3273792686404,31.2828623083721,41.446133396286
Ethiopia,ETH,2015,9,36.2680887922848,34.125541711414,39.4552163417283
Comoros,COM,2015,6,34.8583922502032,29.0824558372474,48.8899211047283
Libya,LBY,2015,8,34.2613160999932,31.8575637118667,41.9895383696684
Republic of Congo,COG,2015,8,33.0545273601816,26.8993111714385,45.7517042809641
Venezuela,VEN,2015,10,32.7451746281274,30.8782375132725,34.8685508223253
Democratic Republic of Congo,COD,2015,5,31.862107729551,26.5950223569524,51.5477369239431
Syria,SYR,2015,6,31.823260126846,3.58406557057154,33.8311902001626
Zimbabwe,ZWE,2015,10,30.5940951206304,28.5067727897044,32.4187070784039
Myanmar,MMR,2015,8,29.8383736488754,26.9829219019807,41.1753094631784
Angola,AGO,2015,10,28.1173312880258,26.0763008126716,30.4669286969249
Gabon,GAB,2015,8,25.8209547137641,18.7093627999255,32.9325466276027
Iran,IRN,2015,8,25.0377142874095,16.351014839065,29.3550597661211
Burundi,BDI,2015,8,21.5813630662803,19.2786519492928,33.0311515956477
Hong Kong,HKG,2014,8,93.7248268247475,91.8424558873939,98.2885799135164
Luxembourg,LUX,2014,6,92.6358292554725,85.1778084230283,94.6527462174084
Singapore,SGP,2014,10,92.6327481603605,90.4309846889569,94.6814412521433
Ireland,IRL,2014,8,83.2717916625485,79.4470646630185,85.9613752565947
United States of America,USA,2014,9,83.2084987213891,81.67887750751,84.1776834431583
Cyprus,CYP,2014,7,81.6685292694351,70.5824385782205,93.8645778878988
Netherlands,NLD,2014,8,80.7617317684222,76.2586277701157,85.1238820089583
Hungary,HUN,2014,9,80.1324914231337,77.7665799954623,81.5065922659717
United Arab Emirates,ARE,2014,10,79.1839415383487,77.8910143875255,80.1459918472196
Seychelles,SYC,2014,7,78.6150592982271,65.1328721063243,79.0306812964916
Sweden,SWE,2014,8,78.432781768508,74.1925418410333,78.6484957603124
Finland,FIN,2014,8,77.9313632392546,74.7210616102602,79.1127968075578
Denmark,DNK,2014,8,77.6782013193397,74.7267664242538,78.3578710692424
Switzerland,CHE,2014,7,76.9727622826738,73.7641020240658,81.2159745771053
Slovakia,SVK,2014,9,76.6047623708494,73.9790775586427,77.3907537620764
Germany,DEU,2014,8,76.432222721857,74.4479240035528,78.2390276312042
Malta,MLT,2014,7,76.429159238348,70.5109885406187,82.50829933842
Belgium,BEL,2014,7,76.3944711973944,75.1886673347577,82.6736235920988
United Kingdom,GBR,2014,8,74.9607529696214,72.222217803734,77.1332898245026
Czech Republic,CZE,2014,9,74.7713988253649,72.2162990144269,75.8365851200039
Austria,AUT,2014,8,74.1091634635214,72.7031202954294,76.3466833733205
Portugal,PRT,2014,8,74.0924520388672,72.9173391046814,77.197807569348
Estonia,EST,2014,9,73.4821545510462,70.4191139865886,74.5611568687922
Canada,CAN,2014,9,73.4775370568423,72.0805679858097,75.0820921743531
Bahrain,BHR,2014,10,73.423044151811,72.0950902182625,74.4810187795549
Italy,ITA,2014,8,73.3316835687792,71.5589815933285,76.0044875102056
Norway,NOR,2014,9,73.1648262790446,71.8739616625947,74.0960904754819
Japan,JPN,2014,9,72.9002653248744,71.7935064215452,74.1208106557828
France,FRA,2014,8,72.8372269246152,72.2689880569881,77.4117101521885
Slovenia,SVN,2014,9,72.5968565738395,69.6810485908266,73.7107327964938
Romania,ROU,2014,8,72.0277179989547,70.0470056602726,76.8987661966364
Bulgaria,BGR,2014,9,71.8848875994245,70.3195083762373,74.8767299430135
New Zealand,NZL,2014,9,71.7221699223333,70.2981935861746,72.8179925402784
Latvia,LVA,2014,9,71.5754426226928,69.7637988836499,73.8118275593829
Qatar,QAT,2014,10,70.7801726241172,69.792180290818,71.6919830786156
Israel,ISR,2014,8,70.2882384646751,64.468135671409,70.6426483245569
Albania,ALB,2014,9,69.7829013954895,63.5535238240814,70.0683932588068
Panama,PAN,2014,10,69.4535757115828,68.5262433291454,70.5654525731743
Lebanon,LBN,2014,9,69.0684965288426,67.5658364202463,72.0960092498846
Lithuania,LTU,2014,9,68.4596333664559,66.4878966590464,71.9348092808199
Chile,CHL,2014,10,67.9008593469566,67.0149451740043,69.0377556086963
Georgia,GEO,2014,10,67.9008593469566,66.8746407619922,68.6552581217548
Mauritius,MUS,2014,10,67.7868503391821,66.7445565662503,68.8551508693996
Spain,ESP,2014,7,67.7647863431758,64.1145182609523,72.0176170897884
Poland,POL,2014,9,67.7327173488294,65.5385138141465,70.0351099249295
Greece,GRC,2014,8,67.5361590959999,62.330345529338,68.8348328833124
Malaysia,MYS,2014,10,67.4448149933607,66.302111001164,68.4290903643608
Kyrgyzstan,KGZ,2014,10,67.3836594323248,66.3825232651422,68.5760061370105
South Korea,KOR,2014,10,67.0426258896594,66.1988201749618,68.1451611417712
Iceland,ISL,2014,8,66.518259442794,62.895618270757,70.1385780022315
Costa Rica,CRI,2014,10,66.418712389702,65.6773233864771,67.490952959457
Australia,AUS,2014,9,66.3224997971579,64.2326817898825,67.5407891657196
Croatia,HRV,2014,9,65.7361591693283,64.0079791291648,68.0417952180202
Saudi Arabia,SAU,2014,10,65.6869025931548,64.8880099258062,66.6417910263034
Bosnia and Herzegovina,BIH,2014,10,65.5922578275889,64.6243032800838,66.5093631152264
São Tomé and Príncipe,STP,2014,6,65.3191233003643,58.0230459336517,70.9541612342713
Thailand,THA,2014,10,65.2992720961169,64.221128327516,66.2745262903192
Uruguay,URY,2014,10,65.0093736798802,64.3151564127679,65.9133124374925
Peru,PER,2014,10,64.4425650103022,63.6288999577043,65.4409123181713
Kuwait,KWT,2014,10,64.1410935174257,63.1986545724394,65.2002455582434
Jordan,JOR,2014,10,64.0528552814638,63.1537851819572,65.0255042215248
Guatemala,GTM,2014,10,63.094535710623,62.3077775947225,64.0773177852251
Serbia,SRB,2014,8,62.7844568886529,59.7966584468715,67.6093246055581
Nicaragua,NIC,2014,7,62.7391605289969,56.7931670216128,67.5022191292652
El Salvador,SLV,2014,10,62.2758051205987,61.5693552752767,63.5297935621077
Papua New Guinea,PNG,2014,7,61.9756212242706,50.0410528366523,69.6383266001591
Mexico,MEX,2014,10,61.810814308832,60.9909707943449,63.5400806962001
Vietnam,VNM,2014,10,61.8063420479173,60.8644669276842,62.7876715309527
China,CHN,2014,10,61.3144777771043,60.3428048544097,62.1861202070275
Oman,OMN,2014,10,60.7701221521196,59.8887475906033,61.9488821562113
Armenia,ARM,2014,8,60.6856516227746,57.9802572886564,67.9311376991318
Montenegro,MNE,2014,9,60.4471172432763,57.3209668477146,62.6227978630898
Turkey,TUR,2014,10,60.2791049258955,59.456325401976,61.253496345403
Cambodia,KHM,2014,10,60.1187615713368,58.9856646394582,60.9996124043541
Ukraine,UKR,2014,10,59.876270465592,58.7752412881371,60.7512220157102
Indonesia,IDN,2014,10,59.6749710671372,58.6948691395331,60.5486712310026
Jamaica,JAM,2014,9,59.6639292807709,55.1422380399499,60.9600677615626
Botswana,BWA,2014,10,59.550138923981,58.5465795410909,61.0606348607355
Dominican Republic,DOM,2014,10,59.3879410808714,58.4926494614313,60.5042643815686
Uganda,UGA,2014,9,59.1935978544034,56.1058749613566,62.0955972936482
Paraguay,PRY,2014,10,58.2365504847044,57.3139448732024,59.135978219686
Zambia,ZMB,2014,9,58.0674401738896,54.6180102450402,60.0920544538669
Russia,RUS,2014,10,57.3366493993972,56.4016375684922,58.224348991813
North Macedonia,MKD,2014,8,57.2790119355509,56.84038476628,66.6210079910143
Guyana,GUY,2014,6,56.6709127685208,51.0687893765,66.4039822172962
Trinidad and Tobago,TTO,2014,7,56.6709127685208,54.4776441987828,66.1213090748229
Philippines,PHL,2014,10,56.4768741393508,55.4881350931861,57.498716165142
Moldova,MDA,2014,10,56.4571146247418,55.4149642691649,57.3801982703169
Yemen,YEM,2014,10,56.4302015201914,55.5011650899109,57.5136625856098
Gambia,GMB,2014,8,56.4250962754163,45.3216066013919,58.8881692878324
Colombia,COL,2014,10,56.0702860540727,55.2222476738908,57.1316821573084
Ecuador,ECU,2014,9,55.8198972073205,54.8363185836352,57.6067200793893
Kenya,KEN,2014,10,55.1411296124835,54.1620352178867,56.0265108012061
Haiti,HTI,2014,8,54.8061743425753,47.267400462293,56.6312541598692
Benin,BEN,2014,10,54.6366276072797,53.662245079763,55.6291390827439
Honduras,HND,2014,10,54.3952839985479,53.3727550827776,55.8144669965783
India,IND,2014,10,53.7588388438348,52.7209002883043,54.681800058331
Kazakhstan,KAZ,2014,10,53.4881308567764,52.4912515921571,54.405691925695
Brazil,BRA,2014,10,53.2013145993285,52.1428887085553,54.3290456211553
Rwanda,RWA,2014,9,53.0772357491455,52.1533549028459,54.4508064642149
Tunisia,TUN,2014,10,52.9221590752269,51.8466227061194,54.0738052593036
Malawi,MWI,2014,9,52.8785385792221,48.4231807634215,53.5082242818236
Mali,MLI,2014,8,52.8669831736147,47.7638854422364,56.3759226417329
South Africa,ZAF,2014,10,52.2520507767269,51.148759760388,53.8465657612835
Argentina,ARG,2014,10,52.1623051337523,50.9947216052667,53.0496834498556
Nigeria,NGA,2014,9,52.0547347051433,47.4482208565214,53.6880792034387
Bahamas,BHS,2014,6,51.9320847589498,34.8439263642867,56.2689589491689
Azerbaijan,AZE,2014,10,51.3244447340517,50.201214509367,52.4259540908977
Madagascar,MDG,2014,10,51.134325766911,50.0164189433086,52.1153243664229
Pakistan,PAK,2014,10,50.5901862898537,49.5322152208713,51.6676901193469
Côte d'Ivoire,CIV,2014,10,50.42562173859,49.1610771119541,51.3843206820619
Sri Lanka,LKA,2014,9,50.42562173859,48.6721112657414,53.7951038213782
Namibia,NAM,2014,10,50.0711378113314,48.9336619206798,51.4745120477786
Morocco,MAR,2014,9,49.99724636243,47.1461299525439,52.9812085375135
Turkmenistan,TKM,2014,5,49.8957999686723,23.6243794239472,50.5193431014041
Senegal,SEN,2014,10,49.696314317801,48.5004108743992,50.6848911231052
Liberia,LBR,2014,8,49.6692974399846,44.5851578381539,66.1370939407621
Ghana,GHA,2014,10,49.3550371285169,48.3584368534146,50.4556439102459
Cameroon,CMR,2014,10,49.0960313798708,47.7802623616581,50.0694537034717
Belarus,BLR,2014,9,48.9565659091242,48.6936897392595,56.7923071095881
Laos,LAO,2014,9,48.9327819669383,46.3342294204364,51.9050202150977
Tajikistan,TJK,2014,8,48.8294579959531,44.6160454817484,53.0428705101578
Bolivia,BOL,2014,7,48.7300555845135,43.6332164803522,54.1748200316619
Egypt,EGY,2014,10,48.6413341805695,47.3824771305506,49.8384610836686
Guinea-Bissau,GNB,2014,6,48.3456694867516,32.1857247530684,53.4433180545932
Lesotho,LSO,2014,8,48.0170344447308,47.5917994053643,56.3781685734035
Mozambique,MOZ,2014,9,47.2814449142118,44.5029471672472,50.8566815001369
Bangladesh,BGD,2014,9,47.0797098378046,42.9017373563888,48.2861899558451
Tanzania,TZA,2014,9,46.9562451666433,45.2932635814672,47.891837038199
Guinea,GIN,2014,9,46.8619748751195,43.6467646638963,49.4371353934274
Eswatini,SWZ,2014,8,46.8178391207228,45.4284815404503,56.000334155272
Bhutan,BTN,2014,5,45.2929248430717,35.5833637658822,50.546059142142
Mongolia,MNG,2014,10,44.4832982571953,43.1665400120186,48.0253588089203
Central African Republic,CAF,2014,7,42.8960938762893,32.2720133680283,46.6651866290851
Mauritania,MRT,2014,9,42.0132968144655,37.2579657061805,44.110129057851
Cuba,CUB,2014,6,41.960586400605,25.4195959086872,46.5995155372672
Burkina Faso,BFA,2014,10,40.9612305059202,39.837453375732,42.951614851009
Niger,NER,2014,9,40.8502703020536,31.6061056762347,45.0478350303714
Comoros,COM,2014,6,40.6764777737784,27.109286777032,48.1722754631182
Afghanistan,AFG,2014,8,40.4934419519083,30.1691084218311,45.4052285433624
Algeria,DZA,2014,9,40.3953596806064,35.7361748571449,41.7030971760849
Nepal,NPL,2014,9,40.2371835578274,39.1831420933364,42.2916700317239
Libya,LBY,2014,8,39.3535042342161,28.6272009089507,41.8134366937703
Togo,TGO,2014,9,39.2954723026285,33.5529301990618,45.0380144061952
Equatorial Guinea,GNQ,2014,4,38.9751201626699,33.78439180259,53.6696788918338
Timor-Leste,TLS,2014,6,38.8866180340164,25.3162881056479,52.4569479623849
Republic of Congo,COG,2014,8,38.0752787685644,23.9259570430516,42.6402122164709
Fiji,FJI,2014,6,37.8368594218205,33.1936184261547,53.5860584859375
Sierra Leone,SLE,2014,4,37.7152404807043,31.5250498396624,41.2046289022103
Cabo Verde,CPV,2014,7,37.1882733774835,35.8453681638863,55.3360700288355
Iraq,IRQ,2014,7,36.9994893118614,19.7913213455754,41.6623483812324
Gabon,GAB,2014,8,36.6597062403849,28.1726565326866,41.8281898837149
Syria,SYR,2014,6,36.6296614969995,7.3715342589071,38.1848999864968
Myanmar,MMR,2014,8,34.7586590735365,31.4515034496466,46.2553093459258
Ethiopia,ETH,2014,9,34.6973497396954,32.9556329072355,37.8698884429128
Uzbekistan,UZB,2014,8,32.6167225495491,31.1587600329581,47.7827952999166
Venezuela,VEN,2014,10,32.479085551667,30.698094767378,34.6272159097146
Angola,AGO,2014,10,32.3624256998985,30.5968010491001,34.6946419421599
Democratic Republic of Congo,COD,2014,4,31.5774151969571,27.3756293816121,52.5194674102787
Zimbabwe,ZWE,2014,10,30.7833211929783,28.6895742956034,32.8110455032455
Chad,TCD,2014,8,29.423671507097,21.7510592376427,36.7528632453628
Sudan,SDN,2014,8,24.3569703297604,23.4361390490595,40.3634073037967
Burundi,BDI,2014,8,22.6327007248013,11.8917748960708,28.3465901822451
Iran,IRN,2014,8,20.328460603266,18.8428876497284,29.3889335037674
Hong Kong,HKG,2013,7,98.2885799135164,92.2089064887668,98.2885799135164
Singapore,SGP,2013,10,93.2949853068539,91.0771600996974,95.5584120633249
Cyprus,CYP,2013,6,92.2929000786792,75.2912726279662,98.2885799135164
Luxembourg,LUX,2013,6,91.0136646819336,85.2038379201005,92.9170025066096
Ireland,IRL,2013,7,82.2834734800103,77.8548287001818,84.3409162872769
United States of America,USA,2013,8,82.2834734800103,80.1411629225393,84.2943300761852
Netherlands,NLD,2013,8,82.2222442096755,76.9572749147677,85.7043135189863
United Arab Emirates,ARE,2013,9,79.3901560038124,77.8748590765676,81.323469319481
Hungary,HUN,2013,9,79.1503433770037,77.6291299358225,81.5502224855248
Belgium,BEL,2013,6,78.4722624429595,75.8003579642039,82.6489418889149
Denmark,DNK,2013,8,78.3512395485694,76.0039549429144,80.6985241542243
Switzerland,CHE,2013,6,77.9348016464694,72.4480321384838,81.036087452291
Slovakia,SVK,2013,9,77.3106625050441,75.4963072149744,79.1250177951139
Sweden,SWE,2013,7,76.2687796034035,72.9953358988972,78.4071072817229
Germany,DEU,2013,7,76.1214260191634,72.3680620481689,77.8525066453227
Italy,ITA,2013,8,75.2491184855901,71.0945103037465,75.8387811854777
Seychelles,SYC,2013,7,74.8246004284124,63.5405776634126,83.3652777954988
Portugal,PRT,2013,8,74.7637583942317,71.8940075269233,76.4844609328992
France,FRA,2013,7,74.5702052087328,72.1191997864065,77.6980694052876
United Kingdom,GBR,2013,7,74.5702052087328,71.9873017057165,77.7552304708779
Malta,MLT,2013,7,74.4572663419834,66.5889578453511,83.8220929467654
Austria,AUT,2013,8,74.4380499141648,72.7947094447115,76.6097406735499
Canada,CAN,2013,8,74.4053724907507,70.5896253539944,75.7846774997906
Finland,FIN,2013,7,74.4053724907507,74.1479824094441,79.6519847224152
Bulgaria,BGR,2013,8,73.6989781975791,70.4843833676156,75.0182577173369
Czech Republic,CZE,2013,8,73.3625736898522,69.2665436808346,74.5658427430886
Estonia,EST,2013,9,72.5564816047486,70.3592974041041,74.6148531892363
Bahrain,BHR,2013,10,72.0657031244331,70.9033624251466,73.2287803120648
Japan,JPN,2013,9,72.0363712450973,70.7490334484039,73.0712567068019
Norway,NOR,2013,9,71.8589328692243,69.0613871470071,72.67721402262
Slovenia,SVN,2013,9,71.4943255860704,69.6855666125648,73.7254121673008
Romania,ROU,2013,8,70.8004546566335,68.9803360037031,76.3185669138482
Latvia,LVA,2013,9,70.52055510409,69.2869547930964,73.3228795189915
New Zealand,NZL,2013,9,70.5087654242371,70.0480524546024,72.5491004272203
Qatar,QAT,2013,10,70.2257911924987,69.2676487105982,71.1057722217205
Lithuania,LTU,2013,9,70.1005125138781,66.845770696984,71.7009575830567
Chile,CHL,2013,9,69.8248346859431,66.4315761028846,71.1323544670928
Lebanon,LBN,2013,9,69.1348350215173,67.2959052527251,72.7142962132411
Poland,POL,2013,9,68.5225485083436,65.4296843621916,69.6753353107162
Panama,PAN,2013,10,68.4055310799707,67.5114852865208,69.6101753648887
Mauritius,MUS,2013,10,67.810856016318,66.7665121460825,68.8809010329525
Spain,ESP,2013,6,67.810856016318,64.2341144973374,71.8661944098285
Georgia,GEO,2013,8,66.4218612303285,62.9263691064535,71.4399019111825
South Korea,KOR,2013,9,66.1695663974102,63.2902862446626,67.015242571493
Australia,AUS,2013,9,66.1570369399044,62.8800747866492,67.193781350714
Uruguay,URY,2013,9,65.9666853728296,62.7165836717925,67.1723280553474
Malaysia,MYS,2013,10,65.9115290633357,64.815048373982,66.9795245191529
Israel,ISR,2013,8,65.7555004251241,61.7455513270139,68.8881535553795
Kyrgyzstan,KGZ,2013,9,65.7555004251241,63.9998194555959,69.9625810911088
Costa Rica,CRI,2013,10,65.4390952210209,64.6988961879491,66.4779003073531
Saudi Arabia,SAU,2013,10,65.3052553778966,64.3918730958213,66.2012240961015
Albania,ALB,2013,10,65.1982565386515,64.3670648757417,66.4348433897865
Croatia,HRV,2013,10,64.7165713377493,63.9050777067309,65.8583566149773
Iceland,ISL,2013,8,64.0036901192222,61.9729044311473,71.1008067404639
Greece,GRC,2013,8,63.9653249517565,61.2462868435239,68.7241210714725
Kuwait,KWT,2013,9,63.2452831380444,58.5534611931786,63.5198288185145
Peru,PER,2013,9,63.0116649944303,60.0720205097698,64.7881478217787
Guatemala,GTM,2013,10,62.5355848814426,61.8912500559919,63.6189181066399
Thailand,THA,2013,8,62.5355848814426,61.3940183954361,67.3646609743587
Armenia,ARM,2013,7,62.3114864449339,59.1236763966012,68.1656281640138
Jordan,JOR,2013,10,62.2787174053334,61.3903307733303,63.2433792629245
Bosnia and Herzegovina,BIH,2013,9,62.2234671830257,61.9657097881712,67.445650774997
São Tomé and Príncipe,STP,2013,5,62.2234671830257,57.08099449536,69.8620739422078
El Salvador,SLV,2013,10,61.7759322128077,60.9863003877409,62.9578194509418
Vietnam,VNM,2013,9,60.8799253370924,58.0667076022255,62.3508766197895
Oman,OMN,2013,10,60.831529537789,59.9590178548146,61.9329575910016
Turkey,TUR,2013,8,60.831529537789,59.1636343901018,64.3794512864453
China,CHN,2013,8,60.7994501936729,56.5400771931377,62.6513006071259
Mexico,MEX,2013,10,60.7994501936729,59.9653369045382,62.4697801521178
Nicaragua,NIC,2013,7,60.7703419043974,56.1393100115273,67.692234024546
Papua New Guinea,PNG,2013,7,60.7703419043974,53.5634547372035,66.1846940360857
Yemen,YEM,2013,9,60.6264985898829,56.4584546128662,61.6451421045217
North Macedonia,MKD,2013,7,60.5222178099234,57.6108358119409,66.9613438560613
Uganda,UGA,2013,8,60.5222178099234,53.5656097269747,64.382968399278
Serbia,SRB,2013,7,59.9734766517232,56.7731558276228,66.9589754053563
Guyana,GUY,2013,6,59.3267950729255,49.6074605700717,64.0213171925063
Montenegro,MNE,2013,9,58.9260453379457,56.2011287069261,61.3797353880948
Cambodia,KHM,2013,10,58.5042672352931,57.3735279788559,59.7302253958104
Indonesia,IDN,2013,9,58.34738565318,55.0363639778207,59.7320456292247
Dominican Republic,DOM,2013,9,57.6358980701236,54.1350638191382,60.6523955454937
Botswana,BWA,2013,10,57.6189044226755,56.7107959075686,59.3464002292965
Jamaica,JAM,2013,8,56.5686496184835,50.989963957983,59.8457555999049
Ukraine,UKR,2013,9,56.4369005606554,54.1701094734429,59.4346145778188
Paraguay,PRY,2013,10,56.2420348608595,55.2467214859748,57.2322147059384
Trinidad and Tobago,TTO,2013,5,56.2420348608595,50.0371639322827,68.4244977076667
Belize,BLZ,2013,5,54.9039575933199,40.0918614737242,61.565092610134
Philippines,PHL,2013,10,54.7601253586392,53.8332879824463,55.8179276867354
Russia,RUS,2013,10,54.3240276974442,53.3219157507366,55.2959012202873
Zambia,ZMB,2013,9,54.1789041326421,53.0508604328776,57.8578069983796
Colombia,COL,2013,9,53.9802878754818,51.492049154968,56.7916914373664
Benin,BEN,2013,9,53.6739116958374,53.2772252006461,58.1658038520374
Haiti,HTI,2013,8,53.6739116958374,47.5352451031758,56.4949152566086
Honduras,HND,2013,10,53.5493309858757,52.624621375992,55.0680544745694
Kenya,KEN,2013,9,53.4137365426751,48.6657374390668,53.6823594119627
Mongolia,MNG,2013,9,53.0493423433468,44.8782735424114,56.0460696924002
Moldova,MDA,2013,9,52.6596016403939,49.13029769956,55.716094753002
Morocco,MAR,2013,9,52.5337607855777,50.8993133402364,55.4768069476172
Kazakhstan,KAZ,2013,10,52.5276163869803,51.517410821243,53.5963167325678
Gambia,GMB,2013,8,52.219016263116,44.2054961108936,58.1206882733131
Brazil,BRA,2013,10,52.1491141700759,51.0289977718881,53.2599932716909
Ecuador,ECU,2013,8,52.1491141700759,47.210254217159,57.5082473551559
Liberia,LBR,2013,8,52.1491141700759,46.070675011006,71.5167721123491
Belarus,BLR,2013,9,51.8446133544863,48.6747702620331,58.1539483353422
Argentina,ARG,2013,9,51.8198611719891,47.7054120832905,52.9874597723712
Tajikistan,TJK,2013,8,51.6212660021217,38.2556325156155,52.1931457777186
Timor-Leste,TLS,2013,5,51.4252798747259,47.6172386651514,73.8830874840245
India,IND,2013,10,51.4017352708325,50.2896106896322,52.429494517893
Azerbaijan,AZE,2013,10,51.0988202654705,49.9715201485536,52.4918142449366
Tunisia,TUN,2013,8,50.8727480413992,46.8162509466557,57.6870404473703
Ghana,GHA,2013,8,50.766705006858,46.6528370903251,54.1511402732079
Sri Lanka,LKA,2013,7,50.766705006858,43.4962718110735,54.9475353536517
South Africa,ZAF,2013,10,50.4572062286411,49.4265082845781,52.0285009117589
Pakistan,PAK,2013,10,50.4530134185325,49.3899725855574,51.538726606448
Nigeria,NGA,2013,8,50.3978351832751,43.9030638836486,53.2460130703362
Lesotho,LSO,2013,8,49.9444570568968,47.3954166902912,54.6565921455889
Egypt,EGY,2013,10,49.8875563117492,48.544020577669,50.9092648430437
Cameroon,CMR,2013,10,49.1405678115774,47.8076353472965,50.2199274469927
Madagascar,MDG,2013,10,48.9554132381472,47.8400705642452,50.0853166510782
Namibia,NAM,2013,10,48.7132560446036,47.6383303929845,50.1627176765836
Laos,LAO,2013,8,48.5538363574502,42.6973665785883,53.7657028452699
Senegal,SEN,2013,10,48.235685937206,47.1680995184693,49.2964775301138
Togo,TGO,2013,8,47.8490484025412,36.7307231990602,49.9202121103437
Côte d'Ivoire,CIV,2013,9,47.0987635577857,46.5576913780919,53.7292202305094
Guinea,GIN,2013,8,47.0975634427747,38.9147931380494,51.2106581360736
Turkmenistan,TKM,2013,4,46.9372548017406,38.4214777080429,55.4648848447072
Bolivia,BOL,2013,7,46.5720079996574,44.1315090115535,55.6675046342468
Rwanda,RWA,2013,8,45.7372704304025,42.8969556760049,53.5890422245403
Malawi,MWI,2013,9,45.628781973601,43.3784916998947,48.590167614379
Mauritania,MRT,2013,9,45.3536003199457,42.10516332596,48.6978561713118
Mozambique,MOZ,2013,9,45.2261573736535,40.9237641099907,48.1698710672394
Mali,MLI,2013,9,44.8246964907322,43.4887237146931,49.7668783863273
Tanzania,TZA,2013,9,44.8246964907322,43.4903495969413,46.2992664005913
Cabo Verde,CPV,2013,7,44.4705408230374,31.7678121989836,48.2971150302976
Eswatini,SWZ,2013,7,44.1607984051494,40.5825666297726,54.3689543430383
Bahamas,BHS,2013,6,43.8098685220349,37.8750522505742,56.695865465657
Guinea-Bissau,GNB,2013,6,43.2214133343541,28.9598138260837,52.1900045233527
Burkina Faso,BFA,2013,9,42.8219595161337,32.6902708693736,43.2625505262247
Cuba,CUB,2013,5,42.6693772416797,26.8760170062498,43.9011599369299
Iraq,IRQ,2013,7,42.1520867430721,21.3966932370048,43.9687073090719
Sierra Leone,SLE,2013,5,42.1520867430721,28.8554958672572,43.7442585207954
Syria,SYR,2013,5,42.1520867430721,28.7684164484384,43.4862365232356
Central African Republic,CAF,2013,6,41.4436534081937,30.926538466252,46.4742196718494
Fiji,FJI,2013,6,41.4218794373441,25.0166740273054,48.0549703789775
Comoros,COM,2013,6,40.935267148328,27.5931657578947,48.51370210533
Bangladesh,BGD,2013,8,40.2938258141715,39.3938760760363,47.9971248051641
Niger,NER,2013,9,39.8357156112251,30.7621919951842,44.00436487373
Equatorial Guinea,GNQ,2013,4,38.9935657015104,34.9794665873052,54.8239574980342
Myanmar,MMR,2013,6,37.3703371028318,23.8029512333832,47.3365759034607
Nepal,NPL,2013,9,37.0687886136402,35.712911561464,39.051309793998
Angola,AGO,2013,7,36.2274915202204,30.1522487869426,45.9050197064551
Algeria,DZA,2013,9,35.7766548617984,31.798755055125,39.6457015797499
Afghanistan,AFG,2013,8,35.2274656219272,29.2065237094765,43.6932199945313
Uzbekistan,UZB,2013,7,35.2274656219272,27.1853403320104,46.730045900766
Republic of Congo,COG,2013,6,34.3655060890322,26.9900074508887,49.6067111734211
Libya,LBY,2013,8,33.4086708871728,23.1581798362813,38.9577030266003
Ethiopia,ETH,2013,8,33.2992713973587,24.9472740926393,37.7786187741061
Bhutan,BTN,2013,6,32.4619753823209,20.4103285058512,40.317623187122
Zimbabwe,ZWE,2013,10,31.8336138313171,29.557657995126,33.8585235999804
Gabon,GAB,2013,6,31.7303796536986,25.8886761299857,49.4588503350201
Venezuela,VEN,2013,9,29.2832208165873,22.4954204943119,34.7122098474538
Chad,TCD,2013,7,28.4621014853953,22.969630186742,38.5645755003833
Burundi,BDI,2013,7,28.1523190430441,12.498422368349,30.1597726164567
Iran,IRN,2013,8,25.5802703900083,17.0995462613392,27.9876451488812
Sudan,SDN,2013,7,25.5802703900083,24.5515718142483,40.498851581826
Singapore,SGP,2012,10,95.7580693803154,93.3372912823889,98.0814178294523
Luxembourg,LUX,2012,6,94.3774621271886,85.2757837184669,95.5210055242152
Hong Kong,HKG,2012,8,90.7685216775822,89.3199225722001,98.4932475807244
Cyprus,CYP,2012,7,87.0766253632855,64.0827904440621,88.6675535083212
United States of America,USA,2012,9,82.8475893466765,80.5135524505185,83.9750159676255
Ireland,IRL,2012,8,80.3683444366589,76.7578217294115,81.9071772568441
Netherlands,NLD,2012,8,79.8485341702731,76.204596711891,86.1319972892793
Belgium,BEL,2012,7,79.8446614339168,75.5174050768614,82.4555195206019
Switzerland,CHE,2012,7,78.4976401299116,74.5353803968521,81.5843637170269
Hungary,HUN,2012,9,77.8481661725251,74.5469162271006,78.9278106068561
United Arab Emirates,ARE,2012,10,77.597753090799,76.4462827297693,78.56881488702
Czech Republic,CZE,2012,9,76.5572891325441,72.4351686803495,77.8050422842164
Italy,ITA,2012,8,76.4850004992038,72.9554532444737,80.014547753934
Germany,DEU,2012,8,76.3976554530882,74.5720608297321,79.6422295873083
Seychelles,SYC,2012,6,76.2887010615147,69.6868919116458,82.201703374531
Finland,FIN,2012,8,75.5233261920971,73.301775233861,79.1469926161321
United Kingdom,GBR,2012,8,75.5227388701134,73.4797941345151,78.6909025890303
France,FRA,2012,8,75.477214001798,68.6233597571436,75.9088534306438
Sweden,SWE,2012,8,75.4698274857518,73.6978383347217,78.5998103171254
Denmark,DNK,2012,8,74.3096230873251,71.3694200746199,77.0358980867341
Canada,CAN,2012,9,74.1901392409373,72.0325033424674,75.0846564304952
Norway,NOR,2012,9,74.1388071953154,72.3969391568856,74.8862128725011
Japan,JPN,2012,9,74.1191035960702,72.494720201003,74.9632811762356
Slovakia,SVK,2012,9,73.6586261720333,71.2962579411837,75.9051804311014
New Zealand,NZL,2012,9,73.4497897468326,71.9742688807682,74.5481956000439
Estonia,EST,2012,9,73.1823999131946,70.709933083612,76.120446382752
Lithuania,LTU,2012,9,72.319642759525,67.3628215715597,73.0179937384072
Latvia,LVA,2012,9,71.8834684173964,69.2345086614998,75.0416390168438
Australia,AUS,2012,9,71.6210428206788,69.015974013222,72.7241421172603
Lebanon,LBN,2012,10,70.898553449435,69.6306640546232,71.8230171656388
Romania,ROU,2012,8,70.8351688173218,65.2624391848275,75.6910451620241
Slovenia,SVN,2012,9,70.8051507015111,68.1335497158289,73.6214132784989
Austria,AUT,2012,8,70.4663256099502,70.1453323541144,76.9570148672385
Bahrain,BHR,2012,10,69.7644307183411,68.4570794460437,70.8675612625764
Israel,ISR,2012,9,69.3677652354951,66.7475673250515,70.0142416809483
Bulgaria,BGR,2012,9,69.3103343693444,67.551912887302,73.8570079795503
Chile,CHL,2012,10,69.1412768967637,67.8787603626435,69.9913040277603
Panama,PAN,2012,10,68.9509002911929,67.5300668939791,69.9777322181817
South Korea,KOR,2012,10,68.7406467114356,67.4835353029725,69.5156135765886
Saudi Arabia,SAU,2012,10,68.6307719780221,67.4988637308765,69.5903157634102
Qatar,QAT,2012,10,68.4059998821754,67.2217330682797,69.3770682369206
Spain,ESP,2012,7,67.7999012062723,67.0524515182092,76.4872358500232
Portugal,PRT,2012,8,67.5917990913733,66.9701932621411,75.6563723170612
Costa Rica,CRI,2012,10,67.4019876556715,66.1512572504832,68.2957800158714
Malta,MLT,2012,7,67.3440738506664,67.1256828051527,77.294875007869
Mauritius,MUS,2012,10,67.159238186717,65.7895517960512,68.5692385740161
Iceland,ISL,2012,8,66.5043574370275,62.1500932351929,70.1629322549077
Kyrgyzstan,KGZ,2012,10,66.2137343111731,64.8420620548747,67.4167732432354
Poland,POL,2012,9,65.6319251877251,64.8089915285798,70.7792755930005
Kuwait,KWT,2012,10,65.5676537461222,64.3431141975025,66.6867151160667
Albania,ALB,2012,10,65.0546437430464,63.8007377312588,66.2419921792094
Oman,OMN,2012,10,65.0061058310053,63.5435608042006,66.0511079522838
Malaysia,MYS,2012,10,64.8785183219016,63.4833289002739,65.945487947221
São Tomé and Príncipe,STP,2012,5,64.7070536622664,59.6730439673106,72.4541348049956
Uruguay,URY,2012,10,64.6699836650208,63.580950851261,65.5040666209859
Georgia,GEO,2012,10,64.6082016126376,63.4462430103,65.6982866351926
Peru,PER,2012,10,63.9897254182215,62.5987804460901,65.0729544317178
Croatia,HRV,2012,10,63.9422707381809,62.5339722978576,64.7864623256188
El Salvador,SLV,2012,10,63.7682520051084,62.5146460544522,64.7069336550853
Thailand,THA,2012,10,63.6357007027799,62.2337721041102,64.5897953559407
Armenia,ARM,2012,8,63.349175770531,58.4127987676924,67.4304646301885
Mexico,MEX,2012,10,63.3049132925707,61.9725578264042,64.0575011090011
Bosnia and Herzegovina,BIH,2012,10,63.1629455592141,61.96122309099,64.0011650603047
Jordan,JOR,2012,10,62.5140264219925,61.2648646943651,63.383379508992
North Macedonia,MKD,2012,8,62.4270320115941,59.9279500245438,68.5331613877741
Nicaragua,NIC,2012,8,62.0805751889768,57.0947903388651,67.4061579408969
Guatemala,GTM,2012,10,61.6593194856099,60.5167982602046,62.5875116610086
Turkey,TUR,2012,10,61.561562140372,60.2583136941395,62.2987897381501
China,CHN,2012,10,61.1547787016131,59.8630065712157,61.9969557415598
Greece,GRC,2012,8,61.0627343030616,56.9542794088904,67.1897830821755
Papua New Guinea,PNG,2012,8,60.6344265583914,50.3138406428879,61.0923239361079
Botswana,BWA,2012,10,60.2460792003383,58.7783762379846,61.1239515577929
Vietnam,VNM,2012,10,59.9430437271226,58.6005547937356,60.8272225929263
Uganda,UGA,2012,10,59.4339019397952,58.2044176211266,60.3141143854715
Haiti,HTI,2012,8,58.7220505786892,56.5990417362501,60.0155030000481
Yemen,YEM,2012,10,58.277028105282,57.1248021792032,59.2369547862522
Ukraine,UKR,2012,10,57.7177014781675,56.3903963843407,58.6211540077969
Serbia,SRB,2012,8,57.6917404806153,55.1645043461454,63.5876913338632
Jamaica,JAM,2012,9,57.5668553354638,54.2006428763544,60.2173553995902
Philippines,PHL,2012,10,56.6283398110243,55.1349808693458,57.4537293640294
Paraguay,PRY,2012,10,56.3726672392179,55.2316746831662,57.3696784596375
Dominican Republic,DOM,2012,9,56.2954213004413,52.6280776895209,61.1098547625328
Indonesia,IDN,2012,10,55.9237526543235,54.5616929719335,56.7615875029345
Montenegro,MNE,2012,9,55.7423901107,52.6916735171837,59.8778885308985
Trinidad and Tobago,TTO,2012,8,55.7298683695368,53.3041847147116,61.3660436784485
Russia,RUS,2012,10,55.7168741760431,54.5383634147949,56.6898302544835
Moldova,MDA,2012,10,55.6083638716324,54.0006909638672,56.5475879057141
Colombia,COL,2012,10,55.5701949074639,54.1983559252576,56.3810170669736
Gambia,GMB,2012,8,55.5501603769448,51.0829227712116,61.330475869304
Zambia,ZMB,2012,10,54.8276458334716,53.5924547971319,55.8190643927391
Argentina,ARG,2012,10,54.6813264349035,53.3045697477442,55.6271362106749
Benin,BEN,2012,10,54.554403520173,53.29627236436,55.502304482002
South Africa,ZAF,2012,10,54.5468214077321,52.8637635684979,55.4658923967871
Guyana,GUY,2012,6,54.2943325950776,50.3075252920495,64.0004575238864
Honduras,HND,2012,10,54.290868232784,52.8384582196699,55.3593063012778
Cambodia,KHM,2012,10,54.2479279231971,53.0530876046626,55.426706138533
Kenya,KEN,2012,10,53.4753076642463,52.1654918994539,54.327857434313
Egypt,EGY,2012,10,52.9632944419641,51.5959851334007,53.9388289595701
Lesotho,LSO,2012,8,52.7297486696924,47.9936906947383,57.3798840815313
Tunisia,TUN,2012,10,52.2862972932681,50.8817226392054,53.1326816318662
Ecuador,ECU,2012,9,52.1826277583239,50.6030566357424,53.9819523313923
Liberia,LBR,2012,6,51.6538666316229,44.7878218739123,65.7199840812801
Mongolia,MNG,2012,9,51.5920412895972,50.4901246492349,55.107568465199
Ghana,GHA,2012,10,51.3985454702179,50.0552675111851,52.2750085910099
Eswatini,SWZ,2012,7,51.2177539569101,41.337292988451,54.1886033597077
India,IND,2012,10,51.191908875449,49.7694597259572,51.9937973873848
Brazil,BRA,2012,10,51.0794490143232,49.5312073424502,51.8826296558829
Bahamas,BHS,2012,6,50.5861818673548,32.5975845325143,58.0960323518929
Cabo Verde,CPV,2012,7,50.4722022223352,37.3256110647451,55.8888735009315
Morocco,MAR,2012,10,50.4535507851906,49.0551927543709,51.3222382673696
Sri Lanka,LKA,2012,10,50.3254729715904,48.9529002662574,51.2178118652238
Belarus,BLR,2012,9,50.0117837445706,46.5107293486819,53.5128381404592
Namibia,NAM,2012,10,49.5838249188465,47.8960355296511,50.5534878892978
Kazakhstan,KAZ,2012,10,49.5449776485918,48.0944591009483,50.5048195291079
Senegal,SEN,2012,10,49.1516157157697,47.6495625313002,50.120473302569
Togo,TGO,2012,9,48.924827568443,43.8237018083942,52.0455239362768
Azerbaijan,AZE,2012,10,48.0822379290419,46.5367724009943,49.1855183004681
Timor-Leste,TLS,2012,5,47.9648379001737,34.3569412475854,61.5727345527621
Madagascar,MDG,2012,10,47.7957716795434,46.2237611973946,48.7619918587956
Turkmenistan,TKM,2012,6,47.6084560311241,33.7929477331259,61.4239643291224
Rwanda,RWA,2012,9,47.3369972343784,45.7832092157917,48.6208623520452
Comoros,COM,2012,6,47.2543205852572,28.563859678065,48.929367578523
Côte d'Ivoire,CIV,2012,10,46.4640369687966,44.9412048210693,47.4358036756515
Nigeria,NGA,2012,9,45.8939545512039,43.3009082328791,50.5120577158588
Tanzania,TZA,2012,9,45.5858426263255,44.04139360998,47.0578476369301
Laos,LAO,2012,8,45.431203982479,39.1712658409475,52.3298476998996
Cuba,CUB,2012,6,45.3252215299699,29.9641004767923,51.6775178098352
Cameroon,CMR,2012,10,44.8275528044617,43.2913138516879,45.8873589905809
Fiji,FJI,2012,6,44.4366924119514,33.2440505289268,51.9554716444709
Malawi,MWI,2012,9,43.9485519643953,40.4666429381157,47.5945858076549
Burkina Faso,BFA,2012,10,43.6639726644188,42.1190959358277,44.669857772842
Guinea,GIN,2012,8,43.5429494277462,38.3177210477808,47.1730837150058
Mali,MLI,2012,10,42.7914819459244,41.2281722879946,43.8601935989936
Guinea-Bissau,GNB,2012,6,42.6128395242667,27.3447585754243,49.7975821828917
Mauritania,MRT,2012,10,42.5990820730704,40.7655121541215,44.0645963730369
Tajikistan,TJK,2012,8,42.0762419546878,38.7240828002091,43.8302099405537
Niger,NER,2012,9,41.8882345973094,37.6590700819894,46.4205624219739
Bolivia,BOL,2012,8,41.5446732757103,35.8238805558477,47.2654659955729
Pakistan,PAK,2012,10,41.2072297786913,39.0092418247347,42.4649289472783
Syria,SYR,2012,8,41.1342025654052,27.2040110142449,41.7166266363453
Sierra Leone,SLE,2012,6,40.7022320653099,24.4116177368289,45.0041099432753
Mozambique,MOZ,2012,10,40.4646220382082,38.607790008288,41.7554147269678
Iraq,IRQ,2012,7,40.253533555548,27.2719476231846,42.4124669888711
Nepal,NPL,2012,9,40.1854826605274,37.3301585104247,40.4771235419283
Central African Republic,CAF,2012,7,40.1556338978498,27.7847529018213,44.1206219959022
Equatorial Guinea,GNQ,2012,5,39.1792668105225,36.2678803781123,56.5874646663829
Myanmar,MMR,2012,6,38.1721310710341,3.68173082247731,44.2170389283927
Bhutan,BTN,2012,6,38.0972274362104,22.7270800902754,44.9091059215771
Ethiopia,ETH,2012,9,38.0036053119306,36.1163428254502,39.7644633309767
Republic of Congo,COG,2012,8,37.8868950541436,32.0696199420744,46.163556050896
Bangladesh,BGD,2012,10,37.2782400939388,34.6669049815184,38.7607706791289
Uzbekistan,UZB,2012,8,36.8502162898843,29.478955313547,40.0194072115473
Algeria,DZA,2012,10,35.5212656170269,33.1136047798799,36.9679019642223
Zimbabwe,ZWE,2012,10,34.8969800291179,32.6081901412924,36.3167784721981
Afghanistan,AFG,2012,7,33.7953958133657,12.6800461440097,43.3910264384927
Venezuela,VEN,2012,10,33.3197848724466,30.922643372954,34.5798827593448
Angola,AGO,2012,10,31.8126626159551,29.5064162942566,33.6205163544994
Chad,TCD,2012,8,31.4776897266717,28.2597603292367,34.2858709464847
Sudan,SDN,2012,7,31.2658793339754,24.7897785583802,37.6877439762817
Democratic Republic of Congo,COD,2012,5,30.966780656967,28.8416391965729,55.0326829258206
Burundi,BDI,2012,7,29.6145853896021,21.9669569585789,37.8617716149759
Libya,LBY,2012,9,26.3987547817499,18.586997148476,33.0669767368582
Gabon,GAB,2012,8,26.3764080482955,25.3025186967475,44.8256312689202
Iran,IRN,2012,10,23.7876188808223,19.9279232988254,26.4611448013026
Singapore,SGP,2011,10,98.0514703274236,95.51212212776,100
Luxembourg,LUX,2011,6,94.4853879650699,85.3377380830449,97.30924717355
Hong Kong,HKG,2011,8,89.0610713521405,83.98378883132,94.1383538729609
Belgium,BEL,2011,7,88.8263666936597,77.47941391829,89.3367983327614
Cyprus,CYP,2011,7,83.5601209229999,67.1971052513851,90.3750517677922
United States of America,USA,2011,9,83.016224871844,80.4917274322808,84.2545246832799
Ireland,IRL,2011,8,82.2221530361728,79.0091570905093,85.0800186353673
Seychelles,SYC,2011,6,80.2390336259816,71.273558129025,84.1985247852109
Netherlands,NLD,2011,8,80.0857936776167,76.5808044938177,83.6624121584692
United Arab Emirates,ARE,2011,10,78.9725715274216,77.7731923908914,80.2481257944299
Switzerland,CHE,2011,7,78.7951318688104,75.2658663482343,81.7206482378846
United Kingdom,GBR,2011,8,77.7264832745908,75.431852518176,80.0766876373726
Hungary,HUN,2011,9,77.4765214409552,76.2175385852545,79.7267443628274
Sweden,SWE,2011,8,77.204899958461,74.8974854955367,79.690833444968
Germany,DEU,2011,8,76.7269199447611,74.7211487210037,79.5222655524954
France,FRA,2011,8,76.2884567846604,70.9201868199819,77.0194301506685
Romania,ROU,2011,8,75.998386338544,65.7700837463922,76.6430409389744
Czech Republic,CZE,2011,9,75.7949375661019,74.4163982442845,78.9092153041125
Norway,NOR,2011,9,75.6697724614034,73.1572941130559,76.5034557826967
Canada,CAN,2011,9,75.4463771682653,73.2516774919345,76.4342384118253
Italy,ITA,2011,8,75.1461535937109,71.0990846821016,78.4152475512893
Japan,JPN,2011,9,75.0450317854931,73.79012326968,75.9615821799562
New Zealand,NZL,2011,9,74.8991052008233,73.3009249161957,76.0619322814096
Slovakia,SVK,2011,9,74.1672894791029,72.9188833530029,77.2156006593372
Denmark,DNK,2011,8,74.1598125096128,73.3912740757357,78.4178588609615
Estonia,EST,2011,9,74.0050830364032,72.0014911871671,77.1193916488338
Spain,ESP,2011,7,73.933981586601,67.6713340668434,77.2666894792613
Portugal,PRT,2011,8,73.530166350211,67.7655588539946,76.1209894650236
Lithuania,LTU,2011,9,73.2948829035138,68.2687821647783,73.8628657696287
Australia,AUS,2011,9,72.521166660952,69.7850985378587,73.6439008783256
Lebanon,LBN,2011,10,72.521166660952,71.2179088835767,73.3666470658322
Finland,FIN,2011,8,71.9622041004157,71.6094519403312,79.0745247947858
Latvia,LVA,2011,9,71.7983690596882,69.8205050433927,75.4443325346987
Slovenia,SVN,2011,9,71.1690116096194,69.277368636876,74.9547204380766
Austria,AUT,2011,8,71.0674206630204,68.016756832215,74.1180844938258
Panama,PAN,2011,10,70.8536632221652,69.5617286932805,71.7593367542039
Chile,CHL,2011,10,70.7611462450425,69.5723279203556,71.6260068096817
Bahrain,BHR,2011,10,70.0427671630755,68.7268321253135,70.9966304028388
Israel,ISR,2011,9,70.011146384477,66.8653196683005,70.7094189480082
Bulgaria,BGR,2011,9,69.7073230143392,68.1133019795487,73.852818525699
Saudi Arabia,SAU,2011,10,69.5963370535594,68.2972749740849,70.6627996464163
Mauritius,MUS,2011,10,69.0722555748966,67.5964931374509,70.3636900596309
Iceland,ISL,2011,8,68.7150740727957,63.1278891732202,71.0361883111601
Qatar,QAT,2011,10,68.6085377319121,67.3974445650638,69.6605328413377
Greece,GRC,2011,8,68.2413167486932,59.3825130569742,69.9942398167763
South Korea,KOR,2011,10,67.8120555409018,66.6155250295425,68.6852113289923
Georgia,GEO,2011,10,67.5341132663762,66.4536335722987,68.6718209642344
Costa Rica,CRI,2011,10,67.4875663770029,66.30400105246,68.3951630464882
Kuwait,KWT,2011,10,67.0946572595553,65.7432028227883,68.166089876724
Poland,POL,2011,9,66.8345177727912,65.5728180719537,71.7310833533877
Malaysia,MYS,2011,10,66.6086304800034,65.2144862393129,67.7281482617584
North Macedonia,MKD,2011,8,66.5435070059537,60.1647310762832,69.1042950762184
São Tomé and Príncipe,STP,2011,5,66.4187222664673,61.6271378368046,74.0752908106083
Kyrgyzstan,KGZ,2011,10,66.3594997871205,64.9602520945038,67.4439311625512
Malta,MLT,2011,7,66.1167579364553,65.8980993802936,84.8337953538307
El Salvador,SLV,2011,10,66.0237789853467,64.9498138423044,66.9260162606806
Thailand,THA,2011,10,65.2970880282726,64.0187647748961,66.3054373104518
Armenia,ARM,2011,8,65.1925560223475,60.4089047448526,68.8719650246188
Uruguay,URY,2011,10,65.1692109564955,64.1511042315802,65.8897133338387
Croatia,HRV,2011,10,64.928124343805,63.6214888565467,65.658354400371
Albania,ALB,2011,10,64.7171649915947,63.587217147931,65.8811057347063
Nicaragua,NIC,2011,8,64.6165626897225,59.033747546048,67.7700221608504
Peru,PER,2011,10,64.6060513534302,63.4790263186273,65.6316229220008
Oman,OMN,2011,10,64.4791261052768,63.2140155328023,65.5089307590642
Jordan,JOR,2011,10,64.0064049418455,62.8756747654299,64.9096904191532
Bosnia and Herzegovina,BIH,2011,10,63.8330965882482,62.7255727201022,64.6595442786422
Mexico,MEX,2011,10,63.3827361095297,62.2338048190909,64.1486966623896
Guatemala,GTM,2011,10,62.636298918738,61.4889419513759,63.4674288975447
China,CHN,2011,10,62.3074190722283,61.0244541433913,63.0676452059433
Vietnam,VNM,2011,10,62.0720268177411,60.8432086324305,62.9646521420291
Botswana,BWA,2011,10,62.055314740074,60.8144691771241,63.0220289658451
Trinidad and Tobago,TTO,2011,8,61.868308834936,55.0492262428896,62.1881218719453
Turkey,TUR,2011,10,61.864296717432,60.6365750416203,62.6702700726461
Jamaica,JAM,2011,9,61.7593959198948,55.9672340569035,62.2533820271769
Guyana,GUY,2011,6,61.106102592763,51.1399764993037,65.1503014460922
Uganda,UGA,2011,10,60.1847094605324,59.1076404705472,61.0345822865916
Haiti,HTI,2011,7,59.505452888651,55.6688366525491,63.1385747528584
Indonesia,IDN,2011,10,59.4861752101438,58.3208462486629,60.3385240730534
Ukraine,UKR,2011,10,59.2371820971263,57.8008147087786,60.1114926612708
Dominican Republic,DOM,2011,9,59.0462202111388,55.667260965696,62.5875781680308
Moldova,MDA,2011,10,58.6851689002133,57.2442829645875,59.6234660545254
Philippines,PHL,2011,10,58.4780687805611,57.0461601377905,59.2959007788038
Montenegro,MNE,2011,9,58.3523513998383,55.5064964968394,61.8684957475392
Yemen,YEM,2011,9,58.0899843529005,54.9653984124148,61.2489817383062
Paraguay,PRY,2011,10,58.0814338597856,56.8347256429065,59.1077594256331
Liberia,LBR,2011,6,58.0789274684436,48.1563295095512,75.5856457516017
Serbia,SRB,2011,8,57.9471099772826,56.2815286368468,64.5390208687006
Lesotho,LSO,2011,8,57.5596098656178,49.3396410708683,59.4618720747507
Honduras,HND,2011,10,56.9580256513725,55.6559094120467,57.97376626053
South Africa,ZAF,2011,10,56.5309582727237,55.027308932374,57.3603712601183
Papua New Guinea,PNG,2011,7,56.4771675723884,51.6272595263398,61.6819365246798
Russia,RUS,2011,10,56.2509131340628,54.9675884533914,57.2058630318306
Argentina,ARG,2011,10,56.1581849004863,54.8676134413162,56.8244457830284
Colombia,COL,2011,10,55.4911205816045,54.2568112830855,56.3027955188579
Benin,BEN,2011,10,55.207841645629,54.0250307189078,56.0747561948965
Zambia,ZMB,2011,10,54.7594072799001,53.5845582842818,55.6878749761027
Ecuador,ECU,2011,9,54.5373809169828,53.1533709383386,56.0144412687694
Kenya,KEN,2011,10,54.4427305861221,53.219847819681,55.3040743920749
Gambia,GMB,2011,8,54.0256841771973,51.3477661541023,61.9707231453244
Belarus,BLR,2011,9,53.2415091447019,50.5298205413295,57.5196676957126
Mongolia,MNG,2011,9,53.2136370701444,51.1080826866501,55.5272713153743
Egypt,EGY,2011,10,53.1894869673307,51.9796437936391,54.0225164013353
Cambodia,KHM,2011,10,53.1680835546456,51.7789666643805,54.3146717489012
Ghana,GHA,2011,10,52.8482030260709,51.6972502919182,53.8046393707083
Tunisia,TUN,2011,10,52.7284419690072,51.3291216529532,53.5381392417086
Brazil,BRA,2011,10,52.5202291000893,51.0280644708021,53.3385425235182
Guinea,GIN,2011,8,52.0939326909438,41.0686403569723,52.5760345231367
India,IND,2011,10,51.9840297168903,50.6051702904815,52.8478414412512
Belize,BLZ,2011,5,51.8170978247457,27.3213282448288,56.1612615313838
Sri Lanka,LKA,2011,10,51.6796940931534,50.4372306723328,52.5216045271589
Kazakhstan,KAZ,2011,10,51.3530655256181,50.0361072691145,52.3068136176309
Namibia,NAM,2011,10,50.9766007654412,49.3341404338954,52.0043130620386
Senegal,SEN,2011,10,50.1073823585719,48.7938366669756,51.025740437385
Azerbaijan,AZE,2011,10,50.0528159282243,48.6654472874778,51.2272177356459
Madagascar,MDG,2011,10,50.0275751691109,48.6875014558546,50.9891256009133
Bolivia,BOL,2011,8,49.7759263848823,42.0322781357012,54.3645150156327
Nigeria,NGA,2011,9,48.6600308156208,43.9333267800006,51.6233828382613
Morocco,MAR,2011,10,48.5828978878078,47.1166761866145,49.5616952000549
Cabo Verde,CPV,2011,7,48.5327771723757,38.5186265905729,56.9785935088162
Rwanda,RWA,2011,9,48.2180600674943,46.9232940815455,49.698145362768
Togo,TGO,2011,9,46.8159276625612,44.2786172831959,52.5281484140306
Côte d'Ivoire,CIV,2011,10,46.607127396405,45.1044587037381,47.5365596371319
Eswatini,SWZ,2011,7,45.8207285979528,41.8788324138948,56.1390255028048
Cameroon,CMR,2011,10,45.6527911337356,43.9365651637745,46.7692367822866
Tanzania,TZA,2011,9,45.5530896544247,44.1694328185132,46.8928769395768
Burkina Faso,BFA,2011,10,44.8505154048125,43.3001562808316,45.8576560632072
Timor-Leste,TLS,2011,4,44.0137726338407,30.2730186128713,57.7545266548102
Pakistan,PAK,2011,10,43.9715938911629,42.1832023194184,44.8804198260895
Tajikistan,TJK,2011,8,43.4884814912787,39.7064082422831,45.8569052457652
Mali,MLI,2011,10,43.4682084822637,41.9452116470224,44.5841464225928
Mauritania,MRT,2011,10,43.4388956830233,41.594155316832,45.0368100834889
Republic of Congo,COG,2011,7,43.086198896179,36.3764513770763,56.1220111405684
Laos,LAO,2011,8,42.5909583782132,40.6312723932972,52.8525803066539
Comoros,COM,2011,6,42.0707976868484,33.7291985695365,51.6432173273429
Nepal,NPL,2011,9,41.7320618904054,39.9608775100012,42.7271459657795
Cuba,CUB,2011,6,41.3241653556053,30.6773089622862,51.8199210668532
Central African Republic,CAF,2011,7,41.15821942527,32.5950301308875,46.6741713443163
Mozambique,MOZ,2011,10,41.067857959209,39.2283700649101,42.4332837238344
Niger,NER,2011,9,40.5744180889538,36.9668385475017,47.3822626692381
Malawi,MWI,2011,9,40.2997839730834,40.0488831103377,46.5046439831623
Fiji,FJI,2011,6,39.9967379617403,31.7929399691126,53.1927229831047
Ethiopia,ETH,2011,8,39.8027625011202,37.66450418247,44.4926143362157
Equatorial Guinea,GNQ,2011,5,39.1981928587311,37.494087060611,57.7718124231014
Uzbekistan,UZB,2011,8,38.0453363483883,32.682944337568,43.5968022505752
Syria,SYR,2011,8,37.0596087567632,30.3666722707149,41.7498367712851
Burundi,BDI,2011,7,36.4654791672103,25.1735901139977,41.6932369040922
Algeria,DZA,2011,10,36.397983565511,34.130151367149,37.7894213835164
Venezuela,VEN,2011,10,36.2638984090127,33.9161929423683,37.5592188269436
Guinea-Bissau,GNB,2011,6,34.5366241748276,27.7327619818238,49.3535819349988
Bangladesh,BGD,2011,10,34.5106257338631,31.6520419048828,36.0031944941732
Turkmenistan,TKM,2011,6,34.1661573180783,24.9732323212096,52.7153114040716
Chad,TCD,2011,8,33.7185137904968,29.0886408716026,35.1124690643977
Zimbabwe,ZWE,2011,10,33.414306100965,30.9171463995423,34.7938364794467
Angola,AGO,2011,10,32.7845735938623,30.3682353893992,34.6907054620251
Bahamas,BHS,2011,6,32.772558798404,31.1831575822211,58.9088928706804
Myanmar,MMR,2011,6,32.650824345656,17.470715353646,42.9871980107703
Iraq,IRQ,2011,7,32.5361055305407,30.1895823511477,44.0160685810615
Gabon,GAB,2011,8,32.3589832894571,31.3075323285089,46.8559726917546
Libya,LBY,2011,9,32.2767850788143,27.7389981445269,39.5079215899008
Afghanistan,AFG,2011,7,32.1532869180396,11.1328890191554,41.3105790579573
Sudan,SDN,2011,7,31.1647641532579,28.2749121595723,39.3840044424595
Democratic Republic of Congo,COD,2011,5,30.6746718363401,29.6425811646284,56.0297271536565
Sierra Leone,SLE,2011,6,24.8406132335829,23.547736582445,46.2431283616232
Iran,IRN,2011,10,19.6628831159031,14.6602842975318,23.2891585478343
Bhutan,BTN,2011,6,15.2290696880869,12.8941653656299,47.1947351842283
Singapore,SGP,2010,10,99.9791982541045,97.3884758944898,100
Hong Kong,HKG,2010,8,99.1040007337856,90.2966480028639,100
Luxembourg,LUX,2010,6,89.8302116948098,83.3082039832961,97.2925650673093
Cyprus,CYP,2010,7,85.467474744568,73.996204581031,96.0374722051723
Ireland,IRL,2010,8,84.6330066185013,81.2161593376685,91.7236198386347
United States of America,USA,2010,9,82.7531204971794,80.1959073718239,84.0644495962376
United Arab Emirates,ARE,2010,10,80.017007130936,78.7464827106678,81.3450190923518
Seychelles,SYC,2010,5,79.623720818265,71.831746447197,84.4501057591183
Switzerland,CHE,2010,7,78.613283217043,76.3350156577567,82.5260692877198
Netherlands,NLD,2010,8,78.5464225290177,77.665476348038,89.1973579438155
Belgium,BEL,2010,7,78.3157009408902,77.481897804857,88.6126016571018
Czech Republic,CZE,2010,9,78.2081390607341,75.1516139390253,79.1494916236372
United Kingdom,GBR,2010,8,78.1370834600838,75.8065669839896,81.4375478574087
Hungary,HUN,2010,9,78.0464604542458,76.4679164926375,80.4788758091915
Portugal,PRT,2010,8,77.956525779214,69.7321079541642,78.3306625238367
Finland,FIN,2010,8,77.3051238421682,74.4447119132992,80.0173280311736
Norway,NOR,2010,9,76.8013802294673,74.9006355299989,77.805122704107
Germany,DEU,2010,8,76.6654971809537,73.4738624595643,79.2774433865097
Slovakia,SVK,2010,9,76.3218999868535,72.7978895736742,77.3847960296654
France,FRA,2010,8,76.0923260799759,70.17566821077,77.6054459409284
Italy,ITA,2010,8,75.8563381556553,72.7705912718894,79.4672497693418
New Zealand,NZL,2010,9,75.6214482229527,74.0819268590098,76.5580794454383
Japan,JPN,2010,9,75.2095547749471,73.624607309916,76.1119526440563
Estonia,EST,2010,9,74.5612178133927,70.8901019202154,76.1162411728797
Austria,AUT,2010,8,74.4949689020265,71.0295030551094,77.6568466151651
Spain,ESP,2010,7,73.7419836914937,69.5546176411916,78.2237073331388
Australia,AUS,2010,9,73.5702195298911,70.8790581632565,74.6316291532908
Canada,CAN,2010,9,73.4582443693443,71.6933672569468,75.2231214817419
Denmark,DNK,2010,8,73.296713298597,73.0066578620765,79.1882366756124
Lebanon,LBN,2010,8,73.1397929901374,62.9419269909999,73.5971085366827
Slovenia,SVN,2010,9,73.1054136633337,70.9749371551719,76.4205310217674
Chile,CHL,2010,10,72.3709462899029,71.3314136734498,73.3407940035692
Panama,PAN,2010,10,72.1120456573657,70.8688773274886,73.120828336102
Sweden,SWE,2010,8,71.4794783628255,71.0349824123978,80.3512078763573
Romania,ROU,2010,8,71.4095432355636,65.6471248238753,76.7125557614329
Malta,MLT,2010,7,71.1192167251375,66.286876236471,89.8834901974894
Georgia,GEO,2010,10,70.6504008532231,69.5791630350726,71.7807780673684
Mauritius,MUS,2010,10,70.567441454397,69.116690729871,71.9048217390764
Latvia,LVA,2010,9,70.462133840304,68.2020915162192,74.6717002515537
Bahrain,BHR,2010,10,70.4175890045837,69.1526697251795,71.4138294656881
Bulgaria,BGR,2010,9,70.1496008733544,68.7711845224258,75.0814374435585
Israel,ISR,2010,9,69.6496188438652,65.9621522437917,70.3224943565461
Malaysia,MYS,2010,10,69.3189618560012,67.8241639699972,70.5548701823335
Saudi Arabia,SAU,2010,10,69.1567574079301,67.8254002929487,70.3234205112061
Lithuania,LTU,2010,9,69.0223152480312,67.9675255419438,73.78478275872
Qatar,QAT,2010,9,68.7810237311453,64.6049545128716,70.5542045596426
Greece,GRC,2010,8,68.7276893265196,62.0236715604079,70.7072985750458
Nicaragua,NIC,2010,8,68.3635600911639,58.4965973789332,68.805463841477
São Tomé and Príncipe,STP,2010,5,68.1303908706677,63.5812317062982,75.6964468162209
Costa Rica,CRI,2010,10,67.5573305388119,66.2865508219845,68.4768131316752
Kuwait,KWT,2010,10,67.4893458101534,66.2306481820954,68.7326709227542
El Salvador,SLV,2010,10,67.4132112800738,66.3533220859794,68.3048418211306
South Korea,KOR,2010,10,67.3941968838924,66.2932842910529,68.306502324228
Thailand,THA,2010,10,66.4315601738421,65.1595359250258,67.3797656925758
Kyrgyzstan,KGZ,2010,10,66.2129461237758,64.8941412044488,67.3878855903204
Croatia,HRV,2010,10,66.0953598013522,64.8843622514503,66.9460024068915
Poland,POL,2010,9,65.9750685936227,65.0955150961048,71.2614826759159
Peru,PER,2010,10,65.6971031276111,64.6194406728791,66.7046833767897
Jordan,JOR,2010,10,65.3787378758857,64.2254545743928,66.3283418868195
Uruguay,URY,2010,10,65.0260075259418,63.9853456958684,65.7798078764971
Vietnam,VNM,2010,10,64.5708388015682,63.4328172162534,65.7029544998206
Oman,OMN,2010,10,64.2791082668409,62.9925246417823,65.3798977400446
Botswana,BWA,2010,10,64.1811627772384,62.921440376436,65.1992021743601
Bosnia and Herzegovina,BIH,2010,10,63.1866341713376,62.0058492475519,63.9513603031746
Moldova,MDA,2010,10,62.9687133089078,61.6505639942981,63.9575059493807
Armenia,ARM,2010,8,62.9232399665221,62.47977562566,70.8611243209821
North Macedonia,MKD,2010,8,62.911953173388,60.9246623310779,69.9328314039123
Albania,ALB,2010,10,62.8908951522165,61.6421830028935,64.179635822781
Iceland,ISL,2010,8,62.8337172027484,62.3798917557415,71.8363632003634
Mexico,MEX,2010,10,62.7119819732996,61.3923208664397,63.5904171112249
Guatemala,GTM,2010,10,62.4285822998722,61.2346215292066,63.2309149420069
Trinidad and Tobago,TTO,2010,8,62.0145192858215,55.691694039489,63.7374388000213
China,CHN,2010,10,61.8782847126287,60.5982825467377,62.6571825776356
Turkey,TUR,2010,10,61.3726264247355,60.1658648776189,62.2907366434469
Jamaica,JAM,2010,9,61.1653364748234,56.252874242804,62.5187441001372
Indonesia,IDN,2010,10,61.1546826689826,59.9375737246937,61.9776473256747
Uganda,UGA,2010,10,61.0385411305007,59.9757550627605,61.7791608562484
Yemen,YEM,2010,9,60.6032853860112,56.838874533329,63.2757180031775
South Africa,ZAF,2010,10,60.3347362840234,58.9081136493156,61.1415948724251
Dominican Republic,DOM,2010,9,60.2493705940611,56.7140855308478,63.5745775498229
Ukraine,UKR,2010,10,60.2116240050681,58.8581519858688,61.1290159244749
Honduras,HND,2010,10,59.0918405786486,57.7416226470784,59.9941192379854
Montenegro,MNE,2010,9,59.0569514937715,53.9813784910434,62.636156063273
Papua New Guinea,PNG,2010,7,58.7327780157812,52.7023187314451,62.6718952465233
Serbia,SRB,2010,8,58.7264268925262,56.4755838414134,64.5524396926635
Philippines,PHL,2010,10,58.1913623984377,56.8648635434999,59.0519649030763
Haiti,HTI,2010,7,57.9748245918188,56.0691843570667,62.1887782199314
Paraguay,PRY,2010,10,57.6792869174149,56.5507475966469,58.5964145433514
Eswatini,SWZ,2010,6,57.466922727322,47.7986087060793,62.9699838095999
Belarus,BLR,2010,9,56.6878199625067,50.7222147365236,57.7622375384833
Argentina,ARG,2010,10,56.623164598606,55.2995447102102,57.3577260656171
Ecuador,ECU,2010,9,56.6132463037926,55.5995307204064,58.0278784162153
Colombia,COL,2010,10,56.5347295783346,55.3657451056463,57.2545990293682
Russia,RUS,2010,10,56.5328128361686,55.2203104011698,57.3984682235492
Egypt,EGY,2010,10,55.2833495660371,54.0929142803617,56.151885935168
Zambia,ZMB,2010,10,55.2693191830584,54.0572491731426,56.2060076871692
Benin,BEN,2010,10,55.1148431614689,53.8534539522068,56.0334788627329
Kenya,KEN,2010,10,54.7546674759773,53.5132658186031,55.6012434503742
Namibia,NAM,2010,10,53.804492090337,52.2773663041193,54.8565115818244
Brazil,BRA,2010,10,53.6566784478094,52.1895917126945,54.4385002407737
Sri Lanka,LKA,2010,10,53.3135417739294,52.0578880243005,54.1014770065426
Mongolia,MNG,2010,9,53.2332950899913,51.6385259194105,56.2053576537991
Cambodia,KHM,2010,10,53.0654113160711,51.703935798814,54.2691449144659
Lesotho,LSO,2010,7,52.9065197756907,43.1439683631599,58.2875376338203
Gambia,GMB,2010,7,52.828853165115,47.3543877559951,60.2349264583003
Kazakhstan,KAZ,2010,10,52.7060135449192,51.3492225132721,54.0057072931328
Madagascar,MDG,2010,10,52.5795569101755,51.3405004804606,53.5896822674685
Ghana,GHA,2010,10,52.5511554979864,51.0715188403765,53.3400647341738
Azerbaijan,AZE,2010,10,52.2257712022782,50.8760703508101,53.4432371898908
Belize,BLZ,2010,5,51.8170978247457,27.3213282448288,56.1612615313838
Nigeria,NGA,2010,9,51.4873373790684,45.4047642709589,53.1022065143271
India,IND,2010,10,51.0120428040893,49.5560578103387,51.8744259052941
Senegal,SEN,2010,10,50.6972027601017,49.3793910637763,51.6109153032612
Bolivia,BOL,2010,8,49.7180554988361,43.4535360753456,54.3852003814961
Liberia,LBR,2010,6,49.2485412146803,44.8058609129167,61.2891316721463
Bahamas,BHS,2010,6,49.1443164328328,31.0958520675629,59.5641363108463
Tunisia,TUN,2010,10,48.9860051169,47.0558969176296,50.1189681973118
Laos,LAO,2010,7,48.9465627280315,41.3564992430322,54.3524877009021
Togo,TGO,2010,9,47.6235531658895,44.3660482394735,51.3624614805022
Fiji,FJI,2010,6,47.6029289437911,34.5351183059035,53.4272490159463
Morocco,MAR,2010,10,47.467775503744,45.9004677266818,48.6978112731441
Niger,NER,2010,9,46.3171831460333,38.2505418303713,47.5882426047016
Burkina Faso,BFA,2010,10,45.9872156046821,44.5016949243484,46.998871670757
Central African Republic,CAF,2010,7,45.8675898837526,40.9958809839137,51.4142693321698
Mauritania,MRT,2010,9,45.7635374428747,35.9657498455566,47.6141717033619
Republic of Congo,COG,2010,7,45.5660330777352,38.4584972291814,58.3355578444382
Côte d'Ivoire,CIV,2010,10,45.3483758371016,43.7217718952519,46.3119898625072
Cameroon,CMR,2010,10,45.3296250457093,43.5276754618271,46.3905416184386
Guyana,GUY,2010,6,45.1614908080168,44.1202726673759,64.0310218102489
Tajikistan,TJK,2010,8,45.0864334505491,41.2032597303927,47.750674067291
Pakistan,PAK,2010,10,44.7954012381765,43.0748254058091,45.7883283356886
Tanzania,TZA,2010,9,43.8716163118395,42.3144668228082,45.0975559907685
Uzbekistan,UZB,2010,8,43.6886791758534,37.3487868662365,46.2586952170792
Mali,MLI,2010,10,43.6029315408202,42.0214251113714,44.7407305302885
Mozambique,MOZ,2010,10,42.8297418868627,41.1275206424956,44.1107378067421
Ethiopia,ETH,2010,8,42.6867931109439,36.6506545289223,44.5754793739788
Sierra Leone,SLE,2010,6,42.6754852610844,32.273571280304,49.1091532641592
Cabo Verde,CPV,2010,6,42.6709465046797,35.890631966307,55.6708179148353
Guinea,GIN,2010,8,42.5936084033174,42.0945995564255,52.2594918325113
Burundi,BDI,2010,7,42.1849017312226,27.6744446392182,42.3998086087677
Nepal,NPL,2010,9,41.9846476453944,40.038952982117,43.0425184748017
Guinea-Bissau,GNB,2010,6,41.4176408240013,28.6224166963338,49.9989964526708
Bhutan,BTN,2010,6,40.7253659820789,12.6761513022328,48.5203017150442
Comoros,COM,2010,6,40.0853916912527,31.0090977938869,51.5317568635319
Malawi,MWI,2010,9,39.9652037620995,39.3557525831691,46.1292214815212
Iraq,IRQ,2010,7,39.442991759353,31.6442484771119,47.0502960745303
Equatorial Guinea,GNQ,2010,5,39.2171189069397,38.7202937431098,58.95616017982
Venezuela,VEN,2010,10,38.9630772062427,36.6771778588202,40.1329161578323
Rwanda,RWA,2010,8,37.7256097117155,32.8704808245758,42.9183631207066
Cuba,CUB,2010,6,37.6105824337764,29.8900742176223,49.6347455972058
Turkmenistan,TKM,2010,6,37.2825037203027,28.963361439609,54.2138457423202
Sudan,SDN,2010,7,37.0445053956612,34.3307256250477,44.3606760262439
Gabon,GAB,2010,8,36.3430406952663,31.7414864023581,46.8458205772149
Angola,AGO,2010,9,35.9321756479168,30.3743941206224,41.523752701118
Algeria,DZA,2010,10,35.9071906279904,33.4713583948697,37.4720519879547
Bangladesh,BGD,2010,10,33.3554095295771,30.4119360737796,35.1306534487612
Chad,TCD,2010,8,32.3843697638816,28.8244542338259,35.433091811949
Libya,LBY,2010,9,32.1066633328099,26.30571679144,37.6816064650929
Myanmar,MMR,2010,5,31.9802274774286,22.3544307523854,45.3820498865298
Democratic Republic of Congo,COD,2010,5,30.3825630157131,17.090938891309,43.6741871401173
Syria,SYR,2010,8,29.8975804869293,29.1702908083249,43.2077692525503
Afghanistan,AFG,2010,7,29.1892529350027,20.7389723095052,44.3536143117749
Zimbabwe,ZWE,2010,10,27.2541232082172,24.0844148022553,29.1515623336048
Iran,IRN,2010,8,15.8123583936196,14.9216422136685,29.8720912240843
Singapore,SGP,2009,10,98.5849445090969,96.2242073212118,100
Luxembourg,LUX,2009,6,90.065864859906,80.5000102621132,93.992207691487
Hong Kong,HKG,2009,8,90.0199031067634,86.9776640764061,97.7331198371487
Malta,MLT,2009,7,84.4510088583904,69.5049829736822,95.0900553069974
Ireland,IRL,2009,8,80.8604008076746,80.0387803967633,89.9816973861002
United States of America,USA,2009,9,80.387777256519,80.0244317069509,84.122928479747
Belgium,BEL,2009,7,80.0657720557587,76.4367987833365,90.4783371766134
United Kingdom,GBR,2009,8,79.9650257061393,76.0374518495657,82.1709073529457
United Arab Emirates,ARE,2009,10,79.7970461317479,78.5854938167476,80.964234617851
Hungary,HUN,2009,9,79.7089045150954,77.1982213500895,87.7714229150927
Spain,ESP,2009,7,79.3543583729804,69.9964913697562,80.0807929465546
Sweden,SWE,2009,8,78.7399932285481,76.526603199762,81.2092311502312
Switzerland,CHE,2009,7,78.1425498212424,75.3541043833329,82.0526852844148
Netherlands,NLD,2009,8,77.8718576499668,76.7717331852649,88.3617623564584
Finland,FIN,2009,8,77.5135097141313,75.0342980909694,80.5619764223701
Italy,ITA,2009,8,77.5046142667536,73.0482657133902,80.8184284298993
France,FRA,2009,8,76.8772346328656,71.6561325863407,78.4485223852268
Austria,AUT,2009,8,76.3730886995666,71.3372863289694,77.4622776391426
Canada,CAN,2009,9,76.1389559385167,73.1584023500458,76.9534475405726
New Zealand,NZL,2009,9,75.9402059875793,74.4114751673968,77.0278883791048
Germany,DEU,2009,8,75.7685415997907,73.3345669403343,79.0964910194679
Norway,NOR,2009,9,75.6696686013971,72.1237754196427,76.4177539025746
Seychelles,SYC,2009,5,75.6608256267427,67.6700565861145,80.0471133108858
Japan,JPN,2009,9,75.4932786223648,73.8050557570797,76.4177663208574
Czech Republic,CZE,2009,9,75.0844674336139,74.6852198687173,79.7807341437116
Bulgaria,BGR,2009,9,74.696618764692,69.6764845856308,75.0814500694308
Slovakia,SVK,2009,9,74.0439988012039,71.7139376531623,77.1223420692935
Australia,AUS,2009,9,73.9082128795003,70.7494187182706,74.8966855063623
Estonia,EST,2009,9,73.5864678284973,68.7229645141037,74.9059984844557
Cyprus,CYP,2009,7,73.405504855841,63.6942330538085,90.5487710038929
Portugal,PRT,2009,8,73.0745610826654,70.2459987050663,77.7558208052933
Chile,CHL,2009,10,73.065599823549,72.0671914093183,74.040826746826
Denmark,DNK,2009,8,72.7247656183996,72.3847084374589,79.5928003642499
Georgia,GEO,2009,10,72.2700252841303,71.2729242714272,73.354351193598
Slovenia,SVN,2009,9,72.2424187277358,71.8169701197801,77.1666665721008
Panama,PAN,2009,10,71.5638961877251,70.425544848311,72.5243858800856
Taiwan,TWN,2009,5,71.5138595998457,66.545241137211,74.9386726309915
Latvia,LVA,2009,9,70.2683549770092,66.3057517189614,72.5690020523685
Lithuania,LTU,2009,9,70.0896501758709,67.8547837641869,73.7424470333712
Romania,ROU,2009,8,70.0575331790269,65.6916283772406,77.3933690558131
Malaysia,MYS,2009,10,69.875351248607,68.6677859089925,70.945632948691
Poland,POL,2009,9,69.8675182378556,63.5666147261161,70.1176775670511
Mauritius,MUS,2009,10,69.8312209200692,68.7533937154405,71.1520467769031
Bahrain,BHR,2009,10,69.2023070144415,67.9227960335215,70.1791821060286
Greece,GRC,2009,8,68.8735064861435,64.1669941176089,72.8895295713621
Thailand,THA,2009,9,68.7939819849525,66.2767118754835,72.7226930598407
Israel,ISR,2009,9,68.6795291212055,65.0061254003968,69.3192773421345
Saudi Arabia,SAU,2009,10,68.6254106618529,67.3907169599134,69.8047547442377
Lebanon,LBN,2009,8,68.6190585456218,61.5127345334121,70.4181619327349
El Salvador,SLV,2009,10,68.2233698889704,67.2063630340178,69.1237414180898
Armenia,ARM,2009,8,67.6073333795691,61.3538329727329,70.6426757221802
Vietnam,VNM,2009,9,67.043863734993,65.4128968870175,71.7091202435276
Costa Rica,CRI,2009,10,66.7696118915249,65.7430233087592,67.6147343435783
Croatia,HRV,2009,10,66.5246405485636,65.3154832043398,67.3997581781372
Kuwait,KWT,2009,10,66.4134022734007,65.1361510359042,67.4988560507292
Peru,PER,2009,10,66.0808864573068,65.0596589987227,67.0414957871173
Montenegro,MNE,2009,8,65.77097052905,57.5590681382678,68.1321447297515
Iceland,ISL,2009,8,65.4095371596748,60.6248510108642,69.9365169074791
Qatar,QAT,2009,9,65.2251805728044,63.6614649208986,69.4731943072646
South Korea,KOR,2009,10,65.1950410479796,63.9402657660622,65.9711694747518
Jordan,JOR,2009,10,65.0593527939024,63.9264109123853,66.0237703762615
Kyrgyzstan,KGZ,2009,10,64.9301948885045,63.6164839717131,65.9153903140037
Botswana,BWA,2009,10,64.5006240475693,63.3739388380335,65.4383470900323
Brunei,BRN,2009,4,64.2879099625348,45.7939295495585,65.0389223427996
Nicaragua,NIC,2009,8,64.2414200736203,57.4978038949765,66.7557672168449
Uruguay,URY,2009,10,63.9933709476798,62.9595452855222,64.6967254031258
Serbia,SRB,2009,8,63.9432687162275,56.2027465631391,64.1676658258777
Honduras,HND,2009,9,63.7266462353336,61.56487548471,64.464973530752
Bosnia and Herzegovina,BIH,2009,10,63.5673678238715,62.5180892701344,64.3143984499646
Oman,OMN,2009,10,63.4271775808875,62.1987208878734,64.5122530474124
Moldova,MDA,2009,10,63.2081812122395,62.0713334473794,64.1634824297791
North Macedonia,MKD,2009,8,63.1237081104074,59.8464115437758,68.7911412624246
Guatemala,GTM,2009,10,62.6546239793788,61.6022726126451,63.4819641305813
Dominican Republic,DOM,2009,10,62.5325843222924,61.3161677842341,63.3960894730445
Indonesia,IDN,2009,9,62.2073288626705,54.7324446362561,62.3301682033735
Albania,ALB,2009,10,61.8960416501193,60.8411779009949,62.9723224049746
South Africa,ZAF,2009,10,61.8881744715823,60.5901913475137,62.7703514041556
Turkey,TUR,2009,10,61.5968690715208,60.4616162880916,62.4048356860606
Mexico,MEX,2009,10,61.3389383749434,60.1005136814651,62.1559558353451
Uganda,UGA,2009,9,60.4996008842773,59.6176050869565,62.3592271856448
Ukraine,UKR,2009,10,60.2052533681617,58.9069193307351,61.0459634886184
Trinidad and Tobago,TTO,2009,8,59.9670947702897,56.8843693392717,64.6041051784561
China,CHN,2009,10,58.8495217763138,57.4538525971173,59.7311502650683
Suriname,SUR,2009,4,58.8347896593966,38.5633854863968,59.1241990228595
Haiti,HTI,2009,7,58.7032871491468,54.9474786332253,62.2429511447308
Jamaica,JAM,2009,8,58.7015803973827,51.6191665037236,62.1779546796039
Colombia,COL,2009,10,58.2258049185419,56.9876252537013,58.85173639443
Ecuador,ECU,2009,9,58.0345840937135,55.7650262073612,58.5834212129991
Yemen,YEM,2009,8,57.6336486394453,52.2867754851255,61.8387077285093
São Tomé and Príncipe,STP,2009,5,57.6300681790626,55.66126076017,72.3511609732416
Papua New Guinea,PNG,2009,7,57.4204520308119,53.3202599285492,61.9294997200856
Paraguay,PRY,2009,10,57.2644479561112,56.1081095050023,58.2797565278278
Guyana,GUY,2009,6,57.1020902718884,52.7970465214415,66.1618406857965
Argentina,ARG,2009,10,56.4342290384572,55.0562092999684,57.1628406796751
Republic of Congo,COG,2009,7,56.2997674886105,46.9993966067894,65.6001383704317
Philippines,PHL,2009,10,56.0640838452781,54.6677792908582,56.8429768373363
Egypt,EGY,2009,10,55.7081586306398,54.5041792462364,56.6116945366913
Barbados,BRB,2009,4,55.650855649259,41.9572620514895,61.5217367292969
Democratic Republic of Congo,COD,2009,5,55.0781701487002,38.1712060591396,57.4246583561351
Russia,RUS,2009,10,55.0583851533728,53.676381038311,55.9442265211508
Liberia,LBR,2009,6,54.8533332296989,45.2709884402754,60.4263473693303
Zambia,ZMB,2009,9,54.4135859182602,52.8277134327597,55.8320442540009
Kenya,KEN,2009,10,54.3913765438615,52.9726559250813,55.2383095853094
Eswatini,SWZ,2009,6,54.3074849344397,47.2802674542706,62.1230208290391
Benin,BEN,2009,10,54.2826991134112,52.9958013799905,55.2082975447468
Sri Lanka,LKA,2009,10,53.9684284998801,52.6813373704095,54.7439653996412
Brazil,BRA,2009,10,53.6181020930967,52.065418726432,54.7350711498162
Azerbaijan,AZE,2009,10,53.4981451101188,52.1800944518765,54.7074864523555
Mongolia,MNG,2009,9,53.4034491714989,50.4185588492957,54.9964348949742
Central African Republic,CAF,2009,6,53.2170805819267,46.0817053450852,57.1728182171117
Namibia,NAM,2009,10,52.5428056583782,51.0492132866036,53.7248010161102
Belarus,BLR,2009,9,52.1574058799196,48.3191071501995,56.1103820957966
Kazakhstan,KAZ,2009,10,51.9584505258129,50.5813819229111,53.2291432214441
Cambodia,KHM,2009,10,51.8826222723321,50.3737661284878,53.0364884832277
Madagascar,MDG,2009,10,51.7662550109102,50.3887527582997,52.619020851989
Ghana,GHA,2009,10,51.4625873888785,50.1444474523822,52.3985005846208
Lesotho,LSO,2009,7,51.364428153708,40.4978084477009,56.1205983169719
Bolivia,BOL,2009,8,50.920936991516,41.3398705755399,53.3891928039515
Somalia,SOM,2009,4,50.1539466358305,28.7541192027725,52.3689500682703
Senegal,SEN,2009,10,49.8771467182672,48.5828422827615,50.953083697896
Djibouti,DJI,2009,4,49.731173694309,37.0006599338486,56.7246516113437
Cabo Verde,CPV,2009,6,49.3398223924587,34.0971779246445,54.3229630300126
Belize,BLZ,2009,5,49.2602434278833,30.9822618255203,54.9104952767615
Fiji,FJI,2009,6,48.6307902866239,33.4832862620737,51.9225064607705
Guinea,GIN,2009,9,48.118399892833,44.007043155094,51.9442305189768
Comoros,COM,2009,6,47.8209110997175,31.8170880646944,52.0251561290465
Gambia,GMB,2009,7,47.7583717401281,42.0691379880227,57.9514555788381
Tunisia,TUN,2009,10,47.2682971715376,45.0662951302658,48.4865173020319
Laos,LAO,2009,8,47.0943750441186,41.2600897127981,50.447112812648
India,IND,2009,10,46.3345223008389,44.3965823407471,47.3630186873192
Burkina Faso,BFA,2009,10,46.1488721164748,44.528913083294,47.1512372687807
Nigeria,NGA,2009,9,45.9239769338067,44.7218365526371,51.5840764570761
Pakistan,PAK,2009,10,45.1959941073895,43.4215876568939,46.133046387578
Cameroon,CMR,2009,10,44.6225796407322,42.8982273172777,45.8594338392586
Bahamas,BHS,2009,6,44.0551792855495,36.1180779641512,59.5743188638348
Malawi,MWI,2009,9,44.0018804459174,38.2245659107616,44.8398293659729
Tajikistan,TJK,2009,7,43.3788419313898,35.7802534386243,47.0491602576
Afghanistan,AFG,2009,8,43.3731582317722,37.3286363887158,49.1748600460075
Côte d'Ivoire,CIV,2009,10,43.3479333865045,41.6609863076892,44.3562200182622
Morocco,MAR,2009,10,43.2859200638248,41.2237477279206,44.8337771101335
Sierra Leone,SLE,2009,6,43.2369118656588,37.8564061742463,53.7690748351682
Turkmenistan,TKM,2009,6,43.0219307501467,23.7295842079163,51.3341227404037
Mozambique,MOZ,2009,10,42.8622432250289,41.1173908261746,44.1223474817763
Mali,MLI,2009,10,42.6919289197581,41.0011682164259,44.039244828884
Nepal,NPL,2009,8,42.677381896658,39.3315268832851,43.410640774488
Guinea-Bissau,GNB,2009,6,42.5953344394261,27.0782522248934,49.006170576951
Mauritania,MRT,2009,9,42.4954180055291,39.5860178650157,48.3272051936746
Uzbekistan,UZB,2009,8,42.3300256668251,36.1409280226011,45.8000568853057
Cuba,CUB,2009,6,42.0763068701807,28.6331967938738,48.9198065686642
Tanzania,TZA,2009,9,41.8015469189596,40.1446575083911,43.2824269507538
Togo,TGO,2009,9,41.4962406262935,41.0700104548724,49.6130899279296
Iraq,IRQ,2009,7,41.4342726205333,34.1460048068447,47.8413007057809
Sudan,SDN,2009,7,41.2614075124419,36.4386042041323,45.9393603320897
Ethiopia,ETH,2009,8,40.2881034112429,34.8590789989442,42.0872650414789
Venezuela,VEN,2009,10,39.2019923508604,36.9729012890837,40.2652667836656
Syria,SYR,2009,7,38.5165216189971,24.4353437287347,43.2163101456791
Myanmar,MMR,2009,6,37.6521062109287,29.6840484445399,46.2655099307098
Niger,NER,2009,9,36.7105521882896,34.8712544707084,44.5487482173967
Bangladesh,BGD,2009,10,32.6571938652498,29.5248943901629,34.1528192966062
Algeria,DZA,2009,10,32.4983611788477,29.7469017218874,34.4988016894658
Burundi,BDI,2009,8,32.0349054054664,30.1192262028394,44.5688919894413
Eritrea,ERI,2009,5,31.9121502768448,16.7679626074692,46.1043789219042
Rwanda,RWA,2009,8,31.6929324040304,27.8908442864028,38.6117007680919
Chad,TCD,2009,7,30.8280191761547,26.6875666839237,38.7524825571159
Angola,AGO,2009,8,27.5395361857382,21.9695073294067,33.1095650420696
Gabon,GAB,2009,8,25.240951256556,24.8328809181621,41.7678844911253
Bhutan,BTN,2009,6,24.9139268947458,12.5943565042196,51.3639485394625
Zimbabwe,ZWE,2009,10,23.7924404015846,19.993232627435,26.2718936136737
Iran,IRN,2009,8,21.2032527150259,11.4228887613613,28.9282935100338
Libya,LBY,2009,9,19.3197509775848,18.362146584414,35.6184392821075
