country,iso,year,n_obs_vars,labor_openness_scaled,index_lower_scaled,index_upper_scaled
Switzerland,CHE,2025,12,93.0217327417329,88.8857623731756,93.4506996580907
Canada,CAN,2025,12,84.6181651228768,80.5624295592994,85.0673799771237
Hong Kong,HKG,2025,10,81.248962773915,72.9475544660058,88.6077693011774
Luxembourg,LUX,2025,12,81.0306468650691,77.6927921016463,81.2279509496368
Australia,AUS,2025,12,80.6982212333983,77.1957667130049,81.1389541303494
Israel,ISR,2025,12,79.3339651951559,76.5606577032015,79.8437371062988
Iceland,ISL,2025,12,78.3534890600533,75.6435438726392,78.7687270307074
Taiwan,TWN,2025,10,77.1354543643486,71.6539381276002,87.9529679587343
Denmark,DNK,2025,12,76.8770332525486,74.3180786736559,77.6695657710682
United States of America,USA,2025,12,76.8758569066276,73.8733637694648,77.5902684606359
Sweden,SWE,2025,12,76.8060787252242,73.8630832467517,77.2896136229771
Jordan,JOR,2025,11,76.1590256210988,67.0740554908168,79.866950910245
Albania,ALB,2025,12,75.1862259852041,72.6550345146378,75.6800378907072
Liberia,LBR,2025,11,74.7046719851695,74.0455009443826,84.8698483268016
Oman,OMN,2025,12,74.6901730799679,71.2370536570581,75.1146301071849
New Zealand,NZL,2025,12,74.0904713813831,70.8486765210597,74.5786615791401
Singapore,SGP,2025,11,74.0346666430128,66.0361236792915,78.7755646497524
Ireland,IRL,2025,12,73.7025001632669,70.2986447980308,73.7504439709465
Bahrain,BHR,2025,11,72.4483414431681,68.27177782107,80.9378038286328
Benin,BEN,2025,12,72.1944116649853,69.6211280996393,72.6956672214635
Estonia,EST,2025,12,70.6552399836455,68.0935597589996,71.0915322353951
Austria,AUT,2025,12,70.5098257149217,67.7178337746327,71.079544349854
United Kingdom,GBR,2025,12,70.4589831928204,67.266556066425,70.7845910637785
Netherlands,NLD,2025,12,68.8932724403463,66.2889545139554,69.2001028113609
Belgium,BEL,2025,12,68.0259399058878,65.248512629808,68.5906623026272
Indonesia,IDN,2025,12,67.5930560058143,65.3896262046807,68.1530956760233
Finland,FIN,2025,12,67.48795410132,65.0059811096891,67.8953922304422
Cyprus,CYP,2025,12,66.3021414392958,63.2366572123342,67.0727374760653
Georgia,GEO,2025,11,65.9126937170232,62.2384834794364,74.8304210474907
United Arab Emirates,ARE,2025,11,65.0070474540847,58.2111024171954,68.6714565835724
Saudi Arabia,SAU,2025,11,64.5372824869386,60.585086411505,73.1669151352919
Lithuania,LTU,2025,12,64.0978557563701,62.0788238386174,64.8305782567473
Zambia,ZMB,2025,12,63.7960568281554,61.723524246742,64.3425516434616
Botswana,BWA,2025,11,62.0684757658081,61.4534764406571,72.4425188154274
Spain,ESP,2025,12,62.0242165242798,58.9991078707696,62.5012324039411
Costa Rica,CRI,2025,12,61.8543130209246,59.6095314032719,62.6892612791575
Germany,DEU,2025,12,59.7233237814058,57.8094140634681,60.929958517991
France,FRA,2025,12,59.5559041949202,56.8935545743255,60.2687168289545
Qatar,QAT,2025,11,59.3322441146027,57.3633306200403,68.7975221653835
Ukraine,UKR,2025,11,58.7225821506968,56.141380881281,66.6289723308668
China,CHN,2025,11,57.1744388025933,53.240982041231,58.4089318728329
Côte d'Ivoire,CIV,2025,11,57.1317497615351,54.1443123049764,66.5139492553183
Egypt,EGY,2025,11,56.4130857656865,51.6010982690927,59.4775268741983
Portugal,PRT,2025,12,56.1714437931386,54.2098121688032,57.6857837683141
Philippines,PHL,2025,11,55.8751975184699,54.3195563197015,63.3860943445285
Dominican Republic,DOM,2025,12,55.4737829408161,52.470049997002,55.5407887783848
Malta,MLT,2025,12,55.2552355813786,52.8008010899071,55.6741587021393
Namibia,NAM,2025,12,54.8287946025588,53.3012255705072,56.2263251127937
Vietnam,VNM,2025,11,54.3499318421633,52.5385812297606,61.7886875756437
Tanzania,TZA,2025,12,54.0040832956116,51.8294782085088,54.796759930466
Chile,CHL,2025,12,53.7254392564296,51.4602416563516,55.0087010957532
Armenia,ARM,2025,12,53.4241519630884,51.0612863060537,53.902442468413
Italy,ITA,2025,12,53.1543923728893,50.1501237392701,53.4103876734386
Ghana,GHA,2025,12,53.0303445526076,51.3480771231865,54.1608803336661
Barbados,BRB,2025,11,52.8553630334822,47.2666928027921,58.4440332641724
Malaysia,MYS,2025,11,52.6072905424618,50.3046751150411,61.5466968431308
Uruguay,URY,2025,12,52.2922337928217,49.4752645212609,52.5388033625499
Malawi,MWI,2025,12,51.6017850273988,49.8874488950917,52.5860622206347
Thailand,THA,2025,12,51.4424954931906,49.4801541048902,52.2153351637642
Bulgaria,BGR,2025,12,51.1918808438149,49.64458412452,51.8932967809067
Cameroon,CMR,2025,11,50.9439858753921,42.8328008047172,51.7408935253879
Latvia,LVA,2025,12,50.4903525008936,47.6406373696126,50.6950710199633
Angola,AGO,2025,12,50.2706942896824,47.9854664946749,51.1180308138969
Mali,MLI,2025,12,49.9459573571726,47.2986086282717,50.3369649697891
Czech Republic,CZE,2025,12,49.4776154698376,47.172686703154,50.1608400046281
Slovenia,SVN,2025,12,49.1208896415444,46.2009662656095,49.7208429510002
Jamaica,JAM,2025,11,48.5703177656506,45.0339106694431,53.7533572427865
Kuwait,KWT,2025,11,48.2420071305046,41.413609402196,53.0486127901489
Serbia,SRB,2025,12,48.2072012134991,45.7541769219512,48.773993706946
Kyrgyzstan,KGZ,2025,11,47.7111774051284,46.4866132887247,56.9095170384587
Greece,GRC,2025,12,46.9940624357114,44.6352734979338,47.573388382589
Mauritius,MUS,2025,12,46.9540361841293,44.7199133148759,47.4731493397609
Nigeria,NGA,2025,11,46.8663130174053,41.4693258994652,48.2090514347183
Cambodia,KHM,2025,11,46.7296835628024,44.5539230255468,50.5253152526952
Algeria,DZA,2025,11,46.5474566663353,43.7747890444804,49.7695840552779
Poland,POL,2025,12,45.098997497259,43.1577560580904,46.2104873526245
Cabo Verde,CPV,2025,12,43.7006102996674,41.975962228243,44.7966378581147
Kenya,KEN,2025,12,43.683009078541,41.7240763075629,44.774631519017
Colombia,COL,2025,12,43.592801272325,41.5609687033581,44.352632354704
Romania,ROU,2025,12,43.2453433764481,41.8469258302933,44.3853891830541
Zimbabwe,ZWE,2025,12,43.0630175526767,41.1691398080708,43.7851833982715
Senegal,SEN,2025,11,42.7647557977868,40.9519887494768,52.3151258993401
Guatemala,GTM,2025,12,42.4330211842429,40.8327892753686,43.4662921372006
Sri Lanka,LKA,2025,11,42.055190266439,41.1341012172605,46.8285886206452
Uzbekistan,UZB,2025,10,41.6139732561412,40.2162719651535,47.6623464932136
South Korea,KOR,2025,11,41.4518111075066,38.9861907793707,49.4485013232553
Montenegro,MNE,2025,12,41.2483317644366,39.2579634811533,42.0552908828805
Kazakhstan,KAZ,2025,11,41.1179216321077,39.8681244385823,47.6338275778106
Japan,JPN,2025,11,40.8281749392838,40.6053515750092,53.1765461270322
Slovakia,SVK,2025,12,39.9428375201813,38.0516192338184,40.8811485469651
Morocco,MAR,2025,11,39.6960872427349,37.1039708198759,42.7586322401447
Hungary,HUN,2025,12,39.540495012733,37.6824008170158,40.3059215341801
South Africa,ZAF,2025,12,38.3814333036068,36.2188922859389,39.1588853121188
Panama,PAN,2025,12,38.1584730144132,35.8599210499167,38.9521039045422
Croatia,HRV,2025,11,37.1296696686373,35.6468394699908,39.0529503861049
Pakistan,PAK,2025,11,36.5112989229216,35.2440011076708,41.0672419831671
North Macedonia,MKD,2025,11,35.8246560989999,32.7252539211704,40.5061688048568
Trinidad and Tobago,TTO,2025,12,35.8098144652487,34.7124443111108,38.1094347677955
Mongolia,MNG,2025,12,35.488336195879,34.3243333965634,36.8301474743754
Paraguay,PRY,2025,12,35.4846785356773,33.4064854029385,36.0719102356867
Rwanda,RWA,2025,12,35.1992828903579,32.8938683102454,35.426889311589
Yemen,YEM,2025,11,35.0114817936291,32.3001761613218,39.1081559965748
Mexico,MEX,2025,12,34.5525402679568,32.5090021414398,35.3693306816701
Peru,PER,2025,11,34.2723246475867,30.8010269718356,36.160749602581
Tunisia,TUN,2025,11,33.9135236309491,31.7998509246679,37.7627803335172
Honduras,HND,2025,12,33.4112786731677,31.2631976867438,33.9769050397235
El Salvador,SLV,2025,11,33.2103713248357,30.8351532440457,37.5315118294571
Argentina,ARG,2025,12,32.4853451976173,29.9420961378705,33.1491908747251
Bangladesh,BGD,2025,11,32.1884841540605,29.908811170677,35.6087368021878
Nepal,NPL,2025,11,31.7876694024014,29.7197386530965,35.913937058782
Sierra Leone,SLE,2025,11,31.5749981919935,29.4345036893209,35.5676893810718
Laos,LAO,2025,12,31.5108286954803,29.8193358583618,32.3198061858487
Turkey,TUR,2025,12,30.8116875428347,29.0281021323496,31.7628933025069
Brazil,BRA,2025,11,29.2869051791766,25.3745126611053,31.6237921560043
Ecuador,ECU,2025,12,28.4028111640914,27.3746863618871,30.3083034598213
Democratic Republic of Congo,COD,2025,11,28.1516028040617,27.4260116261989,33.0382826848062
Bosnia and Herzegovina,BIH,2025,12,26.7249366548046,24.3034234428993,27.486851252472
Chad,TCD,2025,11,23.925039241892,20.5133112179965,28.0038042130883
Lesotho,LSO,2025,11,22.4201856786781,19.2887594081222,24.867276835176
India,IND,2025,11,22.1064755386584,20.6482855329801,25.7489416898989
Venezuela,VEN,2025,11,21.8059329502094,20.892496052524,26.690818810595
Iran,IRN,2025,10,20.4994900762978,18.4055258049475,23.1183125902779
Bolivia,BOL,2025,12,16.9278040212653,15.3795193762755,18.7943242398034
Switzerland,CHE,2024,12,91.5563987726528,88.175810415879,92.1467339340672
Luxembourg,LUX,2024,12,84.3962235346226,81.019778947218,84.5031852830339
Canada,CAN,2024,12,83.5794964022754,80.1829703315648,83.9481654005123
Taiwan,TWN,2024,10,82.4348233609503,70.7961655650502,89.1866442425639
Iceland,ISL,2024,12,81.6542677944933,78.8988437904606,82.0695854954499
Sweden,SWE,2024,12,79.344985880797,76.2307244187518,79.7461186280864
Bahrain,BHR,2024,11,78.8967305927437,70.4402011866322,82.9648913577121
United States of America,USA,2024,12,78.6908540003077,75.9030028869837,79.3921368653198
Denmark,DNK,2024,12,78.5410667739448,76.0120049248656,79.2451239936547
Oman,OMN,2024,12,77.4825841067289,74.4866340567255,77.9468318587967
Australia,AUS,2024,12,77.2138517746059,74.4070530233524,78.2597545065663
Liberia,LBR,2024,11,77.1018140088034,75.3362619262583,85.5608939104178
Jordan,JOR,2024,11,75.9748277475116,69.6139099506607,82.2820809950736
Botswana,BWA,2024,11,75.8645173944008,67.3965424816407,80.0007661945392
Hong Kong,HKG,2024,10,75.5640467315546,71.3065260501305,89.2835336013995
Ireland,IRL,2024,12,75.3352112222884,72.5352593314495,75.9757011237088
New Zealand,NZL,2024,12,75.0691728864704,72.7283659080536,75.9696374941035
Estonia,EST,2024,12,74.1632766296339,71.939007917865,75.0627190531479
Singapore,SGP,2024,11,73.3552897413955,69.1770535395976,80.966607985129
Austria,AUT,2024,12,72.2209321935242,70.1457080353372,73.230926496773
Netherlands,NLD,2024,12,72.1223063218488,69.414386578854,72.7116208004865
Benin,BEN,2024,12,72.1101810990263,69.7011627988733,72.6632088337508
Finland,FIN,2024,12,70.781610267595,68.0279463195732,71.7790061557061
Albania,ALB,2024,12,70.5424716456273,68.866901756853,71.8488191028582
Indonesia,IDN,2024,12,70.4186926993032,68.2930405662857,71.1305904991717
Belgium,BEL,2024,12,69.6648756198004,66.6190830451285,69.7899919200145
Malaysia,MYS,2024,11,68.4299462822614,63.0658715073131,73.7940210572097
United Kingdom,GBR,2024,12,67.5087229970673,64.9057981472477,68.1763710769683
Georgia,GEO,2024,11,66.8769676660777,64.9187080004052,76.6608261146266
Israel,ISR,2024,12,66.8746997028446,64.2574581306627,67.4343529762207
Saudi Arabia,SAU,2024,11,66.563976729459,62.6512314831674,74.7518352992962
Qatar,QAT,2024,11,65.6957107323536,60.7833821014445,71.9851570114461
United Arab Emirates,ARE,2024,11,65.0728285004141,63.2163413720969,73.5584919623994
Germany,DEU,2024,12,64.4803108880779,61.5026649560482,64.5829847055334
Cyprus,CYP,2024,12,63.632235590582,60.4623234326171,64.2107763911795
Lithuania,LTU,2024,12,63.3633072511051,60.9040353520289,63.9533175380448
Costa Rica,CRI,2024,12,61.8779971343918,59.250716057784,62.2805216418679
Vietnam,VNM,2024,11,61.8275638408678,55.0311818356323,62.6275750732462
Ukraine,UKR,2024,11,61.3366194121708,58.5974781351899,69.5999274182942
Spain,ESP,2024,12,59.9112033987813,57.0602523332442,60.8142448338607
Côte d'Ivoire,CIV,2024,11,59.1783825520195,55.8829791032481,68.1584903913904
Malta,MLT,2024,12,58.9711441501212,56.3418865459347,59.4099875149459
Egypt,EGY,2024,11,57.9367247575081,56.1286977555547,63.1118403817227
Ghana,GHA,2024,12,57.6266278827876,55.9634603304143,58.7637628870921
Armenia,ARM,2024,12,56.5680059396919,54.2918876089107,57.0649796510626
France,FRA,2024,12,56.5349599038612,54.0567002582456,57.3780782274923
China,CHN,2024,11,56.5319736660876,52.357167253441,58.4291922188387
Portugal,PRT,2024,12,56.4291112661821,53.7460942915946,56.7645063281608
Tanzania,TZA,2024,11,55.7878313333588,53.8527185371942,56.5333688602305
Philippines,PHL,2024,11,55.2574515330895,53.9370394394565,64.2265564686997
Italy,ITA,2024,12,54.2860635154891,52.0381533263171,54.7849179968337
Chile,CHL,2024,12,54.1183305288257,51.561022790821,54.795781458717
Bulgaria,BGR,2024,12,53.9823231683341,51.9727091803926,54.6467312771352
Angola,AGO,2024,12,53.9074434084786,51.398004009274,54.3630963986755
Dominican Republic,DOM,2024,12,53.6948694621459,51.6788873931887,54.4219902884088
Uruguay,URY,2024,12,52.6874011863292,50.175051491874,53.386706878468
Malawi,MWI,2024,11,52.6781765339529,51.2920550987487,54.2315504712491
Latvia,LVA,2024,12,52.6413803892921,50.2860071570328,53.1040585062805
Thailand,THA,2024,11,52.6380689059373,50.429463708514,53.2003900152756
Zambia,ZMB,2024,12,52.2530912519493,50.4240427046343,52.9104385916097
Czech Republic,CZE,2024,12,51.663869489685,49.8076006665262,52.8644477352984
Slovenia,SVN,2024,12,51.2574123281554,49.2263496214771,52.5640215484463
Sri Lanka,LKA,2024,11,51.0874945773513,47.5334107030729,55.1961216548573
Serbia,SRB,2024,12,50.8863230709383,48.93742205085,51.7883770105338
Mauritius,MUS,2024,12,50.6398137206839,47.992017528217,50.7584552663445
Jamaica,JAM,2024,11,50.4320967878287,48.4084932887505,57.8697727276373
Kuwait,KWT,2024,11,49.7731341305713,44.1445529229479,56.5754302782724
Kyrgyzstan,KGZ,2024,11,49.4812974201126,48.2478528185283,55.6596208023632
Greece,GRC,2024,12,49.4787786366931,47.1153334075086,50.1225863327357
Mali,MLI,2024,12,49.1948872175374,46.3851850104236,49.2741429261131
Uzbekistan,UZB,2024,10,48.4270457478879,45.7331181883992,52.9894309136766
Namibia,NAM,2024,12,48.3583620656413,46.4256816606134,49.0916788844089
Senegal,SEN,2024,11,47.8336023849472,43.9582026891769,54.4359010015138
Algeria,DZA,2024,11,46.9377062064342,45.1231646136723,51.3593699992027
Romania,ROU,2024,12,46.8071754454597,44.5880361580358,47.4173750070385
Kazakhstan,KAZ,2024,11,46.7381875031903,41.5128252484053,47.8874151973051
Cameroon,CMR,2024,11,46.6326235880265,45.9284811053909,54.8998074166927
Barbados,BRB,2024,11,46.5610111150087,39.6540454127623,49.0833395143201
Kenya,KEN,2024,12,46.5568174299316,44.364492997542,47.4339774410806
Cambodia,KHM,2024,11,45.6104785814332,44.0083581509647,49.5363398324632
Japan,JPN,2024,11,45.110088786907,44.2639819055656,56.9090257287253
Poland,POL,2024,12,45.0492553958518,43.3439148045577,46.6068112522656
South Korea,KOR,2024,11,44.6530924336283,41.6327106408167,50.9159825493401
Guatemala,GTM,2024,12,44.554800514063,42.3250759979829,44.9316698112473
Zimbabwe,ZWE,2024,12,44.3729324946477,42.8209986070139,45.3014145431398
Nigeria,NGA,2024,11,44.3594113299425,43.0637132374891,49.9926360902041
Colombia,COL,2024,12,43.3132328206514,40.9411654774758,43.8949805956621
Pakistan,PAK,2024,11,42.9964307574975,40.7475845637153,47.1871236295366
Hungary,HUN,2024,12,42.4025916156848,40.9562761960077,43.5144702813602
Montenegro,MNE,2024,12,42.3195238991273,40.3360816220392,42.8988233655827
North Macedonia,MKD,2024,11,41.6217737185047,38.3040677462706,44.9394796907388
Slovakia,SVK,2024,12,40.8608442999713,39.5083031742774,42.1665182494325
South Africa,ZAF,2024,12,40.1741566387242,38.9640877911584,42.066971432541
Cabo Verde,CPV,2024,12,39.5715557782508,37.5860930676728,40.0669060653147
Mongolia,MNG,2024,12,39.5454675713008,37.7321683123359,40.4768280468304
Panama,PAN,2024,12,39.3997332283894,37.0790264873725,40.0591608156438
Croatia,HRV,2024,11,39.1536310759366,36.6486694125524,39.9748827345556
Nepal,NPL,2024,11,39.0839197675356,34.94832141046,40.1700614056896
Morocco,MAR,2024,11,38.4553742775673,37.5296661107189,43.336574988911
Yemen,YEM,2024,11,37.6458356879723,35.766923938737,42.4082575898519
Trinidad and Tobago,TTO,2024,12,37.4616370377294,35.2872446790388,38.4364857256317
Paraguay,PRY,2024,12,37.2412841834432,35.0064302467165,37.8009842916886
Tunisia,TUN,2024,11,36.7862757423235,34.1613077854636,40.4487026641037
Peru,PER,2024,11,36.769058734522,33.7366554911356,39.1975778189757
Mexico,MEX,2024,12,36.5241300335858,34.0626783764744,36.8589843813033
Brazil,BRA,2024,11,35.7659275213461,33.0435512752504,38.4883037674418
Rwanda,RWA,2024,12,35.7197624603024,33.4096556240923,36.1957060732736
Honduras,HND,2024,12,35.2857193281481,33.4822268950965,36.3056107571967
Bangladesh,BGD,2024,11,34.4818519858419,32.1132002355334,37.2622624693245
Democratic Republic of Congo,COD,2024,11,34.3160062360359,31.5348523989779,37.2408716261671
Argentina,ARG,2024,12,33.5895182496786,30.8940479500583,34.0349638084909
Laos,LAO,2024,12,32.8307199926092,30.8658302354053,33.3162847224251
El Salvador,SLV,2024,11,32.3620129584549,30.8815919619807,36.2969695033544
Sierra Leone,SLE,2024,11,31.4891939934291,29.5634898007137,36.2320554800087
Turkey,TUR,2024,12,31.175796271064,29.3449185047889,32.2280960435433
Ecuador,ECU,2024,12,30.7915004378432,29.3785193502389,32.3197554104804
India,IND,2024,11,26.3721335543421,24.1606862553711,29.2265579697079
Bosnia and Herzegovina,BIH,2024,12,25.1086826552117,23.1088202439831,26.381874320352
Bolivia,BOL,2024,11,23.163357129313,17.8991445524875,23.549316890333
Venezuela,VEN,2024,11,23.0048725843354,21.6494613904509,27.4179603211371
Iran,IRN,2024,10,22.2002905740185,20.104352816113,26.3407432288125
Chad,TCD,2024,11,21.6091230577205,19.137275203904,25.1765907147642
Lesotho,LSO,2024,11,21.123641125797,18.3666144189087,25.2150453520114
Switzerland,CHE,2023,12,87.8161608616071,84.7691482728371,88.2491187836545
Luxembourg,LUX,2023,12,82.5012122557036,80.9127084020058,84.0897161094014
Liberia,LBR,2023,11,81.5999647588173,74.2002902258179,85.330236287505
Iceland,ISL,2023,12,80.6230532886412,77.5778852686298,81.0748552567427
Taiwan,TWN,2023,10,80.1267881482915,67.4701188075524,86.4531329803212
United States of America,USA,2023,12,79.8727520571636,76.9128991606303,80.201052112818
Hong Kong,HKG,2023,10,79.3325273494039,73.2375741272429,87.4568490799163
Canada,CAN,2023,12,77.5906925180604,74.3545036783672,78.0591653963783
Denmark,DNK,2023,12,76.022435750341,73.6904164055529,76.6661641596214
Sweden,SWE,2023,12,75.5100351713567,73.621611894328,76.9640491588301
Ireland,IRL,2023,12,74.1965196967127,71.7514567496516,75.0410243970015
Oman,OMN,2023,12,73.8203725819526,70.5679479222732,74.1476384241764
Netherlands,NLD,2023,12,72.3163176264664,69.5383865986894,72.7590446409534
Singapore,SGP,2023,11,71.2675495399362,66.6994370306001,79.0949254259096
Belgium,BEL,2023,12,70.8646838547661,68.0617208484902,71.2159098109914
Australia,AUS,2023,12,70.7421554526948,68.0532895003013,71.325875187656
Austria,AUT,2023,12,70.6305028845292,67.9225873812354,71.342176603659
Albania,ALB,2023,11,70.3602120190954,63.4377378288409,72.0055088740011
Estonia,EST,2023,12,69.1717500184152,67.1571378567598,69.9782087681881
Finland,FIN,2023,12,68.4509164794223,66.0200452110519,69.1624676068678
Bahrain,BHR,2023,11,67.970597642382,66.6129453161955,79.1588738937304
Benin,BEN,2023,12,67.9026570932245,65.5853033785164,68.6352869164756
Georgia,GEO,2023,11,67.5830932330584,62.3877616918784,71.4225455230966
United Kingdom,GBR,2023,12,66.5288030797115,64.0298707436751,67.0301396298112
Indonesia,IDN,2023,12,66.4910217847505,64.2279610772056,66.9358647584702
Jordan,JOR,2023,11,66.2161445501077,60.1839830395873,72.4661946247342
Israel,ISR,2023,12,66.0780825573335,63.6871063903722,66.6368225918798
New Zealand,NZL,2023,12,64.7164716792777,61.974640268315,65.1921064482043
United Arab Emirates,ARE,2023,11,62.6999815500806,59.8335645194151,69.7518071850062
Germany,DEU,2023,12,61.9001762260891,59.3612441093465,62.4905305827798
Uzbekistan,UZB,2023,10,61.282833044074,56.8977118778655,65.0377261414709
Malaysia,MYS,2023,11,60.9351926222807,55.428278668839,66.2573017479483
Qatar,QAT,2023,11,60.6292271062894,56.2157699384125,67.8127839022667
Cyprus,CYP,2023,12,60.4572346906462,57.9599656193435,61.4581810615704
Lithuania,LTU,2023,12,60.3900784498082,58.191176898725,60.9770294921313
Botswana,BWA,2023,11,60.2732932673728,58.9007343946044,70.784659977491
Costa Rica,CRI,2023,12,60.0057830886188,57.8356398146166,60.7071486419719
Japan,JPN,2023,11,59.8193046818933,53.2361360392574,66.4024733245293
Saudi Arabia,SAU,2023,11,58.8105074211477,57.2557675643213,67.842503697492
Malta,MLT,2023,12,58.0302085629821,55.4849565647741,58.4096158014959
Egypt,EGY,2023,11,57.1655459923642,54.548800291096,62.0159360664103
Latvia,LVA,2023,12,56.6059018028435,54.4774005498202,57.2186561180028
China,CHN,2023,11,56.364963330321,52.6386404355014,58.9258928915508
Armenia,ARM,2023,12,56.0998413118454,53.7969428874238,56.575910750137
Spain,ESP,2023,12,55.5966788672476,52.5415360961098,56.0923043673184
Sri Lanka,LKA,2023,11,55.2994381955627,48.6642844693249,56.6657409759754
Philippines,PHL,2023,11,54.9613155559946,53.9612898125271,62.0426922015144
Portugal,PRT,2023,12,54.1659744425259,51.740875550662,54.8797415006894
Ghana,GHA,2023,12,54.0783961270653,52.3309580573706,54.9153361512172
France,FRA,2023,12,54.0183400610651,51.2824295484432,54.3296312892256
Angola,AGO,2023,12,53.9851428863309,51.6935605814405,54.8364739099845
Côte d'Ivoire,CIV,2023,11,53.782758395899,51.0352252911353,62.6175578992968
Tanzania,TZA,2023,11,52.8569271947451,50.5845062844136,53.2874031027266
Italy,ITA,2023,12,52.4156017467844,49.9163996016588,52.8623314086138
Bulgaria,BGR,2023,12,52.3508081400321,50.6337986009103,53.1953112669128
Chile,CHL,2023,12,51.8905442676059,49.8259455822196,53.3882430579937
Czech Republic,CZE,2023,12,51.6073415376081,49.6363603795264,52.6229487046691
Dominican Republic,DOM,2023,12,51.6069201981748,49.5369254825404,52.2803971326738
Vietnam,VNM,2023,11,51.5082306561171,50.0577845666898,56.653189060574
Ukraine,UKR,2023,11,51.4060185291858,50.0397764361646,55.9783073263039
Zambia,ZMB,2023,12,51.3620017481339,49.1871791348188,51.9154571860718
Jamaica,JAM,2023,11,50.4370380909787,46.8657224425609,56.3328176140385
Thailand,THA,2023,11,50.3818067546629,48.3354669896879,50.8774537177748
Slovenia,SVN,2023,12,50.2945254250091,48.5774151912803,51.6787612643064
Kuwait,KWT,2023,11,49.6892988078115,42.0750548531211,51.9219350910628
Mauritius,MUS,2023,12,49.6156051444486,47.0406353207349,49.8797871500443
Uruguay,URY,2023,12,49.3007279385084,47.6650707312999,50.7148724308232
Greece,GRC,2023,12,49.1263985050415,46.8984899793558,49.8010216510443
Kyrgyzstan,KGZ,2023,11,48.7418353353646,46.2759481858058,53.1966376191418
Malawi,MWI,2023,11,47.7573372095211,45.648647792025,48.3151726591603
Senegal,SEN,2023,11,47.2614850585638,42.0801569272923,48.590606558789
Serbia,SRB,2023,12,47.2344647909848,45.3392146310726,48.1759637545024
Namibia,NAM,2023,11,46.7546550173454,43.9539268589033,55.1666443132492
Cambodia,KHM,2023,11,46.5639831423473,44.6628930305688,50.3265037917837
Nigeria,NGA,2023,11,46.2516936266119,43.5394006370357,50.1536914813333
Kazakhstan,KAZ,2023,11,46.0678540824231,42.0237830144609,46.9372925992377
Kenya,KEN,2023,12,45.4425166836207,43.4176667885207,46.2547056772851
Cameroon,CMR,2023,11,45.2613955061716,42.5153161829478,49.2251443419617
Yemen,YEM,2023,11,45.1820720415198,38.0249745469972,47.3695563602076
Romania,ROU,2023,12,45.0050834267823,43.4925043203247,46.1808137087265
South Korea,KOR,2023,11,44.9756393801816,41.5848503578204,48.2892928444424
Mali,MLI,2023,12,44.8414632651282,42.6923178505171,45.3794556274731
Barbados,BRB,2023,11,43.7806996885137,40.5488297725591,53.095289886653
Montenegro,MNE,2023,12,43.4129780905522,41.4284811479851,43.9937645691175
Algeria,DZA,2023,11,43.3603336685089,42.1052235245934,48.5449421406354
Poland,POL,2023,12,43.0689080269313,40.7878040827143,43.7322864062606
Guatemala,GTM,2023,11,42.5199474500939,39.7440030785008,46.8139917068909
Hungary,HUN,2023,12,41.9874666299546,40.5211213440866,43.3240606483269
Pakistan,PAK,2023,11,41.4618871813148,39.5919404284531,47.8508014182757
Zimbabwe,ZWE,2023,12,41.3615258018932,39.733177361096,42.4298426581555
Slovakia,SVK,2023,12,41.1487952406295,39.6897677303266,42.442640392994
Colombia,COL,2023,12,39.8052174449021,37.3722261164798,40.2663070678179
Mongolia,MNG,2023,12,39.3849666295013,38.4056396905616,41.0379337448281
Cabo Verde,CPV,2023,12,38.6128916972775,36.9490389570453,39.3774734292963
Trinidad and Tobago,TTO,2023,12,38.5685283603015,36.0565256084659,39.1578594316714
Panama,PAN,2023,12,37.8097259018914,35.4964278227759,38.3111538889546
Nepal,NPL,2023,11,37.4070876910927,32.3729559453469,37.6732179062491
Morocco,MAR,2023,11,36.7620246337167,35.4233661898098,41.1877732825329
Peru,PER,2023,11,36.4502196237005,31.9817585337899,37.2251626656931
South Africa,ZAF,2023,12,36.0399818545993,33.2936850651729,36.5379097697179
Honduras,HND,2023,11,35.6559604501234,33.4111338990649,36.3483830708377
Tunisia,TUN,2023,11,35.4266936948461,32.9223220759972,38.6805157190147
Democratic Republic of Congo,COD,2023,11,35.3300742211572,31.5895902836941,37.0467533530718
Paraguay,PRY,2023,12,34.5060212665285,32.3666963658698,35.0994471524957
North Macedonia,MKD,2023,11,34.1063222988278,31.4817994733395,36.9577349576807
Ecuador,ECU,2023,12,34.0045613324113,31.5152602861613,34.6247808272083
Brazil,BRA,2023,11,33.9496255254851,30.9372187193841,36.962032331586
Mexico,MEX,2023,12,33.87002290662,31.7476350963,34.4599963134395
Sierra Leone,SLE,2023,11,33.3474875475937,31.0967082397627,36.2675671320969
Bangladesh,BGD,2023,11,32.3993956632316,30.9183441127795,36.1539671284803
Rwanda,RWA,2023,12,31.6436949112185,29.2763023797374,32.1591108509655
Argentina,ARG,2023,12,31.4328909954866,28.9346551196264,32.1248721777233
Croatia,HRV,2023,11,31.4102001943046,28.8320899074185,32.7373850523399
Turkey,TUR,2023,12,30.8787688511749,29.0525663194383,32.0866357492568
El Salvador,SLV,2023,11,29.3475651333435,27.3644612289476,32.391324628556
Laos,LAO,2023,12,29.2718176868154,27.4462568528016,30.0465995234879
India,IND,2023,11,27.6098681325431,24.8906103269377,30.0251726288112
Chad,TCD,2023,11,25.4323030170178,23.4647373563668,30.0045520562931
Bosnia and Herzegovina,BIH,2023,12,24.6426282063741,22.5273623528098,25.7592227225612
Venezuela,VEN,2023,11,22.1980142690419,19.8176445749809,24.9275839395013
Iran,IRN,2023,10,22.0755099639087,19.4914773683354,24.0804347182607
Lesotho,LSO,2023,11,21.8081580011492,18.9317972711027,25.0028044848056
Bolivia,BOL,2023,11,18.2421463307767,16.5104421510218,22.6334048514247
Switzerland,CHE,2022,12,90.1335025602074,86.7079600412521,90.3384425842579
Taiwan,TWN,2022,10,85.3217555257795,67.0238840680928,87.7703861949837
Hong Kong,HKG,2022,10,83.5718672483804,75.7694502047963,89.402918297872
Luxembourg,LUX,2022,12,82.941954794022,79.563714665451,83.270998244261
Iceland,ISL,2022,12,82.5464218807538,80.4364624579981,83.8985764765637
United States of America,USA,2022,12,82.5005817688305,79.6668046808983,82.9906015185199
Denmark,DNK,2022,12,78.0337358857716,75.4922848646667,78.5381244003637
Sweden,SWE,2022,12,77.8735284659009,74.8414276017066,78.193087787961
Canada,CAN,2022,12,77.6568669543059,74.5305965071666,78.0416844693429
Ireland,IRL,2022,12,76.166382416207,73.6228841334896,76.8394201192869
Netherlands,NLD,2022,12,75.5406804931342,72.9655066595929,76.1628690746238
Singapore,SGP,2022,11,75.1560853220415,70.822642877429,82.8129216499791
Oman,OMN,2022,11,74.6944756456393,69.7912325075975,75.9665167573653
Bahrain,BHR,2022,11,74.3854793335777,70.071822208613,82.3021018509625
Austria,AUT,2022,12,72.2422055903798,69.9035771101283,73.3077067303386
Azerbaijan,AZE,2022,11,71.6936224907172,69.9924194867024,81.7625371443446
Belgium,BEL,2022,12,71.6128380822474,69.3712182719444,72.6600522311489
Brunei,BRN,2022,11,70.8501723287227,66.0380008340866,75.6623438233588
Estonia,EST,2022,12,70.471667289453,68.3378399678506,71.259982445685
Uzbekistan,UZB,2022,11,70.1101438039819,64.2971405898608,72.6052141643909
Liberia,LBR,2022,10,69.4684356934327,63.8323856770013,73.5250944086668
Finland,FIN,2022,12,69.4230884977513,67.4146270712723,70.4285971466997
Australia,AUS,2022,12,68.1554219628905,65.7126363897139,69.4073993263566
Albania,ALB,2022,11,67.9646992742444,60.4152162778138,68.4319433616696
Indonesia,IDN,2022,12,67.4672776978108,65.3616374788083,68.0720409050687
Israel,ISR,2022,12,67.2233099864439,64.6714024275474,68.1633478932029
United Kingdom,GBR,2022,12,67.0465482640654,65.0256288154278,68.0949433841475
Malta,MLT,2022,12,66.3734479212312,63.2192233876035,66.5603567772832
New Zealand,NZL,2022,12,66.0991562598732,64.0753048612976,67.7312814945023
United Arab Emirates,ARE,2022,11,65.885971519929,62.3864170241979,71.0749769638595
Benin,BEN,2022,12,65.3740661399537,63.6354056669836,66.5194280734305
Latvia,LVA,2022,12,64.0981102352528,62.5274635109773,65.3301553344974
Malaysia,MYS,2022,11,63.7514146506758,58.1354600972558,70.3481368060071
Costa Rica,CRI,2022,12,63.1664641457648,60.794272480004,63.8789808554921
Germany,DEU,2022,12,63.1655859174047,60.6572274562845,64.2276899036536
Georgia,GEO,2022,11,62.1724662488126,60.9523265790784,71.3980631990933
Cyprus,CYP,2022,12,62.0326592936363,59.6486260531412,63.0626943682245
Qatar,QAT,2022,11,61.3120534704635,58.9285732241202,70.4481027479864
Saudi Arabia,SAU,2022,11,60.748096655071,58.3531800850928,69.4467296361748
Jordan,JOR,2022,11,60.1379363472909,58.2947664943797,70.9665875031069
Lithuania,LTU,2022,12,59.6947081487257,57.911092138083,60.7621418125477
Armenia,ARM,2022,12,59.351233530078,57.6062200464978,60.3177013624718
Botswana,BWA,2022,11,58.8358893296175,56.4010911438657,67.6717704506413
Philippines,PHL,2022,11,57.8140585298598,56.6138067879114,66.1948791923028
Egypt,EGY,2022,11,57.1787616694108,54.5453850374138,61.6173777536299
China,CHN,2022,11,56.601861332792,54.6307693218748,62.6556160662526
Angola,AGO,2022,12,56.4547626691055,54.0851327841562,56.7510704971855
Sri Lanka,LKA,2022,11,55.8594129494339,49.8836073489201,59.1762406195085
Portugal,PRT,2022,12,55.6085010215728,52.8380471522177,55.9676573330079
Spain,ESP,2022,12,55.4825715826446,52.7882124699372,56.642600449106
Tajikistan,TJK,2022,11,55.3250734991285,54.2433946019404,62.4401040661386
Japan,JPN,2022,11,55.2173071528633,50.228057725656,62.1918980830558
Mauritius,MUS,2022,11,54.1662954896058,48.9902856660891,61.0546413084943
Jamaica,JAM,2022,10,54.0997448958924,46.6701394454314,57.8193936118618
Ghana,GHA,2022,12,53.9987094057297,52.0266627006227,54.8020482799
Chile,CHL,2022,12,53.2123172536423,50.2137927218407,53.7528220109972
Slovenia,SVN,2022,12,52.9653179254669,51.0552819989334,54.2825080877514
Bulgaria,BGR,2022,12,52.8526150610349,51.1616406470746,53.675783873946
Vietnam,VNM,2022,11,52.6837161517988,51.3008641251556,59.3339104250774
Czech Republic,CZE,2022,12,52.6077344941301,50.7341730007263,53.4959265974088
Russia,RUS,2022,11,52.5963164236709,50.9519013360058,56.5221766994251
Zambia,ZMB,2022,12,52.4250847069644,50.7539372780848,53.7106193104846
Thailand,THA,2022,11,52.2539250719631,50.045002899286,52.8471750253641
France,FRA,2022,12,51.8394399985455,50.0948720994187,53.1472548739044
Tanzania,TZA,2022,11,51.5168752646757,50.1212954823378,52.4271715990125
Côte d'Ivoire,CIV,2022,11,51.3732845941629,49.4324413873541,58.040473516731
Namibia,NAM,2022,11,51.2468171772789,44.7452808092473,56.2575546676843
Dominican Republic,DOM,2022,12,50.9075868749686,49.1121020195833,51.7446037679156
Kuwait,KWT,2022,11,50.8279523446282,44.2111322648088,55.215346799639
Lebanon,LBN,2022,11,50.5109832652611,46.0854809163872,52.7540304823564
Kyrgyzstan,KGZ,2022,11,50.2780663027536,49.0213943607186,56.6198994783119
Barbados,BRB,2022,11,49.9676656573148,46.9603872056618,59.884105511416
Algeria,DZA,2022,10,49.4738868812607,47.8625077935213,59.1531934956054
Italy,ITA,2022,12,49.3023202939,46.8306915274226,49.6518071889426
Uruguay,URY,2022,12,49.0214441114294,46.8861200069413,49.8669613811135
Greece,GRC,2022,12,48.9190728726758,46.7565809956105,49.7260082581916
Nigeria,NGA,2022,11,48.4810464292517,45.6511708393391,51.3241174498489
Ukraine,UKR,2022,12,48.3473508517173,46.9740836901748,49.6187770690701
Malawi,MWI,2022,11,48.2867494726859,46.2224700546961,48.8119696572673
Moldova,MDA,2022,11,48.2397218804033,46.9471402090534,51.7181314004497
Montenegro,MNE,2022,12,47.8721827379349,46.5116809323954,49.0016639083413
Kenya,KEN,2022,12,47.4875488501226,45.6805778913684,48.2573403908197
Serbia,SRB,2022,12,47.2819256929675,45.1548958046388,48.0733883832819
Cambodia,KHM,2022,12,46.7486940947451,44.5220380904167,47.0516347449175
Romania,ROU,2022,12,46.4672149004342,44.4904798870155,47.2337255068075
Senegal,SEN,2022,11,45.8315293069066,44.0122784482486,51.7536465539491
Kazakhstan,KAZ,2022,11,45.1272645392474,41.6514046664193,46.9344170807531
South Korea,KOR,2022,11,45.0654147879305,42.8906175156737,52.0275293674587
Poland,POL,2022,12,44.1900164356442,42.0284559449914,45.0434940067278
Cameroon,CMR,2022,11,44.0842827198005,42.2590699917637,48.2962458071071
Yemen,YEM,2022,11,43.9608413951122,39.9708012094395,47.3207283564214
Slovakia,SVK,2022,12,43.8453017986332,41.7795205606803,44.7033835029791
Hungary,HUN,2022,12,43.2498713411397,41.3517244761068,44.2283497264172
Mali,MLI,2022,12,42.6429534463602,40.496562875796,43.2267718855454
Mongolia,MNG,2022,12,42.5937693531794,40.7881754942683,43.3359239247194
Pakistan,PAK,2022,12,42.1495781223465,40.2999975777194,43.0965022269457
Trinidad and Tobago,TTO,2022,12,41.6878756842434,38.9781211910828,42.2006446143508
Guatemala,GTM,2022,11,41.6725793190877,39.2416799034321,46.6655380437373
Colombia,COL,2022,11,40.6059706012103,38.3728510656682,41.1495145370812
Zimbabwe,ZWE,2022,11,40.130562660951,34.9712726522128,42.7368416613935
Cabo Verde,CPV,2022,12,39.1906621172046,37.7558256732078,40.488834053414
Panama,PAN,2022,12,39.1530033815758,37.8466817761153,40.7810047766873
Morocco,MAR,2022,11,38.3024123620787,36.1954064983417,41.5538247534347
Nicaragua,NIC,2022,11,37.9248855119208,35.9190633688933,41.8590327273028
Paraguay,PRY,2022,12,36.7055744743523,34.0233967497754,36.8279666960141
North Macedonia,MKD,2022,11,36.5708283416035,33.9411184307545,40.3265663788793
Sierra Leone,SLE,2022,11,36.151172192295,32.8596310389341,38.7184321226426
Honduras,HND,2022,11,36.1338378575066,34.0900232222709,36.7298224877071
Tunisia,TUN,2022,11,35.6567148552173,33.389406563384,39.3129420727399
Ecuador,ECU,2022,12,35.5794314958401,33.0540729178096,36.3076681676466
Bangladesh,BGD,2022,11,35.2498493375115,32.6000553404249,38.6947745700426
Peru,PER,2022,11,35.0129273597218,32.5639310526168,38.2256105418226
Laos,LAO,2022,11,34.2690122681457,31.6951091065882,37.4086962568599
Mexico,MEX,2022,12,34.1925884914812,32.245813781998,35.239812307725
Turkey,TUR,2022,12,33.3300265482003,31.6272429418671,34.195683992962
Democratic Republic of Congo,COD,2022,11,33.0305482844585,31.1137817734066,37.2224112201313
Nepal,NPL,2022,11,32.6160136815534,31.542440230036,35.9896810575539
Argentina,ARG,2022,12,32.5549738599963,29.7905413024207,32.8498479840112
Croatia,HRV,2022,12,31.851103270339,29.5092334209024,33.0727932357427
Rwanda,RWA,2022,12,31.6940726938566,29.8141134759197,32.6440052031318
South Africa,ZAF,2022,11,30.1958995840358,28.3341277604512,37.0341991983345
India,IND,2022,11,29.3555174606806,28.1016187301991,33.81759154529
Chad,TCD,2022,11,27.4108168380069,23.3000965998662,28.5469415713989
Brazil,BRA,2022,11,27.3944668740005,26.5424350156136,32.2370002125611
El Salvador,SLV,2022,11,26.684287969867,25.3695291302532,30.1280986463716
Bosnia and Herzegovina,BIH,2022,12,26.3364374399666,24.5440633181804,27.5774207554926
Iran,IRN,2022,11,22.7286385151882,20.4894584602407,26.0914238428534
Lesotho,LSO,2022,11,21.5461689623226,20.085650533634,26.7055123148754
Venezuela,VEN,2022,11,20.627034920626,18.173252475875,23.0560177808107
Bolivia,BOL,2022,11,19.2151976240812,15.9853827743085,21.923292707024
Switzerland,CHE,2021,12,91.0964432793481,88.4020155181942,93.6012803912245
Hong Kong,HKG,2021,10,87.9967581771324,75.0548895533676,98.5771350313319
Azerbaijan,AZE,2021,10,87.3901596508396,74.7740054875717,90.3905371187361
Iceland,ISL,2021,12,85.730462041839,82.9282367655454,88.5326873181327
Taiwan,TWN,2021,10,85.7096900777765,69.4552396150568,91.0803363344905
Luxembourg,LUX,2021,12,84.8072159196903,81.9674215728243,87.6470102665564
Denmark,DNK,2021,12,80.0390807795077,75.7540281051113,82.1195468157977
United States of America,USA,2021,12,79.5438784795318,75.6312626444956,81.3254660700625
Singapore,SGP,2021,11,78.6907329728691,72.0396558760836,86.6915766768681
Canada,CAN,2021,12,78.4695317334541,76.9574963023753,82.6782842456553
Ireland,IRL,2021,12,77.379543856411,72.7090663875296,78.683741811499
Bahrain,BHR,2021,11,77.2289939453678,70.2119295433845,84.764754098956
Estonia,EST,2021,12,76.298881765477,70.8340203201058,76.6294810123543
Netherlands,NLD,2021,12,75.5661250724398,72.825433855399,78.6459038807159
New Zealand,NZL,2021,12,75.5523787963785,72.1949890643296,78.7576148443418
Malaysia,MYS,2021,11,73.8975408168211,63.5045453381123,79.2133121044897
Liberia,LBR,2021,11,73.0837177100802,68.6215420117688,77.5458934083916
Sweden,SWE,2021,12,72.6095788172382,71.375560276292,77.7601041201697
United Kingdom,GBR,2021,12,72.2151646096842,67.1159281980373,73.5380766910699
Austria,AUT,2021,12,71.7786771928745,67.187443314672,73.1718325398487
Australia,AUS,2021,12,71.5955028755729,66.1099083511436,72.4467755378194
Belgium,BEL,2021,12,70.8235118359116,68.0944681280109,73.4654533573026
Israel,ISR,2021,12,70.4336527067254,69.0390242027461,75.3602733145958
Germany,DEU,2021,12,70.378217750737,67.085847036244,72.905374329772
Finland,FIN,2021,12,69.0609121411531,67.2440304570365,73.317984603125
Guinea,GIN,2021,11,68.6834538367344,64.9134170372137,82.0230678190878
Albania,ALB,2021,11,68.5013178753264,62.5853894787542,71.7579239427263
Oman,OMN,2021,11,67.8268048796022,58.4569597350557,75.2857556607787
Brunei,BRN,2021,10,67.6499420847887,58.1854345453076,69.3736457759487
Jordan,JOR,2021,11,66.851433610164,58.150517057679,74.8072161561826
Qatar,QAT,2021,11,66.19458930273,58.5120296760223,72.1062829166651
Cyprus,CYP,2021,12,65.0253298387921,59.735190511787,66.0109466469068
United Arab Emirates,ARE,2021,11,64.8980264717611,61.9977023314145,72.4385683838748
Latvia,LVA,2021,12,64.0183117741666,62.9476803840044,68.7737243913855
Tajikistan,TJK,2021,11,63.5776213101828,60.4457641546747,77.2941347559999
Costa Rica,CRI,2021,12,63.5179298980003,60.7764786302298,66.2593811657709
Saudi Arabia,SAU,2021,11,62.8907985649477,56.2794795697898,71.2675325979277
Armenia,ARM,2021,12,62.8584078745677,59.5439800070546,65.2572501225352
China,CHN,2021,11,62.3630387118118,59.0427610233602,72.022786026095
Algeria,DZA,2021,10,62.2030547171574,57.403625368246,67.0024840660688
Malta,MLT,2021,12,61.8334975696059,59.1199595045133,64.8970280297943
Benin,BEN,2021,12,61.7074769846248,59.4036773284216,64.887904883537
Philippines,PHL,2021,11,60.9403637208011,57.297510883071,72.4337433655134
Mauritius,MUS,2021,11,60.3367447069667,47.0804111027625,61.0902250641736
Lithuania,LTU,2021,12,59.887401132004,59.534100541297,65.6327030397675
Barbados,BRB,2021,11,59.8371436706263,52.2673255901887,67.4069617510639
Spain,ESP,2021,12,59.1568069795923,53.732943994602,59.4122225307828
Indonesia,IDN,2021,12,59.1108531525169,59.0093760240375,65.0142890968962
Georgia,GEO,2021,11,58.248554511089,55.6178505798998,68.4569553061195
Egypt,EGY,2021,11,57.8992567808173,51.8740560007758,64.6133924097459
Japan,JPN,2021,11,57.6896579378436,53.0985447773645,70.0294579199452
Côte d'Ivoire,CIV,2021,11,57.188220482906,50.4932994039189,65.1849314903709
Slovenia,SVN,2021,12,56.7296932015893,52.1751090427461,59.3618109531566
Serbia,SRB,2021,12,56.5413192449118,52.7788038699092,58.5589618089134
Ukraine,UKR,2021,11,56.2964893742539,49.389357409166,63.0960692033201
Sri Lanka,LKA,2021,11,56.2015994009573,48.6987426230517,61.2765267469153
South Korea,KOR,2021,11,55.1086144150256,48.4284511884501,61.7887776416012
Russia,RUS,2021,11,55.0806696437538,51.3434570603281,66.13237894369
Vietnam,VNM,2021,11,54.8084367639546,46.9404258785829,58.1771718157694
Zambia,ZMB,2021,12,54.6734377856445,51.839886112288,57.5069894590011
Portugal,PRT,2021,12,54.401642046154,51.271516245686,57.589186314147
Kyrgyzstan,KGZ,2021,11,54.1180549828383,47.0894200544395,61.7073328735909
Thailand,THA,2021,12,54.1152158228322,49.8875638034739,56.1363734393458
Ghana,GHA,2021,11,53.8739686571165,50.7805680246045,55.9333354628605
Chile,CHL,2021,12,53.7876932395044,49.9968407352672,55.6706883043771
Czech Republic,CZE,2021,12,52.9088133798314,49.3983517350308,56.2153409068625
France,FRA,2021,12,52.7130498447369,49.8638325887884,55.3878184540517
Kazakhstan,KAZ,2021,11,52.0872737024084,46.1617335510698,55.6072820635885
Burundi,BDI,2021,12,51.6538667819116,47.9644147766577,54.0664531912408
Angola,AGO,2021,12,51.1536790115861,50.2112239893858,57.8135012194264
Montenegro,MNE,2021,12,50.9274225659885,47.2868543703877,53.1022605843298
Jamaica,JAM,2021,10,50.4571026314652,46.9904266895253,60.4088406314732
Uganda,UGA,2021,11,50.2542906738123,49.6386137776119,54.5743670294847
Senegal,SEN,2021,11,49.2098362731471,46.3733341059503,59.262320934311
Bulgaria,BGR,2021,12,49.0375026373479,46.7763950657353,52.4612795871549
Kenya,KEN,2021,12,48.8580018095086,44.4003463393333,50.404206047366
Tanzania,TZA,2021,12,48.8201516802819,46.2942994242733,51.8877030054457
Cameroon,CMR,2021,11,48.6971528309124,43.0943189401778,53.7627457153357
Mongolia,MNG,2021,12,48.388217942638,43.7101689141334,51.1959630412383
Moldova,MDA,2021,10,48.3189738178816,47.4677187053162,58.9839145052429
Yemen,YEM,2021,11,48.2598764690173,41.7694705720419,53.1480276275744
Botswana,BWA,2021,11,47.7684888941203,46.379956380913,56.6396830430817
Nigeria,NGA,2021,11,47.7179002846208,44.4467849326876,53.0801872353601
Malawi,MWI,2021,12,47.5205666646824,42.7424371804591,48.440405293379
Lebanon,LBN,2021,11,47.1466149620081,46.0040097139495,58.6359131183492
Namibia,NAM,2021,11,47.143753337742,43.1958183593388,56.3004050361856
Morocco,MAR,2021,10,46.9960808210732,39.5437120870286,50.07359198112
Greece,GRC,2021,12,46.6901679239852,44.8513378805378,50.5103422012123
Romania,ROU,2021,12,46.4020612225742,43.5776393925258,48.9009513208974
Cambodia,KHM,2021,12,46.1539675569445,42.3902083280937,47.82332770175
Kuwait,KWT,2021,11,45.5948649212664,44.5041092115026,59.5180240453283
Poland,POL,2021,12,45.1160220413385,40.6560616755656,47.9902630501611
Dominican Republic,DOM,2021,12,44.6631720895826,42.271719963903,47.470597412212
Nicaragua,NIC,2021,11,44.3592375746187,38.0561473833329,52.4980590091248
Guatemala,GTM,2021,11,44.0961563102725,39.5989915887698,53.1792489518556
Uruguay,URY,2021,12,42.5597090971908,39.1130956099447,44.7223731813373
North Macedonia,MKD,2021,11,42.4291926844329,34.8003933954898,47.4105072142259
Italy,ITA,2021,12,42.0912526621562,39.2001333927478,45.2023602712008
Tunisia,TUN,2021,11,41.9083363788626,32.0410754765567,43.3572544152153
Trinidad and Tobago,TTO,2021,12,41.6029083144526,35.9888420037646,42.2857908754503
Hungary,HUN,2021,12,41.4938420515277,37.9143611196476,44.2144990976742
Cabo Verde,CPV,2021,12,41.4227085981271,37.8911101404783,44.1538227503368
Slovakia,SVK,2021,12,41.271293577032,40.6185667316046,48.5035984856954
Colombia,COL,2021,11,40.4180771774788,36.0422538602351,41.8547430657954
Zimbabwe,ZWE,2021,11,37.7275407536402,34.6051815862158,42.6131596711009
Turkey,TUR,2021,12,37.4476076528064,34.8495491688194,40.7609978649073
Panama,PAN,2021,12,36.8009741735744,34.7828722264666,41.2779728780273
Democratic Republic of Congo,COD,2021,12,36.4986921002558,31.0249739339713,38.0217626705255
Mali,MLI,2021,12,36.3503475283128,35.8128652493495,41.3498293455967
Argentina,ARG,2021,12,36.0532137474494,31.6135026980657,37.3180972190217
Paraguay,PRY,2021,12,35.6562606015561,32.9419215761428,38.7886944089692
Laos,LAO,2021,11,35.2141587636355,31.6221554119525,40.0983382823567
India,IND,2021,11,34.998411478015,28.5089585481425,41.0165500544909
Nepal,NPL,2021,11,34.865580972023,32.7768485725421,41.0106473764331
Pakistan,PAK,2021,11,34.5100739702605,33.727616309682,40.8761418749544
Rwanda,RWA,2021,12,34.4965283196927,31.0898951472468,36.6542485661328
Mexico,MEX,2021,12,34.0826655629866,32.6564490686286,38.383023457526
Ecuador,ECU,2021,12,33.7231489790922,31.5065731659489,37.6998360420569
Honduras,HND,2021,11,33.3651583501141,30.1943619478651,35.5655959558633
Peru,PER,2021,11,33.0960113713003,27.3707780723103,36.8964246576103
Sierra Leone,SLE,2021,11,30.7462164098435,29.7711723514953,38.0007372330748
Chad,TCD,2021,11,30.3920997880207,24.66924793561,32.730889480213
Bosnia and Herzegovina,BIH,2021,12,30.3559320684134,26.3584571292406,32.1638740003759
Bangladesh,BGD,2021,11,30.2538912660326,29.4575302811336,37.1401103218704
Croatia,HRV,2021,12,29.352614102869,25.4966474631032,32.4316132810373
El Salvador,SLV,2021,11,29.329996205728,24.0489927661372,31.9818370926957
South Africa,ZAF,2021,11,29.2197897061838,24.53947533051,35.1767678243704
Iran,IRN,2021,11,26.7699486617165,22.2060876626677,31.0558765973236
Lesotho,LSO,2021,11,26.3716810654095,19.7169752157946,30.4164338521716
Brazil,BRA,2021,11,26.0330144437557,24.6669112430693,35.7202929614488
Venezuela,VEN,2021,11,24.8417695897103,18.88884983644,27.6013901853632
Mauritania,MRT,2021,11,19.9622571038937,18.2299403761817,27.4095123613932
Bolivia,BOL,2021,11,16.7776482495888,14.2875170718509,23.6493102848426
Hong Kong,HKG,2020,10,92.5630892248686,76.3395534817126,95.5391652977152
Taiwan,TWN,2020,10,92.370113988685,81.2920230559866,98.5771350313319
Switzerland,CHE,2020,12,90.8398342601867,87.714816146428,93.4098376852312
Azerbaijan,AZE,2020,11,85.3736318826231,73.9761860623802,89.9545283460199
Luxembourg,LUX,2020,12,84.6204347686934,81.6630075215881,86.9746192521078
Iceland,ISL,2020,12,83.688513028225,79.2400111471465,84.9231429184303
United States of America,USA,2020,12,81.0501627790945,78.5119150643155,83.9148883173351
Denmark,DNK,2020,12,81.0037728634726,75.8479765771326,82.9444970884683
Canada,CAN,2020,12,80.4915202671803,78.1785311676277,83.6341109981459
Ireland,IRL,2020,12,80.3403469558129,74.3781059993337,80.4549482567905
Netherlands,NLD,2020,12,79.8941222722699,73.956045715419,80.0238165651375
Sweden,SWE,2020,12,77.2172379718304,73.621794312926,79.9808110302487
Germany,DEU,2020,12,76.576711093667,73.5663885191434,79.1051617688238
New Zealand,NZL,2020,12,75.7201903258406,72.6607565966055,78.7445430772935
Bahrain,BHR,2020,11,75.7010447150177,70.1753125551618,84.1230183161676
United Kingdom,GBR,2020,12,74.3182287841529,71.2294284607199,76.9960198415199
Finland,FIN,2020,12,73.7767843687702,68.5854724381011,74.4693071551732
Singapore,SGP,2020,11,73.6229011713346,71.4383294298032,86.6873567375131
Estonia,EST,2020,12,73.6175418443853,68.0983303956835,74.3011301411875
Israel,ISR,2020,12,72.9940921101597,68.1630271231196,74.9723698417567
Australia,AUS,2020,12,70.3771699971822,64.676483484879,70.4470377235195
Belgium,BEL,2020,12,70.120087612694,67.030050907946,73.210124317442
Malaysia,MYS,2020,11,69.3920654122218,66.4895625246756,83.4195950293656
Austria,AUT,2020,12,68.997863980478,65.7193390711133,71.3774848128107
Philippines,PHL,2020,11,68.5794636834591,61.774179264204,78.0640680215617
Brunei,BRN,2020,11,68.1854978101022,59.2364452183268,69.844060167672
Latvia,LVA,2020,12,67.9999530848291,65.3132860441555,70.6866201255027
Guinea,GIN,2020,12,66.4119350235463,65.7743679318898,71.0807234202662
Gambia,GMB,2020,11,65.9930443057446,61.4905868827317,77.9232854056518
Albania,ALB,2020,11,65.4852569011351,62.8437361789672,70.5270918250492
Qatar,QAT,2020,11,65.2960136940923,58.777517704206,71.5050851590939
Gabon,GAB,2020,11,64.527889262531,58.5519131293578,70.4497767123794
Tajikistan,TJK,2020,11,64.4442281434798,61.1104160497652,76.1976081589351
Japan,JPN,2020,11,64.4070975386041,58.0521005306001,73.0187496379932
Cyprus,CYP,2020,12,64.1458844488264,59.309600042783,65.4311553692977
Malta,MLT,2020,12,63.2027099297413,59.9604150440855,65.3561733004865
Liberia,LBR,2020,11,63.1683052100265,61.3645914520069,69.8260110443748
Jordan,JOR,2020,11,63.1636450117746,55.4110435200803,70.7091685138522
China,CHN,2020,11,62.4877174209658,59.2612127436517,72.7629731481292
United Arab Emirates,ARE,2020,11,62.094485021586,61.0629719953702,72.0467712488066
Côte d'Ivoire,CIV,2020,12,62.0159436242622,58.9016786391087,65.1302086094158
Indonesia,IDN,2020,12,61.8982935824724,56.9928878742565,62.830036236048
Oman,OMN,2020,11,60.7197439098699,58.5749196533028,74.2780451176551
Lithuania,LTU,2020,12,59.9183161241086,57.2223239415157,63.0348103911715
Costa Rica,CRI,2020,12,59.7987981853588,57.3092584922855,62.6399763372193
Armenia,ARM,2020,12,59.1761053061843,56.4257482028143,61.9264624095543
Slovenia,SVN,2020,12,58.5702977726191,52.1724202092729,59.4742845963713
Sri Lanka,LKA,2020,11,58.3819442595716,47.9961952406865,62.1059628652091
Czech Republic,CZE,2020,12,57.8897888606982,50.1563922636155,58.0304330728413
Kazakhstan,KAZ,2020,11,57.3305271146594,50.3619113513843,60.5576057216073
Benin,BEN,2020,12,56.4691712895231,53.8669469742541,59.9556110090382
Russia,RUS,2020,11,56.462227204956,51.6699045513767,64.8441198954843
Barbados,BRB,2020,11,55.8114413779667,46.3568726835668,62.0258671932551
Saudi Arabia,SAU,2020,11,55.407039455706,50.4952642191152,67.5183276957901
Spain,ESP,2020,12,55.3942862438287,50.1107599397212,56.4244808310046
Mauritius,MUS,2020,11,55.2562952084808,48.5472933140613,64.1493272336131
Thailand,THA,2020,12,55.1840919931702,49.8190102579882,55.5861849646291
Portugal,PRT,2020,12,54.923221971627,51.4616661459037,57.3155584220315
Ukraine,UKR,2020,11,54.586896305114,52.0654746139804,64.8595080029959
Uganda,UGA,2020,11,54.5773858849392,52.0497306215633,58.1800878995189
Angola,AGO,2020,12,53.8111753464865,49.7356800229315,57.9230188567278
Algeria,DZA,2020,11,53.5442156652452,47.3581457912437,58.2836419501119
France,FRA,2020,12,53.0595324317374,49.8708595344234,55.5969577079029
Serbia,SRB,2020,12,52.8318127089912,48.140907542827,53.5823736248796
Georgia,GEO,2020,11,52.6816566461134,51.1749683703365,62.6806970458787
Lebanon,LBN,2020,11,52.5605962333013,47.0463349012905,59.8110783481656
Egypt,EGY,2020,11,52.491453738028,47.0364749343262,55.0781083630736
Montenegro,MNE,2020,12,51.2052172711219,48.5859549812205,54.3675268724891
Senegal,SEN,2020,11,50.9758735849073,46.7605447092853,59.5880569061487
Ghana,GHA,2020,11,50.7929921800357,48.2521251487091,53.3338592113623
Mongolia,MNG,2020,12,50.7430981922308,43.186450912839,50.7723684491535
Kenya,KEN,2020,12,50.396481195803,46.1957648611955,52.3367597352207
Romania,ROU,2020,12,50.1959735007376,47.0667413534528,52.9479521037803
Jamaica,JAM,2020,11,50.1509319312614,47.4469943613192,60.8360112556068
Moldova,MDA,2020,11,49.7369803259385,46.8666434337809,60.2298114135211
Botswana,BWA,2020,11,48.7529371875209,45.4203621142527,53.8115495013453
Kyrgyzstan,KGZ,2020,11,48.6712520831968,45.8050537598099,56.7566686446447
Zambia,ZMB,2020,12,48.6428046512743,45.3998537495963,50.8630017189071
Eswatini,SWZ,2020,11,48.6123869153947,47.5806306747516,61.4830602694531
Tanzania,TZA,2020,11,48.0489907568316,44.6456464632934,56.8559996612036
Burundi,BDI,2020,11,47.918671554031,45.9896130995927,53.7200387106752
Chile,CHL,2020,11,47.5040230641758,47.0328121985154,64.0175228877932
Nigeria,NGA,2020,12,47.3119165172336,45.0890583157302,50.6069445894956
Namibia,NAM,2020,11,46.5462351834802,44.8435201703517,59.1791566089144
Seychelles,SYC,2020,11,46.5337795253872,41.9520887365198,55.6241965678112
Bulgaria,BGR,2020,12,46.4633269261203,43.3441479861952,49.0150889787173
Dominican Republic,DOM,2020,12,46.3483149255266,42.1146739468461,47.7722992575344
Greece,GRC,2020,12,46.2927837730999,45.8890227026798,51.5642944482404
Yemen,YEM,2020,11,44.972797556321,40.5928822247456,51.954381255928
Kuwait,KWT,2020,11,44.8778320003245,42.5385580813692,56.7507478771768
Morocco,MAR,2020,11,44.7224433792245,40.1912680891494,48.3944312407394
Nicaragua,NIC,2020,11,44.4630768153772,40.4461029840468,53.5177315471173
Cameroon,CMR,2020,11,44.1403131516666,41.3744313411057,50.6064359431091
Vietnam,VNM,2020,11,43.4183076989438,39.774875819399,47.6013566257202
Slovakia,SVK,2020,12,43.3866322807139,40.0462733826746,47.902252866851
India,IND,2020,11,43.0340869002096,39.8038313502738,53.3991898643731
Poland,POL,2020,12,42.9603498290164,41.7440971655697,48.6309530747914
Pakistan,PAK,2020,11,42.878848499698,36.5443769646636,44.9209773064648
Malawi,MWI,2020,12,42.7395014874459,40.3373721384505,46.0979171886999
Cambodia,KHM,2020,12,42.2666512277185,41.4762961743829,47.0436394803305
South Korea,KOR,2020,11,41.6230742491712,39.5432975725167,52.148364672554
Italy,ITA,2020,12,41.2242104867244,37.5903083117279,43.5391549030297
Burkina Faso,BFA,2020,12,40.9482012890206,37.0329861315168,42.8922380095232
Honduras,HND,2020,12,40.895169737968,40.0828593584236,45.977203487668
Guatemala,GTM,2020,11,40.7219961589289,40.6185972710349,54.3772546960891
Madagascar,MDG,2020,11,40.4764895703602,39.7875260891016,48.8015410623538
Cabo Verde,CPV,2020,12,40.3832860173473,36.8261341635716,42.4664312785588
Mali,MLI,2020,11,40.2877333878761,35.8403383320018,44.1793058925304
Trinidad and Tobago,TTO,2020,12,39.5004707383822,35.7711878959123,42.2724345815369
North Macedonia,MKD,2020,11,39.2533963428517,34.7181326257668,45.2357524673368
Hungary,HUN,2020,12,39.0429927414638,36.6704208891753,42.4738328469193
Zimbabwe,ZWE,2020,12,38.7659020358952,33.7145472285558,41.3483451973414
Nepal,NPL,2020,11,38.350338003278,31.9047445720153,40.2372180177664
Colombia,COL,2020,11,38.2021270252698,35.3796924190046,40.7689833346805
Uruguay,URY,2020,12,37.5326747889744,36.4737272615494,42.2603160658518
Democratic Republic of Congo,COD,2020,11,37.4843990366772,32.9614825704856,40.3421361101368
Laos,LAO,2020,11,36.9549397440318,31.7829203898704,41.1311807967456
Turkey,TUR,2020,12,36.779446960626,33.4173686658227,39.0455489725446
Ecuador,ECU,2020,12,36.4597111059409,34.0796605537027,40.326594068654
Bangladesh,BGD,2020,11,36.4215228345427,31.1639432782016,39.0033373476849
Panama,PAN,2020,12,35.9484173257505,33.4104919275465,40.2986704715002
Mexico,MEX,2020,12,35.9454674307068,35.1920957898975,40.8794897075548
Argentina,ARG,2020,12,35.6138239311656,32.8948242358414,38.9515302044685
Tunisia,TUN,2020,11,34.4355534272502,31.2793495458221,43.2227569424644
Paraguay,PRY,2020,12,34.2242908729562,30.6365959397863,36.5953906123532
Rwanda,RWA,2020,12,34.1667288739719,31.2499487213656,37.5791631888207
Sierra Leone,SLE,2020,11,33.8987703324898,31.6591103987875,39.9777681847744
South Africa,ZAF,2020,11,32.9226609217389,27.7943287945313,37.9527472115968
Chad,TCD,2020,11,31.8010377874099,26.1521790674952,35.3528727181859
Lesotho,LSO,2020,12,31.6538398942709,24.8588500704979,32.23204583729
Bosnia and Herzegovina,BIH,2020,12,30.6749081713851,27.9235317481651,34.3422325749926
Croatia,HRV,2020,12,30.5918783088328,26.6656248801349,32.8368292895115
Haiti,HTI,2020,11,30.3371909131289,23.8249996737631,32.4465616176753
Brazil,BRA,2020,11,30.3274532429389,22.5089250810363,33.6685419597571
Peru,PER,2020,11,30.2928192298821,29.1289197881538,38.9014244291468
Ethiopia,ETH,2020,11,29.3435534185024,23.7637938586817,33.6955256860485
El Salvador,SLV,2020,11,28.7234726144332,25.1627652710416,33.6969532703935
Mozambique,MOZ,2020,11,28.1311505465325,22.7480928725858,32.068176842482
Venezuela,VEN,2020,11,27.8039248813455,18.588263846458,28.1969503369354
Iran,IRN,2020,11,26.487081796509,25.6520295753275,35.079870944776
Bolivia,BOL,2020,11,21.8584470907124,16.2744424905731,25.3785759666383
Mauritania,MRT,2020,11,21.7072638357246,17.9360136722525,28.8799457249338
Switzerland,CHE,2019,12,88.4855970542689,84.5535372052465,90.0960767869713
United States of America,USA,2019,12,85.8835620121868,80.7275860619482,85.9461295867099
Taiwan,TWN,2019,10,82.4227267784858,72.3322218286904,92.5132317282811
Canada,CAN,2019,12,82.3617180081498,76.7242865362981,82.3782343993992
Iceland,ISL,2019,12,81.2507789510754,78.5306335785089,83.9603766944709
Hong Kong,HKG,2019,10,80.9604755759743,76.1877849719211,93.850009828841
Germany,DEU,2019,12,80.8102056179711,76.1756172939499,81.4608218114431
Luxembourg,LUX,2019,12,80.7938987340263,78.7200405301995,84.447257050544
Sweden,SWE,2019,12,80.7452162167489,77.56638842966,83.9240440038378
New Zealand,NZL,2019,12,79.863967305574,76.9020373724136,82.8258972387344
Ireland,IRL,2019,12,78.5705676794033,73.2008353135807,78.9643066401351
Denmark,DNK,2019,12,78.5378619969092,75.2706249686583,81.3624879815156
United Kingdom,GBR,2019,12,76.6401016261966,74.042369641511,79.2378336108821
Netherlands,NLD,2019,12,75.8416388138775,73.6510984901763,79.2994861381631
Norway,NOR,2019,12,75.8025685826659,71.889834349255,78.1400058537435
Philippines,PHL,2019,11,75.7477571770237,61.5313347963789,78.6857172143435
Singapore,SGP,2019,11,73.693095137596,71.5455060189093,87.3193469103304
Israel,ISR,2019,12,72.6925118396934,66.1169456077798,72.9843216476798
United Arab Emirates,ARE,2019,12,71.2961892142102,67.754764900021,72.6544755409153
Finland,FIN,2019,12,71.2029435260389,68.2988614400046,74.0651196137135
Tajikistan,TJK,2019,11,70.2347956286203,65.4668797166214,85.7347864198276
Estonia,EST,2019,12,69.4394257809165,65.6401017374724,71.8144387157228
Japan,JPN,2019,11,69.2809327581539,60.4922006835185,75.9341846318757
Azerbaijan,AZE,2019,11,69.063929043559,68.5394406044882,84.3636146748911
Malaysia,MYS,2019,11,68.8251541647241,68.3396341995951,83.2552726065643
Austria,AUT,2019,12,66.9209984402688,62.8965759545882,69.3563927287541
Albania,ALB,2019,11,66.8618487676062,61.206448411864,69.8426033015699
Liberia,LBR,2019,11,66.0833252205064,59.9991335714882,67.6759723021877
Australia,AUS,2019,12,66.0174019496949,60.9946258131554,67.0092044029277
Armenia,ARM,2019,12,65.6744474605105,62.5996314316053,68.7492634894157
Belgium,BEL,2019,12,65.6124524953448,62.1602164847152,68.7068799690932
Latvia,LVA,2019,12,65.0475969341806,61.6348039209416,67.3536707221972
Brunei,BRN,2019,11,64.8455992894286,54.8522855389327,65.9454965496395
Malta,MLT,2019,12,64.6845730337866,61.0878184207586,66.9530582556786
Gambia,GMB,2019,12,63.7748177318818,60.5509274661137,66.7971513604992
Cyprus,CYP,2019,12,61.7865344491896,57.1756378107982,63.9170298404643
Oman,OMN,2019,11,61.744487653806,55.9681504154861,74.4218421334746
Qatar,QAT,2019,11,61.7259259650043,56.5420577899296,68.949489280092
Indonesia,IDN,2019,12,61.2928386206425,58.0442043508012,64.1083496131829
Costa Rica,CRI,2019,12,60.8882031326231,55.9793550939751,61.7270789098162
Czech Republic,CZE,2019,12,59.2527498881964,55.7550784414632,62.7504213349297
Jordan,JOR,2019,11,58.7391051658179,52.1023722518596,66.5518399806651
Benin,BEN,2019,11,58.5092551429854,51.6358322391696,64.3500740690402
Côte d'Ivoire,CIV,2019,12,58.3824908322529,51.7148374536513,60.0309693273784
Nicaragua,NIC,2019,11,58.3474550964369,50.9220458678376,65.7728643250363
Uganda,UGA,2019,11,57.8568704394398,52.7462098853858,59.0414515685847
Guinea,GIN,2019,11,57.5826865242671,51.8580761286303,59.3101649423956
Slovenia,SVN,2019,12,56.9888993735475,51.160971370126,57.7553768729072
China,CHN,2019,11,56.1292612755103,49.0801546750703,59.5730344318818
Portugal,PRT,2019,12,55.4105321000593,51.0136058419225,57.4919493511116
Montenegro,MNE,2019,12,55.3434281027307,50.8320903094936,56.2103367616308
Lithuania,LTU,2019,12,55.1638952165525,53.375211733494,59.1850069943549
Sri Lanka,LKA,2019,11,55.0202200402811,46.161933834766,58.2802125514308
Angola,AGO,2019,11,54.4548894562239,51.6097412920779,60.0966070756788
Ukraine,UKR,2019,11,53.9496101682717,50.9039961541099,65.8637764078783
Kazakhstan,KAZ,2019,11,53.6308174832156,49.9907893292049,59.6926934418273
Eswatini,SWZ,2019,11,53.4514323034808,48.7495102409362,61.0382539414317
Thailand,THA,2019,12,53.2220357911231,49.1572171294551,54.9739646466974
Romania,ROU,2019,12,53.0947112517566,47.7214692998804,53.8184606496383
Lebanon,LBN,2019,11,52.8036383040925,46.9900209813519,58.0202664474844
Chile,CHL,2019,11,52.5646368474198,46.6768310474949,63.0808197036118
Georgia,GEO,2019,11,51.9108917233624,50.1203512839614,61.182740314312
Ghana,GHA,2019,11,51.8160220007954,48.9402600521216,54.6917839494692
Mauritius,MUS,2019,11,51.7324655710361,49.0708401120054,61.5069705585637
India,IND,2019,11,51.5791502079892,48.4625303089558,62.171149962781
Senegal,SEN,2019,11,51.5407978723823,46.4107930762413,55.4547730174498
Kenya,KEN,2019,11,51.484855167397,49.0308310665451,59.3042093001025
Tanzania,TZA,2019,11,51.1168995906133,41.3057826926399,51.137484663155
Jamaica,JAM,2019,11,50.7643031141544,49.288268256316,63.2384385510051
Nigeria,NGA,2019,11,50.523847706544,46.1865402517233,54.7009470399205
Russia,RUS,2019,11,50.232026625761,49.2884216159406,59.7359411682045
Moldova,MDA,2019,11,50.1549254781471,44.4808148313494,56.3334296397069
Kyrgyzstan,KGZ,2019,11,50.0327020008181,47.3616981114865,58.560212094533
Serbia,SRB,2019,12,49.8898686617908,45.525787574385,51.1543703291688
France,FRA,2019,12,49.5152743948442,44.4936150695798,50.8177883877657
Algeria,DZA,2019,11,49.0775424509801,45.0327876513799,52.4955993756328
Namibia,NAM,2019,12,49.0044655453473,45.2111219871565,50.879998588626
Slovakia,SVK,2019,12,48.7856760840061,45.1529767607702,52.4183754072419
Greece,GRC,2019,12,48.4820132027892,45.6036696071564,51.0457898125253
Saudi Arabia,SAU,2019,11,48.2282977105305,44.0435906869311,57.7407583543865
Zambia,ZMB,2019,12,47.6719169908699,43.6956374251646,49.3362217925768
Seychelles,SYC,2019,11,47.2604634949014,41.7255851157404,55.6555270540367
Mongolia,MNG,2019,11,46.6152791162646,44.6106056539645,54.8348258584091
Spain,ESP,2019,12,46.3103790888104,45.2847932334991,50.9074835167805
Cameroon,CMR,2019,11,46.2632744248729,41.1612702141584,50.4372453918522
Cambodia,KHM,2019,11,46.1871333775985,41.0515902811305,49.9201517694389
Egypt,EGY,2019,11,45.9754174384666,41.193397957361,47.9836363574115
Botswana,BWA,2019,11,45.7190181218953,44.0579310749673,52.0781201951406
Pakistan,PAK,2019,11,45.3990741868083,41.1723623227562,49.6257860508604
Kuwait,KWT,2019,11,45.064423883752,40.849654959849,54.6793176793992
Guatemala,GTM,2019,12,45.0377134210714,41.3579264674007,47.2115403234049
Poland,POL,2019,12,44.5485779465611,42.2217060864932,48.613910157655
South Korea,KOR,2019,11,44.5243358572619,38.5181198017984,47.8882715726959
Dominican Republic,DOM,2019,12,43.7821624973452,38.9678143377706,44.500733087302
Honduras,HND,2019,12,43.5150714461808,40.6215146183286,46.0742192015747
Madagascar,MDG,2019,11,43.2495321777072,39.3122671380957,47.5743579796374
Bulgaria,BGR,2019,12,42.861398712842,40.0977274179434,45.5078229303391
Hungary,HUN,2019,12,42.2321081233779,37.4043908288193,43.6560110358838
Yemen,YEM,2019,11,42.0218612650238,37.6070253071793,48.6459822793903
Trinidad and Tobago,TTO,2019,11,41.9068922411119,38.6355324440784,47.2328837503221
Burundi,BDI,2019,11,41.5269910016618,36.8658661701625,45.8190267357998
Colombia,COL,2019,12,41.4127037736567,38.4871985201496,44.3382090271638
Burkina Faso,BFA,2019,12,40.9482012890206,37.0329861315168,42.8922380095232
Mexico,MEX,2019,12,40.9197084378303,37.9955058712514,43.8439110044093
Morocco,MAR,2019,11,40.8276876629836,37.5884804304958,45.2537166430628
Ecuador,ECU,2019,12,40.5976838008234,35.1953813095895,41.0316357040582
North Macedonia,MKD,2019,11,40.5040746635199,34.9783692408889,46.4643241819789
Malawi,MWI,2019,12,40.2343379729888,38.9584685566363,44.4648303624227
Mali,MLI,2019,11,39.6486269515241,35.7325206436018,43.0220576034465
Italy,ITA,2019,12,39.5238656421872,35.6681093517096,41.1455318733852
Democratic Republic of Congo,COD,2019,11,38.7908354910282,34.877274822212,43.1244779737951
Cabo Verde,CPV,2019,12,38.5682560907859,37.3049102826965,42.7236731752012
Turkey,TUR,2019,12,38.5144378642412,35.3234480837049,41.4254125267539
Vietnam,VNM,2019,11,38.0672302539691,36.5610423305446,44.1290199729034
Tunisia,TUN,2019,11,37.8942121090043,32.6783716993554,43.0269524294008
Bangladesh,BGD,2019,11,37.1843317765619,33.4108789021982,40.2049136791799
Bosnia and Herzegovina,BIH,2019,12,36.4455855780387,29.5479871400739,37.3630591590037
Zimbabwe,ZWE,2019,11,36.271328479538,30.5617051286662,38.5078473206683
Panama,PAN,2019,12,36.2627074174103,34.6969419732596,40.0581783777403
Peru,PER,2019,11,35.9089143333126,29.5219295678375,38.1166231470773
Laos,LAO,2019,11,35.7502814606633,31.7438689061976,41.0059061436132
Uruguay,URY,2019,12,35.6340000345339,33.9161868422105,40.0456156048249
Sierra Leone,SLE,2019,11,35.4813295831011,32.1648880694122,39.6946373380576
Paraguay,PRY,2019,12,34.707172536003,30.436327921534,35.9447470647268
Iran,IRN,2019,11,34.5197275494851,29.427736743656,37.0725653679585
Argentina,ARG,2019,12,34.0191191712101,30.9662788703706,36.9849974160772
Haiti,HTI,2019,11,33.9368150660601,29.1179097103181,36.3360517245437
Rwanda,RWA,2019,12,33.6417946396248,31.2808517573873,37.3890341062989
Ethiopia,ETH,2019,11,33.2673400810017,30.8436994165035,38.6027772641192
Lesotho,LSO,2019,11,33.0248081906558,26.0833518453385,35.3181617403495
Nepal,NPL,2019,11,32.2389274113634,29.1051517644736,36.3535312389057
South Africa,ZAF,2019,11,31.3628134030688,29.6488623367483,37.4797953993888
Croatia,HRV,2019,12,30.2808838542618,26.1960420289756,32.0315583548935
Chad,TCD,2019,12,30.0542217737306,27.1042942979993,32.4898485761514
El Salvador,SLV,2019,11,26.7817117808135,23.4024625749585,31.1033483263808
Brazil,BRA,2019,11,26.764195922477,22.2307675987131,32.4611137936226
Mozambique,MOZ,2019,11,25.9272561444641,23.5087458236734,32.5202061608325
Venezuela,VEN,2019,11,22.3769653597124,18.6358247488788,27.5455457515248
Bolivia,BOL,2019,11,20.0110140744261,15.3675421113723,25.9058168240094
Mauritania,MRT,2019,11,18.8862893114703,17.7075406525632,28.0520920084925
Hong Kong,HKG,2018,10,92.8865421526333,76.5812471354296,98.3370708972845
Switzerland,CHE,2018,12,90.0466291694985,86.8163091493049,92.5508145728397
United States of America,USA,2018,12,86.3493882666676,81.5165136250684,86.4964748249256
Iceland,ISL,2018,12,86.1882350540024,80.6791936486228,86.902828303928
Luxembourg,LUX,2018,12,85.8310104000295,83.0009920124141,88.6610287876449
Canada,CAN,2018,12,83.9165445299424,79.8835739217372,85.6738330919311
Germany,DEU,2018,12,83.0327577959591,80.295292797757,85.7702227941612
Sweden,SWE,2018,12,82.3293536656421,79.4267018544684,85.2320054768158
Malaysia,MYS,2018,11,81.2674978728716,69.0686488927815,84.6004685723297
Ireland,IRL,2018,12,81.2130233595983,76.0723716626753,81.7369588980036
Denmark,DNK,2018,12,81.0043699648974,77.5495382817314,83.8019738325003
Netherlands,NLD,2018,12,79.6904288007013,75.3523473227852,80.903760850589
Puerto Rico,PRI,2018,9,78.8337672655462,66.4669598689456,91.2005746621468
United Kingdom,GBR,2018,12,78.43335177604,73.5453477838929,79.1999189809652
New Zealand,NZL,2018,10,77.3577126003997,69.416944416144,85.9446469933548
Norway,NOR,2018,12,75.8732644977188,72.8895475053469,78.8451126964762
Azerbaijan,AZE,2018,11,74.2180447056278,68.8320680651515,83.6898102505818
Finland,FIN,2018,12,73.9431203672928,69.8564677224873,75.5899939040236
Philippines,PHL,2018,11,73.0926582631008,66.2795320907856,79.9057844354161
Singapore,SGP,2018,11,72.401630771831,71.9040471094101,87.7899056665503
Estonia,EST,2018,12,72.1197506356009,67.8134971739003,73.8307035325846
Austria,AUT,2018,12,70.5368972607695,65.3090453450411,71.6087632968118
Belgium,BEL,2018,12,69.2310486890945,64.9928234007502,71.2712781856326
Bhutan,BTN,2018,10,67.9894027682351,58.0621300058583,76.4471760396816
Japan,JPN,2018,11,67.8164825072304,59.2089501988362,77.2947098197032
Malta,MLT,2018,12,67.7644198992764,63.0317071823717,68.4883095113979
Albania,ALB,2018,11,66.4009912145626,62.3372051166482,69.7158167918041
Brunei,BRN,2018,11,66.3561109003615,56.8751847514045,66.8072982131914
Latvia,LVA,2018,12,64.9425634327121,62.1364049294603,67.035161466683
Cyprus,CYP,2018,12,64.9305123512067,62.1696497827534,67.69137491966
Taiwan,TWN,2018,10,64.3397345039189,62.5489774676957,84.5736061458683
Australia,AUS,2018,12,63.9639455546857,62.4247437818731,69.0518078301473
United Arab Emirates,ARE,2018,11,63.0349486863846,59.0548296053326,71.0880994102403
Armenia,ARM,2018,12,62.1826132477979,59.4864958534198,65.2460023789338
Mauritius,MUS,2018,11,62.168116618301,50.3081334351107,66.6524098202701
Qatar,QAT,2018,11,61.8164616907403,54.7722650506118,67.3976099151298
Costa Rica,CRI,2018,12,61.131487534034,57.9966431256917,64.2038857881595
Indonesia,IDN,2018,12,60.476414207931,57.2410325384607,63.5546742727982
Chile,CHL,2018,11,60.1826868836088,46.6937269540813,63.1571318687387
Gambia,GMB,2018,11,59.5040342899056,53.8654197376838,66.6380697524287
Liberia,LBR,2018,12,58.4704823251988,54.285464433711,60.8090889355576
Jordan,JOR,2018,11,58.437859391819,51.0158235438802,67.6313842294004
Uganda,UGA,2018,12,57.5329794790919,52.6342586819759,58.5374273002502
Sri Lanka,LKA,2018,11,57.4798696535961,45.8660208360155,58.9898009328423
Portugal,PRT,2018,12,55.9794167948746,52.5797244522418,58.6886135673335
Benin,BEN,2018,11,55.1877862622252,49.1377721052986,60.2219761805883
Lebanon,LBN,2018,11,54.8975353545234,48.3877139998062,61.55763754153
Slovenia,SVN,2018,12,54.7978764215243,52.5572766662822,58.7284815975202
Eswatini,SWZ,2018,11,54.6300727975899,50.6867326430864,61.3704551054438
Czech Republic,CZE,2018,12,54.4083515395518,52.3488828119231,60.0211768304835
Kazakhstan,KAZ,2018,11,54.1869771621333,51.4384379323725,64.0319571547832
Ghana,GHA,2018,12,53.9715804253063,50.7012601326816,56.6455575528903
Jamaica,JAM,2018,11,53.8193425756805,49.1194160063947,63.6573522096425
India,IND,2018,11,53.706418048964,48.2592758966907,61.0535620340389
Ukraine,UKR,2018,11,53.5376967209824,49.8341104508004,63.9075045362697
Kenya,KEN,2018,11,53.3765099155748,48.5433538989614,59.1656287983659
Montenegro,MNE,2018,12,52.9848836473048,48.2855539712609,54.1319866777633
China,CHN,2018,11,52.9668242642607,49.0649289555097,60.2955818291307
Nigeria,NGA,2018,11,52.6719385809847,48.931815151294,57.271586320719
Lithuania,LTU,2018,12,52.4387010460989,50.4290928376409,56.5632928934179
Thailand,THA,2018,11,52.292483027406,48.9259451532595,58.1029886721354
Mongolia,MNG,2018,11,51.6053418285252,44.4331939645021,54.295982689067
Senegal,SEN,2018,11,50.79630905004,46.2329426254047,56.1018974709746
Democratic Republic of Congo,COD,2018,11,50.6088016079778,47.2740531297935,53.943550086162
Kyrgyzstan,KGZ,2018,11,50.0609771865075,46.1962956132162,57.2726888785768
Spain,ESP,2018,12,50.0378242820457,45.9270365256424,51.9780466436289
Slovakia,SVK,2018,12,49.5534833096698,45.9322185930914,53.1747480262483
Greece,GRC,2018,12,49.5421244166178,46.6897311221071,52.1392203122084
Guinea,GIN,2018,11,49.4854873878599,48.3526694867441,56.9967654218367
Serbia,SRB,2018,12,49.4834420403285,44.4077695604201,49.8122639777747
Algeria,DZA,2018,11,49.3962828770952,43.0744950439161,50.9273092304855
Russia,RUS,2018,11,49.3468544131973,46.6025025286241,56.4276678230545
France,FRA,2018,12,49.0136103151372,43.8741195705008,50.317474163093
Seychelles,SYC,2018,11,48.6380167419362,41.4714988363077,52.5492978499373
Georgia,GEO,2018,11,48.5956138942905,48.2923503902474,55.890560094244
Nicaragua,NIC,2018,11,48.3903940815381,44.4803434369018,58.913925478846
Namibia,NAM,2018,11,47.9027297361466,41.885199372679,55.2849669939974
Romania,ROU,2018,12,47.6283030661058,43.0151795645965,48.9282322822973
Zambia,ZMB,2018,12,46.832804914783,43.8311966530836,49.3838341525954
Poland,POL,2018,12,46.5470114549462,42.7844882389579,49.396493135363
Guatemala,GTM,2018,11,46.29701673211,42.4828446698026,57.9192035234193
Cambodia,KHM,2018,11,46.2399107363896,41.2300971530847,49.9157506365464
Botswana,BWA,2018,11,46.053466968501,42.88687191023,53.2613501372154
Moldova,MDA,2018,11,45.107237002147,42.5253405396157,54.4162400536825
Yemen,YEM,2018,11,44.7562774494057,38.7149454674712,47.4540220383737
Trinidad and Tobago,TTO,2018,11,44.6176827480865,39.821270469449,48.6929417931904
Honduras,HND,2018,12,44.1911130541742,40.9109960026936,46.74875379248
Cabo Verde,CPV,2018,11,44.0597867370211,36.8313743688088,46.8822965012961
Bulgaria,BGR,2018,12,43.9523723237245,38.6862815124781,44.1775189448724
Cameroon,CMR,2018,11,43.066813984821,41.4031027789557,49.5066761055657
Madagascar,MDG,2018,11,43.0188571508381,38.9148082694156,47.3729946845403
Saudi Arabia,SAU,2018,11,42.9694610482269,40.1191295458229,54.3271184415785
Tanzania,TZA,2018,11,42.6656358452163,38.555218690544,46.7569560005228
Mali,MLI,2018,11,42.2672978198934,37.4511626404268,46.1046625440643
Hungary,HUN,2018,12,41.8019913937349,37.1734825570066,42.9522052774664
Malawi,MWI,2018,12,41.6764528754543,38.0428905377397,43.7013897667122
Burundi,BDI,2018,11,41.0972914695905,35.0183795203908,43.5653975105284
Dominican Republic,DOM,2018,12,40.6131874708706,35.9089063560321,42.1075258079564
Panama,PAN,2018,11,40.4860317362377,36.8066016374772,44.8012611019959
Argentina,ARG,2018,12,40.3029530288394,37.3859735719172,43.2199324857616
South Korea,KOR,2018,11,40.1759832814561,36.9949186758889,47.7301596103373
Kuwait,KWT,2018,11,40.0571017694073,38.4012298429127,49.353814796665
Italy,ITA,2018,12,39.3892398919754,36.6358416019622,42.5056557980329
Egypt,EGY,2018,11,39.3738665771,35.6277123880794,42.7222570736144
Tunisia,TUN,2018,11,38.7900856237797,31.3911235610197,41.2011250463266
Sierra Leone,SLE,2018,11,38.5361468809616,33.1792395367571,40.5606576466505
Ecuador,ECU,2018,12,38.266563488055,34.6567059502162,40.9518157872753
Morocco,MAR,2018,11,38.0928611150186,35.3932707480294,42.8462854060114
Haiti,HTI,2018,11,36.9900855948767,33.8015042961551,40.5821482157211
Vietnam,VNM,2018,11,36.8614336541069,35.4947154896002,42.7883386716036
Ethiopia,ETH,2018,11,36.4706494972594,33.4405739605785,41.3062025415604
Mexico,MEX,2018,12,36.2893038572189,33.9494167809178,39.8761339748195
Colombia,COL,2018,12,36.0190726013379,33.9611307612561,39.3674680968538
Uruguay,URY,2018,12,35.9443186824719,32.5846261503454,39.2120745233202
Bangladesh,BGD,2018,12,35.6142807226387,32.5964739493822,37.9796330312165
Zimbabwe,ZWE,2018,11,35.1924165323525,29.8995981556462,39.1766915058996
Bosnia and Herzegovina,BIH,2018,12,34.6889677949881,30.2830661860375,37.4054734841307
Iran,IRN,2018,11,34.6176512096874,30.9320759772563,38.0025351242832
Laos,LAO,2018,12,33.6065375552207,32.5096291089771,38.0527963179298
Pakistan,PAK,2018,11,33.4775799579898,31.990909262144,40.1993898318663
Paraguay,PRY,2018,11,33.2358864286796,30.5295451055232,38.7123400736443
Rwanda,RWA,2018,12,33.1907182743,30.3434952932441,35.7898456369797
South Africa,ZAF,2018,12,32.646691219155,28.8818083755677,35.2122224256081
Croatia,HRV,2018,12,31.4311325303834,27.6554888274044,35.4459596633642
Lesotho,LSO,2018,11,31.2802749804802,25.28918500155,35.0540819264256
Chad,TCD,2018,11,30.8230146156106,26.5170117874984,34.2161554893247
Nepal,NPL,2018,11,30.4401234389933,27.9325010152076,35.7227397119013
Peru,PER,2018,12,30.2247205145248,28.0248851597477,33.8788799482426
Mozambique,MOZ,2018,11,28.6259081168751,25.5288117137938,34.3514679807874
Mauritania,MRT,2018,11,26.6658208566643,16.2678897861016,28.3082328748523
Brazil,BRA,2018,11,26.0073513170741,22.8593518969067,34.9338615151222
Venezuela,VEN,2018,11,25.9494880987661,18.4818875380798,27.1335370176944
El Salvador,SLV,2018,11,25.9475171062604,21.3546434486993,27.8130797799649
Norway,NOR,2017,12,89.5160635370322,88.3697259619525,90.4193951390006
Hong Kong,HKG,2017,11,89.4199817474613,81.7073002944489,89.6287403496916
Iceland,ISL,2017,12,88.0603568372058,86.9629335333462,89.0179693887576
Denmark,DNK,2017,12,87.342874542777,86.2438010191241,88.2895208899186
Finland,FIN,2017,12,85.6881809601607,84.7183460886273,86.4836336060553
Switzerland,CHE,2017,12,83.3034866046733,82.3308923364677,84.1220026665163
Ireland,IRL,2017,12,83.1480378425967,82.1400990354299,83.925583413668
New Zealand,NZL,2017,12,82.1575768512664,81.1246143860759,83.1539950177261
Netherlands,NLD,2017,12,81.173301669401,80.1474536024213,81.9938970395154
Sweden,SWE,2017,12,80.7585545457688,79.765606210007,81.6589826439344
Luxembourg,LUX,2017,12,80.2241144143851,79.2300218512145,81.052426358078
Malaysia,MYS,2017,12,78.7382951887216,77.5462703905053,79.7474532086131
Albania,ALB,2017,12,75.4563903161636,74.5331392562185,76.369948844158
Singapore,SGP,2017,12,74.4141611174128,73.3561583442957,75.3850442206794
Belgium,BEL,2017,12,74.4030646741659,73.4567356203574,75.2696575296169
Canada,CAN,2017,12,74.2770715540521,73.4125269241011,75.009519080845
Bahrain,BHR,2017,12,72.9460716185013,71.9037037775775,73.8144468906251
Azerbaijan,AZE,2017,12,72.6757241356256,71.7386551037693,73.3681629911985
United Kingdom,GBR,2017,12,71.8029632157669,70.9007341730496,72.6386479617103
United States of America,USA,2017,12,71.5489963299529,70.7032367531252,72.3291355198482
Estonia,EST,2017,12,71.4759736378618,70.5317987225459,72.3280932896241
Germany,DEU,2017,12,71.0536139301409,70.1385856042291,71.7280795461541
Philippines,PHL,2017,12,70.7358373306513,69.8107222704133,71.7255797192716
Austria,AUT,2017,12,69.5786537614412,68.6563815611598,70.5119606018207
Taiwan,TWN,2017,11,69.5347546137288,65.4583230032958,72.2298094282013
Latvia,LVA,2017,12,68.6099833428703,67.6975682433625,69.4717078742544
Puerto Rico,PRI,2017,9,67.8125908507888,56.2130279468298,73.785014954576
North Macedonia,MKD,2017,12,67.6669072110017,66.7613620463126,68.4582019003289
Zambia,ZMB,2017,12,66.6870613931584,65.7212573058379,67.4679165885035
Tajikistan,TJK,2017,12,66.1678978974021,65.2161623263503,66.8201716660715
Kazakhstan,KAZ,2017,12,65.3401289406361,64.4576597263793,66.1573285984699
Gambia,GMB,2017,11,63.8416244384545,62.1690702877089,63.9417822778846
Malta,MLT,2017,12,63.7940102016846,62.9183141727891,64.4607928981941
Australia,AUS,2017,12,63.5370414157692,62.7315619937918,64.4006227895111
Uganda,UGA,2017,11,63.1177651305656,62.0529679445246,64.0023993304691
Indonesia,IDN,2017,12,62.483296897363,61.6711890537691,63.2535355328921
Brunei,BRN,2017,11,62.0666095257452,51.7751591651605,64.4315546445436
Armenia,ARM,2017,12,61.6532220525661,60.7442670739871,62.4742508931342
Costa Rica,CRI,2017,12,61.5689163880706,60.6236939931063,62.463202954747
Sri Lanka,LKA,2017,12,60.6309923008447,59.8663457646958,61.3944627313982
Japan,JPN,2017,12,60.480444295757,59.4549812964816,61.2621689849373
Bhutan,BTN,2017,10,60.1220137671908,58.8693465551389,66.4107491794328
Georgia,GEO,2017,12,60.1007158554914,59.158420619439,60.878778318005
Israel,ISR,2017,12,59.7501668373273,58.8868228461963,60.5570931182366
Ghana,GHA,2017,12,59.6012231243431,58.7713414689236,60.3450003924128
United Arab Emirates,ARE,2017,12,59.3682368043333,58.2687060259277,60.470322486839
Burkina Faso,BFA,2017,11,58.9696134504386,57.9227754077766,60.0984411697773
Ukraine,UKR,2017,12,58.5909771908652,57.7091336571291,59.3875963231534
Barbados,BRB,2017,12,57.3639713077587,56.5907432706364,58.2559086035391
Senegal,SEN,2017,12,57.2005577517242,56.3063147334814,57.9340955959552
Kyrgyzstan,KGZ,2017,12,57.0179601373044,56.1649086694281,57.6852338193462
Benin,BEN,2017,12,56.9699151072812,55.9492593167073,57.798875415948
Jordan,JOR,2017,12,56.5801651053058,55.8079729602535,57.5105805527557
Slovenia,SVN,2017,12,56.3871554787318,55.5900996337133,57.2950256414512
Mauritius,MUS,2017,12,56.0414807663533,55.1544467435788,56.8059830526742
Qatar,QAT,2017,12,56.0383942440453,55.0472541524176,57.1106134869208
Nigeria,NGA,2017,12,55.9912015219572,55.0617459996112,56.7639360951998
Thailand,THA,2017,12,55.6343589842079,54.6843588417542,56.7006142493739
Jamaica,JAM,2017,12,55.5991124310847,54.7535465223554,56.4375746107507
Lithuania,LTU,2017,12,55.5664444742981,54.8061004510291,56.3897571033444
Mongolia,MNG,2017,12,55.1923144796224,54.2007549223857,56.078996560648
Portugal,PRT,2017,12,55.1874916540732,54.2417437834696,55.9890753486246
Côte d'Ivoire,CIV,2017,12,54.8754701736451,53.9577479666211,55.6486676905308
Honduras,HND,2017,12,54.8335088058464,53.9169442042362,55.5964457958067
Czech Republic,CZE,2017,12,54.7274562378719,53.9083287174611,55.5658850760025
Gabon,GAB,2017,12,53.6101337767823,52.6461729432044,54.5091036712146
Guyana,GUY,2017,10,53.4648951454162,52.1089068540055,54.243471410186
Liberia,LBR,2017,12,53.0650618047944,52.0953625024066,54.0192748320425
Cyprus,CYP,2017,12,53.0177376979373,52.121854139509,53.874027315069
Greece,GRC,2017,12,52.9321445899743,52.0168359451592,53.8490666116683
Cameroon,CMR,2017,12,52.7225163546521,51.7269976372607,53.578818547853
Botswana,BWA,2017,12,52.2642354391376,51.377576543011,53.1902755815125
Cambodia,KHM,2017,12,50.6280067715431,49.7307097686393,51.5864583942142
Malawi,MWI,2017,12,50.62573320508,49.7692898669225,51.4967101840151
Kenya,KEN,2017,12,50.4583186616496,49.5609744924644,51.3129036301137
Timor-Leste,TLS,2017,10,50.0814972350305,49.0822005155917,51.2387565784742
Bulgaria,BGR,2017,12,50.0719758030829,49.2456846651266,50.8641137052764
Panama,PAN,2017,12,49.7226956189538,48.8583566282524,50.6643450740224
Uzbekistan,UZB,2017,5,49.6375402651442,35.1970239816115,55.6087487502599
Seychelles,SYC,2017,11,49.5177840526711,48.1114683830191,50.1018791167632
Eswatini,SWZ,2017,11,49.0814358169714,48.1740162213167,50.3538628801805
Lebanon,LBN,2017,12,48.9206267231953,47.9715054370693,49.9429560080345
Montenegro,MNE,2017,12,48.3341582781076,47.4510435507764,49.0993475876181
Trinidad and Tobago,TTO,2017,12,48.2807005438699,47.4099789806979,49.1719792831889
Russia,RUS,2017,12,47.7508237547076,46.9185453891621,48.5347379510947
Democratic Republic of Congo,COD,2017,12,47.6746540315467,43.6503615028319,51.6989465602615
Spain,ESP,2017,12,47.6746540315467,46.7204807516582,48.5021986566123
Ecuador,ECU,2017,12,47.5472113365739,46.6892759328864,48.5115198519485
China,CHN,2017,12,47.5247407776323,46.5040375887344,48.4918569825508
Romania,ROU,2017,12,47.4673982617915,46.5657873879621,48.4052713024645
Cabo Verde,CPV,2017,12,47.3993699655438,46.5814880881312,48.3521350721645
Algeria,DZA,2017,12,46.9726314627013,46.0954147556821,48.019649050802
Moldova,MDA,2017,12,46.7538260659718,45.8820582421947,47.6674865579877
Chile,CHL,2017,12,45.9300362178492,44.8535797575921,46.8978871326686
Madagascar,MDG,2017,11,45.8213731685205,44.9228115660226,46.8127489391389
Poland,POL,2017,12,45.8213209398425,44.9727026701812,46.8496392981813
Guinea,GIN,2017,11,45.7936428409957,44.7979137618722,47.072397899182
Guatemala,GTM,2017,12,45.5838251586181,44.6322486862701,46.6403851068183
Mali,MLI,2017,12,45.4003990793548,44.5692168988988,46.3156416663456
Tanzania,TZA,2017,12,45.2851289763543,44.3629133432113,46.1044280580581
Slovakia,SVK,2017,12,44.8591379847464,44.0437433206979,45.8456199172215
India,IND,2017,12,44.3794163178641,43.4884282628332,45.3456830239747
France,FRA,2017,12,44.0653024071893,43.0327780919603,45.181949430853
Nicaragua,NIC,2017,12,44.0313989588749,43.009915697453,44.9964309502781
Burundi,BDI,2017,11,43.620184236092,42.5178351515569,44.725769208823
Colombia,COL,2017,12,43.0275200935801,42.1018815682134,43.9934835145422
Namibia,NAM,2017,12,42.9517948761081,42.1407161051966,43.7216952900285
Oman,OMN,2017,12,42.8832158330626,41.9560341241293,43.8490278688916
Iraq,IRQ,2017,4,42.2515216322698,37.9563943762089,53.986880000688
Sierra Leone,SLE,2017,12,41.4802982795347,40.4438978907812,42.3965628646878
Dominican Republic,DOM,2017,12,41.4277037728621,40.3536323805444,42.4502005905245
Yemen,YEM,2017,12,41.3974019930455,40.3865314400666,42.4111736907149
Haiti,HTI,2017,11,41.0700292777074,39.9844210250206,42.29929573184
Argentina,ARG,2017,12,40.317133387442,39.3676580085674,41.3855817903031
Zimbabwe,ZWE,2017,12,39.7856568771882,38.8334759289846,40.861655883818
Lesotho,LSO,2017,12,39.6829998824311,38.6612670551892,40.7698754376732
Rwanda,RWA,2017,12,39.5245778461464,38.544056652527,40.5045617791098
Uruguay,URY,2017,12,38.9871346123395,37.8073865196151,39.9283211661238
Tunisia,TUN,2017,12,38.9210766386078,37.9193257420612,40.0445928202098
Italy,ITA,2017,12,38.7860257726124,37.694604314546,39.8303267569476
Hungary,HUN,2017,12,38.6309835342164,37.5165286613081,39.8179289775358
Egypt,EGY,2017,12,38.5230801501953,37.4119030821294,39.5322179823967
Kuwait,KWT,2017,12,38.4315594225506,37.5118936982432,39.4787958088297
Mexico,MEX,2017,12,38.1621258633595,37.1497224800289,39.1912677123329
Laos,LAO,2017,12,37.8332942037449,36.7248806845613,38.8128678691619
Myanmar,MMR,2017,10,37.7422532002115,37.1448009160178,39.360252476453
Vietnam,VNM,2017,12,37.6095367964777,36.6063565481124,38.6989160163776
Turkey,TUR,2017,12,37.491825854784,36.4992785320187,38.6094400822935
Ethiopia,ETH,2017,11,37.3356229398822,36.0683964206366,37.9978574398762
Serbia,SRB,2017,12,36.0237063771269,34.939788470848,37.0898511271288
Croatia,HRV,2017,12,35.870251251719,34.8012124261187,36.9178924909177
Paraguay,PRY,2017,12,35.4120738261101,34.3866915806029,36.568212958896
Suriname,SUR,2017,10,34.8493620135569,32.6416148817625,35.1560243779961
Mozambique,MOZ,2017,11,34.5604403747333,33.2927051716583,35.5060743512537
South Korea,KOR,2017,12,34.1294152656953,33.0741681215052,35.3283300353515
Morocco,MAR,2017,12,33.5160602973755,32.3981372807527,34.6084081834853
Bosnia and Herzegovina,BIH,2017,12,32.8960904369099,31.8146495387608,33.9592702413705
Saudi Arabia,SAU,2017,12,32.7898204037574,31.7786261703883,33.8973294109532
Bangladesh,BGD,2017,12,32.4473089706448,31.5001093018226,33.7052546888994
Peru,PER,2017,12,32.1054066134885,31.161059127286,33.2961776595261
Venezuela,VEN,2017,12,31.4813753484762,30.3862821643997,32.6897380625368
Iran,IRN,2017,12,30.622829472902,29.4272194282386,31.9060605183759
South Africa,ZAF,2017,12,30.1398824134065,29.1601271578566,31.3841759011946
Angola,AGO,2017,12,28.5123219829339,27.271680592934,30.1483005073641
Pakistan,PAK,2017,12,28.3229405853783,27.2734560151458,29.3904191265494
Nepal,NPL,2017,12,27.8045647670964,26.8185192453698,28.9576209662389
Libya,LBY,2017,10,27.6249351420075,26.3802778979101,28.6536949327793
El Salvador,SLV,2017,12,27.048557462592,25.9285724506139,28.2483189687266
Bolivia,BOL,2017,12,25.8576214380161,24.8568740597754,27.0708107134415
Chad,TCD,2017,12,25.8137189250356,24.7281468902262,26.9475817855983
Brazil,BRA,2017,12,23.8420445034396,22.7574791536277,25.0043981004955
Mauritania,MRT,2017,11,12.2176501453002,11.1834753790223,13.8856074902366
Norway,NOR,2016,12,87.7676254140302,86.6878005664565,88.673423498149
Iceland,ISL,2016,12,86.6520679786788,85.614278064755,87.5652768775638
Denmark,DNK,2016,12,86.5453696834521,85.5502703815933,87.4469830247076
Hong Kong,HKG,2016,11,85.9481855547091,82.1662451355421,89.3754148060654
Finland,FIN,2016,12,85.6965658065912,84.6582684059031,86.6034972092922
Ireland,IRL,2016,12,83.5398011806317,82.4587979394423,84.2919317023108
Switzerland,CHE,2016,12,81.9737920032318,80.9196763747174,82.8019751980263
Luxembourg,LUX,2016,12,80.9828310122236,79.9957414519154,81.7882805447112
Malaysia,MYS,2016,12,80.4837299521416,79.4099811985664,81.4737549589523
New Zealand,NZL,2016,12,80.4009383753096,79.394705176644,81.3341584512497
Netherlands,NLD,2016,12,78.7110816720941,77.6870736793811,79.5011991042443
Sweden,SWE,2016,12,78.4540830203936,77.4708612851527,79.390959403637
Singapore,SGP,2016,12,75.6117459821077,74.5056183918273,76.6923199578602
Albania,ALB,2016,12,75.0245782662705,74.0187472349084,75.9078413977613
Canada,CAN,2016,12,72.9106820415997,72.0004197136538,73.632634368183
Philippines,PHL,2016,12,72.5279249695114,71.5743954054441,73.5407283570753
Belgium,BEL,2016,12,71.9413093709721,71.0231031223077,72.7543294726901
Bahrain,BHR,2016,12,71.4088768481299,70.4698343537638,72.2492307246605
Taiwan,TWN,2016,11,71.1943988535386,64.9772271062317,72.1632362684397
Brunei,BRN,2016,11,70.5552653310364,63.8916197104708,77.218910951602
Zambia,ZMB,2016,12,70.4737220910775,69.4710928357019,71.241040536142
United States of America,USA,2016,12,70.0912403324292,69.2759183499709,70.8430737873183
United Kingdom,GBR,2016,12,70.0760825137853,69.1522612712621,70.8543887722831
Latvia,LVA,2016,12,69.7025687986481,68.7912443613651,70.5971044098132
Azerbaijan,AZE,2016,12,69.5781123305891,68.7034246557553,70.3367809682291
Estonia,EST,2016,12,69.3582441643944,68.4788978108605,70.3140135193382
Germany,DEU,2016,12,68.7168767826508,67.8297711918176,69.4521289566422
Puerto Rico,PRI,2016,9,68.1499469239188,56.6390250677486,73.2524237859235
North Macedonia,MKD,2016,12,67.8299860740949,66.8843609912194,68.5682794063211
Gambia,GMB,2016,11,66.8704787981866,66.0018722880176,67.9227572106366
Tajikistan,TJK,2016,12,65.8424127817764,64.9361018375093,66.6311002497236
Sri Lanka,LKA,2016,12,65.0338226630238,64.1283008299497,65.8840384079474
Austria,AUT,2016,12,64.7962514859275,63.8457069668538,65.762500863812
Kazakhstan,KAZ,2016,12,64.6541140327262,63.833162472697,65.4450266319741
Barbados,BRB,2016,12,64.4475912721388,63.4364594128667,65.3537988985804
Uganda,UGA,2016,11,64.3791271952519,63.047301889597,64.9450747470025
Malta,MLT,2016,12,64.2151059633252,63.2676510154219,64.8884596941188
Bhutan,BTN,2016,10,63.7335421905058,56.6786013362013,64.8460886270406
Georgia,GEO,2016,12,62.5329326239448,61.6247093811147,63.3592855378662
Japan,JPN,2016,12,61.5087499539918,60.5395154919682,62.3063976493661
Costa Rica,CRI,2016,12,61.5019285673298,60.5258642030485,62.407649050218
Armenia,ARM,2016,12,61.1176436867155,60.226632601559,61.9873189129701
Australia,AUS,2016,12,61.0046008005772,60.1961872799591,61.9005183813248
Indonesia,IDN,2016,12,60.7891865444796,59.892456532149,61.4866610287896
Benin,BEN,2016,12,60.2836554039,59.3664011642033,61.1202091974283
Mongolia,MNG,2016,12,60.0873245220481,59.0439921956412,60.9628695744276
Ukraine,UKR,2016,12,59.7353381794151,58.8839147026573,60.5117064580977
Cyprus,CYP,2016,12,59.5027397124772,58.6127957240896,60.2659034399903
Burkina Faso,BFA,2016,11,59.4139789984108,58.1472294966249,60.2620217684324
Kyrgyzstan,KGZ,2016,12,58.6740392918053,57.7815570474933,59.3521132847652
Thailand,THA,2016,12,58.6238381042637,57.4925857726685,59.5594351684465
Senegal,SEN,2016,12,58.1774631734913,57.2998902195498,58.9783695750598
Nigeria,NGA,2016,12,57.8653590322644,56.8791521138956,58.6334318061721
Honduras,HND,2016,12,57.8267388168052,56.9164861537455,58.6851400230779
Liberia,LBR,2016,12,57.6170186604717,56.6279479019293,58.6085212780238
United Arab Emirates,ARE,2016,12,57.4237223225122,56.2896518324394,58.4980381975072
Côte d'Ivoire,CIV,2016,12,57.3976752028706,56.499689922097,58.1996104052776
Lithuania,LTU,2016,12,56.6419867765051,55.827760615546,57.4099739494931
Qatar,QAT,2016,12,56.1778459637373,55.137788950499,57.1898038557883
Ghana,GHA,2016,12,56.1352021027412,55.2483417827652,56.8888608183824
Cameroon,CMR,2016,12,55.8914400345921,54.880756324902,56.7461853979253
Gabon,GAB,2016,12,55.5315693157243,54.6338714977179,56.471414887734
Jordan,JOR,2016,12,55.0684952475482,54.233922226865,55.8772594301703
Mauritius,MUS,2016,12,54.8515466983453,53.9996519869772,55.489090950815
Portugal,PRT,2016,12,54.8091511503345,53.661407754005,55.7179039196358
Montenegro,MNE,2016,12,54.3228001553898,53.436425378819,55.1399860800853
Malawi,MWI,2016,12,54.2356932939601,53.3997944112876,54.9536049565572
Guyana,GUY,2016,10,54.0184058096533,52.8741624363475,55.1076698309413
Slovenia,SVN,2016,12,53.6440449707527,52.7739453975991,54.5456789143012
Czech Republic,CZE,2016,12,53.5669983741389,52.75049643581,54.4949332967473
Botswana,BWA,2016,12,53.284821352292,52.390551580624,54.210860351297
Jamaica,JAM,2016,12,53.1041375207481,52.2745528080179,53.8484871203079
Israel,ISR,2016,12,52.5973937316212,51.7073226458108,53.5598514430996
Greece,GRC,2016,12,52.2722136151696,51.3284663551361,53.189858064103
Kenya,KEN,2016,12,51.7197722234198,50.7620003263747,52.4866240641997
Uzbekistan,UZB,2016,5,51.1786380756641,38.9734834761562,56.2755239470896
Cambodia,KHM,2016,12,51.077569036817,50.1428283424217,51.9943690590422
Russia,RUS,2016,12,50.4421159542745,49.6610152058826,51.3502649770077
Moldova,MDA,2016,12,50.3043054131456,49.4293023027442,51.113792753224
Romania,ROU,2016,12,50.197806311938,49.3147607715387,50.9497698987884
Seychelles,SYC,2016,11,50.1254338699047,49.2094279908962,51.0801372889241
Timor-Leste,TLS,2016,10,49.5531855168759,48.585196277418,50.7636478401565
Trinidad and Tobago,TTO,2016,12,49.4273733875846,48.51639364387,50.2686079917922
Democratic Republic of Congo,COD,2016,5,49.0020759675973,41.3138011649142,62.016579417109
Guinea,GIN,2016,11,48.3849751968038,47.3537668360187,49.7613595995907
Bulgaria,BGR,2016,12,48.2464902735855,47.471955652646,49.1649274320793
Ecuador,ECU,2016,12,48.2191653390782,47.3339220814522,49.1367147624515
Panama,PAN,2016,12,48.090150718088,47.1845676867047,48.9376674350698
Eswatini,SWZ,2016,11,47.308872770161,46.2200549823329,48.5342126203644
Algeria,DZA,2016,12,47.0873077022519,46.2059175146428,47.9826486757867
China,CHN,2016,12,46.8753070098524,45.9001948255409,47.8703572523597
Spain,ESP,2016,12,46.639351706205,45.6959991415267,47.6639491054835
Yemen,YEM,2016,12,46.6121431686186,45.5439879874658,47.5134647418317
Madagascar,MDG,2016,11,46.495278422853,45.5560619365446,47.5309753572769
Lebanon,LBN,2016,12,46.4375572052104,45.5024250811287,47.4294581917719
Cabo Verde,CPV,2016,12,46.2582003064441,45.3929930699564,47.1019363151387
Guatemala,GTM,2016,12,46.2083927606863,45.271889738312,47.2069751244886
Slovakia,SVK,2016,12,45.5809333613689,44.6321621691715,46.4626746465126
Sierra Leone,SLE,2016,12,45.3933938212766,44.3913335843127,46.1703676140205
Mali,MLI,2016,12,45.3728296205058,44.4519367979096,46.3378614693393
Lesotho,LSO,2016,12,45.2144298158411,44.3385699575097,46.071127644841
Tanzania,TZA,2016,12,44.6422524911833,43.6887723828139,45.6072152254808
Nicaragua,NIC,2016,12,44.4578279170736,43.5189087614275,45.3508536779885
Chile,CHL,2016,12,44.2259487114349,43.177120428503,45.2765018131156
Tunisia,TUN,2016,12,43.8923631436984,42.9946352684947,44.9441974024633
Poland,POL,2016,12,43.8798713854335,42.9167835146503,44.8495277135708
Burundi,BDI,2016,11,43.4526732441418,42.5606574359233,44.6841813257116
France,FRA,2016,12,42.6699846811052,41.6305332405908,43.7406847375073
Colombia,COL,2016,12,42.5478745980931,41.7199095842561,43.5329089747563
Iraq,IRQ,2016,4,42.332372460115,38.2245912516703,53.5777734393785
Haiti,HTI,2016,11,42.0726084912211,41.0359495088706,43.5840023296795
Dominican Republic,DOM,2016,12,41.927625315662,40.8265322644614,42.7918119834341
Ethiopia,ETH,2016,11,41.6362045215878,40.2591013037342,42.3106999426306
Rwanda,RWA,2016,12,41.2381146167722,40.2455136670706,42.1565758354647
Hungary,HUN,2016,12,40.7600698008702,39.7611689190448,41.7679430870511
Kuwait,KWT,2016,12,40.5761694602166,39.7251981544212,41.458753285602
Egypt,EGY,2016,12,40.1414987383654,39.095173354359,41.0061524005947
Namibia,NAM,2016,12,39.9309310040452,39.1362695604229,40.8641886889779
Argentina,ARG,2016,12,39.5039460034319,38.3238072828886,40.4900081396318
Zimbabwe,ZWE,2016,12,39.4534513206233,38.4305399355659,40.5983457821689
Oman,OMN,2016,12,39.0217745905947,38.0622661254402,40.0906513146773
India,IND,2016,12,38.9930412899426,37.9396150169455,39.9689172166426
Vietnam,VNM,2016,12,38.6572020091023,37.6162377354613,39.6839292477769
Turkey,TUR,2016,12,38.6148487263217,37.6101800537509,39.6156941104038
Laos,LAO,2016,12,38.4934120665273,37.4244858409479,39.5785674578071
Myanmar,MMR,2016,10,37.8109862029676,36.8151434132323,38.8454585911762
Croatia,HRV,2016,12,37.0598526161327,36.0009183145766,38.022745882075
Mexico,MEX,2016,12,36.842310832127,35.6851109300662,37.8999288276277
Italy,ITA,2016,12,36.8237371247185,35.7493125682369,37.9308208748371
Serbia,SRB,2016,12,35.6663054863504,34.8007343018787,36.6776166757697
Paraguay,PRY,2016,12,35.4116774667009,34.3170267537647,36.3146809819942
Mozambique,MOZ,2016,11,35.2625193049146,33.9819410520179,36.1177085487935
Morocco,MAR,2016,12,35.0949494453326,34.1712972334519,36.0905189320672
Uruguay,URY,2016,12,34.1527653516291,33.1107376714144,35.1546368603034
Suriname,SUR,2016,10,33.4165698211307,32.58928189469,34.6325303786875
Peru,PER,2016,12,32.8883819772354,31.8934809788456,34.0238204422146
South Korea,KOR,2016,12,32.5035574542431,31.3006997641928,33.6778404427886
Bosnia and Herzegovina,BIH,2016,12,32.1991137469131,31.0880038714263,33.3388354901325
Bangladesh,BGD,2016,12,31.4985966451968,30.5438336446771,32.573738639332
El Salvador,SLV,2016,12,31.243430626255,30.2158177714081,32.2887394555037
Angola,AGO,2016,12,31.1438167121685,29.8228623619459,32.7142090536613
Saudi Arabia,SAU,2016,12,30.7183689591272,29.6963927329055,31.7356600932012
South Africa,ZAF,2016,12,30.2916138715356,29.2888352576891,31.4596138246908
Iran,IRN,2016,12,29.9450960282186,28.8441488681301,31.2277835211732
Venezuela,VEN,2016,12,29.6939665853404,28.6352298103366,30.9500742541957
Pakistan,PAK,2016,12,29.3973067259066,28.279101414351,30.5106904528973
Nepal,NPL,2016,12,28.1969718383764,27.0653558890339,29.3285500417272
Chad,TCD,2016,12,28.0199274955441,27.0107515108124,29.2536943065412
Bolivia,BOL,2016,12,28.0039790757833,26.9763246149691,29.2568290270292
Libya,LBY,2016,10,27.085175870532,26.1213893894425,28.48515936663
Brazil,BRA,2016,12,22.7828346927904,21.7892326427104,24.025818596107
Mauritania,MRT,2016,11,17.8032877818614,16.5836963410596,19.3333327941261
Hong Kong,HKG,2015,11,85.4226724458247,79.9882574712711,87.8621718562527
Iceland,ISL,2015,12,84.4091356772651,83.4279127725693,85.2577334192288
Denmark,DNK,2015,12,83.8109437755847,82.8455244395126,84.5970987807927
Norway,NOR,2015,12,83.0161495732482,81.9915162823357,83.901322716383
Finland,FIN,2015,12,82.7480480422366,81.7546985177383,83.6042075280735
Switzerland,CHE,2015,12,81.1877149715566,80.1792236197707,82.0012601721923
Ireland,IRL,2015,12,80.8239191582908,79.8466272398936,81.6079132464854
New Zealand,NZL,2015,12,79.7807046760935,78.8486807135926,80.7723952953124
Luxembourg,LUX,2015,12,78.6631753977105,77.7425918674749,79.4350954997346
Malaysia,MYS,2015,12,78.5308168868799,77.3962990937804,79.5367587688051
Singapore,SGP,2015,12,75.0045077206274,73.9653366675531,76.0137176376786
Netherlands,NLD,2015,12,74.7100780405502,73.7948478709647,75.6211650791531
Sweden,SWE,2015,12,74.0544811994884,73.112114129659,74.8490228482885
Canada,CAN,2015,12,73.3243000093953,72.3857296915007,74.0976072935603
Albania,ALB,2015,12,71.9464932856699,71.0171368830315,72.7589339663259
Latvia,LVA,2015,12,71.5411724200671,70.6691561512684,72.34457543429
United Kingdom,GBR,2015,12,70.6346563239628,69.7495543515653,71.4196157548584
Gambia,GMB,2015,11,70.2796532235799,69.4577407218948,71.2794913089375
Philippines,PHL,2015,12,70.1335184007287,69.1791758650483,71.08017539362
Puerto Rico,PRI,2015,9,69.974555132052,54.2537557347719,71.8801099355322
Liberia,LBR,2015,12,69.6967483453498,68.8227705271692,70.512526489721
North Macedonia,MKD,2015,12,69.6186858115606,68.6653618492462,70.4265004349541
Zambia,ZMB,2015,12,69.3782246406453,68.4063650031031,70.1639953932421
Estonia,EST,2015,12,69.296463999652,68.5247055682135,70.2065525865233
United States of America,USA,2015,12,69.1164909770566,68.2723822182312,69.8562285107279
Brunei,BRN,2015,11,68.9637813496979,56.8248707585834,70.2362131102022
Azerbaijan,AZE,2015,12,68.6498876878111,67.7383318040915,69.4739661945849
Malta,MLT,2015,12,68.0901882593712,67.2241895244884,68.7514831262928
Taiwan,TWN,2015,11,67.7900776843978,62.71681035227,70.7504113777864
Germany,DEU,2015,12,67.7567341188064,66.8928137556177,68.5165058810058
Bahrain,BHR,2015,12,66.7172528057574,65.7873557391907,67.5442181688358
Belgium,BEL,2015,12,65.9070721751178,65.0009374417395,66.7064540632016
Barbados,BRB,2015,12,65.8353121031694,64.8220905723827,66.7405452348235
Sri Lanka,LKA,2015,12,65.4141040988636,64.5726078119577,66.3014816532565
Costa Rica,CRI,2015,12,65.3619481418151,64.46974470968,66.2431876686528
Kazakhstan,KAZ,2015,12,65.0905708432652,64.2135104914661,65.9340786696094
Tajikistan,TJK,2015,12,65.0412426273087,64.1721187393827,65.7912005882862
Uganda,UGA,2015,11,64.9674043252509,64.4267701325696,66.3508478472873
Georgia,GEO,2015,12,64.2666580994261,63.3548017725906,65.0561221140322
Armenia,ARM,2015,12,63.6783208206745,62.7233027787993,64.3229904034132
Cyprus,CYP,2015,12,63.5563168422741,62.6312362402025,64.2440561513877
Indonesia,IDN,2015,12,63.1835183030787,62.3199561137478,63.9891057693616
Austria,AUT,2015,12,62.8593482097809,62.005035060252,63.8120091920299
Japan,JPN,2015,12,62.5185594727295,61.6161287037111,63.2900660950787
Nigeria,NGA,2015,12,61.6168560178884,60.7116474569066,62.383180571097
Mongolia,MNG,2015,12,61.3604269205235,60.2979882410644,62.2118001224307
Bhutan,BTN,2015,10,60.3958952815352,55.9254883422607,62.5406218526712
Democratic Republic of Congo,COD,2015,5,60.3430902376768,42.6923555487997,62.4993032414389
Kyrgyzstan,KGZ,2015,12,60.3395230111607,59.5117684300388,61.1893461041391
Thailand,THA,2015,12,60.1996789333463,59.2741615611973,61.1911770295599
Malawi,MWI,2015,12,60.1366577083665,59.2591536698307,60.9623542387408
Burkina Faso,BFA,2015,11,59.8008330694703,58.8748067935197,60.7881692003841
Mauritius,MUS,2015,12,59.436795315398,58.5788267671204,60.0728446420884
Montenegro,MNE,2015,12,59.3691744964762,58.4663151473226,60.1793495449939
Lithuania,LTU,2015,12,59.2223773075755,58.4314799020563,60.0586651188089
Côte d'Ivoire,CIV,2015,12,58.9277621223979,58.0606840702733,59.6379971072722
Guyana,GUY,2015,10,58.6033447734724,57.4706489885061,59.3116596348998
Kenya,KEN,2015,12,58.195995410321,57.340314377931,58.9795329921373
Jordan,JOR,2015,12,58.1063574583819,57.2584837191322,58.9563314400833
Gabon,GAB,2015,12,58.0830347398893,57.234035820726,59.036759573431
Ukraine,UKR,2015,12,58.0379173750337,57.1540215766598,58.8483253885405
Senegal,SEN,2015,12,57.9051204738227,57.0077781972696,58.7973013508012
Australia,AUS,2015,12,57.81509021268,57.051550118536,58.775790194115
Botswana,BWA,2015,12,57.6265554056057,56.7070296936373,58.5330104087158
Qatar,QAT,2015,12,57.3912342675357,56.2682139614024,58.4403689943218
United Arab Emirates,ARE,2015,12,56.7105174819735,55.5578681147607,57.8020893816953
Ecuador,ECU,2015,12,56.2849692058788,55.3640065780147,57.1469789669774
Honduras,HND,2015,12,56.151400034419,55.2749977461989,56.9140320097958
Cameroon,CMR,2015,12,56.0357782372766,55.0500266887943,56.9475973266222
Ghana,GHA,2015,12,54.852056510992,54.0444155719066,55.715534203025
Sierra Leone,SLE,2015,12,54.7990881378424,53.9036203753697,55.529460410423
Portugal,PRT,2015,12,54.6647654122361,53.6324732562616,55.5691840650932
Benin,BEN,2015,12,54.4818126152435,53.5132969747366,55.3789358759078
Moldova,MDA,2015,12,54.4694844131121,53.6542097490437,55.2247038040098
Cambodia,KHM,2015,12,54.4073920623688,53.4719142121948,55.1854887174666
Jamaica,JAM,2015,12,53.6568198739749,52.8283499476292,54.5483714665538
Czech Republic,CZE,2015,12,53.5172260769942,52.7341535692532,54.3235182547531
Greece,GRC,2015,12,53.4545684452624,52.5493964667262,54.3280547895343
Lesotho,LSO,2015,12,52.552725035031,51.6074135763515,53.390803663949
Tunisia,TUN,2015,12,52.0419185707814,51.1945509963575,52.9462543010867
Bulgaria,BGR,2015,12,52.0277539208559,51.1878812552887,52.7461867337059
Romania,ROU,2015,12,51.8991887917837,51.0956029487119,52.794944628205
Guinea,GIN,2015,11,51.8549729307061,50.4205961862877,52.4108458709904
Slovenia,SVN,2015,12,51.6679332613016,50.836876145568,52.4684534208036
Uzbekistan,UZB,2015,5,51.6188329595565,39.9847375266917,56.9268607867404
Trinidad and Tobago,TTO,2015,12,51.5727737547172,50.6273256934375,52.5323548217907
Mali,MLI,2015,12,51.4169595694428,50.4728824315379,52.3003877225316
Seychelles,SYC,2015,11,51.2406814580888,50.2081749040175,51.9978035881757
Madagascar,MDG,2015,11,51.0657721813478,49.9391817052218,52.1394538561957
Israel,ISR,2015,12,51.0561580118135,50.1341391865463,52.0769643845444
China,CHN,2015,12,50.3179014821375,49.2949925996105,51.2132426519047
Nicaragua,NIC,2015,12,50.1925333437491,49.2750337398299,51.0646438600582
Dominican Republic,DOM,2015,12,49.8064965261739,48.93074606307,50.7358719815743
Timor-Leste,TLS,2015,10,49.4992994677119,48.1324505092362,50.1910343633404
Panama,PAN,2015,12,49.4409681605322,48.5613611294896,50.4188905908899
Russia,RUS,2015,12,49.227520649394,48.3663446139337,50.1079661662041
Slovakia,SVK,2015,12,48.7004711903851,47.8249898051568,49.6043113141647
Lebanon,LBN,2015,12,48.3465194350557,47.3547750163837,49.3172483065107
Chile,CHL,2015,12,47.8089762896081,46.9152579367961,48.6781557403103
Guatemala,GTM,2015,12,47.7271302344446,46.8054182776002,48.5502069256109
Yemen,YEM,2015,12,47.6047326760606,46.5298475480288,48.568744203601
Cabo Verde,CPV,2015,12,47.2053876654053,46.3664831397465,48.0052879500115
Spain,ESP,2015,12,46.8503530872814,45.6688075377244,47.6636941741703
Algeria,DZA,2015,12,46.7911121403984,45.8843081849469,47.7687637502877
Tanzania,TZA,2015,12,46.5740377722105,45.6345592729163,47.4908421618326
Haiti,HTI,2015,11,46.1367717462129,45.214539853604,47.2428258464858
Eswatini,SWZ,2015,11,45.970308129808,44.9853367361991,47.2800167010659
Poland,POL,2015,12,45.6035780123713,44.7451784575327,46.5291996001277
Colombia,COL,2015,12,45.1458642223049,44.2168191800097,45.980016697444
Hungary,HUN,2015,12,45.0397893454363,43.9448938629989,45.9319177588563
Ethiopia,ETH,2015,11,44.6675642946003,43.3026468290134,45.2914362432778
Burundi,BDI,2015,11,44.5753540476669,43.5570451997608,45.687383478286
Turkey,TUR,2015,12,44.2715975815737,43.3308907315831,45.0598178633674
India,IND,2015,12,44.1153337465458,43.1410228004198,45.1454508756985
Iraq,IRQ,2015,4,43.4320365149635,38.7286432368837,53.7789484428659
Oman,OMN,2015,12,42.9923300234729,42.0357132342439,43.9990881200979
Argentina,ARG,2015,12,42.5221071102339,41.4680247352399,43.5607600372464
Egypt,EGY,2015,12,42.5181904170773,41.4586282046397,43.5291883126886
Laos,LAO,2015,12,42.406294290688,41.33426675889,43.5366261012597
Morocco,MAR,2015,12,42.2567544645265,41.3688206049134,43.2003397370673
Kuwait,KWT,2015,12,41.8383980839731,40.9258594891392,42.7332989265778
Vietnam,VNM,2015,12,41.4416026488736,40.4569593217085,42.4391247953294
Zimbabwe,ZWE,2015,12,41.3285791377484,40.3600099277165,42.4158602941328
Bosnia and Herzegovina,BIH,2015,12,41.0373249022603,40.0144545881526,42.1141152002316
France,FRA,2015,12,41.0297844825722,39.9728217057067,42.1166307551135
Croatia,HRV,2015,12,41.0107601200759,39.9721754947679,41.9610329370949
Rwanda,RWA,2015,12,40.5207060422377,39.5585737479562,41.4143289487351
Serbia,SRB,2015,12,40.4861009532574,39.5641720890386,41.3688167504898
Myanmar,MMR,2015,10,39.7624880249226,38.8662395084156,40.9013642520023
Paraguay,PRY,2015,12,39.3556654648306,38.3093043786366,40.3898420607438
Mexico,MEX,2015,12,39.1067753843755,38.176955001413,40.0416103298144
Namibia,NAM,2015,12,38.777352878063,37.9627014266087,39.7804155835611
Peru,PER,2015,12,37.9480559608079,37.0355379271327,39.02021244639
Mozambique,MOZ,2015,11,37.7760110963915,36.7101742045009,38.8935353037018
El Salvador,SLV,2015,12,37.656145385747,36.5630349881958,38.7224255144798
Italy,ITA,2015,12,37.4346559605043,36.3418895833388,38.6034717641421
Bangladesh,BGD,2015,12,36.0462358421666,34.9893136769169,37.0960144229824
Pakistan,PAK,2015,12,35.1067410346087,33.9512638142073,36.1793482488942
Uruguay,URY,2015,12,34.4088743135203,33.3388016831055,35.4306950998774
Suriname,SUR,2015,10,34.3831404646818,32.126733528037,34.5063642222796
Angola,AGO,2015,12,33.8482119815285,32.5132491074579,35.3547723645979
South Korea,KOR,2015,12,33.5916453308996,32.5413042131212,34.6983499180255
Bolivia,BOL,2015,12,33.2427282546577,32.181198803104,34.2284000058037
Venezuela,VEN,2015,12,30.9938547663995,29.9221199978355,32.2629546171254
South Africa,ZAF,2015,12,30.798250353303,29.8773589670918,32.1235684908936
Saudi Arabia,SAU,2015,12,30.4986442062247,29.3781768940935,31.6475548355961
Chad,TCD,2015,12,30.2948208983064,29.2912610802635,31.4674833763301
Iran,IRN,2015,12,30.2436054765483,29.032180947407,31.5351869910089
Nepal,NPL,2015,12,29.0068966771489,27.9411461919936,30.1682476829354
Brazil,BRA,2015,12,28.8843883762422,27.9209554391756,29.9380614555024
Libya,LBY,2015,10,27.350820013098,26.222576101831,28.4758253783763
Mauritania,MRT,2015,11,15.8918353230372,14.3143001068501,16.9678250519623
Hong Kong,HKG,2014,11,85.9312142987852,80.9036639371161,88.8866348228358
Iceland,ISL,2014,12,83.8873559521999,82.8104339639499,84.813382837815
Denmark,DNK,2014,12,83.4967651547063,82.4733909563896,84.376532355962
Finland,FIN,2014,12,82.8020324784299,81.8268409621681,83.6223425375311
Norway,NOR,2014,12,81.1290677910481,80.125541800963,82.0157546917873
New Zealand,NZL,2014,12,80.2686953101666,79.2082392858671,81.233713530928
Switzerland,CHE,2014,12,80.2442419626091,79.2381713731357,81.0158656006036
Ireland,IRL,2014,12,80.1330014173484,79.1458977823171,80.7795189242671
Singapore,SGP,2014,12,75.9162472612321,74.8621514762579,77.0228604341483
Sweden,SWE,2014,12,75.8514462666206,74.9171051399986,76.6194438606412
Malaysia,MYS,2014,12,75.6499025984796,74.6304147487227,76.6046378854125
Luxembourg,LUX,2014,12,75.0562533520274,74.1234959474341,75.8331492170786
Netherlands,NLD,2014,12,74.2828666514729,73.3802266409662,75.1776894242304
Gambia,GMB,2014,11,74.2466031848469,72.9566844259342,74.8849840480408
Canada,CAN,2014,12,73.0411840067732,72.1951541885727,73.8859663260919
Liberia,LBR,2014,12,71.9922119867351,71.1467038340512,72.7262414976196
Malta,MLT,2014,12,71.8968428242276,70.9920926732395,72.6513997964138
Azerbaijan,AZE,2014,12,71.7583425693041,70.8162677344165,72.5254459982893
United Kingdom,GBR,2014,12,71.144799939585,70.2165395537324,71.8963129069341
Albania,ALB,2014,12,70.1231358264193,69.2387376447906,70.8994537935738
Barbados,BRB,2014,12,69.4277132222034,68.4545763063533,70.2178438952414
United States of America,USA,2014,12,69.1338422893417,68.2506214943912,69.8588705262976
Latvia,LVA,2014,12,68.3236996272331,67.4876375813344,69.0998017598537
Zambia,ZMB,2014,12,68.1104686997626,67.0918781326311,68.9137215295515
Estonia,EST,2014,12,67.8768682901475,67.0075943711412,68.8132704501297
Costa Rica,CRI,2014,12,67.0119794451155,66.0829085536549,67.8759501526949
Tajikistan,TJK,2014,12,67.0021622745895,66.0164033960503,67.7505047652073
Philippines,PHL,2014,12,66.9345376889609,65.9840077258847,68.0164769243631
North Macedonia,MKD,2014,12,66.9190599542496,66.03012502122,67.7638914142363
Kazakhstan,KAZ,2014,12,66.4832635106269,65.5776295821066,67.3922542655722
Uganda,UGA,2014,11,66.2794078695216,65.6722069466102,67.9319693285584
Puerto Rico,PRI,2014,9,66.2097009086032,55.5002503949241,73.3007048909398
Germany,DEU,2014,12,65.3816977097818,64.4595061200151,66.1313128425816
Armenia,ARM,2014,12,65.2976617032206,64.3910436017326,65.9583105546064
Brunei,BRN,2014,11,65.0294058396733,58.5164382719061,69.7360998126857
Taiwan,TWN,2014,11,64.6680482535666,63.8139817077703,71.9568678316051
Georgia,GEO,2014,12,63.9051761329566,62.9096733942313,64.6803427480893
Guyana,GUY,2014,10,63.5270712411499,62.572679251888,64.5654059754901
Bahrain,BHR,2014,12,63.0601870641143,62.1796631189297,63.900265585976
Sri Lanka,LKA,2014,12,63.0237412264489,62.1667207432806,63.8630465725571
Belgium,BEL,2014,12,62.6837339989237,61.7486386262223,63.4891525724678
Cyprus,CYP,2014,12,61.9912372709753,61.062506542351,62.8812316076611
Austria,AUT,2014,12,61.8709159754223,60.9650827272771,62.867887418647
Indonesia,IDN,2014,12,61.7774962751504,60.899425666995,62.5837321045818
Montenegro,MNE,2014,12,60.8781245331414,59.943399162716,61.5678915867643
Malawi,MWI,2014,12,60.823221814931,59.8825192056636,61.5281873739856
Nigeria,NGA,2014,12,60.2985408920101,59.3681338857228,61.1296911151667
Japan,JPN,2014,12,60.2572503043787,59.2415052154606,61.0618109682732
Lithuania,LTU,2014,12,60.2405400108732,59.4189125548955,61.0485549028192
Burkina Faso,BFA,2014,11,60.0652574323837,58.614194909323,60.8997358880399
Thailand,THA,2014,12,59.6818286149234,58.7446301443914,60.7201884918977
Guinea,GIN,2014,11,58.9664078113039,57.9274361275584,60.1734374696729
Mongolia,MNG,2014,12,58.9650442603314,58.0318796031561,59.8140715026387
Gabon,GAB,2014,12,58.9461460843003,58.1258584978244,59.9100683180345
United Arab Emirates,ARE,2014,12,58.7147954535588,57.5540231765392,59.8932257575205
Kenya,KEN,2014,12,58.6921833365797,57.8015658422467,59.4984127831851
Australia,AUS,2014,12,58.5007683561776,57.6781668735339,59.4150110745512
Ghana,GHA,2014,12,58.4432497524706,57.6186286584728,59.2590107433721
Mauritius,MUS,2014,12,58.1116540369308,57.2064855199987,58.8598431468415
Côte d'Ivoire,CIV,2014,12,58.0943107772112,57.1954282365874,58.9233705437368
Ukraine,UKR,2014,12,58.0235955033357,57.1213321518945,58.8750981583015
Kyrgyzstan,KGZ,2014,12,57.9263568971552,57.0559321134246,58.6814435157195
Bhutan,BTN,2014,10,57.7342672370996,57.0345047382593,58.4340297359399
Senegal,SEN,2014,12,57.5211958023727,56.6269772675552,58.3404787082752
Cameroon,CMR,2014,12,57.3658038788159,56.4182531422218,58.20723150543
Qatar,QAT,2014,12,57.0750051419926,56.1480407297795,58.1476659356019
Sierra Leone,SLE,2014,12,56.7939685049434,55.8200871752629,57.5698761818927
Botswana,BWA,2014,12,56.5426253731472,55.6870079612283,57.4621460796755
Ecuador,ECU,2014,12,56.221514235025,55.2397761523972,57.0463578431703
Seychelles,SYC,2014,11,56.0943132851382,55.0800038971425,56.900705487211
Cambodia,KHM,2014,12,55.3358704158767,54.3925000387578,56.1202935474041
Moldova,MDA,2014,12,55.256570896648,54.4231963747864,56.0256988495737
Jordan,JOR,2014,12,54.2805012378561,53.5034640989233,55.1868882616224
Madagascar,MDG,2014,11,54.1093669340317,52.9423843737788,55.0353625431416
Tunisia,TUN,2014,12,54.1048616382803,53.2538877389903,55.0420887960594
Mali,MLI,2014,12,54.0349233291045,53.1182994809031,54.9106136662656
Lesotho,LSO,2014,12,53.9324656670795,53.0371771092683,54.7700834759429
Uzbekistan,UZB,2014,5,53.8589990068602,39.1848668168885,59.1209143369002
Israel,ISR,2014,12,53.6016455090601,52.7662179454042,54.5205754903503
Benin,BEN,2014,12,53.2120185576388,52.2150270212489,54.1058892354501
Jamaica,JAM,2014,12,52.9198150989475,52.0891710551596,53.7124006794271
Democratic Republic of Congo,COD,2014,5,52.5939156254855,41.9900981799147,64.3680959368921
Portugal,PRT,2014,12,52.5413797651321,51.4161769654061,53.5343575872678
Czech Republic,CZE,2014,12,52.4765549846276,51.6750851655033,53.3863524724857
Trinidad and Tobago,TTO,2014,12,52.4682590445678,51.6180365951496,53.3276471542304
Bulgaria,BGR,2014,12,51.3419864784951,50.4370145616531,52.1649801553972
Timor-Leste,TLS,2014,10,51.0278239525272,49.8447233740296,51.8176981631707
Lebanon,LBN,2014,12,50.9012327805369,49.9218048759412,51.8381904261901
China,CHN,2014,12,50.8626634060535,49.9199483325852,51.7697969153266
Greece,GRC,2014,12,50.6586722446756,49.6398713459245,51.5895489952043
Slovenia,SVN,2014,12,50.6092250248915,49.6911135480176,51.4069941214288
Dominican Republic,DOM,2014,12,50.5027496769233,49.5775530231808,51.2665112835443
Panama,PAN,2014,12,49.1044493034719,48.3092789035237,49.9884972752317
Slovakia,SVK,2014,12,49.0754973302242,48.1157424815685,49.9839412152821
Romania,ROU,2014,12,48.9126166604602,48.0550261275943,49.8068195089892
Yemen,YEM,2014,12,48.5658929990641,47.4632073698731,49.5480545188742
Tanzania,TZA,2014,12,48.5386476436568,47.6117571118987,49.3969725517472
Honduras,HND,2014,12,48.4967564906571,47.5882248265851,49.2310115135581
India,IND,2014,12,47.8364844195932,46.9131482729427,48.6651170861352
Iraq,IRQ,2014,4,47.6247001632775,39.3770032482333,54.0296292872176
Chile,CHL,2014,12,47.6166978858668,46.5247587258796,48.5967476537846
Haiti,HTI,2014,11,47.4312259032011,46.7643941186571,48.8885753380608
Nicaragua,NIC,2014,12,47.2409810126018,46.2731951721716,48.1643739744749
Turkey,TUR,2014,12,46.6378919064849,45.7919712052569,47.4751713407602
Spain,ESP,2014,12,46.5704886580468,45.4928059804414,47.4627623120579
Colombia,COL,2014,12,45.4407435414326,44.4889793617594,46.3310228799006
Oman,OMN,2014,12,45.427449289138,44.4809670880591,46.429145163008
Cabo Verde,CPV,2014,12,45.130254564944,44.1632171245251,46.0348335336308
Hungary,HUN,2014,12,44.7692708780059,43.6229880972194,45.6966175787107
Guatemala,GTM,2014,12,44.6539084175248,43.7062000134617,45.7257745815881
Poland,POL,2014,12,43.9854356787199,43.098063205657,44.8784284931857
Vietnam,VNM,2014,12,43.6317491949218,42.7231721299807,44.5186889015065
Kuwait,KWT,2014,12,43.3377012174385,42.3796523117346,44.1769502837885
Russia,RUS,2014,12,43.2371256248999,42.4757456125003,44.2277501035717
Egypt,EGY,2014,12,42.4647473913523,41.4371960473765,43.5129417807459
Serbia,SRB,2014,12,42.2156131672248,41.2580114460686,43.3302608402063
Argentina,ARG,2014,12,42.0022862348513,40.9437167746701,43.0077496864701
Morocco,MAR,2014,12,41.8422305807504,40.9011407900809,42.7649084851632
Bosnia and Herzegovina,BIH,2014,12,41.4030100259067,40.3755769040771,42.3420012548726
Ethiopia,ETH,2014,11,41.3386814689016,39.8330880632138,42.1533027115164
Rwanda,RWA,2014,12,41.2911282718705,40.3134402027337,42.1946687341351
Zimbabwe,ZWE,2014,12,40.9840506436399,40.0327296035501,42.0984467178031
Burundi,BDI,2014,11,40.9717998161085,39.9988042693077,42.2136366562122
Angola,AGO,2014,12,40.9250641780524,39.6396098947605,42.3589984992717
Laos,LAO,2014,12,40.9250641780524,39.2492149727681,43.831452386241
Eswatini,SWZ,2014,11,40.9082824879493,39.4191357635066,41.8342829603819
Myanmar,MMR,2014,10,40.4588106340789,39.3301665382869,41.2434702154267
Croatia,HRV,2014,12,39.941924968264,38.9853121052298,40.8925236720359
El Salvador,SLV,2014,12,39.2216231155472,38.1408944930119,40.2222070655844
Namibia,NAM,2014,12,39.0628667989702,38.2627373759518,40.0949836170234
Mozambique,MOZ,2014,11,39.0184318435949,37.6902772639418,39.8224817987174
Peru,PER,2014,12,38.6865921070035,37.6798253828806,39.6411449591383
Paraguay,PRY,2014,12,38.3932261721758,37.3832926658441,39.330442769498
Mexico,MEX,2014,12,38.2832759140759,37.3938963257528,39.316426321661
France,FRA,2014,12,37.468410508206,36.3172125721748,38.579943424947
Algeria,DZA,2014,12,36.9650831069491,36.0081235401728,38.0550758238527
Bangladesh,BGD,2014,12,36.5816745545758,35.7183867623472,37.6238247090653
Pakistan,PAK,2014,12,35.6704257915177,34.5922972878281,36.6985479740089
Suriname,SUR,2014,10,35.493744807916,34.6146099627903,36.9568419561219
Italy,ITA,2014,12,34.2087380133573,33.1030278085465,35.1941788063405
South Korea,KOR,2014,12,34.0091828631534,32.9478333422754,35.1297448503038
Bolivia,BOL,2014,12,33.085411967094,32.0177557924039,34.2764216617281
Brazil,BRA,2014,12,32.3292001177854,31.5065734663602,33.3905208533549
Uruguay,URY,2014,12,32.2366938326976,31.2733683903275,33.5118984355363
Venezuela,VEN,2014,12,30.9961414053007,30.0108098780204,32.3186524300961
Saudi Arabia,SAU,2014,12,30.9254302869708,29.8822210692845,31.9610002832097
Iran,IRN,2014,12,30.8556667609847,29.7528702903924,31.996907982358
South Africa,ZAF,2014,12,30.3651359384077,29.2668208378161,31.6244590632827
Chad,TCD,2014,12,29.6010607024545,28.6622699964264,30.6512139685644
Libya,LBY,2014,10,26.7972435679552,25.7432049077038,28.1126743379014
Nepal,NPL,2014,12,26.4861852330997,25.4866894718593,27.8531484792706
Mauritania,MRT,2014,11,9.48576779630717,8.21282225960175,11.4238302644301
Finland,FIN,2013,12,84.642368880112,83.6097751614817,85.5167177203387
Hong Kong,HKG,2013,11,83.9573421669863,80.4125577410892,87.4722282231364
Denmark,DNK,2013,12,82.9792440516787,81.9718004842034,83.9273214721528
Iceland,ISL,2013,12,82.5412627620809,81.5333264750974,83.3945361249122
Ireland,IRL,2013,12,79.5724917561727,78.6022563767867,80.3583727597686
New Zealand,NZL,2013,12,78.930024218989,77.9132325772888,79.9326438250936
Norway,NOR,2013,12,78.5675660124442,77.6043269248708,79.4111037013077
Gambia,GMB,2013,11,77.4771763341764,76.5727842404794,78.4279174035568
Switzerland,CHE,2013,12,77.4390300143552,76.4470822642805,78.1784223230007
Singapore,SGP,2013,12,77.1685034194939,75.9777704490871,78.197501412086
Sweden,SWE,2013,12,76.2407697189245,75.3252723864882,77.1982157619481
Malaysia,MYS,2013,12,75.150068186859,74.0536772886299,76.06229963575
Canada,CAN,2013,12,73.7125813549114,72.849456304769,74.5415799840129
Netherlands,NLD,2013,12,72.9366752008183,71.9942554127325,73.7198413779723
Luxembourg,LUX,2013,12,72.5018682888658,71.5767304851971,73.2384251463778
Albania,ALB,2013,12,71.8617479832216,70.8767811278132,72.6385388175574
United Kingdom,GBR,2013,12,71.3875027694445,70.4672998007343,72.1360943703708
Barbados,BRB,2013,12,70.4051882062046,69.4454675031905,71.2152657576519
Taiwan,TWN,2013,11,69.2123171867558,63.4923649533464,70.9342288714571
Malta,MLT,2013,12,68.6990352066437,67.7292720804855,69.4348476519707
Azerbaijan,AZE,2013,12,68.5468421736982,67.665571854299,69.2815945222449
United States of America,USA,2013,12,68.3400766242296,67.5104400836685,69.0763509467469
Uganda,UGA,2013,11,68.2193410972045,66.7159573850324,68.7441903045735
Brunei,BRN,2013,11,67.757587678162,56.4400692672756,69.8367044951976
Costa Rica,CRI,2013,12,67.1253702696327,66.2096006889793,67.9208742107977
Kazakhstan,KAZ,2013,12,67.0910338883784,66.1560519304434,67.9211638617314
Guyana,GUY,2013,10,66.7137172471143,65.234332962445,66.9154392554859
Estonia,EST,2013,12,66.3470842257402,65.520187003515,67.3010818518648
Tajikistan,TJK,2013,12,66.1300626290613,65.2483902098153,66.911587077041
Armenia,ARM,2013,12,65.8402596780281,64.9051537493322,66.53389314407
Zambia,ZMB,2013,12,65.2234973231488,64.2149091146758,66.1195978162436
Democratic Republic of Congo,COD,2013,5,64.8602540210566,54.1420119186605,75.5784961234526
Latvia,LVA,2013,12,64.6491352909928,63.8163385466662,65.4802201675682
Philippines,PHL,2013,12,64.5271638159103,63.689903162461,65.4279741254708
Montenegro,MNE,2013,12,63.9130271765578,62.9859383372895,64.7166037400547
Georgia,GEO,2013,12,63.4593328725748,62.5756571227088,64.2422084397637
Puerto Rico,PRI,2013,9,63.3128899074263,50.8507528647408,68.9932988777007
North Macedonia,MKD,2013,12,62.5472731762545,61.6385505433131,63.287440939301
Germany,DEU,2013,12,62.531210452929,61.711610145228,63.3049257843371
Kyrgyzstan,KGZ,2013,12,61.9133477567986,61.0302938531632,62.7039485463407
Bahrain,BHR,2013,12,61.7627655579425,60.8864642859486,62.5873593487212
Tunisia,TUN,2013,12,61.4077398848689,60.5684909580623,62.3051238154174
Sri Lanka,LKA,2013,12,61.0015317247901,60.1719302119075,61.7471912820963
Malawi,MWI,2013,12,60.9393187969184,60.0344223274991,61.79143977665
Senegal,SEN,2013,12,60.8156432822294,59.9329679303725,61.674362375905
Kenya,KEN,2013,12,60.2065075159954,59.2236621021199,61.1035169967555
Burkina Faso,BFA,2013,11,59.9737558336625,58.9679841585044,61.0960221284084
Belgium,BEL,2013,12,59.9072835468514,59.0632952752859,60.7720160577827
Thailand,THA,2013,12,59.3888808950393,58.4747679059674,60.3314250474739
Austria,AUT,2013,12,59.3505674723797,58.3990487642871,60.1496316523942
Australia,AUS,2013,12,59.2271917311647,58.4230636899009,60.1136295964081
Cameroon,CMR,2013,12,59.0879633890939,58.174862872197,59.8850288064545
Liberia,LBR,2013,12,59.0879633890939,59.0268065208464,59.1491202573415
Mongolia,MNG,2013,12,59.0088759473724,58.1621617768838,59.831725535361
Nigeria,NGA,2013,12,58.8460850460047,57.9050796553015,59.650865807532
Lithuania,LTU,2013,12,58.8162900476536,58.0225313086621,59.6509281524074
Indonesia,IDN,2013,12,58.6547218086526,57.7955123426973,59.3987225357684
Japan,JPN,2013,12,58.3239452035812,57.4060486153181,59.114589011499
Ghana,GHA,2013,12,58.2963471246538,57.387474557766,59.186558840246
Cyprus,CYP,2013,12,58.1853868780563,57.2680370846829,59.0200040886588
United Arab Emirates,ARE,2013,12,57.9571567922803,56.858026721247,59.1365422681432
Lesotho,LSO,2013,12,57.2057613489695,56.230069060927,58.1324465122078
Moldova,MDA,2013,12,57.0452863561835,56.1694170410881,57.7251454250313
Mauritius,MUS,2013,12,56.676733105335,55.7405962934766,57.4572624646426
Côte d'Ivoire,CIV,2013,12,56.5479221536996,55.6602382513662,57.4085171673708
Ukraine,UKR,2013,12,55.9905585646155,55.1106337593121,56.7026557910229
Benin,BEN,2013,12,55.3651012559321,54.3705048839909,56.1870844554959
Qatar,QAT,2013,12,55.2793604038493,54.2121414119797,56.3584284948158
Seychelles,SYC,2013,11,54.9459078993446,53.2766010739105,56.6152147247787
Uzbekistan,UZB,2013,5,54.9459078993446,42.0937967680842,59.8176210249194
Cambodia,KHM,2013,12,54.8798740089401,53.9666001925301,55.6470604878452
Israel,ISR,2013,12,54.8592230589165,54.0844727887385,55.8514268319488
Botswana,BWA,2013,12,54.7594257018504,53.854548680289,55.5634562219954
Gabon,GAB,2013,12,54.7594257018504,54.5802635556566,54.9385878480443
Jordan,JOR,2013,12,54.3796202338326,53.5675874830455,55.2993342649832
Mali,MLI,2013,12,53.6941953673404,52.7391505746766,54.5742075802407
Sierra Leone,SLE,2013,12,53.2792247663347,51.7909965106428,53.8059769369911
Madagascar,MDG,2013,11,52.5937072097008,51.7592685757879,53.7637279273701
Haiti,HTI,2013,11,52.4683525186608,51.1498116149712,53.2229950090245
Portugal,PRT,2013,12,51.4539899253985,50.335885772263,52.3723310050417
Slovakia,SVK,2013,12,51.4358943664772,50.5377746896888,52.301134170275
Czech Republic,CZE,2013,12,51.2224563575986,50.4052666117395,52.0810662597829
Bulgaria,BGR,2013,12,51.0597095437588,50.1611917563223,51.8194245375224
Timor-Leste,TLS,2013,10,51.0590473048574,50.0123158107962,52.0112315309711
Lebanon,LBN,2013,12,51.0378995603979,50.0796336608612,52.0622296621651
China,CHN,2013,12,51.0167134008495,50.1001018312952,51.9326287894842
Jamaica,JAM,2013,12,49.538980681347,48.668482232044,50.5182879536501
Trinidad and Tobago,TTO,2013,12,49.5328386925959,48.5430577463656,50.4386865251648
Slovenia,SVN,2013,12,49.4037354484276,48.5637794098447,50.2783248667382
Tanzania,TZA,2013,12,49.3254923444681,48.4315194252031,50.1247057941952
Romania,ROU,2013,12,49.1753811363546,48.2410222398187,50.1832225828005
Dominican Republic,DOM,2013,12,48.2952267087781,47.4353710340993,49.0883192504354
Angola,AGO,2013,12,48.2816273266252,47.2481155959767,49.4884064048164
India,IND,2013,12,48.1686246773665,47.3508230059188,49.0329015482471
Greece,GRC,2013,12,47.7722215778078,46.6467116281391,48.8022415941914
Yemen,YEM,2013,12,47.3424077820303,46.2033840560955,48.3420753295666
Turkey,TUR,2013,12,47.1216914913776,46.1144744232798,48.0026544913642
Chile,CHL,2013,12,46.73057771544,45.7551607555654,47.6239933762123
Honduras,HND,2013,12,46.6783015168573,45.7858144634315,47.5800955189242
Guinea,GIN,2013,11,46.3522815804063,45.4824394252892,47.2221237355234
Hungary,HUN,2013,12,46.3522815804063,45.3206288770494,47.3248540831693
Panama,PAN,2013,12,46.2390463818533,45.3798386146072,47.1403478709845
Vietnam,VNM,2013,12,45.9836262496954,45.0053630560166,46.8549417168064
Spain,ESP,2013,12,45.4715926121293,44.4198326838487,46.4869231972684
Egypt,EGY,2013,12,45.1354873688011,44.0953968906306,46.122971368157
Kuwait,KWT,2013,12,45.0309859808245,44.1189690828149,45.9122128882514
Nicaragua,NIC,2013,12,45.0030919059899,44.0328883178166,45.8989059438559
Oman,OMN,2013,12,44.7822204924753,43.7903706493534,45.8471554809988
Colombia,COL,2013,12,44.7169843633541,43.7447984218914,45.6535114983497
El Salvador,SLV,2013,12,44.4452563055026,43.4199814244649,45.3864791514295
Ethiopia,ETH,2013,11,44.2384618116806,42.8770659874833,45.0786671590375
Cabo Verde,CPV,2013,12,44.0195287058692,43.1342362096767,44.9450457839301
Serbia,SRB,2013,12,43.8908085852752,43.0350768031714,44.9428942009523
Morocco,MAR,2013,12,43.7894857217909,42.8730260269469,44.7677546883592
Burundi,BDI,2013,11,43.4871378601302,42.6791706993779,44.8118608445733
Zimbabwe,ZWE,2013,12,42.9069453575865,41.935700929116,43.9494364522883
Iraq,IRQ,2013,4,42.6461504358605,38.9529684785417,54.478378562056
Rwanda,RWA,2013,12,42.2818235469874,41.3184170807216,43.1433192971302
Poland,POL,2013,12,42.0939422380091,41.1114546828666,43.1460980222233
Bosnia and Herzegovina,BIH,2013,12,42.0041185331899,41.0615620476379,43.0379314838036
Ecuador,ECU,2013,12,41.987114032716,41.057484244065,42.9735944427969
Guatemala,GTM,2013,12,41.3335013635523,40.1933971397553,42.3677670750393
Argentina,ARG,2013,12,40.2728475841231,39.2413291735232,41.3763620506861
Mozambique,MOZ,2013,11,40.2568443037508,39.6387508054012,41.8239256948206
Laos,LAO,2013,5,40.1421017132371,27.1670497843586,47.1896280663718
Paraguay,PRY,2013,12,39.9196206910139,38.9888873885985,40.9853401638274
Russia,RUS,2013,12,38.796553510928,37.8387945237261,39.6143811858211
Bangladesh,BGD,2013,12,38.7060246145759,37.7581365108137,39.595019973835
Peru,PER,2013,12,38.6768457460392,37.6469174509148,39.7308960413826
Suriname,SUR,2013,10,38.5623619478318,37.3599506580461,39.5292814415649
Pakistan,PAK,2013,12,38.4185915128768,37.4506953466228,39.3745830237888
Croatia,HRV,2013,12,38.2419436134695,37.2138043866107,39.4336270660621
Eswatini,SWZ,2013,11,37.1805252718911,36.2366282421119,38.7609966993204
Namibia,NAM,2013,12,36.7958180794272,35.9518246336196,37.9780016389395
Mexico,MEX,2013,12,35.3310098889363,34.3604934939331,36.4108711981502
France,FRA,2013,12,35.1511127143547,34.0692320885542,36.3831585311864
South Korea,KOR,2013,12,34.4332426317598,33.3912674705501,35.4849995556025
Brazil,BRA,2013,12,33.3892673339521,32.477186612487,34.4207050975075
Chad,TCD,2013,12,33.2582695494148,32.347411631591,34.3169073552512
Bolivia,BOL,2013,12,32.3790072291043,31.186275437086,33.418135631626
Italy,ITA,2013,12,31.9059521082385,30.7320091323392,33.1462516085433
Iran,IRN,2013,12,31.5609144907545,30.4147170342497,32.8069554311127
Uruguay,URY,2013,12,30.5422169703957,29.4031019999307,31.5642635314481
Algeria,DZA,2013,12,30.1169850948844,28.9383694342591,31.3992122616879
South Africa,ZAF,2013,12,29.798713209509,28.8107502480111,31.0876429580408
Saudi Arabia,SAU,2013,12,29.4808316120737,28.3065483093956,30.5718012350766
Venezuela,VEN,2013,12,28.068614412355,27.0322912677799,29.4564828868049
Nepal,NPL,2013,12,26.2099274864684,25.267715553037,27.4285046896715
Libya,LBY,2013,10,24.6179813577041,23.5316185863276,25.8933495009348
Mauritania,MRT,2013,11,16.8531785815504,15.9818390989644,18.6012288129352
Finland,FIN,2012,12,82.0540119069205,81.0539723927299,82.8440045938108
Hong Kong,HKG,2012,11,81.893928648957,76.8314322001307,84.132523799911
Iceland,ISL,2012,12,80.5414627768373,79.561856108491,81.3126748813238
Denmark,DNK,2012,12,80.3650783031734,79.3861750396093,81.2857260384359
Gambia,GMB,2012,11,76.2410622125485,75.2141969174041,77.1939554012765
Sweden,SWE,2012,12,75.8179545081734,74.7919504884798,76.6866051000848
Singapore,SGP,2012,12,75.5049989384828,74.3698384093628,76.4902897041792
Albania,ALB,2012,12,75.3953604766045,74.4473933224188,76.164936169011
New Zealand,NZL,2012,12,74.92778558977,73.9827773550483,75.8796195702895
Norway,NOR,2012,12,74.1244105487822,73.0879947403148,74.9927988057904
Switzerland,CHE,2012,12,73.5883792387448,72.6164982157835,74.3424099702172
Ireland,IRL,2012,12,73.2232725531953,72.3280923101972,73.9686415227911
Malaysia,MYS,2012,12,71.437661969398,70.3835660883252,72.3268250317705
Canada,CAN,2012,12,70.9813114241659,70.1417911100944,71.7903726551162
Luxembourg,LUX,2012,12,70.5886791943424,69.6875455530945,71.4051132612992
Netherlands,NLD,2012,12,69.5265896480555,68.6060142452522,70.404449208356
United Kingdom,GBR,2012,12,68.1247063674526,67.2232151929404,68.984456782127
Brunei,BRN,2012,11,67.280616461709,55.5240033799183,67.2992345205126
Barbados,BRB,2012,12,67.0859578287791,66.1937223619454,67.9772326625313
Costa Rica,CRI,2012,12,66.20031145985,65.2638882110673,67.0325521545739
Montenegro,MNE,2012,12,66.1914557048073,65.3015198202595,67.0336064721503
Uganda,UGA,2012,11,65.9395848962886,64.4798928887346,66.6619716152554
United States of America,USA,2012,12,65.8583479703627,65.0083375697025,66.6513474549308
Malta,MLT,2012,12,64.8906065200496,64.0237575004399,65.6903817991528
Tunisia,TUN,2012,12,64.4379140359517,63.5928806737567,65.3642868074211
Guyana,GUY,2012,10,64.3775055223252,62.9582408319108,64.9756996609379
Georgia,GEO,2012,12,64.088853659525,63.1772184591131,64.894448219514
Taiwan,TWN,2012,11,64.0323601324913,59.2060236714183,67.7987708073921
Estonia,EST,2012,12,63.2222158566223,62.4825590372529,64.0972922677201
Armenia,ARM,2012,12,63.208141412995,62.2635511816866,63.9363901369655
Azerbaijan,AZE,2012,12,62.8059530660696,61.9224230114269,63.6527226804363
Malawi,MWI,2012,12,62.7555227952372,61.8405859966159,63.5825614771991
Lesotho,LSO,2012,12,62.1895621086365,61.2336082663788,63.1511699479691
Zambia,ZMB,2012,12,61.7961242217119,60.9778287418787,62.7211944368661
Latvia,LVA,2012,12,61.4630118397754,60.668398679067,62.2585658993726
North Macedonia,MKD,2012,12,61.1122445234574,60.1394212581739,62.0567004575956
Sri Lanka,LKA,2012,12,60.6280534906868,59.7886544413117,61.3721786347602
Bahrain,BHR,2012,12,60.5135283233236,59.6393677557655,61.3190522013368
Kyrgyzstan,KGZ,2012,12,60.4561748377111,59.6223552338459,61.3374135673645
Tajikistan,TJK,2012,12,60.1407235444962,59.3169192044099,60.8386307077865
Puerto Rico,PRI,2012,9,59.8225239117926,46.705332840918,63.4243620494355
Senegal,SEN,2012,12,59.7342945805457,58.9591655222108,60.5649783283485
Nigeria,NGA,2012,12,59.4900911735519,58.6055791851591,60.3708947827558
Australia,AUS,2012,12,59.4599963207692,58.6807172790891,60.3466949147911
Philippines,PHL,2012,12,59.1747276634656,58.3204298015662,60.032823929305
Kenya,KEN,2012,12,58.7443716962448,57.8348928691587,59.6410397355663
Burkina Faso,BFA,2012,11,58.6187831606625,57.8319350417591,60.0946063309102
Germany,DEU,2012,12,58.5670265139826,57.6967440147544,59.5507119137583
Thailand,THA,2012,12,58.5570066707292,57.6655754456531,59.4721945440457
Cyprus,CYP,2012,12,57.9439128113758,57.0033583864352,58.7786538280995
Democratic Republic of Congo,COD,2012,5,57.6441278058924,43.7519061158063,65.0353123331248
Mongolia,MNG,2012,12,57.5644985404531,56.5760685061967,58.398067835044
Liberia,LBR,2012,5,57.4983983067667,38.3397791217819,58.1762350974049
Japan,JPN,2012,12,57.4883987236524,56.4860848240315,58.2842922864242
Lithuania,LTU,2012,12,56.788465625219,56.0184620432989,57.6768457319668
Belgium,BEL,2012,12,56.4939224641235,55.6436775637185,57.1846534030666
Indonesia,IDN,2012,12,56.4746165018735,55.6382029286621,57.2393942587463
Benin,BEN,2012,12,56.1823320944512,55.2141714066046,57.0281179958197
Botswana,BWA,2012,12,55.933187412023,55.083636211226,56.9001774174949
Moldova,MDA,2012,12,55.4302098494823,54.5611964560483,56.2530162131463
Cameroon,CMR,2012,12,55.4004583874149,54.5643286970807,56.231578768726
Ghana,GHA,2012,12,54.5302038630682,53.6917144176824,55.2944663590561
Haiti,HTI,2012,11,54.5302038630682,54.3314007034671,54.7290070226693
Mauritius,MUS,2012,12,54.2529644121208,53.3894510262104,55.0644795851088
Côte d'Ivoire,CIV,2012,12,53.7843131160763,52.9142352490653,54.6665037785336
Cambodia,KHM,2012,12,53.6242417347307,52.6897346492082,54.4835277125986
Israel,ISR,2012,12,53.5515511614079,52.7442456399289,54.4499731295482
United Arab Emirates,ARE,2012,12,53.4743996468117,52.2610594538552,54.6729883568539
Austria,AUT,2012,12,53.3660288369404,52.423445688037,54.3580122580353
Seychelles,SYC,2012,4,53.3442688513803,44.0482160347484,59.1593659521274
Romania,ROU,2012,12,52.77007475076,51.8190265642085,53.6823187269979
Kazakhstan,KAZ,2012,12,52.6103695380191,51.7855653987111,53.4820081956939
Gabon,GAB,2012,5,51.7772728920076,40.6156157397321,58.6246457498137
Slovakia,SVK,2012,12,51.7213690766585,50.8212796740161,52.6469630277673
China,CHN,2012,12,51.1692789575562,50.2199043898612,52.076165561767
Mali,MLI,2012,12,51.0612154326252,50.1127840978294,51.9394879700897
Angola,AGO,2012,12,51.0112420986447,49.8512165479448,52.2731424016252
Lebanon,LBN,2012,12,50.1561593242884,49.1833699843745,51.1606999272517
Trinidad and Tobago,TTO,2012,12,49.6509551360924,48.6308230078941,50.6184113688398
Ukraine,UKR,2012,12,49.6373919624096,48.7224171742489,50.5084935671895
Uzbekistan,UZB,2012,5,49.204178561893,41.6382393818902,60.4556522729868
Slovenia,SVN,2012,12,49.1532124382403,48.3139080025816,50.0791840333823
Madagascar,MDG,2012,11,49.1143437175831,48.1640155798727,50.2783223664716
Yemen,YEM,2012,12,49.1143437175831,47.9923504676712,49.8457001219205
Qatar,QAT,2012,12,49.0409187541848,48.117624504146,50.0603083676045
Portugal,PRT,2012,12,48.7686238939626,47.6734877962733,49.7649232273043
Jordan,JOR,2012,12,48.515777588918,47.5744941746491,49.4885431849724
Bulgaria,BGR,2012,12,48.464128324159,47.7230475228519,49.3624287060889
Czech Republic,CZE,2012,12,48.2230293016168,47.3578281006848,49.1748482252905
El Salvador,SLV,2012,12,47.6672536949564,46.6078240160353,48.5875535524765
Sierra Leone,SLE,2012,5,47.4289218922929,42.1463360509525,61.487037951617
India,IND,2012,12,47.2807362803383,46.4351667110044,48.1478872400199
Egypt,EGY,2012,12,47.1567006213015,46.1413546673385,48.0926492334798
Hungary,HUN,2012,12,46.8679913760991,45.681389249342,47.8338332861567
Burundi,BDI,2012,11,46.6754327685202,45.8950860270269,48.045332432813
Vietnam,VNM,2012,12,46.3381837622089,45.4328635954435,47.3405357162868
Dominican Republic,DOM,2012,12,46.0501743798967,45.1639761051135,46.9718730148422
Greece,GRC,2012,12,45.8440963291333,44.7136721551963,46.8566347860191
Guinea,GIN,2012,4,45.7663479864476,38.2773774745678,55.3212753330334
Morocco,MAR,2012,12,45.2727199754052,44.4680411458695,46.2962298005077
Chile,CHL,2012,12,45.0447037160123,44.0463521978114,46.0099342417828
Colombia,COL,2012,12,45.0122428676517,44.0471109596296,45.8738867425837
Timor-Leste,TLS,2012,10,44.9879959899357,43.9448350910879,46.0608763119784
Tanzania,TZA,2012,12,44.9516207294619,44.0164025119686,45.9129824052859
Jamaica,JAM,2012,12,44.9482127676989,44.0424976621059,45.9400378922235
Zimbabwe,ZWE,2012,12,44.6902951185029,43.755462134449,45.7693408974313
Kuwait,KWT,2012,12,44.6169671968088,43.7177964209329,45.5402681953041
Nicaragua,NIC,2012,12,44.2893093389235,43.1901780256035,45.1323541190478
Ethiopia,ETH,2012,11,43.9510444193151,43.0950610831284,45.4962081427142
Serbia,SRB,2012,12,43.6043455374261,42.5009746383778,44.5740146945266
Honduras,HND,2012,12,43.1845520530915,42.3093189753565,44.1259362368831
Spain,ESP,2012,12,42.6322652408661,41.5002324970592,43.6172787009814
Rwanda,RWA,2012,12,42.5466198160507,41.5824124035832,43.382361374216
Iraq,IRQ,2012,4,42.5465883671748,39.0542429023239,54.6796403758305
Cabo Verde,CPV,2012,12,42.0267669903861,41.1225429444698,43.0101542583492
Turkey,TUR,2012,12,41.7851341681962,40.7657366976149,42.8153818835362
Ecuador,ECU,2012,12,41.6433906328193,40.6341429901718,42.677428775988
Oman,OMN,2012,12,40.9301403603632,40.0082727879186,41.8815752959452
Panama,PAN,2012,12,40.8105720778041,40.0192403216774,41.8572423291315
Peru,PER,2012,12,39.8701111160177,38.8876805217945,40.8954505924514
Mozambique,MOZ,2012,11,39.4929448960348,38.4962687116462,40.6752465294675
Poland,POL,2012,12,39.1716608404232,38.2591656383526,40.2198741083183
Bangladesh,BGD,2012,12,38.75170722857,37.8322108625837,39.6704672019718
Bosnia and Herzegovina,BIH,2012,12,38.5235959739807,37.463680278761,39.6424998612059
Argentina,ARG,2012,12,38.0206539207328,37.0077821787794,39.0623612473891
Guatemala,GTM,2012,12,37.8967193161622,36.9175957578083,38.8269030723542
Namibia,NAM,2012,12,37.8897381078828,36.9786646338889,39.0594437272652
Russia,RUS,2012,12,37.8736080516653,36.9454265126681,38.9051581540264
Pakistan,PAK,2012,12,37.5623548928457,36.5695237670186,38.5994607705028
Paraguay,PRY,2012,12,37.32259740623,36.3039979446628,38.3979945042137
Croatia,HRV,2012,12,37.15965682597,36.103602415617,38.2183149475772
Syria,SYR,2012,9,35.7827815091862,28.9612851402077,39.6397465305665
Algeria,DZA,2012,12,35.5593410720524,34.5184563043351,36.7363005361937
Suriname,SUR,2012,10,34.6920950652423,33.6500061644336,36.0876991730893
France,FRA,2012,12,34.1218876193698,32.9465861728495,35.3810521740028
Eswatini,SWZ,2012,11,33.7880726418037,32.9579193911634,35.6373777478042
Italy,ITA,2012,12,31.5989986445042,30.4197242863514,32.8844651214176
Brazil,BRA,2012,12,31.2861942111823,30.3099490145856,32.3918643122754
South Africa,ZAF,2012,12,31.0515763359206,30.0623697148933,32.3427074507989
Saudi Arabia,SAU,2012,12,31.0362277278644,29.8671282352099,32.0545363072205
Chad,TCD,2012,12,30.8875627806149,30.0122912658537,32.0143923421968
Mexico,MEX,2012,12,30.7903173596744,29.6499110967101,31.8973030348379
Bolivia,BOL,2012,12,30.7263285304854,29.47010250124,32.1025298129976
Uruguay,URY,2012,12,29.4315361559104,28.264287843407,30.723600574948
South Korea,KOR,2012,12,29.2283251727727,28.1603270607296,30.3403014776338
Iran,IRN,2012,12,27.9950249292881,26.7670839735237,29.3185932458413
Laos,LAO,2012,5,25.9724281588423,15.8593776744649,36.0854786432197
Venezuela,VEN,2012,12,25.6523550853899,24.5644171599988,27.0036441425492
Nepal,NPL,2012,12,22.4320560109408,21.3223376618418,23.8153857995406
Libya,LBY,2012,10,19.6268187385528,18.4962582027301,20.9731572670729
Mauritania,MRT,2012,11,11.2124790973301,10.1851121045705,13.0665443044239
Hong Kong,HKG,2011,11,81.7455696448927,76.3321829960054,83.1331706617035
Iceland,ISL,2011,12,79.3978009007113,78.4298646409701,80.2270622437727
Finland,FIN,2011,12,78.0628132471242,77.0130607790801,78.8750014191429
Denmark,DNK,2011,12,78.0275576108822,77.0621027596239,78.9326704589625
Gambia,GMB,2011,11,76.9599261409891,75.9063302482798,77.7178944254097
Singapore,SGP,2011,12,73.9123687005288,72.7869112508815,74.9006306296214
Sweden,SWE,2011,12,73.470934079193,72.5616791372648,74.3020664882643
New Zealand,NZL,2011,12,72.3904062760282,71.5213035647727,73.3211315370342
Switzerland,CHE,2011,12,72.2044536832319,71.1829235024554,72.9783417294697
Tunisia,TUN,2011,12,70.3326456567745,69.4486672259912,71.2845974598398
Norway,NOR,2011,12,70.1617607711026,69.217455386991,71.1384054082639
Luxembourg,LUX,2011,12,69.9760398593111,69.0379673204835,70.7791631863428
Canada,CAN,2011,12,69.302653476064,68.4658590571848,70.1046070128243
Ireland,IRL,2011,12,68.9078295300628,67.9604756523433,69.6746994442706
Albania,ALB,2011,12,68.8877619343153,68.015716251477,69.6523809242766
Montenegro,MNE,2011,12,67.4421352366841,66.495660170671,68.2381808227933
Costa Rica,CRI,2011,12,67.0768377752419,66.1881472841087,67.9161233124649
Malta,MLT,2011,12,66.607957036346,65.6524278251341,67.3886440135203
Malaysia,MYS,2011,12,66.4924352366429,65.6455183085053,67.4293801827639
Netherlands,NLD,2011,12,65.8947982705231,64.9321350305351,66.8477609321246
United Kingdom,GBR,2011,12,65.6751446363628,64.8522276509489,66.4087048891559
United States of America,USA,2011,12,64.5319549709483,63.6815559922702,65.226607344072
Lesotho,LSO,2011,12,64.2471136176239,63.2907521517444,65.1399350534741
Georgia,GEO,2011,12,64.0167819999412,63.1630618916222,64.8194491236712
Barbados,BRB,2011,12,63.8774275206492,62.9596175530038,64.7166460142618
Uganda,UGA,2011,11,62.8761061968741,62.0822254132594,64.0395736381533
Brunei,BRN,2011,11,62.7967289394101,53.9331334222137,65.2181781587361
Guyana,GUY,2011,10,62.749438456878,61.6940486660389,63.8048282477171
Malawi,MWI,2011,12,61.7734260122831,60.8831001515684,62.6458843781383
Puerto Rico,PRI,2011,9,61.4446076078343,43.6701726927471,61.4459112847394
Armenia,ARM,2011,12,61.3594421470406,60.3528916097825,62.0249510088816
Azerbaijan,AZE,2011,12,61.2583334807686,60.324446619564,61.995954112111
Cyprus,CYP,2011,12,60.807316559827,59.864347198846,61.6390170212252
Taiwan,TWN,2011,11,60.7310471232006,56.7752151404197,67.2409631872184
Estonia,EST,2011,12,59.9071967258397,59.115461460929,60.7845721703929
Latvia,LVA,2011,12,59.4952580771952,58.729415941002,60.2780993419785
Zambia,ZMB,2011,12,59.0414177640644,58.1114023428833,60.0064220358917
North Macedonia,MKD,2011,12,58.5134281576017,57.6396896631249,59.2033342864729
Sri Lanka,LKA,2011,12,58.0685420730501,57.2850238169343,58.8652760137171
Thailand,THA,2011,12,58.025963873393,57.1149127962098,58.9406331143474
Indonesia,IDN,2011,12,57.8968039166824,57.0635946017138,58.6957328401327
Nigeria,NGA,2011,12,57.8355479649076,56.8362192838838,58.6613555862133
Kenya,KEN,2011,12,57.5282671482969,56.5499191943616,58.3308366585986
Australia,AUS,2011,12,57.2794944262819,56.4566262948381,58.1054360024259
Lithuania,LTU,2011,12,57.2392374481653,56.4148506496791,58.0397377815559
Gabon,GAB,2011,5,57.191511383513,40.369231178479,59.4100181549232
Tajikistan,TJK,2011,12,57.1007965885583,56.2313468504367,57.8921838167722
Burkina Faso,BFA,2011,11,56.9065169363518,55.6645829357532,58.1275706921353
Romania,ROU,2011,12,56.8098137561023,55.7276240476648,57.6104752523402
Japan,JPN,2011,12,56.7613619715185,55.745888756631,57.5309234419208
Mongolia,MNG,2011,12,56.7125771528254,55.7823888959614,57.5767231487464
Cameroon,CMR,2011,12,56.6861012856402,55.7963850042242,57.6085867785489
Moldova,MDA,2011,12,56.2992933643939,55.4589845743047,57.1556861560962
Germany,DEU,2011,12,56.1520404208182,55.3018448984217,57.0330111435297
Botswana,BWA,2011,12,55.9101673769143,55.0003308540916,56.7647211170507
Philippines,PHL,2011,12,55.6576104645406,54.7426145799295,56.6911868560773
Senegal,SEN,2011,12,55.2249379385214,54.2940491296682,56.1520200947019
Mauritius,MUS,2011,12,55.2084594677649,54.3145463762233,55.9144977493078
Slovakia,SVK,2011,12,55.1258527289581,54.3080321045816,55.9745499756901
Benin,BEN,2011,12,53.8382841402883,52.8327293088658,54.5956660242656
Bahrain,BHR,2011,12,53.5647029605893,52.7110074244291,54.3563144350534
Haiti,HTI,2011,4,53.4711216552513,38.201564557674,54.0402065895004
Côte d'Ivoire,CIV,2011,12,53.2248175184654,52.2814833235805,54.1480784781889
Democratic Republic of Congo,COD,2011,5,52.6639899025254,44.1674177841084,63.8808039448432
El Salvador,SLV,2011,12,52.3195050868733,51.2822115748153,53.1728607029794
Ghana,GHA,2011,12,52.2348864021719,51.3236205345762,53.1087910046222
Madagascar,MDG,2011,11,52.088246432217,51.6959192819614,53.6877854167862
Belgium,BEL,2011,12,51.8806773782412,51.0432196157265,52.6893870461409
Cambodia,KHM,2011,12,51.6276777094638,50.7439291562422,52.3987375924044
Israel,ISR,2011,12,51.5504319881212,50.6444017229538,52.5953760301405
Kazakhstan,KAZ,2011,12,51.3738578036876,50.4910832186922,52.1094771676219
China,CHN,2011,12,50.6637413628378,49.6083193980799,51.6016077248837
Hungary,HUN,2011,12,50.2391624198142,49.0551361077506,51.2269291821208
Trinidad and Tobago,TTO,2011,12,50.0115184256436,48.9810379228877,50.9429129281021
Kyrgyzstan,KGZ,2011,12,49.6557750031626,48.828895297525,50.5373855940737
United Arab Emirates,ARE,2011,12,49.6107177067664,48.4259236483181,50.7031078121346
Lebanon,LBN,2011,12,49.5895479386192,49.1701355661196,50.0089603111188
Sierra Leone,SLE,2011,5,49.5895479386192,43.1035725383982,61.5514102365286
Dominican Republic,DOM,2011,12,49.5215789759912,48.5599177799774,50.3007875079414
Portugal,PRT,2011,12,49.4984113657676,48.2969389676808,50.4445520324636
Ukraine,UKR,2011,12,49.4926898318782,48.5934725609943,50.3253406097468
Mali,MLI,2011,12,49.2578148649041,48.3072519212313,50.2327937115623
Yemen,YEM,2011,5,48.7963555379932,34.6726988209974,54.6114336536233
Egypt,EGY,2011,12,48.7001878253497,47.6795538744371,49.6901567674535
Slovenia,SVN,2011,12,48.6257346241517,47.75674574946,49.532541034148
Guinea,GIN,2011,4,48.620167869466,38.7707946667032,53.9537351947282
Qatar,QAT,2011,12,48.3132080596055,47.2853652184416,49.3350812038463
Jordan,JOR,2011,12,48.006966794564,47.0900217526634,48.9827671252726
Vietnam,VNM,2011,12,47.5273346703533,46.5180688308759,48.4891037499136
Uzbekistan,UZB,2011,5,47.5158091660564,42.0668114141827,61.2051262365374
Czech Republic,CZE,2011,12,47.3616710917934,46.4556418381675,48.297811999072
Bulgaria,BGR,2011,12,47.2266876099009,46.2773495700971,48.1919343183923
Seychelles,SYC,2011,4,47.1943923495082,43.15156880852,59.5642290899378
Austria,AUT,2011,12,46.8978834141402,45.894210391615,47.9251072385755
India,IND,2011,12,46.8108153389329,45.8483530312768,47.7429325872533
Morocco,MAR,2011,12,46.3082826658901,45.3440660773106,47.3481559899638
Serbia,SRB,2011,12,45.8424391542079,44.8748896143766,46.9135838077177
Cabo Verde,CPV,2011,12,45.6682470223815,44.4952538722434,46.9436111554533
Nicaragua,NIC,2011,12,45.6682470223815,44.7512714374917,46.6527839046992
Liberia,LBR,2011,5,45.4113645052112,37.6481566174421,59.9157345459469
Kuwait,KWT,2011,12,44.9533325209156,44.0431472977735,45.8348335789674
Timor-Leste,TLS,2011,10,44.9198492978695,43.8607787053106,46.0823385135836
Tanzania,TZA,2011,12,44.8537725123079,43.9981583125014,45.8123270873971
Ethiopia,ETH,2011,11,43.9509777184049,43.076948691769,45.6338976617563
Greece,GRC,2011,12,43.8729821439922,42.8599931295443,44.9662202106369
Burundi,BDI,2011,11,43.7655590859868,42.7524478280365,44.9404886666804
Chile,CHL,2011,12,43.7355809511012,42.7106462697241,44.7082930603191
Iraq,IRQ,2011,4,43.3004960385918,37.9999990717331,54.5064841264543
Colombia,COL,2011,12,43.2908479746897,42.2605865477147,44.2340738332912
Zimbabwe,ZWE,2011,12,43.2086262779994,42.2666173261893,44.2829603728092
Jamaica,JAM,2011,12,43.0961100118419,42.2232969752827,44.201012599514
Turkey,TUR,2011,12,42.8520404983838,41.8301898970552,43.8449362318195
Rwanda,RWA,2011,12,42.7414406825592,42.0029830605299,44.1464143227135
Spain,ESP,2011,12,42.7414406825592,41.6019117838581,43.865196695881
Honduras,HND,2011,12,40.5850365925726,39.6598825186379,41.6144366706427
Peru,PER,2011,12,40.5649536516495,39.7030121542229,41.5556554209444
Panama,PAN,2011,12,39.7462990097583,38.7593944370467,40.7300305015536
Oman,OMN,2011,12,39.5347793815315,38.5704994349428,40.6384205760867
Laos,LAO,2011,5,39.507501709339,25.9568897081493,47.3720675354187
Bosnia and Herzegovina,BIH,2011,12,38.9638592560794,37.7819812086399,40.0017280806309
Mozambique,MOZ,2011,11,38.8044471476535,38.2644065810901,40.6618994962589
Algeria,DZA,2011,12,38.7203464039727,37.7593454909135,39.9406656225053
Poland,POL,2011,12,38.3347519245512,37.2932977424968,39.4494059505398
Bangladesh,BGD,2011,12,38.2759844746504,37.1476373801286,39.3120711919651
Angola,AGO,2011,12,38.008644847298,36.979307681776,39.9278272464481
Ecuador,ECU,2011,12,38.008644847298,36.8684029767612,39.2557609522248
Croatia,HRV,2011,12,38.0082408905587,36.9145638189329,39.1301632739567
Russia,RUS,2011,12,37.5945809560979,36.6985215064215,38.6413155375192
Namibia,NAM,2011,12,37.430439233797,36.5217174126359,38.6099095945491
Argentina,ARG,2011,12,36.7523681294029,35.6717754622458,37.7552236635477
Guatemala,GTM,2011,12,36.7448359424898,35.5940977359704,37.8484022017491
Pakistan,PAK,2011,12,36.1738879899741,35.0059946143865,37.2501327364143
Paraguay,PRY,2011,12,34.9610979141768,33.9769593949975,36.0140706166215
France,FRA,2011,12,34.9522005307322,33.7827046681215,36.1264728309848
Suriname,SUR,2011,10,34.3926915399379,33.5759148154714,35.8727747102917
Eswatini,SWZ,2011,11,33.8046216023414,32.8470291444738,34.762214060209
Iran,IRN,2011,12,33.8046216023414,32.6391299892586,34.7843070483421
Syria,SYR,2011,9,33.8046216023414,29.5030006031987,38.8321610201472
South Africa,ZAF,2011,12,31.4289901724446,30.6313478279078,32.6735339652354
Saudi Arabia,SAU,2011,12,30.8585751535788,29.6418329488435,31.9395018981926
Brazil,BRA,2011,12,30.5406360309542,29.5744805153149,31.6653972509144
Chad,TCD,2011,12,30.5291538182992,29.4782457421414,31.5858858277711
Italy,ITA,2011,12,30.0364738223784,28.6946576488094,31.3198063725531
Bolivia,BOL,2011,12,30.0283216749998,28.8989094217788,31.3037033559878
Uruguay,URY,2011,12,28.9051259937347,27.6653152181582,30.0502912155968
Mexico,MEX,2011,12,27.1748388766558,26.0750113440871,28.3472163093166
South Korea,KOR,2011,12,26.8249203216181,25.6993224079282,28.2390958301151
Venezuela,VEN,2011,12,25.2523067597962,24.2862601164502,26.6133439847324
Nepal,NPL,2011,12,21.8480005224814,20.7347090634669,23.2217933279411
Libya,LBY,2011,10,17.6869672245914,16.3617659980955,18.9060560916015
Mauritania,MRT,2011,11,15.5187553168252,13.7363748223543,16.8411464674538
Gambia,GMB,2010,11,83.7476378573564,82.6362259619935,84.526495716063
Hong Kong,HKG,2010,11,83.3792176734137,78.5076406689146,85.9639202358592
Finland,FIN,2010,12,80.7965510783794,79.8054665481277,81.6400338797028
Iceland,ISL,2010,12,80.6910992572323,79.7153785958469,81.5552158277556
Denmark,DNK,2010,12,80.3860148990566,79.3855646401879,81.1648725755025
Singapore,SGP,2010,12,77.5410774513226,76.3052922128512,78.5885583417562
Sweden,SWE,2010,12,75.5362268995921,74.5790051459851,76.3497516201538
Tunisia,TUN,2010,12,75.0866461696331,74.1015016159538,75.9677422590352
New Zealand,NZL,2010,12,74.603863692243,73.6323005865853,75.5729411753291
Moldova,MDA,2010,12,73.7465502521915,72.7710754163001,74.4609999130852
Switzerland,CHE,2010,12,73.3898686737084,72.4496850684289,74.1728911443536
Montenegro,MNE,2010,12,71.7149247650741,70.6719979741474,72.5155589814046
Luxembourg,LUX,2010,12,71.6279455886517,70.6981174596123,72.3144118417845
Canada,CAN,2010,12,70.7140471956249,69.8447793018523,71.54641093822
Georgia,GEO,2010,12,70.6477235364028,69.6800469840716,71.5103322355399
Norway,NOR,2010,12,70.4946162763709,69.4722636729585,71.3426509215004
Ireland,IRL,2010,12,70.4434275549785,69.5633591182935,71.2495880843086
Malta,MLT,2010,12,69.3499679870083,68.3702466974263,70.1396404320819
Costa Rica,CRI,2010,12,69.1819072637995,68.2588611071227,70.031631575381
Albania,ALB,2010,12,68.3331580629007,67.3936130473399,69.0944010618729
Azerbaijan,AZE,2010,12,67.9791832996801,66.9739132279952,68.8447283572633
Lesotho,LSO,2010,12,67.6876305412972,66.6256372648616,68.6314426735332
United Kingdom,GBR,2010,12,67.5091199256536,66.6590499154757,68.2851470775241
United States of America,USA,2010,12,67.4464750688047,66.5775463596603,68.1664989615125
Malaysia,MYS,2010,12,67.2340605168003,66.3198092531639,68.1489135171338
Barbados,BRB,2010,12,67.1100332532969,66.1590270415242,67.9069104484028
Uganda,UGA,2010,11,66.6817316094957,65.7622862141915,67.7896131030539
Guyana,GUY,2010,10,65.7999920712552,64.8965559804842,66.796697889415
Taiwan,TWN,2010,11,65.7689903561353,64.3444798185665,71.8780136546205
Armenia,ARM,2010,12,65.7250015284428,64.7743253312949,66.3774708680583
Kenya,KEN,2010,12,65.6493226535811,64.7592263609199,66.5142205055417
Netherlands,NLD,2010,12,65.2794672023034,64.3431699025169,66.2681082928924
Burkina Faso,BFA,2010,11,64.850872625533,64.0305780767976,66.6472548200645
Nigeria,NGA,2010,12,64.8359520897812,63.923788999623,65.7103586662345
Malawi,MWI,2010,12,64.2849034306462,63.4048527564064,65.1015772567189
Brunei,BRN,2010,11,62.9641209203306,56.7124211182224,68.0087429809593
Cyprus,CYP,2010,12,62.7846550782591,61.8482898179739,63.6228003732043
Latvia,LVA,2010,12,62.5558251056349,61.7647995517964,63.4293103142322
Tajikistan,TJK,2010,12,62.3223554971259,61.4715048413338,63.1562875459822
Zambia,ZMB,2010,12,62.1223146628972,61.1942230386962,62.9878734527986
Indonesia,IDN,2010,12,61.6676469724719,60.8282567536683,62.4998051790161
Slovakia,SVK,2010,12,61.031142433242,60.1884378253196,61.8949385075873
Democratic Republic of Congo,COD,2010,5,60.9837660169098,45.4153824057755,64.8878503497894
Thailand,THA,2010,12,60.7945416392672,59.8495995473618,61.6836326835591
Australia,AUS,2010,12,60.6075399964663,59.7878133930453,61.503908242121
Senegal,SEN,2010,12,60.568304916012,59.6018517050724,61.4596264697582
Romania,ROU,2010,12,60.4825727899357,59.5412458447579,61.4252067161535
Botswana,BWA,2010,12,60.1130188425629,59.1871184273358,61.1050727443954
Lithuania,LTU,2010,12,59.9557999213037,59.2192478462887,60.6434632331725
Mongolia,MNG,2010,12,59.9201810265884,58.8837216389255,60.697404731605
Madagascar,MDG,2010,11,59.4721835383804,58.6311429994039,61.0353629448143
Sri Lanka,LKA,2010,12,59.4180512456108,58.554250711999,60.2648630973775
Estonia,EST,2010,12,59.2745844696344,58.492837482794,60.0684610191055
Japan,JPN,2010,12,58.4547658746212,57.5293904515696,59.2451106508759
El Salvador,SLV,2010,12,58.3450635575585,57.3211895586797,59.1659027151901
North Macedonia,MKD,2010,12,57.9427465124289,56.9944534982481,58.7885615998321
Mauritius,MUS,2010,12,57.8997488720811,56.9699359075263,58.6861356488991
Mali,MLI,2010,12,57.8071576980879,56.9115343087408,58.7697654003396
Cameroon,CMR,2010,12,57.4994929193105,56.6049839510687,58.4111354406405
Seychelles,SYC,2010,4,57.1055637619432,43.0193169859078,57.4715906991497
Philippines,PHL,2010,12,56.9970935196647,56.1224766784624,57.8549008720629
Sierra Leone,SLE,2010,5,56.8693668256745,44.0803272636128,62.6428193588934
Dominican Republic,DOM,2010,12,56.7004352241465,55.8335716779365,57.6016954242627
Egypt,EGY,2010,12,56.4788134671487,55.557952052394,57.4454042727668
Côte d'Ivoire,CIV,2010,12,55.9029686578437,55.0602550747904,56.6019226939006
China,CHN,2010,12,55.1141728203052,54.0025399849985,56.0683378048151
Germany,DEU,2010,12,54.7554295904439,53.9303453544297,55.7168515956919
Jordan,JOR,2010,12,54.5208458154823,53.7818183210435,55.3743269583129
Portugal,PRT,2010,12,54.4605216325932,53.2900009945537,55.3722128589563
Benin,BEN,2010,12,54.4412686531969,53.4849806470749,55.2291123957207
Hungary,HUN,2010,12,54.3915698503258,53.2800862863694,55.3294379794714
Ghana,GHA,2010,12,54.3186612996333,53.4509237970992,55.2422178329148
Haiti,HTI,2010,4,54.2362125579331,39.1709432401241,55.9153498747275
Kazakhstan,KAZ,2010,12,53.81227852869,52.9669028440474,54.6310825617065
Serbia,SRB,2010,12,53.7776965600706,52.8072887541649,54.7603019837215
Slovenia,SVN,2010,12,53.6691861180537,52.8817262479215,54.564138711512
Uzbekistan,UZB,2010,5,53.5402540551408,42.6998114744326,60.7291646023983
Lebanon,LBN,2010,5,53.4612021139232,41.4385245967466,62.8693531901597
India,IND,2010,12,52.6436987258165,51.8538898655271,53.5227593555118
Bahrain,BHR,2010,12,52.6328276122262,51.778485992814,53.5184146050378
Ukraine,UKR,2010,12,52.6238893458264,51.8432280579296,53.4584924174466
Cambodia,KHM,2010,12,52.5357868484467,51.7294453055584,53.3117948463689
United Arab Emirates,ARE,2010,12,52.4798302521874,51.4075969033983,53.6709573215419
Vietnam,VNM,2010,12,52.3291661988823,51.431891999591,53.3130093085304
Czech Republic,CZE,2010,12,52.1519018032284,51.3234722238515,53.0422023933367
Trinidad and Tobago,TTO,2010,12,51.6219799796856,50.6010728709206,52.5757457686305
Gabon,GAB,2010,5,51.4964886630013,39.1868655453855,58.7423996581467
Qatar,QAT,2010,12,51.4727370929306,50.4328732420363,52.5536928553514
Israel,ISR,2010,12,51.3952634185589,50.5470444904901,52.413102985458
Nicaragua,NIC,2010,12,51.3780907080717,50.4510879183251,52.2858256673182
Bulgaria,BGR,2010,12,51.2378547528812,50.4032413865878,52.3356066115588
Kyrgyzstan,KGZ,2010,12,50.834440435258,49.9617640971125,51.802015400551
Guinea,GIN,2010,4,50.5287869156219,39.0080539800176,55.0770802821227
Tanzania,TZA,2010,12,50.4593712421807,49.5924969878986,51.4714654504335
Belgium,BEL,2010,12,50.1760506508263,49.3398904754984,50.9986107470359
Puerto Rico,PRI,2010,9,49.6789002309206,45.7223263050323,62.5569187581397
Kuwait,KWT,2010,12,49.662815676771,48.7373623903607,50.4870023107326
Burundi,BDI,2010,11,49.0360157298499,48.1837458403403,50.1568470871378
Cabo Verde,CPV,2010,5,48.4107705950414,42.5803659567305,62.9784299979
Turkey,TUR,2010,12,48.3572219215425,47.4148861285657,49.2149449518482
Morocco,MAR,2010,12,47.7531431009202,46.7635658194501,48.6758054788847
Austria,AUT,2010,12,46.6024827433009,45.5736558233776,47.7155238643573
Colombia,COL,2010,12,46.5707261136353,45.6974932463065,47.5964871081621
Mozambique,MOZ,2010,11,46.4258796199943,45.6876406095049,47.8541811315794
Spain,ESP,2010,12,46.3693576329033,45.1568056028575,47.3403211019579
Greece,GRC,2010,12,45.7277382147129,44.6860987661697,46.8172113509709
Chile,CHL,2010,12,45.6319006802085,44.6685906962916,46.6363946212268
Zimbabwe,ZWE,2010,12,45.3534454571446,44.407372580055,46.4041899209413
Jamaica,JAM,2010,12,45.2196425671316,44.3360847710738,46.2548127433589
Ethiopia,ETH,2010,11,44.8483359318311,44.0135459359864,46.7278075658919
Peru,PER,2010,12,44.5319199746168,43.6452319251663,45.3575908904338
Panama,PAN,2010,12,44.4720835975332,43.6889835394024,45.5042165909816
Timor-Leste,TLS,2010,10,44.3307920180469,43.3700002046021,45.6378298859318
Rwanda,RWA,2010,5,44.0093655222519,43.0124958882938,62.2844164040842
Bosnia and Herzegovina,BIH,2010,12,43.9800450609046,43.0137895639544,44.9235728800596
Croatia,HRV,2010,12,43.02022149898,41.9728591799881,44.2128205760864
Oman,OMN,2010,12,42.9947680733452,42.0071612632684,44.1512204732208
Iraq,IRQ,2010,4,42.9677385380984,37.9329324118847,54.3116716072663
Liberia,LBR,2010,5,42.1047732632341,37.2876658943479,57.5273886655795
Honduras,HND,2010,12,41.5919900978638,40.7186046299584,42.5948239589717
Russia,RUS,2010,12,40.7931016667908,39.9538186313194,41.8972082853278
Yemen,YEM,2010,5,40.7351308713129,35.0668262289345,54.5381784315441
Ecuador,ECU,2010,12,40.6352889407313,39.506803186849,41.8077821001312
Pakistan,PAK,2010,12,40.2852280443141,39.3290316835576,41.2822019135891
Angola,AGO,2010,5,40.15332212295,31.9884193211676,52.6809357035855
Guatemala,GTM,2010,12,39.7685994351832,38.8062349806892,41.0087388276086
Laos,LAO,2010,5,39.5701224575387,27.3194400637739,46.3453357599645
Bangladesh,BGD,2010,12,39.5611022510969,38.5308190498556,40.6113367956824
Syria,SYR,2010,9,39.5581600053737,37.168667539867,47.3395102477932
Poland,POL,2010,12,38.7590472550227,37.8441260302235,39.8289369532388
Argentina,ARG,2010,12,38.6991164201066,37.596503467639,39.8634104718649
France,FRA,2010,12,37.7723692363702,36.7568149969876,38.9613449050251
Paraguay,PRY,2010,12,37.6955752069412,36.7159128083862,38.722359477457
Algeria,DZA,2010,12,37.5548178017823,36.613966337187,38.6879534963579
Namibia,NAM,2010,12,37.3297869449722,36.4386581297107,38.5440586533081
Eswatini,SWZ,2010,4,37.3198982003322,30.8143038840497,46.9816144124013
Iran,IRN,2010,5,35.9180187322892,34.5624078073343,53.8424369219501
South Africa,ZAF,2010,12,35.752016270651,34.9745906986974,36.9797503275804
Brazil,BRA,2010,12,35.7081997086193,34.8473718611378,36.6689455910672
Suriname,SUR,2010,10,34.2924729454798,33.1886404212561,35.7530588108177
Chad,TCD,2010,12,33.7043466662572,32.7508992169216,34.7763141306883
Italy,ITA,2010,12,31.1039459548505,29.9745240811235,32.3038004681711
South Korea,KOR,2010,12,30.745138031689,29.6995334938828,31.7993826783815
Uruguay,URY,2010,12,29.4774268042839,28.2971102122818,30.8289769165075
Bolivia,BOL,2010,12,28.5056925884798,27.2119072171158,29.7925564113456
Mexico,MEX,2010,12,27.7893381369678,26.7872227864798,28.9165356627163
Venezuela,VEN,2010,12,27.5993103320413,26.4749758373611,29.036112368308
Mauritania,MRT,2010,11,27.5826281958889,26.7217503461076,29.4112751676728
Saudi Arabia,SAU,2010,12,26.7675766018381,25.6100844520883,27.9783558715447
Nepal,NPL,2010,12,24.123179893644,23.0136649202894,25.4253703505033
Libya,LBY,2010,10,20.9499229166031,19.9324685577647,22.4176756393827
Gambia,GMB,2009,11,86.6390605507897,85.4186665103246,87.5539372709832
Hong Kong,HKG,2009,11,81.9388147608301,77.1928309060107,84.3980599082692
Finland,FIN,2009,12,80.5016997349425,79.4992210826408,81.3802511381715
Iceland,ISL,2009,12,79.4959924308482,78.560556091539,80.3113954842654
Tunisia,TUN,2009,12,78.2067492057625,77.1776385866654,79.1585140833566
Denmark,DNK,2009,12,77.314095067995,76.3499711291187,78.1529739323715
Singapore,SGP,2009,12,77.2256222314089,76.0523055615055,78.2396774581566
Moldova,MDA,2009,12,75.2625496744979,74.3435837202227,76.066450815569
Sweden,SWE,2009,12,75.0142321689725,74.0981857126475,75.9200970018023
Montenegro,MNE,2009,12,73.5101578016731,72.5701642471793,74.3115466834882
New Zealand,NZL,2009,12,72.7657944197991,71.821407429244,73.7337020214996
Georgia,GEO,2009,12,71.8819046822255,70.8568220649552,72.6564959596999
Albania,ALB,2009,12,71.5548359856295,70.5489625814799,72.329934002627
Switzerland,CHE,2009,12,71.1779019018154,70.1124671486009,72.1250135198936
Costa Rica,CRI,2009,12,71.1257367674884,70.1840558632961,71.9167986853093
Azerbaijan,AZE,2009,12,70.0592595735082,69.0572548430226,70.886406322742
Malta,MLT,2009,12,69.8654387569215,68.9009772071165,70.5552224624497
Kenya,KEN,2009,12,69.730388855327,68.6653933237575,70.6149834789356
Luxembourg,LUX,2009,12,69.6920221747358,68.7769937011404,70.4584774786764
Ireland,IRL,2009,12,69.3379634415572,68.4552947646649,70.2266136653712
Canada,CAN,2009,12,69.070407624302,68.2181075598047,69.9284042234976
Lesotho,LSO,2009,12,68.1851824945738,67.0911952322048,69.0417422186775
Armenia,ARM,2009,12,68.1477587981865,67.1799624432438,68.9207387759633
United States of America,USA,2009,12,68.1425998037645,67.3160799615103,68.8884258473434
Nigeria,NGA,2009,12,67.7997051131435,66.8524568439161,68.462756461403
Guyana,GUY,2009,10,67.6650442816533,67.079782648278,68.8642491565535
Burkina Faso,BFA,2009,11,67.4971354510626,66.7434631733622,69.1446633871567
United Kingdom,GBR,2009,12,67.2843196978209,66.4053184778636,68.0499259040212
Norway,NOR,2009,12,66.8936992592261,65.8428464092254,67.8605946129841
Taiwan,TWN,2009,11,66.7343899852912,62.6279090187909,71.3425514778813
Barbados,BRB,2009,12,66.2151909536475,65.26674680495,67.0070225827608
Malawi,MWI,2009,12,66.0322010011622,65.0471958317145,66.9100368211099
Malaysia,MYS,2009,12,65.9527965899467,64.9987373260146,66.7792635442081
Senegal,SEN,2009,12,65.8519402028377,65.021378699994,66.758691679779
Uganda,UGA,2009,11,65.3132187920339,64.1360295738592,66.0469506413086
Cyprus,CYP,2009,12,64.9399232682258,63.9084932599589,65.7437487561392
Brunei,BRN,2009,11,64.5890693544744,55.1709568699585,65.3390865527527
Slovakia,SVK,2009,12,63.3253487765543,62.412126825322,64.0650869714765
Netherlands,NLD,2009,12,63.0945760469666,62.1216219301872,63.9498852984465
Mali,MLI,2009,12,62.6583212115832,61.683595762078,63.5827427746895
Democratic Republic of Congo,COD,2009,5,62.2171009808473,44.9332855783459,64.9215661706461
Zambia,ZMB,2009,12,62.1363236664483,61.1070066583422,63.0166723487487
El Salvador,SLV,2009,12,61.6217196101267,60.5601267389493,62.4663179177557
Latvia,LVA,2009,12,61.2233453921965,60.5169426248197,62.1093635444547
Tajikistan,TJK,2009,12,61.159350131978,60.24777308287,61.9829988443009
Thailand,THA,2009,12,61.0327495828512,60.1620414398387,62.0534310259852
Lithuania,LTU,2009,12,60.9895625632071,60.2172450926704,61.7744806589649
Uzbekistan,UZB,2009,5,60.9420041233719,43.304958189527,63.0144069463127
Botswana,BWA,2009,12,60.8814991859041,59.9279328367736,61.7626154368421
Indonesia,IDN,2009,12,60.8750843965742,60.0273068705753,61.6727568276379
Australia,AUS,2009,12,60.835143207943,59.9968688619266,61.6856343076038
Sri Lanka,LKA,2009,12,60.7880899316463,59.9910683088247,61.6334333304407
Madagascar,MDG,2009,11,60.3492339535845,59.721878791979,61.9262502315044
Egypt,EGY,2009,12,60.2391464786012,59.3093757610048,61.3036857930684
Dominican Republic,DOM,2009,12,60.0210163767178,59.1025173123334,60.8732131728795
Japan,JPN,2009,12,59.4323291865164,58.4452208814623,60.1939062884948
Romania,ROU,2009,12,59.0654852110345,58.0797578530997,59.8850537153566
Mauritius,MUS,2009,12,58.7885646253573,57.9281880552095,59.5171182709711
Cabo Verde,CPV,2009,5,58.5201057741657,43.2442034352171,62.6431374647746
Mongolia,MNG,2009,12,58.5109651364028,57.5293221065979,59.3956101537125
Portugal,PRT,2009,12,58.3540474384107,57.3612302714224,59.2167677728367
Lebanon,LBN,2009,5,58.0991524044768,42.3478970765416,62.3167317412588
Estonia,EST,2009,12,58.0833516918781,57.273089814221,58.9232144415744
North Macedonia,MKD,2009,12,56.9868799459079,56.1448905308569,57.8533999008748
China,CHN,2009,12,56.8307259092006,55.7393548381399,57.6277459938764
Puerto Rico,PRI,2009,9,56.4023144383939,44.9078277806392,63.0757978134003
Jordan,JOR,2009,12,56.2675684749949,55.4247704953443,57.1150917258515
Serbia,SRB,2009,12,55.8571480543573,54.9057615829768,56.7127858628936
Cameroon,CMR,2009,12,55.7516667677073,54.8530975938154,56.6754657160494
Philippines,PHL,2009,12,55.7156552787391,54.8400145561051,56.6123812731606
Hungary,HUN,2009,12,55.2808620261786,54.1019176332397,56.1972624823347
Czech Republic,CZE,2009,12,55.1591317243962,54.3375900850334,55.8851020078865
Côte d'Ivoire,CIV,2009,12,54.7294609345358,53.9607411619022,55.5677137279417
Nicaragua,NIC,2009,12,54.6761880078624,53.7320059992079,55.4533083685101
Ghana,GHA,2009,12,54.6550891344287,53.7681776866821,55.5785444382831
India,IND,2009,12,54.6209317242329,53.8319576048114,55.5749156717608
Rwanda,RWA,2009,5,54.5758755637606,43.2323601314941,62.3453945645535
Ukraine,UKR,2009,12,54.2631620017345,53.4310485761263,55.1455837242414
Burundi,BDI,2009,11,54.1319661447346,53.1247083025828,55.0351409952211
Kyrgyzstan,KGZ,2009,12,53.951816965097,53.1351679200567,54.8628487995806
Kazakhstan,KAZ,2009,12,53.6067797302056,52.7279486778726,54.4611434315302
Slovenia,SVN,2009,12,52.5676069697041,51.78834428499,53.3911534916403
Bulgaria,BGR,2009,12,52.426898588583,51.5705776076491,53.4402019079463
Germany,DEU,2009,12,52.3398679339265,51.4942361016563,53.2247848846142
Vietnam,VNM,2009,12,51.7268683477757,50.7376695724823,52.5896117330681
Sierra Leone,SLE,2009,5,51.6210812673055,45.7244614104646,63.1359416328677
Trinidad and Tobago,TTO,2009,12,51.1506371218206,50.1510240310679,52.1706912391717
Benin,BEN,2009,12,51.1462138416735,50.2054155158056,52.0919889020429
Kuwait,KWT,2009,12,51.0939409771475,50.1095300087965,51.8429767226456
Cambodia,KHM,2009,12,50.9307002057663,49.951979971477,51.7961080284691
Haiti,HTI,2009,4,50.7466605327383,39.1734682342568,56.1309892440266
Colombia,COL,2009,12,50.5525750638816,49.6795324172883,51.480258569917
Iran,IRN,2009,5,50.5471730548336,35.215709688082,55.0168215747555
United Arab Emirates,ARE,2009,12,50.4312646095026,49.2660472053973,51.5635782663808
Bahrain,BHR,2009,12,50.0567192042309,49.2774481318989,50.9350085101281
Mozambique,MOZ,2009,11,50.0136952490092,49.2767907252074,51.3911720085081
Seychelles,SYC,2009,4,49.8822406794093,42.0173431053259,58.4655793312829
Tanzania,TZA,2009,12,49.8765075040567,48.991499519822,50.7918612632474
Guinea,GIN,2009,4,49.6339082705499,38.8678405556565,54.7501974770681
Syria,SYR,2009,9,49.0007458528647,42.0475109385673,51.7717556005258
Morocco,MAR,2009,12,48.8984659893946,47.921911012908,49.9149252970305
Qatar,QAT,2009,12,48.8397951672209,47.8719291630925,49.8963511200376
Israel,ISR,2009,12,48.5807658888533,47.7468989101986,49.6085587153974
Spain,ESP,2009,12,48.5340604475339,47.4698955713212,49.4493670945451
Belgium,BEL,2009,12,47.9663885629021,47.1631279880986,48.7593120091769
Chile,CHL,2009,12,46.7570019335384,45.8458653648565,47.7063338111913
Greece,GRC,2009,12,46.7256023573582,45.6478889475266,47.8225006010131
Turkey,TUR,2009,12,46.6896309301949,45.6951684367383,47.8096767264197
Timor-Leste,TLS,2009,10,46.3606717535011,45.0589984209037,47.2059261092421
Zimbabwe,ZWE,2009,12,46.1568067979292,45.1818871972867,47.2619932014837
Liberia,LBR,2009,5,46.142098176782,36.4567555786925,57.0745723448403
Bosnia and Herzegovina,BIH,2009,12,45.8027002857051,44.7078190901013,46.7191505178852
Croatia,HRV,2009,12,45.5497398957387,44.4659254965743,46.4615057858105
Austria,AUT,2009,12,45.2775430411988,44.4426858139888,46.3216998987208
Peru,PER,2009,12,45.2544139696765,44.3101973159316,46.2249816318838
Oman,OMN,2009,12,44.9316175272272,43.895316129253,46.1993511179603
Jamaica,JAM,2009,12,43.9591622581469,43.1327715731796,44.9739536192646
Panama,PAN,2009,12,43.8267545916429,42.8977760591644,44.7449828524399
Pakistan,PAK,2009,12,42.1739580590754,41.1160859282257,43.1409895840993
Bangladesh,BGD,2009,12,41.8515249690323,40.792962486756,42.9400272609215
Russia,RUS,2009,12,41.6574543416734,40.8571660198378,42.7341058893517
Guatemala,GTM,2009,12,41.6518574723588,40.6708135262241,42.7815468196904
Yemen,YEM,2009,5,41.5753500862025,35.4119373486187,55.4676482735887
Iraq,IRQ,2009,4,41.3080423289757,38.9163128924809,54.4496599450731
Honduras,HND,2009,12,41.1845903826864,40.3327963145896,42.0382063453643
Ethiopia,ETH,2009,11,41.0318525980305,39.9847232294355,43.251064660355
Brazil,BRA,2009,12,41.0298127749332,40.2785722150153,41.976766299932
Paraguay,PRY,2009,12,40.7447577861802,39.699258041074,41.7258854485322
Angola,AGO,2009,5,40.6227820632305,31.9684090391892,51.944795636319
Ecuador,ECU,2009,12,40.4609385813167,39.3452342663629,41.524893688771
Argentina,ARG,2009,12,39.8543964377156,38.8072873606783,41.096878647596
France,FRA,2009,12,38.9372612896377,37.8650287891498,39.9321735450353
South Africa,ZAF,2009,12,38.3470113919669,37.4624507744915,39.290464159743
Gabon,GAB,2009,5,38.0882397480232,28.3001871543723,47.876292341674
Namibia,NAM,2009,12,36.0700731849938,35.1013858529697,37.2492171517369
Poland,POL,2009,12,36.0566291212388,35.096028811891,37.2140014327542
Eswatini,SWZ,2009,4,35.7510590250692,30.4014874637249,46.7726500962422
Laos,LAO,2009,5,35.37967816823,25.7139344646872,45.5343778670342
Algeria,DZA,2009,12,33.7523902659555,32.6591364197976,35.1181059331497
Suriname,SUR,2009,10,33.0629924495878,32.0574787647903,34.2972173089401
Italy,ITA,2009,12,32.8298011222169,31.532977278091,34.0042786820798
Chad,TCD,2009,12,31.8936645521992,30.9517564041568,33.0355241345739
Mauritania,MRT,2009,11,31.5820012443083,30.5435199748953,33.0778835881207
South Korea,KOR,2009,12,30.8059251361957,29.8133375761535,31.9456385064565
Uruguay,URY,2009,12,28.9583516430115,27.8151505239011,30.1019903259957
Bolivia,BOL,2009,12,28.6636423724223,27.3481432805897,29.900732187682
Saudi Arabia,SAU,2009,12,28.5936636288608,27.2757742148608,29.8017796810686
Mexico,MEX,2009,12,27.0221035706722,25.8389601680586,28.1693448952419
Venezuela,VEN,2009,12,26.9174850957705,25.8230173383696,28.3542737633552
Nepal,NPL,2009,12,24.5786551286005,23.6172411450021,25.8753388898272
Libya,LBY,2009,10,21.7958004377714,20.3887307919434,23.1247605723251
