country,iso,year,n_obs_vars,market_competition_scaled,index_lower_scaled,index_upper_scaled
Taiwan,TWN,2025,27,96.1936283577438,94.531879793536,97.8553769219516
Denmark,DNK,2025,30,94.8881505663327,93.5216938068937,95.6855202777293
Switzerland,CHE,2025,27,94.8857518684977,92.655601057442,96.3121528982912
Australia,AUS,2025,28,94.876287344579,94.0335474721753,96.6372263275169
Sweden,SWE,2025,30,94.6357299397961,93.7147386634359,95.5148712297959
Hong Kong,HKG,2025,29,94.601107764015,93.4472070213208,95.7505208609458
Canada,CAN,2025,30,94.0427031907906,92.7182719985561,94.7902481982513
Singapore,SGP,2025,29,93.9460740259715,92.5017385663954,95.3599776258699
New Zealand,NZL,2025,29,93.6831806694556,90.9831177783426,94.24228400626
United States of America,USA,2025,27,93.6415690535777,92.3346246256638,96.74140731444
Norway,NOR,2025,26,92.3626965020139,90.6081868176469,94.1172061863808
Finland,FIN,2025,29,92.0919464341181,90.4407910274762,93.1512178572519
United Kingdom,GBR,2025,29,91.7169164562999,90.7557263103992,93.6698034160496
Netherlands,NLD,2025,30,91.2020000911915,90.0025659098054,91.9127258599918
Luxembourg,LUX,2025,29,90.9263866534837,89.7115424176164,92.0128242472519
Estonia,EST,2025,30,90.8259158706089,89.0682423257958,91.5244053203226
Ireland,IRL,2025,30,90.2096303347535,88.830500355712,90.98807680063
Iceland,ISL,2025,30,89.4699356410829,89.1155437150948,91.3913496577404
Israel,ISR,2025,27,88.8012287110882,87.7466014266779,91.3038881443874
Belgium,BEL,2025,30,88.569749784295,87.3975844927738,89.2370887407027
United Arab Emirates,ARE,2025,26,87.9678343341448,87.7513669816769,91.9749641398278
Qatar,QAT,2025,26,87.7194707285079,85.9701198540686,90.290945051145
Lithuania,LTU,2025,30,87.2407116499791,87.0761633663301,89.2952346343779
China,CHN,2025,27,85.9996833400439,85.0032285360625,87.5412090853672
Austria,AUT,2025,27,84.859201387097,83.9466863885919,88.2865093779086
Germany,DEU,2025,29,84.7796915289886,83.5550436214738,85.544793545514
South Korea,KOR,2025,28,84.4735366730282,82.7580822159602,85.1610828902419
Indonesia,IDN,2025,26,83.5343569924051,80.8059750955759,84.0716351492268
Saudi Arabia,SAU,2025,29,83.197512515672,81.8218936670014,84.4404787562085
Czech Republic,CZE,2025,30,82.0980294154712,80.959990095922,82.866301825167
France,FRA,2025,27,80.8441622961934,80.2185620380428,84.1704193382082
Jordan,JOR,2025,26,79.4917351659145,77.3814132195166,80.3347007441342
Portugal,PRT,2025,30,78.5696745295717,76.7643604584504,79.1207633596625
Italy,ITA,2025,30,78.5353309005269,77.0802803832501,79.307424051141
Georgia,GEO,2025,30,78.2380013110593,77.5852557627265,79.7481520123824
Japan,JPN,2025,30,78.1405950202306,77.0675032620278,78.9341635700538
Malaysia,MYS,2025,29,77.8655158692701,76.0115425154189,79.3061697730238
Botswana,BWA,2025,27,77.503330641666,77.0127501370251,79.7189983300626
Albania,ALB,2025,28,75.6997221316287,74.8023028570827,77.9045831068126
Bahrain,BHR,2025,26,75.5451418486014,72.0608335671174,75.7089520867122
Malta,MLT,2025,30,75.4432448412218,74.1382372964191,76.3582315733742
Slovenia,SVN,2025,30,75.4097864267526,74.1168556298996,76.1708531368921
Vietnam,VNM,2025,28,75.216789879969,73.9153211888616,76.3134520915736
Benin,BEN,2025,27,74.8737841334834,73.4346513187209,75.5119218458015
Chile,CHL,2025,28,74.5572806501532,72.0867477105088,75.2758211300942
Cabo Verde,CPV,2025,28,74.5022559970343,72.874469479968,75.5607994863377
Latvia,LVA,2025,30,73.9543839566786,72.4251230267732,74.6908489431254
Uruguay,URY,2025,30,73.8316528534724,72.7615778677952,75.1084405693151
North Macedonia,MKD,2025,30,73.5620590637381,72.0942636070641,74.7694228678172
Oman,OMN,2025,27,73.5375770378501,69.5990430153705,73.7225073789941
Bulgaria,BGR,2025,30,72.9577021165919,71.8095079311308,74.2981833658971
Spain,ESP,2025,30,72.7194890339833,71.2215532138444,73.7661767479059
Cyprus,CYP,2025,27,72.5441296830481,70.9996239824267,75.6488452410397
Poland,POL,2025,30,72.3373451922348,70.8045482365524,73.0677515153495
Azerbaijan,AZE,2025,19,72.1467622026761,66.647354407932,75.4555527403443
Barbados,BRB,2025,26,71.5532750582511,69.3771127876217,73.0509200811637
Costa Rica,CRI,2025,30,71.4232181612035,70.7301869349882,73.0772158749167
Philippines,PHL,2025,28,71.2077804040897,69.5456399183332,72.3320949620514
Mauritius,MUS,2025,29,70.8116306371749,69.0326378146848,71.4184504171253
South Africa,ZAF,2025,29,69.4910755546631,67.810070351148,70.3879040502112
Croatia,HRV,2025,26,69.1293828877116,65.4825717904849,69.8734547563123
Namibia,NAM,2025,30,69.1179096799337,67.1132331173184,69.2848578978906
Fiji,FJI,2025,10,68.8816338968435,63.8584784052842,71.1448025314322
Egypt,EGY,2025,29,67.7043690654687,65.4833719927842,68.2357814381002
Hungary,HUN,2025,30,66.9489671934938,65.1601245181926,67.8784012890568
Slovakia,SVK,2025,30,66.9143389743562,65.9270779666054,68.2821892295122
Romania,ROU,2025,26,66.6649667046107,64.6721392174039,68.8965499942415
Tanzania,TZA,2025,26,66.2775704219657,64.1217865555555,66.729800220321
Greece,GRC,2025,29,65.9472119297592,64.2619192832958,66.6357347162414
Brazil,BRA,2025,29,65.6557694626776,63.1879647915354,66.3580655494211
Thailand,THA,2025,30,65.5505347832466,63.968915722748,66.2236100150209
Colombia,COL,2025,29,65.0641664184695,64.270500342221,67.0926956029824
Rwanda,RWA,2025,27,64.6522608584418,62.9775398309432,65.6078150683921
Serbia,SRB,2025,30,64.3181500454884,62.3229856923756,65.0296506710554
Palestinian Territories,PSE,2025,7,64.2113044762476,56.6303177934556,64.2161024101178
Kuwait,KWT,2025,27,63.6487814333754,62.6654540351212,67.3104235244534
Zambia,ZMB,2025,28,63.511856374959,61.9479045628898,64.1027177420692
Dominican Republic,DOM,2025,26,63.4225006022767,61.7794806041839,66.2639850460339
Ukraine,UKR,2025,27,63.3694367463321,61.8425436567413,64.3378500407403
Sri Lanka,LKA,2025,30,63.108537520745,61.5639003246859,63.933100092017
Côte d'Ivoire,CIV,2025,27,62.9024770064038,60.5281811642966,63.8390481270222
Eswatini,SWZ,2025,15,62.7038233083509,59.5604634898629,66.6471092667481
Montenegro,MNE,2025,26,62.6246251109151,62.138349068378,66.6654323272358
Argentina,ARG,2025,27,62.3704173092003,61.863933394364,65.8179642052192
Guyana,GUY,2025,13,61.7953744514687,59.5260546216079,66.5856295650897
Ghana,GHA,2025,28,61.7413330529498,59.6523432822566,62.7677556697391
Armenia,ARM,2025,29,61.3562864777433,59.6338226958959,62.242304925604
Togo,TGO,2025,9,61.2885782448373,55.7620660793149,63.7902522598016
Jamaica,JAM,2025,28,61.2294820110061,60.9810367738207,64.1224746483938
Djibouti,DJI,2025,7,61.0169598796198,56.466906501049,63.1869684039327
Algeria,DZA,2025,29,60.8239301244636,58.8808764169122,61.7384490234915
Senegal,SEN,2025,28,60.6457285280379,58.8409740838764,61.8244098656932
Papua New Guinea,PNG,2025,7,60.5997561213469,54.4513093892797,61.886429008176
Niger,NER,2025,7,60.0042912904229,57.4412022588805,64.0550603524887
India,IND,2025,29,59.952303754491,58.0082580745731,61.5477187884636
Uzbekistan,UZB,2025,17,59.4507288617127,51.536137495715,59.9183267439117
Mexico,MEX,2025,29,59.3978030015368,58.4553999745758,60.9534448436518
Guatemala,GTM,2025,26,59.2126488666632,58.7633657479381,60.974655585146
Comoros,COM,2025,8,59.0822844721648,47.5838473135596,59.6032809293761
Peru,PER,2025,29,59.0151565662707,56.6413202069827,59.7074492523577
Panama,PAN,2025,29,58.8777532327185,57.8638580096262,60.5731534665472
Ecuador,ECU,2025,26,58.7511982733461,54.2726438779009,58.9603392127742
Suriname,SUR,2025,13,58.7302395988295,49.1202129511597,59.0009581603971
Kenya,KEN,2025,27,58.6994754674554,55.9999676742972,59.0375336749061
Turkey,TUR,2025,30,58.5873913977963,56.3786288761902,59.0458645206003
Russia,RUS,2025,19,58.2510652834022,55.5686953026218,66.0090701976007
Laos,LAO,2025,26,58.1742373128188,57.5885138018443,60.0366231361575
Zimbabwe,ZWE,2025,26,58.0799181038578,56.7513015273948,59.4779412625225
Mongolia,MNG,2025,30,57.9252301583121,56.8176478593353,59.518794112674
Pakistan,PAK,2025,30,57.5761607244189,56.2779258346123,58.2499326219058
São Tomé and Príncipe,STP,2025,7,57.1362756828848,51.0597474615258,61.4485973519612
Moldova,MDA,2025,19,56.810603989879,51.2264397858746,60.3633042219107
Timor-Leste,TLS,2025,11,56.414780197805,48.8991516278083,57.9053276487205
Cambodia,KHM,2025,26,56.2464682480473,54.7896689409164,57.6015011548167
El Salvador,SLV,2025,27,56.0086914621207,51.3303611410915,56.2269511012891
Malawi,MWI,2025,26,55.5297288756549,54.0527974885296,56.5358876594223
Morocco,MAR,2025,29,55.5098065658632,53.7701387320705,57.1499941388608
Kazakhstan,KAZ,2025,27,55.4352746926676,53.9431572937647,58.8227943264817
Equatorial Guinea,GNQ,2025,7,55.393121442352,50.3263075587806,59.606873134202
Bahamas,BHS,2025,7,54.7921577128424,54.1896423882938,66.8083925532865
Trinidad and Tobago,TTO,2025,27,54.4275857769566,53.2709387324893,58.898130748074
Cameroon,CMR,2025,27,54.2016795200125,53.4417671562801,56.3591273155201
Kyrgyzstan,KGZ,2025,28,53.9898603399736,52.1015066871708,54.9074022977405
Cuba,CUB,2025,8,53.8776195854593,51.2132503418447,62.1315339568616
Mali,MLI,2025,26,53.869722253937,52.3804682702322,55.0297555972754
Ethiopia,ETH,2025,18,53.231900048606,51.2432188867581,59.552139586627
Belize,BLZ,2025,12,52.9817873572423,49.9172859177024,60.4804622307608
South Sudan,SSD,2025,6,52.765537875542,45.8869567745453,56.1058458392192
Nepal,NPL,2025,26,52.7215088200905,50.7833601910753,53.4593935318278
Tunisia,TUN,2025,29,52.5779286544232,50.7201526776706,54.1094202629009
Guinea-Bissau,GNB,2025,7,52.1320942365243,51.0320224066431,58.3376351828956
Bosnia and Herzegovina,BIH,2025,30,51.9926166962861,51.1712246089433,54.088288018982
Central African Republic,CAF,2025,7,51.9917839370169,48.8946375861864,59.0423690992794
Liberia,LBR,2025,27,51.737137086527,49.8748658915524,52.6339947305103
Republic of Congo,COG,2025,8,51.5317036314275,45.9608839997616,59.1375654744253
Sudan,SDN,2025,7,51.4557622217682,47.0493103925898,59.2269070758014
Turkmenistan,TKM,2025,8,51.2883547118573,45.8460526219302,58.4758509766664
Nigeria,NGA,2025,27,50.2141415480315,48.5997996834518,51.5541955228955
Bangladesh,BGD,2025,26,48.8691499689945,45.8854845399142,49.6079012531622
Eritrea,ERI,2025,6,48.2776576498562,47.0222804071417,58.5366298411842
Honduras,HND,2025,27,48.1674734009955,46.2334025929538,48.877099101259
Iraq,IRQ,2025,15,47.9737259332126,46.8523071438993,51.536590383695
Paraguay,PRY,2025,28,47.9737259332126,45.3852607327828,48.3086622559833
Somalia,SOM,2025,9,47.4639715144836,40.8516778078504,55.3233798696554
Lesotho,LSO,2025,26,47.3630733843963,46.1028958434695,49.5066731701459
Iran,IRN,2025,23,46.5764019758507,43.3128992079311,48.4296933399287
Syria,SYR,2025,12,46.2905715265955,41.8715457479235,52.385331689136
Myanmar,MMR,2025,14,45.1511190589683,35.8958961034525,45.9095969902498
Bolivia,BOL,2025,26,44.2565049086826,43.4371738878734,48.6982134190151
Sierra Leone,SLE,2025,25,42.2806763187879,40.1008683138232,43.6917893258261
Belarus,BLR,2025,10,41.414060591671,29.4379610139969,53.3901601693451
Afghanistan,AFG,2025,7,40.5531234861593,39.6483393687305,58.0210436288859
Gabon,GAB,2025,20,37.8049043866793,34.7777961034345,40.3183194834427
Chad,TCD,2025,26,33.6680140163639,31.3548156691055,34.8881416397439
Libya,LBY,2025,11,33.0558313420456,18.9509443762509,34.10435184695
Democratic Republic of Congo,COD,2025,25,30.5322654377457,28.1244326429657,32.1913291364316
Yemen,YEM,2025,24,29.1257132804378,27.073253139089,31.3189812806703
Venezuela,VEN,2025,24,25.3032489079838,14.8522188484094,28.8696366249824
Angola,AGO,2025,28,0,0,0
Australia,AUS,2024,28,97.5429411008907,95.079195910937,98.2658574369721
United States of America,USA,2024,27,97.1915183806969,94.2827820159699,98.7164468331559
Sweden,SWE,2024,30,97.026645201175,95.7449284627073,97.7406923422812
Denmark,DNK,2024,30,96.656077037658,95.3057916911076,97.5203605118137
Canada,CAN,2024,30,96.6550530328037,95.3579757344612,97.4572996377637
Switzerland,CHE,2024,27,96.1670305762333,95.4420982858235,99.2500807962979
Taiwan,TWN,2024,27,95.5608087244492,92.4296660157534,95.7513131585192
Singapore,SGP,2024,29,95.2779010675189,94.2574462922816,96.9833048083127
Finland,FIN,2024,29,95.2220729442922,93.0684892008864,95.9180488071308
Hong Kong,HKG,2024,29,95.1106668147665,93.4411840975885,95.7453712245407
New Zealand,NZL,2024,29,94.802004986032,93.6792632573544,96.8676934075698
United Kingdom,GBR,2024,29,94.2271121966856,92.5528961088709,95.2313614224237
Netherlands,NLD,2024,30,93.6612957029542,92.5531915839633,94.7380314445306
Luxembourg,LUX,2024,29,93.4348474749019,92.0725714046774,94.3969489406973
Estonia,EST,2024,30,92.7746461255757,91.100194849315,93.5245660768718
United Arab Emirates,ARE,2024,26,92.5189267520085,89.3030178586325,93.8411087081771
Norway,NOR,2024,19,92.2756341893782,89.2008429190765,95.2461577037785
Iceland,ISL,2024,30,92.0667374579216,90.4919392332846,92.958397682711
Ireland,IRL,2024,30,91.1212388187604,89.8397444467087,92.0770932927263
Israel,ISR,2024,27,90.496424409826,88.1638584413308,92.4947071867475
Qatar,QAT,2024,26,89.2442606666408,88.2801611142682,92.5826037715627
Belgium,BEL,2024,30,88.8636823651771,88.308872313625,90.2456018062924
Germany,DEU,2024,29,87.3946376432856,86.0461045037739,88.0096468084765
Austria,AUT,2024,27,87.3688246748161,85.9916871257795,90.576680678612
Lithuania,LTU,2024,30,87.0094952958225,85.9413457492541,88.2823832736276
China,CHN,2024,27,85.4802495112554,84.3062400054349,87.1093545019893
South Korea,KOR,2024,28,85.2959190809475,84.2465013220911,86.4504426450084
Saudi Arabia,SAU,2024,29,84.344129208157,83.0425027349758,85.3207989353576
Indonesia,IDN,2024,26,84.2982553432651,83.197828201688,86.5290784414702
Czech Republic,CZE,2024,30,82.9145566434897,81.5304911614775,83.6627367134478
France,FRA,2024,27,81.8392148328533,80.802767492421,84.8748269461675
Botswana,BWA,2024,27,80.596726431243,79.7336810978742,82.6949175294601
Italy,ITA,2024,30,80.4324623407452,79.4194217039013,81.7826583987423
Malaysia,MYS,2024,29,80.1232314849409,77.8736358248682,80.9374157387364
Jordan,JOR,2024,26,79.9577851705259,79.3920627197195,82.6480878469454
Georgia,GEO,2024,30,79.8297716138586,78.8374869720626,81.0038518269144
Japan,JPN,2024,30,79.344846444409,78.2298251219228,79.9945890740853
Portugal,PRT,2024,30,79.0485788806661,77.4780326042589,79.7466185473387
Malta,MLT,2024,30,77.3884926127093,76.1252232726451,78.6035698477276
Slovenia,SVN,2024,30,76.4861131227822,75.2390033467237,77.2929102105566
Cyprus,CYP,2024,27,75.2445699776981,71.8820219318766,76.044913126506
Vietnam,VNM,2024,28,75.090314323946,74.142252484615,76.5965487057068
Latvia,LVA,2024,30,74.9838634414376,73.1311515078886,75.5042124842647
Uruguay,URY,2024,30,74.6505584789015,73.1947565573203,75.5502206666103
Bahrain,BHR,2024,26,74.5232619963903,72.8928294148973,76.2464684996755
Chile,CHL,2024,28,74.4683690237901,73.084192707587,76.1901778082594
Benin,BEN,2024,27,74.4348992262591,72.8119245705428,74.9511116078991
Bulgaria,BGR,2024,30,74.3782129942035,72.802591150627,75.2633339437605
North Macedonia,MKD,2024,30,73.3410079083298,71.4344410740566,74.0800871784571
Spain,ESP,2024,30,73.2713747340065,71.6833810005575,74.1877176247488
Albania,ALB,2024,28,73.1964056585956,71.6307815000058,74.830740505345
Mauritius,MUS,2024,29,72.6718966340989,70.7071268484838,73.2820091422949
Costa Rica,CRI,2024,30,72.6565144933424,71.658527553949,73.9317503188458
Cabo Verde,CPV,2024,28,72.4894221654656,70.4301426330589,73.367740981794
South Africa,ZAF,2024,29,72.0167343185164,70.4366095202765,72.7556997077286
Poland,POL,2024,30,71.2131104043647,70.1173887744816,72.6428116980061
Barbados,BRB,2024,26,71.0492553377076,69.6074407822336,73.0756502478359
Oman,OMN,2024,27,70.8252104357398,69.888192772792,73.8612829886179
Philippines,PHL,2024,28,70.4942896885549,68.7598743517502,72.0926287982462
Hungary,HUN,2024,30,68.4626140295353,66.8950352184469,69.3530582784784
Croatia,HRV,2024,26,68.2971554798862,66.4060406118263,70.7349560723671
Azerbaijan,AZE,2024,19,68.0033678820428,66.202536548007,74.8030932647263
Fiji,FJI,2024,10,67.6116302049709,64.2756994050228,70.4685713068655
Kuwait,KWT,2024,27,67.606020513357,63.7446322777954,68.0495400457863
Egypt,EGY,2024,29,67.5945202408269,66.2020458135273,68.855423296957
Slovakia,SVK,2024,30,67.5264048151329,66.2999025103435,68.9040699876
Thailand,THA,2024,30,67.4901996939111,65.8642483721836,68.1253265606126
Colombia,COL,2024,29,66.7233052249408,65.2627296865346,68.2504726797502
Greece,GRC,2024,29,66.1564673002572,64.9709630061649,67.5542972200554
Serbia,SRB,2024,30,65.9775120810414,64.7537528160765,67.3498716061956
Namibia,NAM,2024,30,65.8625037745362,65.2818161464507,67.5348265708918
Tanzania,TZA,2024,26,65.6758070279168,64.9269010022937,67.2624176394875
Brazil,BRA,2024,29,65.6593211945192,64.4211705292112,67.2608035071789
Romania,ROU,2024,26,65.5968426977316,64.5531231717629,69.5375038674826
Bahamas,BHS,2024,7,65.1654338147553,57.2766170423056,67.3323874912104
Sri Lanka,LKA,2024,30,64.7284843453854,63.9384343519934,65.914730998819
Ukraine,UKR,2024,27,64.7105262409496,62.5273453156675,65.4646151346713
Eswatini,SWZ,2024,15,64.3190512322988,60.1998707168408,67.3488058166029
Rwanda,RWA,2024,27,64.1169890179778,63.2387973395826,65.7322744389527
Argentina,ARG,2024,27,64.0988031003136,62.7159524160405,67.1511628827855
Montenegro,MNE,2024,26,64.0809760857396,62.5133721480065,67.0232315212166
Guyana,GUY,2024,13,63.4827822580571,58.9511729374886,65.929377293206
Jamaica,JAM,2024,28,63.3516890647246,62.1055179719372,65.4061420427304
Palestinian Territories,PSE,2024,7,63.3198042494525,58.3226892895064,65.5577980648499
Dominican Republic,DOM,2024,26,63.3108539095824,61.0034887242932,65.6695450770054
Ghana,GHA,2024,28,63.1159149348215,61.6858366338107,64.6652177231185
India,IND,2024,29,62.8973365746217,60.4637817625233,63.6581732810194
Armenia,ARM,2024,29,62.7763331294456,60.7324670156571,63.3850011577405
Senegal,SEN,2024,28,61.8190809715004,59.2957462586375,62.5862331243487
Pakistan,PAK,2024,30,61.7697385252702,60.9441025947521,62.9861817747384
Djibouti,DJI,2024,7,61.4139372316605,57.2856536054194,62.8063362103219
Togo,TGO,2024,9,61.214742181215,55.1802863588222,64.5697701150407
Côte d'Ivoire,CIV,2024,27,61.2017078826369,60.7912142444758,63.7156450219121
Panama,PAN,2024,29,61.0528106535312,59.6898095423978,62.1698303774074
Suriname,SUR,2024,13,60.8911071759831,50.603417075512,61.3600414166443
Uzbekistan,UZB,2024,17,60.7499622447014,54.6166045376038,62.6289620297893
Zambia,ZMB,2024,28,60.5032019664115,58.8481782109041,61.0057223139536
Guatemala,GTM,2024,26,60.4979927575894,59.2109059088203,61.9933860528817
Russia,RUS,2024,19,60.4355414845786,56.9500583909911,67.1530098883605
Niger,NER,2024,7,60.1018277453225,58.2888856171368,64.4233437120787
Central African Republic,CAF,2024,7,59.847676029924,50.0659507056074,60.294365523046
Peru,PER,2024,29,59.695420961639,57.9818143304765,61.0387698408939
Mexico,MEX,2024,29,59.6702233972397,59.1393377098936,61.7952849442257
Ethiopia,ETH,2024,18,59.2284506865918,51.9270841787557,59.4750770310722
Kenya,KEN,2024,27,59.2106157603919,57.8585538610793,60.7380363604742
Algeria,DZA,2024,29,58.9817264821227,58.5047714167596,61.0939929327981
Laos,LAO,2024,26,58.9250989538913,58.2813618205181,60.7554049551109
Zimbabwe,ZWE,2024,26,58.7850644504512,57.3528917743466,59.8644073678162
São Tomé and Príncipe,STP,2024,7,58.5095009799387,51.2942049746705,61.6796379888652
Papua New Guinea,PNG,2024,7,58.2027762300439,54.3159629054278,61.4904049489702
Afghanistan,AFG,2024,7,58.0138254120403,47.1757564062814,59.2782573179181
Turkey,TUR,2024,30,57.9856789723346,57.4485602073465,60.0572284157292
Mongolia,MNG,2024,30,57.6974451620757,57.0147622463992,59.7537126669802
Cuba,CUB,2024,8,57.428603705616,52.2759874343208,62.5725779076277
Equatorial Guinea,GNQ,2024,7,57.2333858342797,50.6567651363236,58.6329839050373
Trinidad and Tobago,TTO,2024,27,57.0851849966832,53.6361714350667,59.1013541823412
Ecuador,ECU,2024,26,56.8089642993327,55.7853208583726,59.1449547211717
Kazakhstan,KAZ,2024,27,56.5550825480259,55.0349175874168,59.0016575029148
El Salvador,SLV,2024,27,56.5143777873269,51.8066649320824,56.7339987833971
Cambodia,KHM,2024,26,56.0072008996222,54.4950535142352,57.0602152888222
Moldova,MDA,2024,19,55.8051707546512,51.3293988841324,60.4021729762409
Timor-Leste,TLS,2024,11,55.6154709784387,49.0392815184144,57.410947668104
Morocco,MAR,2024,29,55.4556491225062,53.78798600342,57.316686901404
Malawi,MWI,2024,26,55.0916500343679,53.7694996549697,56.2780258984809
Cameroon,CMR,2024,27,55.0729396276649,54.0078253509099,56.889571630275
Nepal,NPL,2024,26,54.5196617988109,52.3239619581574,55.2806935711177
Mali,MLI,2024,26,54.1378325004263,52.9515638516708,55.4447268055343
Republic of Congo,COG,2024,8,53.9969839690309,48.9616140417807,57.9502105512665
Kyrgyzstan,KGZ,2024,28,53.9063690124419,52.3346737355236,54.8519207679243
Turkmenistan,TKM,2024,8,53.6416530996676,45.7280955190873,59.4102697290113
Tunisia,TUN,2024,29,53.00180712409,50.904912396151,54.2941594742643
Somalia,SOM,2024,9,52.8594351449273,40.5923139828657,55.555920422874
Sudan,SDN,2024,7,52.8385874754001,47.1477708231926,59.183378032577
South Sudan,SSD,2024,6,52.4912365053027,46.7323571188794,56.7341942760395
Bosnia and Herzegovina,BIH,2024,30,52.375598058045,51.1822513107867,53.8502491969929
Syria,SYR,2024,12,52.1964154239208,43.3402790423697,52.5289521813054
Eritrea,ERI,2024,6,52.1642267965399,47.1399904661993,58.6031833552615
Comoros,COM,2024,8,51.9139473172373,50.4485944298063,58.6727540277502
Guinea-Bissau,GNB,2024,7,51.7447181004174,50.0055002818656,58.6925849899711
Nigeria,NGA,2024,27,51.6472127375209,50.3081439959666,53.1933976384397
Liberia,LBR,2024,27,51.0693675229088,49.6010671836908,52.179114419268
Belize,BLZ,2024,12,49.539218801315,47.8791195313158,60.3791004184943
Iraq,IRQ,2024,8,49.457062492435,45.1310614695611,53.7830635153089
Honduras,HND,2024,27,48.7271906699064,46.8125950230695,49.5061517519561
Bangladesh,BGD,2024,26,48.4059173871878,46.8641843911164,50.0761844269234
Paraguay,PRY,2024,28,48.2335960384258,46.8244939632353,49.7929147611094
Myanmar,MMR,2024,14,47.7417713578983,36.0510388318508,48.2714872838278
Lesotho,LSO,2024,26,47.1767973398652,45.581112473056,48.980431531331
Bolivia,BOL,2024,26,47.0382010037342,44.549848147977,49.1267364173033
Iran,IRN,2024,23,44.6022355874838,43.6474984683018,48.858748037556
Sierra Leone,SLE,2024,25,42.3298315130472,40.5497532088175,44.6925091237118
Belarus,BLR,2024,10,39.8349198327951,38.3674966553975,66.782649476698
Chad,TCD,2024,26,33.1070092036549,31.2053831432001,34.9008140106992
Democratic Republic of Congo,COD,2024,25,31.9247459324466,29.6380206647328,33.6224375354427
Libya,LBY,2024,11,30.7777235498627,19.8581344160838,33.7736352591403
Yemen,YEM,2024,24,29.3823252511603,27.5176858262228,32.2738629972221
Venezuela,VEN,2024,24,27.1992639994352,17.2224142871187,29.1754876204203
Angola,AGO,2024,28,0,0,0
Sweden,SWE,2023,30,97.1934969007625,96.0155038399366,98.0102997528486
Switzerland,CHE,2023,27,96.7923986155755,94.9628637383903,98.3445116082279
United States of America,USA,2023,27,96.5704753475317,94.51438119391,98.6671181417227
Denmark,DNK,2023,30,96.1509312030242,94.819268924277,97.0267685690548
Singapore,SGP,2023,29,96.0742929992988,94.0527079293605,96.6315472583712
Canada,CAN,2023,30,94.5574881830324,93.5757832931639,95.6171071135097
Australia,AUS,2023,28,94.5203401677819,93.213488524121,95.9763038498356
Netherlands,NLD,2023,30,94.0980423145866,92.7929130966464,94.8021876871493
Hong Kong,HKG,2023,29,93.8222563344085,92.4980205582378,94.8444078453213
United Kingdom,GBR,2023,29,93.6925075239786,93.0528984143322,95.9419117917951
Finland,FIN,2023,29,93.5908907238531,92.9045868237032,95.4430858856642
Luxembourg,LUX,2023,29,92.863503629607,91.3622495139082,93.7843301149494
Taiwan,TWN,2023,27,92.4009199443456,92.0469741115493,94.9558492680276
Norway,NOR,2023,19,91.9897030860167,89.9473726877037,96.1871920136064
Estonia,EST,2023,30,91.6649375762716,90.0108854808435,92.3149187795655
Ireland,IRL,2023,30,91.5666617712534,90.2718364697984,92.2996957409575
Iceland,ISL,2023,30,91.5241296387671,89.8761144993415,92.2842385718977
Belgium,BEL,2023,30,91.2273067229967,89.8349029350608,91.9114845789236
New Zealand,NZL,2023,29,91.1262456622199,90.4430157230183,93.8474160567134
Israel,ISR,2023,27,90.3711521179828,88.670981667812,92.536961243297
United Arab Emirates,ARE,2023,26,89.2522404376985,88.3478692187154,92.1804484391438
Qatar,QAT,2023,26,89.0360547278389,86.4153838557534,91.020210853142
Austria,AUT,2023,27,88.1013756189121,86.2913722317218,89.8952582508119
Germany,DEU,2023,29,87.9261359337147,86.7784470976128,88.7217099945852
Lithuania,LTU,2023,30,85.5138468753193,84.027651850717,86.3563531396334
South Korea,KOR,2023,28,84.550692550874,84.4489698002258,86.5632480992729
China,CHN,2023,27,84.4737783266466,83.6304340691213,86.3664293565739
Botswana,BWA,2023,27,83.6875006647728,82.0649692344369,84.9619583836701
Indonesia,IDN,2023,26,83.2038940410886,81.4835878132323,85.1501216306274
France,FRA,2023,27,83.1173681744819,80.828238206164,84.9624158269238
Czech Republic,CZE,2023,30,82.9790047326724,81.8658053834688,83.7067342381038
Saudi Arabia,SAU,2023,29,81.1820825368381,79.4912954052564,82.1194446649034
Italy,ITA,2023,30,80.8252010403142,79.210647387252,81.5640889899462
Japan,JPN,2023,30,80.2926562762022,79.2435469654441,80.970307531646
Malaysia,MYS,2023,29,79.8206032555917,79.4139179476055,82.5868912651071
Portugal,PRT,2023,30,79.3550193632263,77.431462570508,79.8675579360766
Georgia,GEO,2023,30,77.7350938167364,76.7169519237445,78.980177461898
Slovenia,SVN,2023,30,77.2769083299994,75.5413597179554,77.9090952486905
Malta,MLT,2023,30,76.4100610513484,75.8450543527344,78.4117580969466
Jordan,JOR,2023,26,76.1532164779268,75.6146777600769,79.0634584031958
Latvia,LVA,2023,30,75.8851489926837,74.6238482019091,77.2062460470162
Chile,CHL,2023,28,75.4777563360327,72.8740013879641,76.092155683482
Uruguay,URY,2023,30,74.2503000809283,72.3901469959824,74.7823848958134
Vietnam,VNM,2023,28,74.0892675546668,72.7683229390454,75.2400028164979
Bulgaria,BGR,2023,30,73.7366958691434,72.6178878510551,74.8900387416705
Costa Rica,CRI,2023,30,73.1961677124454,71.6863087377942,74.1108555600129
Bahrain,BHR,2023,26,73.0464571411203,71.231488824915,74.8856555193793
Cabo Verde,CPV,2023,28,72.5488675225319,70.3446032058662,73.0388520986067
Spain,ESP,2023,30,72.5201410402145,71.7046126716088,74.131289438557
Barbados,BRB,2023,26,72.1587920746961,69.8369930893193,73.5256717939466
Albania,ALB,2023,28,71.6813932744622,70.4945609130372,74.036193558392
Mauritius,MUS,2023,29,71.6012211263909,69.6312218458218,72.3285195079348
North Macedonia,MKD,2023,30,71.4946209162916,69.9884474012822,72.7062802825693
Cyprus,CYP,2023,27,70.8227391025581,70.5945664417528,75.528569596374
Benin,BEN,2023,27,70.4758422999,68.7865273476461,70.9680309411293
South Africa,ZAF,2023,29,69.5803435385673,69.0188305860292,71.4094586610442
Poland,POL,2023,30,69.4853470861018,68.5182778121087,70.8822298356305
Philippines,PHL,2023,28,69.2133597299423,67.5577444291009,70.4125583573941
Oman,OMN,2023,27,69.1940093473492,66.8973776739889,70.2996448584115
Hungary,HUN,2023,30,68.4959194389748,66.4054123944788,68.8427846076139
Slovakia,SVK,2023,30,68.3900829726424,67.2692696630201,69.708490740702
Thailand,THA,2023,30,67.7270769310151,66.5597873431063,68.8387482375956
Romania,ROU,2023,26,67.7094062902669,64.5481202653522,69.4779353225922
Kuwait,KWT,2023,27,67.5017375822267,65.0068542515814,69.8351895630768
Fiji,FJI,2023,10,67.4048270854382,63.6581697437943,70.5033027858499
Namibia,NAM,2023,30,67.391079163086,65.1964331595037,67.5668764195865
Eswatini,SWZ,2023,15,67.3454378783773,61.2086330276751,67.56946454048
Azerbaijan,AZE,2023,19,67.2253293119021,64.8375398074511,73.2246061959398
Brazil,BRA,2023,29,66.790446956789,64.2164222509959,66.9523922251255
Sri Lanka,LKA,2023,30,66.7466781946657,65.1830342072744,67.0959873697776
Dominican Republic,DOM,2023,26,65.9781217118704,60.4826589360173,66.2340531598655
Greece,GRC,2023,29,65.966397585893,64.3525333708539,67.0214162395879
Croatia,HRV,2023,26,65.7860050532601,63.9727702169069,68.6391212500046
Egypt,EGY,2023,29,65.6956271854719,64.4305628180907,67.0826782479429
Tanzania,TZA,2023,26,65.5760249028265,63.578780260415,66.4952368548564
Colombia,COL,2023,29,65.2042597120357,64.3025747079808,67.5334112113479
Montenegro,MNE,2023,26,64.8788133440381,62.4766305101552,66.660148353901
Serbia,SRB,2023,30,64.2175594435397,62.9015299249035,65.6351805097663
Bahamas,BHS,2023,7,64.1264972100529,59.8373547330144,67.6319298122931
Uzbekistan,UZB,2023,16,64.1183940566055,57.6211385586926,64.8436578708145
India,IND,2023,29,63.960108250068,61.651481920837,65.0327562358806
Argentina,ARG,2023,27,63.8000076070953,61.2746305898253,65.0237127685765
Jamaica,JAM,2023,28,63.5653410692063,62.2982416461982,65.4640989267965
Pakistan,PAK,2023,30,63.2628546107089,62.3256419124938,64.4141373633623
Ghana,GHA,2023,28,62.6134868783307,61.682096033837,64.652905192543
Palestinian Territories,PSE,2023,7,62.5934438469963,60.8103167163972,65.9922129279439
Panama,PAN,2023,29,62.5705632700341,60.4653945796157,62.8883558317969
Rwanda,RWA,2023,26,62.5603000346658,60.0562644003737,62.8968686660237
Armenia,ARM,2023,29,62.5328103457903,60.574937522794,63.3460088228327
Guyana,GUY,2023,13,61.9677289742908,59.6286808818262,66.3510465345225
Belarus,BLR,2023,10,61.753584140399,48.1776485931496,68.6098602408016
Niger,NER,2023,7,61.3901399406552,58.2886590590194,64.5145361892111
Russia,RUS,2023,19,61.3178926839608,56.9603604673607,66.1437940185029
Senegal,SEN,2023,28,61.2294743899095,59.5386178986956,63.2769156230247
Togo,TGO,2023,9,60.7042970214105,53.9877473299726,63.8809002970769
Peru,PER,2023,29,60.5404271351855,57.8144333440229,60.5994120118701
Ukraine,UKR,2023,27,60.453588450995,59.9623521332864,62.8632783775818
Belize,BLZ,2023,12,60.4131805703078,54.5994514004114,66.2269097402041
Turkey,TUR,2023,30,60.3294571011925,58.6130697797538,61.0868403387139
Guatemala,GTM,2023,26,60.2292210492726,58.2778615996558,61.1436354176953
Cuba,CUB,2023,8,60.1070523972922,52.504559951983,62.9160670975381
Djibouti,DJI,2023,7,60.0541418401267,57.3186124869567,62.6963055656938
Afghanistan,AFG,2023,7,59.9499263464052,48.0684014092561,60.2556493681641
Zambia,ZMB,2023,28,59.8192644674522,58.3664215629506,60.7940477813532
Côte d'Ivoire,CIV,2023,27,59.317104800612,58.3147602463626,61.2883311503715
Mexico,MEX,2023,29,59.0703203980162,58.0551582127722,60.7901001566493
São Tomé and Príncipe,STP,2023,7,59.0419012889117,52.479310676372,61.9276712605148
Kenya,KEN,2023,27,58.8068393629696,56.8369465786855,59.3957660877818
Ecuador,ECU,2023,26,58.1502060377994,56.8514495773288,60.586669211847
Mongolia,MNG,2023,30,58.1149958898151,57.0299941888978,59.704505987557
Equatorial Guinea,GNQ,2023,7,57.9007143105479,50.3921566593932,59.5386522887801
Trinidad and Tobago,TTO,2023,27,57.4554212824197,55.0225111289382,60.1344268672535
Algeria,DZA,2023,29,57.4550613714389,56.5677843878162,59.3015751854736
Sudan,SDN,2023,7,57.3042614092387,50.6582288128255,60.4026058205527
Suriname,SUR,2023,13,57.0895890028455,50.5115798304466,60.3437791538105
Ethiopia,ETH,2023,18,56.9944826728922,52.6210932651237,60.7463897929092
Laos,LAO,2023,26,56.7160027961969,55.9658621866911,58.5917581752552
Guinea-Bissau,GNB,2023,7,56.5929210703355,49.3156992972304,58.5057036371384
Zimbabwe,ZWE,2023,26,56.4603268621261,55.967281596329,58.2163102730894
Timor-Leste,TLS,2023,11,56.3034740421614,48.5651148482505,57.6853727704098
Comoros,COM,2023,8,56.2675565087573,50.3679112980255,59.0708057805832
Kazakhstan,KAZ,2023,27,56.2640637744963,55.3420461880221,60.0657179606224
Central African Republic,CAF,2023,7,56.2012520520564,50.2304745366667,59.005033723898
Papua New Guinea,PNG,2023,7,56.1855549026069,54.0902152693035,62.2989720506746
Cambodia,KHM,2023,26,55.6755947574027,54.4902441104708,56.9798341325827
Morocco,MAR,2023,29,55.4998149469984,53.0326232981953,56.3538588351268
Moldova,MDA,2023,19,55.3988935122253,51.5005533347044,61.0548619540763
Iraq,IRQ,2023,8,55.0460768661306,50.9002703950042,59.1118069486491
Cameroon,CMR,2023,27,54.7506617421133,53.5994209804754,56.5677474356432
Mali,MLI,2023,26,54.4637680531582,52.4282556261578,54.9308240989349
Turkmenistan,TKM,2023,8,54.1274429643207,48.6665882741899,60.0205484840746
Tunisia,TUN,2023,29,53.9524888455605,51.6896966192818,54.8429133299569
Kyrgyzstan,KGZ,2023,28,53.3126137110205,51.3287445753194,54.0318006889417
Bosnia and Herzegovina,BIH,2023,30,53.2957946842051,51.5603918689807,54.1779216539994
Nepal,NPL,2023,26,53.1954943114487,52.2951443261455,54.9010049524885
Malawi,MWI,2023,26,53.0608294214769,51.6329767411687,54.2598923074584
Eritrea,ERI,2023,6,51.2582256138889,48.8227376083889,59.6998053535617
Liberia,LBR,2023,27,51.1496521794522,49.4521430899692,52.1610276304035
Nigeria,NGA,2023,27,50.91560158216,49.4596584692107,52.3535684480382
El Salvador,SLV,2023,27,50.8996237928606,50.2851321384805,53.6576801387115
Lesotho,LSO,2023,26,49.2570044060682,47.5938882277995,50.8817223460109
Bangladesh,BGD,2023,26,49.2464956538115,47.1367135719752,50.7813059150408
Honduras,HND,2023,27,48.8901422416483,47.2557429645097,49.9535746366869
South Sudan,SSD,2023,6,48.2327539526917,45.9761276838977,56.7018344991231
Paraguay,PRY,2023,28,48.0365731437183,46.4231932948598,49.6623969277036
Syria,SYR,2023,12,47.7509056318069,42.3489947663567,52.6653001993538
Bolivia,BOL,2023,26,47.3849219624264,44.1990740979308,49.8298381904618
Iran,IRN,2023,23,46.3305262196982,44.8000163290794,49.7856100534216
Somalia,SOM,2023,9,46.2409679013209,40.3643260292351,55.2179771531326
Sierra Leone,SLE,2023,25,45.5218970755911,43.8195037297312,47.5844217953442
Myanmar,MMR,2023,14,43.7621033580854,36.5576424239521,46.3354831602788
Republic of Congo,COG,2023,8,42.351700178057,41.5706502060579,57.6060599643751
Chad,TCD,2023,26,37.0109216520998,33.982869411526,37.5751638176708
Yemen,YEM,2023,24,32.3791167787695,29.8183787515756,33.776030257363
Democratic Republic of Congo,COD,2023,25,31.0931449430978,29.0698679247427,32.7687393369911
Venezuela,VEN,2023,24,29.2259080981197,16.1261122742853,29.8043802169245
Libya,LBY,2023,11,24.4641328624891,17.723578624535,32.851950784699
Angola,AGO,2023,28,0,0,0.814311688563878
Sweden,SWE,2022,30,96.8650302790517,95.5812929608085,97.6183769040157
United States of America,USA,2022,27,96.7626546670362,94.5153579015535,98.7585974813418
Switzerland,CHE,2022,28,95.4198968385406,94.3605110007752,98.1188865652799
Denmark,DNK,2022,30,95.4086915662361,94.2049518412918,96.2575977950787
Netherlands,NLD,2022,29,95.0165035907761,93.3552668941904,95.5911420833291
Singapore,SGP,2022,29,94.0439877047023,93.5750500263869,96.3047581245484
Canada,CAN,2022,30,93.5299892091507,92.0895798908177,94.2322644643075
Hong Kong,HKG,2022,29,93.5262005791941,92.0354029213939,94.4915503586518
United Kingdom,GBR,2022,30,93.5148933657073,92.22609750434,94.2676933650088
Taiwan,TWN,2022,27,93.4697869667493,91.1211622888389,94.2299052589317
Norway,NOR,2022,19,93.291997409167,90.2627809700918,95.6384029109014
Finland,FIN,2022,29,92.8905884128859,92.2464766962402,94.9736697375338
New Zealand,NZL,2022,30,92.5865352069484,91.1066936032964,93.5890624479166
Israel,ISR,2022,27,92.1731146656297,89.4559715425218,94.0460303780349
Australia,AUS,2022,30,92.0866306902725,90.7006441561491,92.7810323385681
Luxembourg,LUX,2022,29,92.0119672449675,90.4062262591801,92.7540630314546
Iceland,ISL,2022,30,91.885250727326,91.0061929576986,93.4659243339615
Ireland,IRL,2022,30,91.7904014650884,90.5402072016622,92.7916824933084
Belgium,BEL,2022,30,91.1933576005535,89.9461098452748,91.8862821593336
Estonia,EST,2022,30,90.8233174779655,89.0079671480211,91.4538167690452
United Arab Emirates,ARE,2022,27,90.4105596368609,87.8036871558163,92.6795687771567
Germany,DEU,2022,30,88.9361011372313,87.8875432193354,89.6809822777372
Qatar,QAT,2022,27,87.5691296788002,86.0133596584458,89.8148984173962
Austria,AUT,2022,30,87.5038665411435,86.3177487432755,88.2529296080513
South Korea,KOR,2022,29,86.0648034772625,84.634538220412,86.8488373385435
Indonesia,IDN,2022,26,84.1472988027429,82.5150544358035,85.7795431696823
Brunei,BRN,2022,25,83.9521169587724,77.2274770362829,84.2645407634402
China,CHN,2022,27,83.6373309172587,83.0928750711185,85.640938262126
Lithuania,LTU,2022,30,83.6351800946779,82.633875495637,84.8644017899844
Czech Republic,CZE,2022,30,82.5789196969939,81.5194883683908,83.5130554653347
Japan,JPN,2022,30,82.3812986623904,81.3153715130643,83.0459695059606
France,FRA,2022,28,81.924033398334,80.6112568743841,83.2658353920529
Malaysia,MYS,2022,29,81.2720339161622,80.1720760743134,83.2332883581169
Portugal,PRT,2022,30,79.6419371890212,77.7722862311334,80.1777615085216
Saudi Arabia,SAU,2022,30,78.4029659588285,77.0136685659209,79.1039979826608
Latvia,LVA,2022,30,78.3881252721494,76.5955880816397,78.9088998760707
Malta,MLT,2022,30,78.3198873135814,77.1527729655406,79.5960751289166
Italy,ITA,2022,30,77.8467937899638,77.6691986294645,79.7819781885385
Botswana,BWA,2022,27,77.8412338365992,76.6379883541594,79.6353572526973
Slovenia,SVN,2022,30,77.660777573748,76.4904267804615,78.5239521011007
Azerbaijan,AZE,2022,29,77.5770106019558,76.4843159141602,78.8918968727206
Jordan,JOR,2022,26,76.3755398596027,74.4633752889196,77.9334159358665
Costa Rica,CRI,2022,30,76.2928081496855,74.1486763954764,76.6404902311721
Georgia,GEO,2022,30,75.4426803884982,74.1172752959273,76.3232676094025
Spain,ESP,2022,30,74.417254801813,72.6691758967712,74.9563602404228
Vietnam,VNM,2022,29,73.8205376337577,72.0842107888268,74.100135284887
Bahrain,BHR,2022,26,73.6599465749975,70.8353132709644,74.1445052762125
Cyprus,CYP,2022,27,73.5151442357263,72.1937759962099,76.4444362169353
Chile,CHL,2022,29,73.4122208605685,72.6386541437734,75.05127561584
Bulgaria,BGR,2022,30,73.4023235217199,72.8331422886613,74.980059339003
Uruguay,URY,2022,30,72.4091867725167,71.4832265235604,73.8033044542659
Barbados,BRB,2022,26,71.5835328896025,70.3713525561335,74.1727425701454
Slovakia,SVK,2022,30,71.2542194524905,69.392369326654,71.6855960103901
North Macedonia,MKD,2022,30,71.0636600478655,69.6276077953831,72.2808049376734
Mauritius,MUS,2022,30,70.7539507992767,69.291184522579,71.7875239269251
Cabo Verde,CPV,2022,28,70.7480604305514,69.3153999088506,71.9049503387194
Philippines,PHL,2022,28,69.9237577175182,68.3124119325656,71.3402061936929
Poland,POL,2022,30,69.541827179294,68.6417926432328,70.8754953570713
Oman,OMN,2022,27,69.0735393533314,67.0961772732784,70.3993903505453
South Africa,ZAF,2022,29,68.8267536264661,67.7239141665391,70.0290686095045
Thailand,THA,2022,30,68.4225588913086,67.4238942853658,69.9396275965559
Fiji,FJI,2022,10,67.5187501975636,65.0719506915392,71.7014143936159
Montenegro,MNE,2022,26,67.2029153842013,65.2424377539356,69.2101803823018
Jamaica,JAM,2022,28,66.7812962493241,65.4627369084229,68.285269286652
Colombia,COL,2022,29,66.6466385713338,64.9778181803774,68.1260261066888
Russia,RUS,2022,29,66.415809824419,64.5050443738545,67.180221073579
Kuwait,KWT,2022,27,66.3987563674991,65.3215082417926,70.1246415592969
Sri Lanka,LKA,2022,30,66.3796508111598,64.9833155154411,67.1484849558492
Benin,BEN,2022,26,66.347600836775,64.8154690679278,67.7462375601765
Brazil,BRA,2022,29,66.3099403752936,64.6306595541229,67.5186878151781
Hungary,HUN,2022,30,66.090779237362,65.0043369615753,67.5708583316117
Greece,GRC,2022,29,66.0866876463461,63.9009186378919,66.4322656088605
Uzbekistan,UZB,2022,19,66.0866876463461,60.6510776995676,67.0986164268403
Egypt,EGY,2022,29,65.8500422181467,63.8538206478616,66.4321600685807
Namibia,NAM,2022,29,65.7078543069577,63.2492861231847,66.1840461427165
Albania,ALB,2022,28,65.6306471395611,65.4432339945919,69.0143013975029
Panama,PAN,2022,30,65.5846867280272,63.796235364613,65.977844946862
Bahamas,BHS,2022,7,65.0938304087688,60.8524445335463,67.7874666609149
Romania,ROU,2022,26,64.7961341146769,64.1352784909951,69.3061401544236
Armenia,ARM,2022,29,64.5139451764245,62.5722737784579,65.0130720756826
India,IND,2022,29,64.395921148275,63.4671143874927,67.0004992933098
Palestinian Territories,PSE,2022,7,64.3119523915973,60.8921836082566,65.8862913827933
Ghana,GHA,2022,28,64.3112276171974,62.039514882851,64.5775647477323
Pakistan,PAK,2022,30,64.0403913755063,63.1140980517964,64.9037630208921
Tanzania,TZA,2022,26,63.4835636452011,62.7300513536812,65.6121414668446
Croatia,HRV,2022,29,63.3769182494276,61.5630965192649,64.5077087371318
Eswatini,SWZ,2022,15,63.3632167037694,61.3339850964566,67.9382704376215
Niger,NER,2022,7,63.0982153593868,59.054814864342,64.6860486216028
Turkey,TUR,2022,30,62.9838940066615,60.8401438104211,63.3138587670978
Senegal,SEN,2022,28,62.8944315029596,60.4497741507218,63.594107631995
Argentina,ARG,2022,27,62.5201159671415,61.8157717967433,66.7144886534072
Dominican Republic,DOM,2022,26,62.3959502733394,60.9153908574431,64.7708818628001
Guyana,GUY,2022,13,61.9940802906154,59.900993163546,67.4354849965872
Serbia,SRB,2022,30,61.3728443493903,60.6448915552246,63.281499220122
Ukraine,UKR,2022,27,60.5279389565289,59.2710986785624,62.599299339461
Mexico,MEX,2022,29,60.3381403758729,59.0705989789311,61.7748895794725
Rwanda,RWA,2022,26,60.2733831875843,58.059171876045,60.9783254855669
Suriname,SUR,2022,13,60.1348708407436,51.1518630420311,61.1726710006612
Djibouti,DJI,2022,7,59.8646895709773,57.8729296385455,63.1126535980482
Guatemala,GTM,2022,29,59.7860515602405,59.1505199338224,61.3585785784712
Peru,PER,2022,30,59.7537018236945,58.4809648957447,61.0128276139792
Togo,TGO,2022,9,59.5701727225113,56.3000886649624,63.9140382338722
Kenya,KEN,2022,26,59.1828605862371,58.1198764063639,61.7184531602081
Belarus,BLR,2022,10,59.0071936413342,53.3039774090842,70.0936359438787
Kazakhstan,KAZ,2022,27,58.7337170436234,57.287751202435,61.7468817310168
Trinidad and Tobago,TTO,2022,27,58.6470200075771,57.5077376850735,62.5328838519644
Zambia,ZMB,2022,28,58.6454250448967,57.0088942449489,59.3301926666252
Cuba,CUB,2022,8,58.6368705504006,54.064914369169,62.7171936919923
Papua New Guinea,PNG,2022,7,58.2310863385017,55.3616405556525,61.4371441906236
Lebanon,LBN,2022,25,58.2146127114663,57.4277872479504,61.4513366797458
Guinea-Bissau,GNB,2022,7,58.2080054473969,51.3205867326921,59.2002597879618
Ecuador,ECU,2022,26,58.1762645626402,57.421204642908,60.6786019151813
Mongolia,MNG,2022,30,58.152252495236,56.9429859166688,59.1654851367973
Côte d'Ivoire,CIV,2022,27,57.7190629515838,56.7575859844452,59.7499798248533
Algeria,DZA,2022,29,57.6331265864892,56.2712844341765,58.8795293878048
Iraq,IRQ,2022,9,57.4710789499428,51.5355911981471,58.9801953852721
São Tomé and Príncipe,STP,2022,7,57.2687785222121,52.7599830259388,60.7956312877565
Equatorial Guinea,GNQ,2022,7,56.9801648284772,49.8816165588395,59.2169116616391
Tunisia,TUN,2022,29,56.9232773680389,54.2083508974533,57.8364720484227
Eritrea,ERI,2022,6,56.5893995853157,49.9102348535742,59.4715336352145
Republic of Congo,COG,2022,7,56.4571344060622,49.0447338615748,58.3871528248242
Ethiopia,ETH,2022,18,56.0055475431374,53.5095439585733,61.3301292253256
Tajikistan,TJK,2022,25,55.9752498418581,53.9497783940916,56.9327770272792
Laos,LAO,2022,26,55.8625341738749,55.5508767043433,57.8395646181579
Cambodia,KHM,2022,26,55.8488718148623,54.7950258288185,57.4959826855914
Morocco,MAR,2022,29,55.6453784260105,53.4117540100055,56.7679761617066
Moldova,MDA,2022,29,55.1403618670665,53.999166579758,57.1261830262896
Afghanistan,AFG,2022,7,54.9560987677083,48.8033170825384,60.2849875399262
Cameroon,CMR,2022,27,54.8405206162088,53.4214310123035,56.1688036420571
Comoros,COM,2022,8,54.6376034888074,49.5925921537816,58.7106057286793
Kyrgyzstan,KGZ,2022,27,54.5901826592274,53.3319546870473,55.9824896817292
Sudan,SDN,2022,7,54.4100342059274,51.2348585189165,60.7792574186016
Zimbabwe,ZWE,2022,26,53.5787340436356,52.6487576944568,55.2570194723287
Bosnia and Herzegovina,BIH,2022,30,53.5262032337146,52.5831383311921,55.1874257597436
Somalia,SOM,2022,9,53.5251130242748,43.0256629161877,57.2138023240746
South Sudan,SSD,2022,6,53.3278922376349,47.7268822889865,57.9294017522163
Nepal,NPL,2022,26,53.21975963078,51.5292233892198,54.2122533507438
Mali,MLI,2022,27,52.9491040222211,51.7484405378919,54.4715619114768
Timor-Leste,TLS,2022,11,52.1085671570435,48.5436923288881,58.1596880077609
Malawi,MWI,2022,26,51.7681059369664,50.4321804623865,53.0521548096248
El Salvador,SLV,2022,27,51.5176912534559,50.0521898201574,53.1746017166627
Nigeria,NGA,2022,27,51.2917179343537,50.2341997176665,53.1513232517222
Syria,SYR,2022,11,50.4141891863049,46.7069483129539,54.1417343474448
Lesotho,LSO,2022,26,50.222952082776,48.3129717316775,51.5273342413684
Central African Republic,CAF,2022,7,50.1010136470624,45.4362816907288,54.765745603396
Turkmenistan,TKM,2022,8,49.8748073017729,45.6545429719913,54.0950716315545
Honduras,HND,2022,27,49.7919972944636,48.1672146230028,51.036081868986
Bangladesh,BGD,2022,26,49.5100925760191,46.8631309025197,50.1676844427051
Paraguay,PRY,2022,28,49.4267923667589,48.5687796387445,51.4896851688746
Sierra Leone,SLE,2022,25,49.3750772995565,46.0930720434422,49.655997467096
Bolivia,BOL,2022,26,49.078759523733,45.6517991593652,51.3744034469302
Liberia,LBR,2022,27,47.7179886861013,46.4955503359498,49.1214221459047
Myanmar,MMR,2022,14,46.9030971277641,36.2523776437581,47.2748888370187
Iran,IRN,2022,27,46.5004409953388,45.107096180495,47.6495723765006
Belize,BLZ,2022,12,40.6425681035943,39.6391857942658,59.8588803246717
Nicaragua,NIC,2022,25,38.0782334724248,33.9960486401683,39.0531371637647
Yemen,YEM,2022,25,33.6176661387251,31.4658110547595,35.5475356049658
Chad,TCD,2022,26,33.2566052603108,31.4860203439354,35.1026943886603
Democratic Republic of Congo,COD,2022,25,32.5375372656828,30.6204463148175,34.6188177723101
Libya,LBY,2022,11,31.704850463521,20.9954964850709,34.0481907438662
Venezuela,VEN,2022,25,25.5354230286926,18.0498453890009,29.6890096828853
Angola,AGO,2022,26,0,0,1.43171254294849
Sweden,SWE,2021,31,97.7193370086775,96.49616191367,98.7628712490899
United States of America,USA,2021,28,97.2128361955957,95.2018693966709,99.3441243657645
Switzerland,CHE,2021,29,96.770592712916,95.0098966045932,98.3509383781925
Denmark,DNK,2021,31,96.7294842367588,95.6593155948935,97.560359390511
Netherlands,NLD,2021,30,96.637861415475,95.1714179131728,97.2238476662714
Singapore,SGP,2021,31,96.1668431940165,95.1110494089884,97.0809593389496
Finland,FIN,2021,31,95.9871507608202,94.7776411859323,96.8044392860047
New Zealand,NZL,2021,31,94.8189675659058,93.4697702129559,95.6859542458436
United Kingdom,GBR,2021,31,94.5512982612799,93.4292751815366,95.4831813267702
Hong Kong,HKG,2021,30,94.4363082761238,93.1956537094929,95.2673797852548
Iceland,ISL,2021,31,94.3716062128963,93.2846483273687,95.2678954254288
Canada,CAN,2021,31,93.8549080542982,92.7152864974543,94.5495105724989
Germany,DEU,2021,31,93.1086960223808,91.9341485947452,93.9396603054553
Taiwan,TWN,2021,28,92.9228005295155,92.2439489035027,94.869256515953
Norway,NOR,2021,20,92.839871723765,90.1947817010987,95.8712987675626
Luxembourg,LUX,2021,30,92.5717962401217,91.1175276401353,93.4346331196841
Australia,AUS,2021,31,92.5079199424212,91.2364287937684,93.3483510507374
Ireland,IRL,2021,31,91.8353245940151,90.7214798855469,92.707709419291
Belgium,BEL,2021,31,91.6560864269431,90.5680360697046,92.3699935120781
Israel,ISR,2021,31,91.5395469109544,90.4679588487865,92.2716054853822
Estonia,EST,2021,31,91.1831673972554,89.936514672803,91.9631891366557
United Arab Emirates,ARE,2021,30,89.3898159861853,88.069520056696,90.1740709850226
Austria,AUT,2021,31,87.7187533685513,86.6637842951216,88.4807946987818
China,CHN,2021,31,87.4870473615813,86.3764244139417,88.280011008088
Qatar,QAT,2021,28,86.7155164616496,85.6847462778363,89.9905974711676
Malaysia,MYS,2021,31,86.4999729911777,85.3150180791991,87.110593687781
Japan,JPN,2021,31,85.6650336260516,84.619954825917,86.3481276361384
South Korea,KOR,2021,29,85.6031627400317,84.3472126395401,87.0378381800816
France,FRA,2021,31,83.8456946969353,82.8794065560984,84.5879472520701
Lithuania,LTU,2021,31,83.8119025959905,82.8538668281657,84.5578380956862
Czech Republic,CZE,2021,31,82.0975061953942,81.1661316248875,82.8020227837523
Indonesia,IDN,2021,28,80.2353265332465,79.047383600076,81.6430834398321
Malta,MLT,2021,31,80.1490025574816,79.0760266962894,80.8731616033218
Portugal,PRT,2021,31,79.9157613410555,78.861506193278,80.5921752949995
Slovenia,SVN,2021,31,78.8710847174839,77.8246973597508,79.5804010003353
Latvia,LVA,2021,31,78.2099724135104,77.0612909833302,78.9473959083239
Azerbaijan,AZE,2021,30,77.9588384072469,76.9644512837333,78.9356975893106
Cyprus,CYP,2021,31,77.7739883973348,76.7524623382281,78.561625288585
Saudi Arabia,SAU,2021,30,77.533973945006,76.4536995478053,78.4136017302592
Italy,ITA,2021,31,76.8950933549962,75.896129508896,77.5355332304143
Costa Rica,CRI,2021,31,75.6275585829311,74.5115960876556,76.3320549060176
Spain,ESP,2021,31,75.4079097373568,74.4251244688447,76.0879229270158
Brunei,BRN,2021,29,75.2057465442191,74.2905282918667,77.1982050402281
Botswana,BWA,2021,28,74.7393474018849,72.8832711228365,75.4669729800967
Chile,CHL,2021,30,74.627460200716,73.6689015826733,75.8535451221477
Bulgaria,BGR,2021,31,74.0478367593394,72.9388018452021,74.7208245586527
Jordan,JOR,2021,30,73.4872403803416,71.9775997644253,73.989586093713
Georgia,GEO,2021,31,73.4430319195153,72.3669814051812,74.1194697592783
Barbados,BRB,2021,27,73.3717103341199,70.9791137840125,74.2178650732504
Cabo Verde,CPV,2021,28,73.0116141844978,71.1971600303324,73.6124930397072
Slovakia,SVK,2021,31,72.4292430460032,71.3450176671566,73.0839306406703
Bahrain,BHR,2021,27,72.3468824916846,71.2243591716598,73.9172308072311
Uruguay,URY,2021,31,72.2718804891141,71.2417513338698,72.9545379781466
Mauritius,MUS,2021,31,72.0288486514381,70.9030502029915,72.6516663952476
Thailand,THA,2021,31,71.8398608819713,70.7656331256598,72.3702878541525
Vietnam,VNM,2021,30,71.8382530202043,70.8795560901354,72.4856131080786
South Africa,ZAF,2021,29,71.6704292337792,70.9633692570794,74.1125864124409
North Macedonia,MKD,2021,31,71.6088588279525,70.2955475446854,72.4106951836041
Philippines,PHL,2021,29,70.9811675731028,69.5567920891079,71.7982038927177
Poland,POL,2021,31,70.8773262671105,69.8017435790084,71.458057467915
Montenegro,MNE,2021,30,70.5462620180364,69.9948149228624,71.9062978677448
Kuwait,KWT,2021,29,68.0863553211023,66.5154532406481,68.8356492356806
Jamaica,JAM,2021,29,67.9335458031916,66.9619123508086,69.2602643368649
Sri Lanka,LKA,2021,29,67.5903703191039,66.5606185351858,68.2334119756815
Oman,OMN,2021,31,67.4916770855728,66.5012028286292,68.0772697903278
Panama,PAN,2021,31,67.4524727967125,66.3521102230159,68.1720620866853
Russia,RUS,2021,30,67.3514432102413,66.5717564730259,68.4345892609714
India,IND,2021,31,67.271628882881,66.2388081070928,67.761372209076
Brazil,BRA,2021,31,66.9833546689915,65.9624935508021,67.5455651927654
Fiji,FJI,2021,11,66.7055303750051,65.6219699745358,70.8421413630878
Romania,ROU,2021,27,66.7055303750051,65.1181506030903,70.7014032862733
Colombia,COL,2021,31,66.6362559748677,65.5536529303849,67.3391439319282
Uzbekistan,UZB,2021,13,66.5215968839325,59.7187149690099,72.4377776571771
Albania,ALB,2021,30,66.4993949521513,65.5327183487772,68.3069831435406
Namibia,NAM,2021,30,65.8987894574138,65.0399156861951,67.1183630540915
Armenia,ARM,2021,31,65.8516380690066,64.7068885812017,66.3657061745798
Belarus,BLR,2021,11,65.5985658784503,56.8918337393539,69.3353294012168
Eswatini,SWZ,2021,17,65.4908223688265,62.5575328341476,69.2319413409829
Bahamas,BHS,2021,8,65.3453129915278,61.7920821193676,67.7390691676636
Benin,BEN,2021,27,65.0877450776962,63.2698539247858,65.4165832004691
Greece,GRC,2021,31,65.0875564570103,63.9857011902138,65.8348665942539
Hungary,HUN,2021,31,64.7945574708462,63.6626810521683,65.496017092422
Kazakhstan,KAZ,2021,30,64.6482342544333,63.7820695018129,65.7450416324043
Tanzania,TZA,2021,27,64.51710730855,62.9794418638368,65.5867080857245
Palestinian Territories,PSE,2021,7,64.5065921058084,61.255927208013,66.3593836852421
Argentina,ARG,2021,28,64.4794909065408,64.0832963531706,68.384990006079
Guyana,GUY,2021,15,64.4579644566273,59.6153288392342,66.3535625592028
Ghana,GHA,2021,28,64.0877338959842,63.1963150570324,65.1739860007403
Egypt,EGY,2021,31,63.7532084485691,62.6751857161258,64.5969013645891
Senegal,SEN,2021,29,63.3792629222607,62.0537048103996,64.1923952097521
Turkey,TUR,2021,31,63.0800202128416,62.0217721403506,63.6262328031492
Kenya,KEN,2021,28,63.0263782057542,61.1337335687752,63.6394653378003
Mexico,MEX,2021,30,62.9480657260629,61.9262649158599,63.6588612060007
Pakistan,PAK,2021,31,62.6550955198537,61.5228209955726,63.1179407325506
Niger,NER,2021,8,62.6146237964124,59.1602444567314,64.633247884774
Sudan,SDN,2021,8,62.2183639320731,52.5408795785891,62.6608423102868
Papua New Guinea,PNG,2021,10,62.2143507801147,56.2323128731959,63.0711874389124
Dominican Republic,DOM,2021,27,62.2103972308104,60.9904257796679,65.0165900629358
Guatemala,GTM,2021,29,62.0847833345006,60.9816610097971,62.6687024150775
Ukraine,UKR,2021,28,61.9569202356213,60.7553149844528,63.066009014522
Serbia,SRB,2021,31,61.8685386496803,60.6443781689463,62.66160224155
Croatia,HRV,2021,30,61.7667367281974,60.352369552593,62.5628008531705
Trinidad and Tobago,TTO,2021,31,61.5795903460895,60.4433378360113,62.4400197203444
Cuba,CUB,2021,8,61.5729683519478,52.956365918329,62.8267532649262
Ethiopia,ETH,2021,19,61.1642289923667,52.9038205797304,62.6929729419418
Peru,PER,2021,31,60.7941657837696,59.7820380052289,61.5515117302816
Suriname,SUR,2021,14,60.67706118446,53.5926975754331,62.0619089221151
Lebanon,LBN,2021,26,60.5443761105095,60.168461360999,63.093316484976
São Tomé and Príncipe,STP,2021,8,60.1959066869769,55.3170745641739,62.2379972997819
Rwanda,RWA,2021,30,60.1835695390233,59.1609391551545,60.7869716647301
Uganda,UGA,2021,26,59.8049279715908,58.841716975858,61.8002194981367
Mongolia,MNG,2021,31,59.6869837575039,58.5971115389336,60.4506735638046
Côte d'Ivoire,CIV,2021,28,59.1796218993133,57.9601790496506,60.252600882604
Ecuador,ECU,2021,27,58.8226150886491,57.2679326435149,59.6088980787894
Morocco,MAR,2021,30,58.7918574075493,57.5834300752586,59.6518001285404
Kyrgyzstan,KGZ,2021,28,58.0305860591172,56.8942731515381,59.1045515580417
Laos,LAO,2021,28,58.0100288749933,56.180002358942,58.205581477929
Togo,TGO,2021,11,57.9970553355574,55.5641713897217,64.3410007329204
Tajikistan,TJK,2021,27,57.9803460117221,57.7727721807429,60.1698522747548
Zambia,ZMB,2021,30,57.574687454777,56.4402127763844,58.3418896765128
Algeria,DZA,2021,30,57.2664780278032,56.3923770560266,58.6918088121874
Tunisia,TUN,2021,30,57.2492846019269,56.3563034558887,58.8769929610035
Cambodia,KHM,2021,30,57.0767868798333,56.0646275666858,57.9646818966093
Eritrea,ERI,2021,6,56.8471037883645,51.2705282889636,60.0031269873559
Central African Republic,CAF,2021,9,56.184108649934,51.8886188484575,60.0137932335307
Bosnia and Herzegovina,BIH,2021,31,56.1599598718989,54.7928260583783,56.8545644353628
Moldova,MDA,2021,30,56.0088779150515,54.3623117105517,57.055918873809
Cameroon,CMR,2021,28,56.0074964698444,54.8122190142466,56.9388823026974
Djibouti,DJI,2021,9,55.8521788453548,51.7136898305802,63.6474033769976
Turkmenistan,TKM,2021,8,55.7235362718255,48.4936794198214,59.228076272559
Timor-Leste,TLS,2021,11,55.6197543029143,47.3764079453508,57.3406768666355
Afghanistan,AFG,2021,8,55.4397965962419,50.8055069227214,59.9900060051664
Guinea-Bissau,GNB,2021,7,55.1873658887519,51.2843986172055,59.0529903491843
Equatorial Guinea,GNQ,2021,7,55.1327938982387,51.0669842609334,59.1471741273281
Nepal,NPL,2021,28,54.9856223484974,53.7826389096251,55.7744286774665
Republic of Congo,COG,2021,10,54.9079866103178,50.9840832867132,59.1891976297395
Comoros,COM,2021,8,54.6258132735493,50.4677713242885,59.2504843283383
Nigeria,NGA,2021,29,54.4632281810971,53.3381834126013,55.559756443861
Mali,MLI,2021,29,54.2256344602738,52.9742329511881,54.8192303543921
Iraq,IRQ,2021,9,54.1627185040311,51.2596410146643,59.2920478483912
Belize,BLZ,2021,13,54.117840645284,49.7748568882511,59.9884851319836
Somalia,SOM,2021,9,53.7388850377408,42.0528654919175,54.9618300107209
Zimbabwe,ZWE,2021,29,53.6487723260926,52.4669923289149,54.4079749666929
South Sudan,SSD,2021,6,53.4561694157863,49.8335462244291,58.0369169682391
Paraguay,PRY,2021,29,53.1805298128343,51.4602179117146,53.9691288293895
Lesotho,LSO,2021,29,52.5076987803026,51.1735014654398,53.376501758848
Malawi,MWI,2021,27,52.4854465307254,50.6320696700196,52.9219728275932
El Salvador,SLV,2021,30,52.2560575278857,50.9405804339301,53.0187177371733
Burundi,BDI,2021,26,51.5070885928018,49.793007116899,52.3635979507902
Syria,SYR,2021,12,51.4183276894505,48.0547003373535,55.1658792445597
Honduras,HND,2021,28,51.0796590495306,49.9869141298149,52.1464408966924
Bolivia,BOL,2021,29,51.0024289363804,48.993326166537,52.8107529250334
Sierra Leone,SLE,2021,26,50.4079564408804,48.5652588995061,51.4348268732069
Iran,IRN,2021,31,48.9914564254192,47.6066656794201,49.8459839736747
Liberia,LBR,2021,29,48.7557205961322,47.437667748922,49.633573079896
Bangladesh,BGD,2021,27,47.9083021427441,46.3586636757301,49.1213967884172
Myanmar,MMR,2021,15,46.8836556496577,38.2154259980006,48.7427115401483
Nicaragua,NIC,2021,26,41.8580477713027,39.7283736450488,43.2195212247716
Guinea,GIN,2021,26,39.8245979275931,37.6322175442539,41.3494920965988
Yemen,YEM,2021,26,36.0627712839845,33.4260783776161,37.1794565359011
Democratic Republic of Congo,COD,2021,25,35.8020092847711,33.8332479073438,37.6579834789558
Chad,TCD,2021,26,35.4484517262929,33.1108887539388,36.7075408899339
Libya,LBY,2021,11,31.5958493569721,18.1294208212252,33.4009073777508
Venezuela,VEN,2021,26,29.5517895394884,21.9619512330694,32.6183611302632
Mauritania,MRT,2021,24,25.4586303143605,9.25243253509513,27.2839069526787
Angola,AGO,2021,26,1.15248878594058,0,3.56742491246714
United States of America,USA,2020,28,98.4421000460761,95.7575178390483,100
Sweden,SWE,2020,31,98.1556676697971,96.9865990131847,99.1049991674654
Denmark,DNK,2020,31,97.3129448838405,96.124880413004,98.1798165738742
Netherlands,NLD,2020,30,97.0162943642276,95.8968365192559,97.8523059111308
Switzerland,CHE,2020,31,96.7569644933946,95.4820883683754,97.6349550071869
United Kingdom,GBR,2020,31,96.3619540808872,95.1990562444791,97.2463909675323
Hong Kong,HKG,2020,30,96.0439356807917,94.757700821074,96.8378102607582
Finland,FIN,2020,31,95.8970526552249,94.5598363525948,96.7201358366071
Germany,DEU,2020,31,95.8677495586089,94.8318369617948,96.5637955914584
Singapore,SGP,2020,31,95.5839041219764,94.3753140029889,96.4592900848565
New Zealand,NZL,2020,31,94.8076362927629,93.5701435906772,95.6700493471158
Iceland,ISL,2020,31,94.3358281606811,93.2869878548303,95.1887666201866
Luxembourg,LUX,2020,30,94.1604424500835,92.6702176094502,95.0584063949657
Norway,NOR,2020,20,93.9935567475636,90.8518558946837,96.3569476797937
Canada,CAN,2020,31,93.4287599830377,92.2873038163061,94.1873302502811
Ireland,IRL,2020,31,92.1014598239906,90.9549185561868,92.9372082313953
Israel,ISR,2020,31,91.8619157325218,90.7010248370854,92.671911811232
Australia,AUS,2020,31,91.6910965482055,90.6564575539469,92.4747945078391
Taiwan,TWN,2020,28,90.9878957129071,89.6638232938972,92.260567981656
Belgium,BEL,2020,31,90.00192368164,88.927678747042,90.7430824969345
Estonia,EST,2020,31,89.9401741093885,88.7829153281406,90.7804450940708
Malaysia,MYS,2020,31,89.1231285534957,88.0011686284138,89.9487527285629
United Arab Emirates,ARE,2020,30,88.6086648950936,87.6049390860042,89.8706021646356
Austria,AUT,2020,31,88.015035269508,86.8997795471184,88.715621114921
Japan,JPN,2020,31,87.3722618786253,86.3989244446857,88.1172767173015
China,CHN,2020,31,86.5665589179987,85.3607252375035,87.360381911104
Qatar,QAT,2020,28,86.1767086703937,85.224510477357,88.9304193459439
France,FRA,2020,31,84.3084558266999,83.3225689222068,85.1128083854674
South Korea,KOR,2020,29,83.9685927211077,82.942299186265,85.0544035862196
Lithuania,LTU,2020,31,81.8737003587498,80.7597428788088,82.5273417724662
Czech Republic,CZE,2020,31,81.4648315540254,80.4321401021226,82.1571057712664
Malta,MLT,2020,31,80.2486717871417,79.0473296016459,80.968737893769
Portugal,PRT,2020,31,79.1634870290078,78.1999904423159,79.8618756403757
Slovenia,SVN,2020,31,78.6484709658384,77.5827333397256,79.2707721048518
Latvia,LVA,2020,31,78.1443740553507,77.0873679990216,78.8203145502605
Indonesia,IDN,2020,28,78.1180653938815,77.1621167317558,79.4168726907388
Cyprus,CYP,2020,31,77.6241125292839,76.6056564102715,78.465360274769
Azerbaijan,AZE,2020,30,77.5124049303682,76.2161064284197,78.2811703766259
Philippines,PHL,2020,29,76.7622180978996,73.7141126122287,76.905728324593
Saudi Arabia,SAU,2020,29,76.5549700017077,75.2962316821091,78.5899485456707
Seychelles,SYC,2020,27,75.0499990179838,73.6247107025942,76.0445137287983
Costa Rica,CRI,2020,31,75.0291224059113,73.9558090567473,75.7071279232678
Chile,CHL,2020,31,74.5331226789335,73.4797972580475,75.1520840439006
Italy,ITA,2020,31,74.3254602080391,73.4012235066745,74.9274358998057
Barbados,BRB,2020,27,74.0878596443961,71.9574150861168,75.0656345013629
Spain,ESP,2020,31,74.0878596443961,72.9944671367229,74.7820227449948
Brunei,BRN,2020,29,73.7716203051847,73.4880576007754,76.0048264260873
Bulgaria,BGR,2020,31,72.7831105788391,71.6982854031439,73.4338779328576
Botswana,BWA,2020,29,72.7538352940183,71.8044239318012,74.2001540407518
South Africa,ZAF,2020,29,72.5650779438061,71.39146790331,74.0170193319557
Mauritius,MUS,2020,31,72.436097199925,71.3157333224555,73.0865358662812
Slovakia,SVK,2020,31,72.2377403968249,71.1292755179334,72.8817614098258
Thailand,THA,2020,31,72.1676745521859,71.0998252859702,72.7231123632034
Romania,ROU,2020,27,71.5591774842819,65.0391356854486,71.8618857721151
India,IND,2020,31,71.4668206850821,70.5266601813289,71.9630755964758
Bahrain,BHR,2020,27,71.163745092216,70.6165014843739,73.1330962301314
Montenegro,MNE,2020,31,71.163745092216,70.0968438929209,71.8729038078369
North Macedonia,MKD,2020,31,71.0597439028913,69.8812676958078,71.8667874561198
Cabo Verde,CPV,2020,27,71.0299790149564,70.3678640161241,73.2263401282288
Jordan,JOR,2020,30,70.7444903984263,70.001422048095,72.0614423821762
Poland,POL,2020,31,70.292084151527,69.149608152861,70.84659389165
Georgia,GEO,2020,31,69.9095491213078,68.8496065318214,70.5614432869732
Uruguay,URY,2020,31,69.8876041516601,68.8576058531496,70.5717768054911
Russia,RUS,2020,30,68.9462859418322,67.5708100981659,69.588653232881
Jamaica,JAM,2020,29,68.8048847262829,66.9158990720216,69.202769995631
Kazakhstan,KAZ,2020,30,67.8176582901417,66.3622880926354,68.237401570702
Kuwait,KWT,2020,29,67.2528822896911,66.4480527575606,68.4599108950425
Panama,PAN,2020,31,66.9630871933074,65.8792500776685,67.6246471816804
Fiji,FJI,2020,9,66.768869321117,63.5816580635393,69.8683834628385
Namibia,NAM,2020,30,66.6094862789745,65.4865477988862,67.3511635621091
Oman,OMN,2020,31,66.3036060242828,65.3681439592962,66.8888856994185
Vietnam,VNM,2020,30,66.2750913695395,65.1016256837438,66.6360547788674
Sri Lanka,LKA,2020,29,66.241091011844,65.177119242253,66.8247723768693
Albania,ALB,2020,30,66.003436981111,64.5501204589017,67.2159014167837
Armenia,ARM,2020,31,65.5972421899249,64.5987084431345,66.2030348731801
Brazil,BRA,2020,30,65.5676731789215,64.4557193018664,66.3415646394917
Bahamas,BHS,2020,8,65.5225693186066,61.0612819551476,68.5213450470965
Palestinian Territories,PSE,2020,7,65.2223146336117,61.4778233987099,66.4389955755532
Guyana,GUY,2020,15,64.5389531557248,60.4028856904827,66.8767906203703
Colombia,COL,2020,31,64.5155312971104,63.5097223714249,65.2360313462067
Argentina,ARG,2020,28,64.3894653733965,63.3810546703651,67.2328080392409
Ghana,GHA,2020,28,64.2208078566576,63.0719547239034,65.1012072667204
Uzbekistan,UZB,2020,13,64.1763659676694,59.9194658258214,71.8788444786019
Kenya,KEN,2020,28,63.9273228465358,62.5650870803806,64.8762123669529
Greece,GRC,2020,31,63.8918872707995,62.8235341504173,64.6045740098949
Ukraine,UKR,2020,28,63.6950369730152,62.1992663906844,64.5377398072478
Mexico,MEX,2020,30,63.4363971044051,62.4962059760342,64.3258031770089
Hungary,HUN,2020,31,63.3521793177281,62.1124066464711,63.9925915213366
Tanzania,TZA,2020,27,63.1271191326937,61.7596588056589,63.8532642983972
Gambia,GMB,2020,26,63.0672037803894,61.3275290070476,63.4202861686313
Lebanon,LBN,2020,26,63.0398987406435,61.5196842234207,64.5727147437313
Pakistan,PAK,2020,31,62.961783680876,61.8810956146888,63.4860872905165
Senegal,SEN,2020,29,62.9149635337434,62.2521626109127,64.465918930239
Serbia,SRB,2020,31,62.6905375565125,61.5041798435038,63.4844970188491
Turkey,TUR,2020,31,62.4656783742567,61.4429679126225,63.1219542623272
São Tomé and Príncipe,STP,2020,8,62.3847655276771,53.25718761976,62.8031026127558
Suriname,SUR,2020,14,62.1490497069205,55.2611700332576,62.5912439693112
Niger,NER,2020,8,62.117615388055,58.8836484313377,64.9957030635764
Trinidad and Tobago,TTO,2020,31,62.0459110731858,60.8918720278774,62.845618724775
Guatemala,GTM,2020,29,61.9213567900728,60.7932489938297,62.4519791845957
Dominican Republic,DOM,2020,27,61.7030284798692,60.6731077496442,63.7482236196967
Eswatini,SWZ,2020,26,61.6028981472928,60.5669452532717,62.8346484989883
Rwanda,RWA,2020,31,61.1475504294048,60.1083541379896,61.7795149274828
Benin,BEN,2020,27,60.6674620889899,59.9266980103635,62.4616403733501
Egypt,EGY,2020,31,60.5410284749778,59.3822160892224,61.2926338902437
Croatia,HRV,2020,30,60.3784485779876,59.5334769000717,61.8007846189288
Tajikistan,TJK,2020,27,60.2476104852362,58.9411968330291,61.7521953491512
Peru,PER,2020,31,60.1054086772105,58.9242952397937,60.8316360072023
Cuba,CUB,2020,8,59.8663224019132,50.9711928468436,62.8385483102047
Papua New Guinea,PNG,2020,10,59.5445888483858,56.9235330132952,62.0228706770928
Uganda,UGA,2020,26,59.5172331423767,57.8495941885459,60.8579409991517
Belarus,BLR,2020,12,59.2544914788816,54.3852126924368,68.372177245167
Mongolia,MNG,2020,31,59.1166638069213,57.859497610643,59.8072798141038
Afghanistan,AFG,2020,8,59.0812029264817,52.0759595255852,60.4926883370176
Tunisia,TUN,2020,31,59.0351566639654,57.8279731450703,59.7577464795739
Morocco,MAR,2020,30,58.6909462406042,57.5230166240586,59.5462658543679
Ecuador,ECU,2020,27,58.0132018238262,57.0706201497167,59.4300693780784
Kyrgyzstan,KGZ,2020,28,57.8159808568935,56.6383153685803,58.8126051499854
Zambia,ZMB,2020,29,56.9954034896056,55.9047841699412,57.9252800621029
Laos,LAO,2020,28,56.8444141958856,55.0803227768563,57.2461893076085
Honduras,HND,2020,29,56.8238680753774,55.6891298343523,57.4778557375889
Côte d'Ivoire,CIV,2020,27,56.7781558537119,55.9867942838001,58.4730612152125
Djibouti,DJI,2020,8,56.7444856410182,53.9176981922135,62.6871005109118
Togo,TGO,2020,11,56.6597021267581,54.8786544967814,63.6942362819681
Central African Republic,CAF,2020,9,56.4358442407979,51.0099664511303,59.0817429795894
Algeria,DZA,2020,30,56.4327325816826,55.4639240838728,57.7719742532976
Bosnia and Herzegovina,BIH,2020,31,56.0875548782879,54.7244159139457,56.8282125409992
Sierra Leone,SLE,2020,26,55.9275394302541,54.3961022817916,57.197490046965
Lesotho,LSO,2020,29,55.9228618923744,54.6845883645706,56.7274296640737
Cambodia,KHM,2020,30,55.602954383477,54.7079977010081,56.5454174187874
Moldova,MDA,2020,30,55.5813943042363,54.1579670926446,56.6442537515207
Guinea-Bissau,GNB,2020,7,55.4808398861062,52.1248751996014,58.9039230032009
South Sudan,SSD,2020,6,55.4489223757299,49.188440584685,58.5521106680038
Cameroon,CMR,2020,28,55.2405695309651,53.6596775123501,55.9173496601786
Sudan,SDN,2020,8,55.0548315746118,52.5671006002351,60.6744965367713
Iraq,IRQ,2020,9,54.942730759796,51.5132560420983,59.2276383790668
Nigeria,NGA,2020,30,54.8958953903656,53.6040095903444,55.7891202303571
Timor-Leste,TLS,2020,11,54.7389958163901,50.0816725783826,58.3103974927971
Republic of Congo,COG,2020,10,54.6543331830475,51.9659873084224,59.1693577856318
Mali,MLI,2020,29,54.6227013071529,53.3986712753977,55.3324848077108
Nepal,NPL,2020,28,54.576233620364,53.2985582594203,55.3565883104626
Syria,SYR,2020,12,53.83396207164,45.8012893859052,55.1948350265682
Turkmenistan,TKM,2020,8,53.8071937074587,47.730673023663,58.6750445677618
Eritrea,ERI,2020,6,53.5632325344611,50.4113163159929,59.5164220790963
Equatorial Guinea,GNQ,2020,7,53.4755480099539,50.3288162417025,59.4748586218695
Burkina Faso,BFA,2020,27,53.3518821968301,51.616279926346,54.4958813601691
Belize,BLZ,2020,13,53.180394353028,50.4696742929561,60.1855401495933
Zimbabwe,ZWE,2020,29,52.1405550880478,51.1046820974806,53.1058239792569
Paraguay,PRY,2020,29,52.0858772599174,50.7389735878264,53.0609120278595
Comoros,COM,2020,8,52.0128353498424,50.9454243547134,59.716144529174
El Salvador,SLV,2020,30,51.6462296679967,50.2974107535274,52.4774270633001
Ethiopia,ETH,2020,29,51.4343185418757,50.4250742206072,53.1933737367414
Liberia,LBR,2020,29,51.342940232395,50.1077344828886,52.0679784811584
Bolivia,BOL,2020,29,51.3096338756959,49.2378406847034,53.334745690436
Iran,IRN,2020,28,50.9895862595228,49.6031682243408,51.9344374328146
Malawi,MWI,2020,27,50.8447340336988,49.4085386392496,52.1496968173258
Mozambique,MOZ,2020,28,50.8288157896493,48.7843983830403,51.3270916151867
Burundi,BDI,2020,26,49.8035641585906,48.8376529115331,51.7876836184194
Madagascar,MDG,2020,27,49.3717089626278,48.7031116530991,51.6578100523859
Somalia,SOM,2020,9,49.3316888759699,38.3340850914548,55.0063124202953
Bangladesh,BGD,2020,27,48.1593920850267,47.0274446005345,49.728865052409
Myanmar,MMR,2020,15,46.8401263550966,38.6793377086962,49.0133854448044
Guinea,GIN,2020,26,44.2618253363286,42.2135575669227,45.9386667352979
Nicaragua,NIC,2020,26,42.3588845946535,41.5480963690927,44.8556603454426
Democratic Republic of Congo,COD,2020,25,36.3662848610282,34.7229657605495,38.4218162334615
Chad,TCD,2020,26,36.2931399820086,34.585478906117,38.6307932811941
Yemen,YEM,2020,26,35.0993875374701,33.1795152990405,36.5859306101002
Gabon,GAB,2020,26,34.6938012262559,33.5458815171862,36.568318237542
Haiti,HTI,2020,24,33.2942373245235,31.3264286412112,35.6628077044671
Libya,LBY,2020,11,28.6106636033917,17.1902858459476,33.2616591057637
Venezuela,VEN,2020,26,28.0663862612803,20.9030958837608,31.7186974582869
Mauritania,MRT,2020,24,17.1776433978772,0,19.752923371092
Angola,AGO,2020,25,0,0,3.8432920825517
United States of America,USA,2019,28,99.8905798163304,96.1719789673685,100
Sweden,SWE,2019,31,98.675378062168,97.5005858607207,99.5421826668331
United Kingdom,GBR,2019,31,97.7649449717806,96.7364667844712,98.7231869170494
Switzerland,CHE,2019,31,97.4739059621304,96.191447192094,98.4440419988033
Netherlands,NLD,2019,30,97.472796196662,96.0481219868904,98.2784634252477
Germany,DEU,2019,31,97.0346982720524,95.8634143154331,97.7765083703454
Denmark,DNK,2019,31,96.666802284374,95.5072429265749,97.4575267179802
Hong Kong,HKG,2019,30,96.4954902704303,95.2218167961508,97.3068657752045
New Zealand,NZL,2019,31,95.8414848578381,94.7124964893268,96.7452572521506
Finland,FIN,2019,30,95.3871928437778,94.3535031150893,96.741377973361
Singapore,SGP,2019,31,95.2872488846303,94.0748789847497,96.1281352009479
Iceland,ISL,2019,31,94.4512167974985,93.2408155500012,95.2912896304936
Norway,NOR,2019,30,93.821308568157,92.7234181997375,94.8966895352905
Luxembourg,LUX,2019,30,93.2923328953415,92.4370968583382,94.9144802781677
Ireland,IRL,2019,31,92.9169467921949,91.7697819732475,93.6267115172128
Canada,CAN,2019,31,92.6855560356847,91.5118566778838,93.5632074169026
Australia,AUS,2019,31,91.782664743145,90.7056279145261,92.608707377907
Israel,ISR,2019,30,91.7609713187823,90.8447141205779,93.1540214682207
Belgium,BEL,2019,31,90.1624431725266,89.07404245867,90.9039115809721
Taiwan,TWN,2019,28,89.8970577156659,88.4068503261332,90.8389472872482
Malaysia,MYS,2019,31,89.8385610140548,88.8478998427159,90.6207317354349
Japan,JPN,2019,31,88.9680879004456,87.8117452818137,89.6770345995827
Austria,AUT,2019,31,88.7088942593649,87.5644234203888,89.423454449232
Estonia,EST,2019,31,88.1985715534385,87.0827528535949,88.9537097848511
United Arab Emirates,ARE,2019,30,87.3163800530206,85.9734514963722,88.2615646292691
Qatar,QAT,2019,29,85.1201130312347,84.2953824759371,86.9281811005242
South Korea,KOR,2019,29,83.9304025131516,82.7673326135621,85.2365428808235
France,FRA,2019,31,82.9756038066224,81.9157979314451,83.713775805164
Czech Republic,CZE,2019,31,82.2472742956357,81.2169519832472,82.907985943033
Malta,MLT,2019,31,81.4607900556915,80.5303347120806,82.169904526488
China,CHN,2019,31,80.929014279634,79.9555735568654,81.6047030980556
Portugal,PRT,2019,31,80.1099903743845,78.9565163988712,80.813263602216
Lithuania,LTU,2019,31,79.9162909317479,78.9994362695164,80.5914307912175
Slovenia,SVN,2019,31,78.9200069794657,77.9445236664084,79.5676878538293
Cyprus,CYP,2019,31,78.1754681840326,76.8951927464026,78.974517884274
Indonesia,IDN,2019,28,78.1104157287992,76.9953184878207,79.3023756975114
Latvia,LVA,2019,31,77.7108987851591,76.6309671896855,78.4138280714867
Costa Rica,CRI,2019,31,75.2126930372219,74.1659071487304,75.9034640304002
India,IND,2019,31,75.1576360388861,74.1246045560452,75.7251141350916
Chile,CHL,2019,31,74.8321560911625,73.8057307083678,75.4922446218929
Azerbaijan,AZE,2019,30,74.5083008088414,73.5643341413531,75.4237347340993
Italy,ITA,2019,31,74.0826375247938,73.1550493156159,74.7128634040328
Philippines,PHL,2019,30,74.0281612858322,73.0960680065721,74.9022601552479
Mauritius,MUS,2019,31,73.9868819835584,72.8211809489569,74.7148768848425
Barbados,BRB,2019,17,73.5387221568771,69.4979906616907,78.1384416397933
Spain,ESP,2019,31,73.3856305903461,72.2797361450412,74.0709364121529
Slovakia,SVK,2019,31,73.3805149519952,72.3831705164924,74.0385210198945
Saudi Arabia,SAU,2019,29,73.3729190414011,72.6700453929713,75.8695018942549
South Africa,ZAF,2019,29,72.5263748004284,71.2523690283145,73.8877896709238
Thailand,THA,2019,31,72.1474063526135,71.0774760691592,72.6828264518179
Brunei,BRN,2019,29,72.0941688135678,70.5510823124532,73.0094207655987
Cabo Verde,CPV,2019,27,71.5544862647428,69.2531470059941,72.3103583570583
Botswana,BWA,2019,29,71.4687912282491,70.6842108607667,72.8102297940599
North Macedonia,MKD,2019,31,71.4687912282491,70.2210313531041,72.195759484304
Bulgaria,BGR,2019,31,70.807509361642,69.7360375900851,71.4739513556939
Montenegro,MNE,2019,31,70.623372994094,69.5372801550205,71.2758852124952
Bahrain,BHR,2019,18,70.5059260655484,67.9241575448257,74.6124014091833
Poland,POL,2019,31,70.2840299992275,69.0467195541409,70.903800165387
Seychelles,SYC,2019,27,69.6683111225213,68.3094125654534,70.6512813336044
Russia,RUS,2019,30,69.5745168440942,68.4559898796285,70.4196491859981
Jamaica,JAM,2019,29,69.5340493602685,68.0602634186947,70.483766364218
Jordan,JOR,2019,30,69.4820701609015,67.7691717577396,70.0325727936478
Uruguay,URY,2019,31,68.6535488219284,67.5962807704577,69.3202929039883
Georgia,GEO,2019,31,68.6140604431563,67.5105170190779,69.2568749434031
Kazakhstan,KAZ,2019,30,68.2415307007477,67.0572502669801,69.1938012012473
Bahamas,BHS,2019,8,67.89364882299,63.0625434361832,68.7036860985739
Panama,PAN,2019,31,67.7075060758338,66.5897715059309,68.4873037245921
Albania,ALB,2019,30,66.5576636608865,65.517966024748,68.0711506100823
Oman,OMN,2019,30,66.1858080699537,64.7643747554376,66.8029127189264
Kuwait,KWT,2019,29,66.0915600336947,65.0753075569569,67.2295953078867
Fiji,FJI,2019,8,66.006871442216,59.5611528452817,67.6987781586572
Guyana,GUY,2019,15,65.6759634348135,60.1343912738685,66.6599407642718
Brazil,BRA,2019,30,65.5857233390731,64.3676573895257,66.2440011896512
Namibia,NAM,2019,30,65.4534787964109,64.3192968924834,66.2895475353943
Armenia,ARM,2019,31,65.0326408836306,64.0513919419449,65.6089980740963
Romania,ROU,2019,27,65.009417936104,63.2153074348532,67.967767209923
Ghana,GHA,2019,28,64.9836414189165,63.9059505134573,66.2087459643366
Sri Lanka,LKA,2019,29,64.9655759309069,63.6918103714315,65.4984156594486
Lebanon,LBN,2019,26,64.9645218772544,62.702492072638,65.8744252147696
Uzbekistan,UZB,2019,13,64.4307699648787,56.7579765424194,71.3868690464133
Kenya,KEN,2019,28,64.2739382830314,63.4306715909742,65.6028905217801
Trinidad and Tobago,TTO,2019,31,64.1435226847795,62.8799971136865,64.8145179684888
Greece,GRC,2019,31,64.0094304439447,62.916100304903,64.7619234150614
Argentina,ARG,2019,30,63.9794381972125,62.8749820326567,64.6670245181865
Colombia,COL,2019,31,63.9050542219359,62.7798465476308,64.5491695086331
Mexico,MEX,2019,30,63.7310718824793,62.7637228133227,64.5853363543938
Hungary,HUN,2019,31,63.5392006451992,62.3738683734476,64.3050445092134
Senegal,SEN,2019,29,63.4299682868304,62.1537333890401,64.4404699469625
Vietnam,VNM,2019,30,63.3618001002965,62.1462318848597,63.8165297407694
Serbia,SRB,2019,31,63.3068436816174,62.2003789366182,64.0103170712161
Guatemala,GTM,2019,29,63.2266518496321,62.2091426702125,63.772987206375
Palestinian Territories,PSE,2019,7,62.9237106144562,61.2084176753345,66.2047839832667
Turkey,TUR,2019,31,62.9237106144562,61.8592734546669,63.5268235377534
Ukraine,UKR,2019,29,62.538860306051,61.813539160464,63.9067245612976
Pakistan,PAK,2019,31,62.2593701871195,61.2279187438926,62.7359607340268
Croatia,HRV,2019,30,62.0932225931499,59.219741046741,62.2284312414621
Djibouti,DJI,2019,8,61.6079685093614,54.7637778862426,62.9843020293934
Papua New Guinea,PNG,2019,10,61.5823569467354,56.5974774638159,62.044205402101
Niger,NER,2019,9,61.4888962259299,58.228824293185,64.4214937756305
Tanzania,TZA,2019,29,61.1975599942618,60.2797529068749,62.2407309322357
Tunisia,TUN,2019,31,60.7298664801455,59.6414361111457,61.4211599002836
Rwanda,RWA,2019,30,60.7255045349622,59.7164505624794,62.0567700913402
Tajikistan,TJK,2019,28,60.4356627476679,58.7487840652758,61.34904587381
Cuba,CUB,2019,8,60.1502705125907,48.0422641007929,62.3034871507379
Peru,PER,2019,31,60.131545253853,58.9146778499534,60.8911990569535
Burkina Faso,BFA,2019,28,59.9910553619228,58.4905172529328,60.7889064173097
Uganda,UGA,2019,28,59.5035058650824,57.9040856321214,60.4168774475619
Egypt,EGY,2019,31,59.347855387043,58.300323530162,60.1067961960884
Dominican Republic,DOM,2019,28,59.2748597541185,58.1053543698963,60.1948494927734
Eswatini,SWZ,2019,26,59.2048551071845,57.794803939906,60.121082080599
Togo,TGO,2019,10,59.1382361125973,53.2836152600966,61.8656926473577
Mongolia,MNG,2019,31,58.6749946580281,57.5508098995256,59.3612344847262
Benin,BEN,2019,27,58.6385951555419,57.0042570134035,59.5199399296239
Moldova,MDA,2019,30,58.5840668518209,56.804093737624,59.2591607465859
Ecuador,ECU,2019,27,58.5411289153224,57.2681888697543,59.5173255024243
Kyrgyzstan,KGZ,2019,28,58.1214413969051,56.6925816674068,59.0060730192663
Zambia,ZMB,2019,29,58.0438117152468,56.6068473351999,58.4659380567521
Suriname,SUR,2019,14,58.036964233799,52.92838351645,62.514505061989
Afghanistan,AFG,2019,10,58.0066974647118,53.0982738473701,60.2283339838349
Lesotho,LSO,2019,29,57.8525108450948,56.7691396057171,58.8002161373756
Guinea-Bissau,GNB,2019,7,57.7951717458879,52.6440248959681,58.7697998173589
Sudan,SDN,2019,8,57.7649776969637,52.8093043326764,60.6552398761245
Morocco,MAR,2019,30,57.7603960349763,56.7250638612267,58.6645281685881
Honduras,HND,2019,29,57.7304526524634,56.4912920618761,58.2784243528078
Gambia,GMB,2019,27,57.5554593662364,56.2491595873678,58.3392755931295
Bosnia and Herzegovina,BIH,2019,31,57.0564908357217,55.7671661197499,57.8128236800654
Eritrea,ERI,2019,6,56.8589545947663,50.9177761912368,59.5964247584166
Sierra Leone,SLE,2019,28,56.7463345956523,55.4816019953734,57.7127070760459
Republic of Congo,COG,2019,10,56.52582867599,50.4338136844491,59.1480228458308
São Tomé and Príncipe,STP,2019,8,56.3020868125357,52.411748885676,61.2493130321183
Iraq,IRQ,2019,9,56.130667903395,51.3685340911155,58.5525448142813
Mali,MLI,2019,29,55.7064636123484,54.5325453486278,56.490763067879
Côte d'Ivoire,CIV,2019,27,55.5945992211121,54.6507999924512,57.1100183711451
Cambodia,KHM,2019,29,55.583385595503,54.5225144660159,56.439965673728
Laos,LAO,2019,27,55.5325256224553,54.0660391298294,56.195369348971
Turkmenistan,TKM,2019,8,55.3005478866526,48.135021478984,58.2211641239718
Comoros,COM,2019,8,55.119257214731,48.8962581131167,58.7511428696559
Ethiopia,ETH,2019,29,54.9563478828357,53.4058475653593,55.869829432639
Bolivia,BOL,2019,29,54.5735699641007,52.8718017116079,56.5032179374175
Central African Republic,CAF,2019,9,54.5242725710169,50.8851580990644,58.89790159612
Iran,IRN,2019,28,54.4211507162837,53.1583946665192,55.2379661974383
Nepal,NPL,2019,29,54.1754904731774,52.754394837118,54.8171591249056
Cameroon,CMR,2019,27,54.1480986168029,53.1505315459501,55.7739932336948
Belarus,BLR,2019,12,53.9099133189396,53.1381024981297,69.0550525005157
Nigeria,NGA,2019,28,53.7228065255381,52.5468258289522,55.0423375059415
Belize,BLZ,2019,13,53.6184602787739,49.5447210945568,58.5708710839794
Paraguay,PRY,2019,29,53.1279701378522,51.8300896275367,54.0814392017505
Algeria,DZA,2019,30,52.9048303458281,51.9531318746672,54.3362032460541
South Sudan,SSD,2019,6,52.3394732951485,50.1485894333579,58.1946553929454
Timor-Leste,TLS,2019,11,51.9688022285903,47.0640409685952,56.4755060012381
Syria,SYR,2019,12,51.8015961854387,47.6499696938101,55.8163271642279
Mozambique,MOZ,2019,28,51.4098109978019,49.4857447425516,51.8892674126417
Liberia,LBR,2019,28,51.0965476180443,49.8508317825553,52.2425046929745
El Salvador,SLV,2019,30,50.9598139101124,49.568184703381,51.7456207162986
Malawi,MWI,2019,27,50.441982175112,49.1664449601895,51.7523401883811
Bangladesh,BGD,2019,29,50.3628722183913,49.0794436440136,51.1760145574363
Madagascar,MDG,2019,28,49.5540668922162,48.3548552663083,51.0147274332343
Somalia,SOM,2019,9,49.2617488444924,37.0065432475549,54.1831914610745
Zimbabwe,ZWE,2019,29,48.5595857881003,47.4373141029384,49.6571501572445
Equatorial Guinea,GNQ,2019,7,48.0095074286449,47.4277794746683,59.5979914632931
Nicaragua,NIC,2019,26,47.1014558526641,44.3829008898163,47.6423731476765
Myanmar,MMR,2019,17,45.9903327282065,39.0645776438066,48.6398523701327
Burundi,BDI,2019,26,45.0447450602664,43.6402684575669,46.5741018356772
Guinea,GIN,2019,26,41.7160803690403,39.9043035164722,43.7361501348571
Gabon,GAB,2019,17,41.6583082283123,37.6485915349064,46.5143041393256
Democratic Republic of Congo,COD,2019,25,39.7206968960298,38.9078390399048,42.1685196644348
Chad,TCD,2019,27,37.0293593103058,35.8104644648633,39.0576788993317
Haiti,HTI,2019,24,34.7056147923526,33.7120498573443,37.9585993069026
Yemen,YEM,2019,27,34.5785430099706,32.582887398674,36.478245823988
Libya,LBY,2019,11,33.2666042545884,16.2671433029593,33.9786321179656
Venezuela,VEN,2019,26,32.3910685835531,26.7434598565956,35.089740526302
Mauritania,MRT,2019,27,14.4611423399458,0,16.621304007831
Angola,AGO,2019,25,1.18252906110513,0,6.02829158466762
Sweden,SWE,2018,31,98.7918420717498,97.6054668180711,99.63726730353
Germany,DEU,2018,31,98.1175498940967,96.9505121710425,98.9360045717333
United Kingdom,GBR,2018,31,98.1059299299702,96.9425301661452,98.9815138820277
Switzerland,CHE,2018,31,97.8823562343544,96.6128391881305,98.7039781038719
Netherlands,NLD,2018,30,97.5919166600875,96.6052919859341,98.8694389427963
New Zealand,NZL,2018,30,97.5098547551692,95.7245563948718,98.7299223149663
United States of America,USA,2018,28,97.2181012445551,96.6051087836523,100
Hong Kong,HKG,2018,30,96.598279269556,95.4487897047191,97.5696568745471
Denmark,DNK,2018,31,96.0068656614474,94.7592376059487,96.9554172502366
Singapore,SGP,2018,31,95.5792921932544,94.344271732983,96.4194986038313
Finland,FIN,2018,29,95.491419888623,94.3398877638123,97.004299169531
Iceland,ISL,2018,31,95.3458353574547,94.1052783297673,96.2017139148582
Norway,NOR,2018,30,94.849334822402,93.795420082489,95.9233334027077
Luxembourg,LUX,2018,30,93.6215498872037,91.7479279244894,94.4152988231818
Ireland,IRL,2018,31,92.9686239713086,91.7180442932698,93.7111977825342
Israel,ISR,2018,30,92.4257652340888,91.6372836321722,93.9223722086678
Canada,CAN,2018,28,91.0875498564269,90.8141686324084,95.2047164236394
Malaysia,MYS,2018,30,90.4724153094392,89.2625996826598,91.5301669569547
Australia,AUS,2018,31,90.4714710939523,89.3845420725123,91.3286069991399
Belgium,BEL,2018,31,90.4243294371474,89.3030049301809,91.2037975428094
Taiwan,TWN,2018,28,90.2151457658044,88.7292589699424,90.9606719513734
Estonia,EST,2018,31,88.9820856305816,87.7756549941901,89.7011821778636
Japan,JPN,2018,31,88.8658866724405,87.7841489235143,89.5846914982929
Austria,AUT,2018,31,88.2859264808778,87.148953440471,88.9542813510569
United Arab Emirates,ARE,2018,29,85.4788936506874,83.6656725102377,86.1362049628478
Qatar,QAT,2018,28,84.3875967864866,83.6546615955327,86.5542854032865
South Korea,KOR,2018,29,83.0017357361287,81.8979290727919,83.9399008852462
France,FRA,2018,31,82.6373931118784,81.4659790201684,83.3634617613782
Malta,MLT,2018,31,81.9985153943186,81.0771472132283,82.7219090283081
Czech Republic,CZE,2018,31,81.9586440580643,80.7748421568744,82.6071396741054
China,CHN,2018,31,80.1333854450955,79.0785027051156,80.7653118053046
Portugal,PRT,2018,31,79.3465814711959,78.2616278267779,80.0183670735674
Lithuania,LTU,2018,31,78.7183367074973,77.7526916610274,79.400212381142
Slovenia,SVN,2018,31,77.6806114446726,76.511086095769,78.2581266099128
Cyprus,CYP,2018,31,77.4523861334549,76.266606785273,78.1386106764879
Indonesia,IDN,2018,28,76.9253633286295,75.6755049327778,77.6472534059166
Costa Rica,CRI,2018,31,76.253480054516,75.3129630616688,77.0117484210482
Latvia,LVA,2018,31,75.8969227793403,74.7907611161899,76.6491273578165
Mauritius,MUS,2018,31,75.0212373980466,73.9964727818411,75.7448631982779
India,IND,2018,31,74.6153567004375,73.5298909883514,75.1592626141489
Chile,CHL,2018,31,73.880091603402,72.7463391925624,74.522813169113
Azerbaijan,AZE,2018,30,73.5295329828888,72.1231764548352,74.3340995688108
Puerto Rico,PRI,2018,28,73.4147717546531,73.2968053041341,75.8691850592402
Slovakia,SVK,2018,31,73.3219912573879,72.214700586227,73.932608077765
Italy,ITA,2018,30,72.9860394089136,72.1054270526734,74.2452066535335
Spain,ESP,2018,31,72.6357391544442,71.4765010117036,73.2471964800182
South Africa,ZAF,2018,29,72.5685542901628,71.6421692943365,74.1776299536514
Botswana,BWA,2018,29,71.335584616005,70.1648357129441,72.4116022256917
Brunei,BRN,2018,28,71.335584616005,70.2484130497033,73.1020341234325
Thailand,THA,2018,31,71.335584616005,70.2703593322342,71.9638198443543
Barbados,BRB,2018,18,70.9487762269227,70.199546407889,78.6672029164577
North Macedonia,MKD,2018,21,70.9487762269227,70.5495937739165,79.0592042048038
Bahrain,BHR,2018,18,70.2880955904725,66.8721377342766,73.542210706101
Saudi Arabia,SAU,2018,29,70.2880955904725,69.3845376496917,72.3063102620304
Panama,PAN,2018,31,69.9783221195233,68.9077695354257,70.5663786185019
Philippines,PHL,2018,29,69.895597377628,68.7022419690334,71.1249743242121
Poland,POL,2018,31,69.5617475432358,68.485188503118,70.0670669544031
Cabo Verde,CPV,2018,27,69.2500427457457,67.6865658897549,70.5706005381682
Bulgaria,BGR,2018,31,68.6950656149028,67.6086965702154,69.2917577550899
Russia,RUS,2018,30,68.568751522275,66.8089888181906,68.9968229677036
Montenegro,MNE,2018,31,68.5556769491141,67.4494104181906,69.2760510539414
Uruguay,URY,2018,31,68.1505803383652,67.1346352888623,68.8379429845696
Kazakhstan,KAZ,2018,30,67.9956515812759,67.0542499822394,69.028415617045
Bhutan,BTN,2018,27,67.6233368343894,65.857174845704,68.5168654232408
Jamaica,JAM,2018,29,67.1327286235494,66.3196949490802,68.7409831838184
Jordan,JOR,2018,29,66.9853652909833,66.0937415015966,68.3564075888808
Georgia,GEO,2018,31,66.1509336956135,65.1313619323656,66.866230886644
Bahamas,BHS,2018,8,65.5676322063194,63.4844800241108,68.8764174007614
Brazil,BRA,2018,30,65.4259337543845,64.3818317865018,66.1992137223054
Lebanon,LBN,2018,26,65.0272232711269,63.8365072584405,66.7063721987405
Sri Lanka,LKA,2018,29,64.7804361103367,63.5878851264296,65.3331762135323
Albania,ALB,2018,30,64.5188965997652,62.8554367631587,65.3319607543016
Oman,OMN,2018,20,64.4756316843554,56.8678097791617,65.328452506644
Palestinian Territories,PSE,2018,7,64.4756316843554,62.58938339815,67.017292269513
Namibia,NAM,2018,30,64.3372352144202,63.1472109330103,65.0024542856395
Fiji,FJI,2018,8,64.2064471538247,57.6996497996987,66.4715860319313
Niger,NER,2018,9,63.8324439808642,61.0438943350396,66.6209936266889
Argentina,ARG,2018,30,63.7375333939205,62.6071177711264,64.3805107763567
Armenia,ARM,2018,31,63.7375333939205,62.6184331066584,64.3849336709136
Kenya,KEN,2018,28,63.7375333939205,62.8541657874778,65.0152966001698
Greece,GRC,2018,31,63.4624103606169,62.4221227366262,64.187454725083
Mexico,MEX,2018,30,63.4372155953317,62.4024060239152,64.3525222901992
Guyana,GUY,2018,15,63.359113850895,60.8331205684033,67.3570512290851
Romania,ROU,2018,27,63.359113850895,61.825386575338,66.015401150256
Guatemala,GTM,2018,29,63.3488203985498,62.3507665132471,64.1302181851133
Trinidad and Tobago,TTO,2018,30,63.3488203985498,62.3354970577549,64.506796353226
Colombia,COL,2018,31,63.297050626611,62.2153398789521,63.958290347696
Ghana,GHA,2018,28,63.297050626611,62.3114652609905,64.1649548733142
Kuwait,KWT,2018,29,62.6739320049741,61.3734220047162,63.5918283164238
Senegal,SEN,2018,29,62.5318496225943,61.6538314921916,63.7773153905613
Turkey,TUR,2018,21,62.5318496225943,58.833166349385,67.0439774281289
Seychelles,SYC,2018,27,62.3770080513661,60.2526699717253,62.8567859090684
Ukraine,UKR,2018,30,62.3534182324781,61.1204393222632,63.0878806975534
Belarus,BLR,2018,12,62.0762029449018,55.1458284070493,68.5360269358532
Uzbekistan,UZB,2018,13,62.0762029449018,54.508208024479,70.2508011536833
Vietnam,VNM,2018,30,62.0762029449018,60.9317375081548,62.7534795189891
Hungary,HUN,2018,31,61.4031923830327,60.1860875678592,62.170952278546
Peru,PER,2018,31,60.7924321579251,59.5822075301587,61.4824635582737
Djibouti,DJI,2018,8,60.4671592398472,57.3512331897458,63.9534271695728
Pakistan,PAK,2018,31,60.0616080381683,59.0052681997949,60.6516847566313
Croatia,HRV,2018,30,59.7941817281821,58.2320116223188,60.4459014130285
Papua New Guinea,PNG,2018,8,59.5429455514152,57.6527138283446,62.3925488816388
Tajikistan,TJK,2018,18,59.5429455514152,54.8330906885473,64.3832441148192
Tanzania,TZA,2018,29,59.5265367548335,57.8144780367165,60.0962167751759
São Tomé and Príncipe,STP,2018,8,59.4888275420898,54.1923510688201,62.4098988644323
Serbia,SRB,2018,31,59.411781362282,58.1639632951048,60.1599379967305
Republic of Congo,COG,2018,10,58.8312231835322,51.3376999880893,60.1497865071121
Uganda,UGA,2018,28,58.4873142062202,56.8844123433241,59.5069554709837
Tunisia,TUN,2018,31,58.3738966266637,57.1858454249534,59.0634046868994
Sudan,SDN,2018,8,58.2857863646237,53.354654700693,61.5300806840246
Burkina Faso,BFA,2018,18,57.8911080820451,50.0517442255696,60.16723230504
Ecuador,ECU,2018,27,57.7751892257646,56.4606213397288,58.732834275954
Suriname,SUR,2018,14,57.7751892257646,53.6547559876461,62.5785908591723
Turkmenistan,TKM,2018,8,57.5525208115227,48.6538807741338,58.0056798272305
Zambia,ZMB,2018,29,57.4660754843599,56.3014120004089,58.3115999569391
Togo,TGO,2018,10,57.4548391278306,53.7369610557577,62.1955572112533
Afghanistan,AFG,2018,10,57.351275814075,53.0659173933835,60.679347379632
Morocco,MAR,2018,30,57.0916176352478,55.9391353538925,57.9452735981958
Mongolia,MNG,2018,31,56.9815907754859,55.8982022987814,57.7035694721968
Côte d'Ivoire,CIV,2018,17,56.9523283591199,54.319851733459,63.0721959494851
Belize,BLZ,2018,13,56.7894777201251,49.9906955622054,59.590268006687
Bosnia and Herzegovina,BIH,2018,31,56.7755246685468,55.4903114636518,57.5402937932291
Cambodia,KHM,2018,29,56.765003648567,53.2700439450315,56.9289960018028
Kyrgyzstan,KGZ,2018,28,56.7429167784993,55.7163950100408,58.0923214579708
Laos,LAO,2018,26,56.7429167784993,54.6355667056872,57.4052626557071
Dominican Republic,DOM,2018,28,56.7346959903831,55.3276482236445,57.5565328038958
Rwanda,RWA,2018,30,56.7048507487062,55.4061398704868,57.5553381069136
Eswatini,SWZ,2018,26,56.5030906852677,55.0314004152036,57.6835080229404
Honduras,HND,2018,29,56.5030906852677,55.2996477742931,57.119852826162
Equatorial Guinea,GNQ,2018,7,56.4256232304223,50.5810835085478,59.83165796597
Lesotho,LSO,2018,29,56.4256232304223,55.2589857242616,57.3024475403599
Egypt,EGY,2018,31,56.3561833736118,55.2835837650441,57.0899374511077
Gambia,GMB,2018,25,56.0085380882504,53.9475497467347,56.7589306804885
Mali,MLI,2018,29,56.0085380882504,54.6942424024739,56.6382733224917
Benin,BEN,2018,27,55.9432992055264,53.8060270560529,56.4337086233525
Eritrea,ERI,2018,6,55.9432992055264,49.8890442165049,59.6903355151101
Moldova,MDA,2018,30,55.8137054957739,55.5538503921704,57.7188290306806
Timor-Leste,TLS,2018,11,55.7904676506104,47.3105388056452,56.6020728085065
Central African Republic,CAF,2018,9,55.7174126280988,49.8339822636135,58.8982312124132
Nigeria,NGA,2018,28,55.5581404721556,54.2142652950673,56.3897325310345
Iran,IRN,2018,28,55.49867162742,53.9953398078461,56.1924691495902
South Sudan,SSD,2018,6,55.49867162742,50.0344906658009,59.2628733178643
Guinea-Bissau,GNB,2018,7,55.3032473294112,51.2291278232525,58.1545835835962
Ethiopia,ETH,2018,30,55.276411199809,53.9505725215874,56.1845859170679
Sierra Leone,SLE,2018,28,55.1974807849794,53.8132900667643,56.5471789288421
Comoros,COM,2018,8,54.7011109818144,50.1116887578433,58.6686641893814
Bolivia,BOL,2018,18,54.6674806017498,46.0591044780349,58.3039099929167
Iraq,IRQ,2018,9,54.5605230583228,51.5461451191166,59.5297653292616
Cameroon,CMR,2018,27,53.7322431556219,52.8294094874695,54.9802441917677
Syria,SYR,2018,12,53.6748354668966,48.7595650111659,55.721928172675
Nepal,NPL,2018,28,52.6880132862164,51.435024724969,53.9081165769149
Paraguay,PRY,2018,29,52.1561209102072,51.0674271487074,53.248153554156
Algeria,DZA,2018,31,50.6138623204643,49.3049381185803,51.3275211674241
Nicaragua,NIC,2018,26,49.7888797784525,47.8315608022249,50.8953390797875
Liberia,LBR,2018,28,49.1987220248631,48.14549529323,50.2855660454543
Madagascar,MDG,2018,29,49.0304846999133,47.953973768667,50.3147808680691
Gabon,GAB,2018,17,48.9139631411469,38.8979554185189,49.3711817146999
Mozambique,MOZ,2018,28,48.9139631411469,48.3151771921891,50.8593703581121
Myanmar,MMR,2018,17,48.9139631411469,38.990359423857,49.5212905421172
El Salvador,SLV,2018,30,48.8582558032056,47.394377685748,49.6941447247471
Guinea,GIN,2018,26,47.6647513158325,45.0754745167275,48.4155229181271
Malawi,MWI,2018,26,47.6647513158325,46.4399957117685,49.5439231131204
Bangladesh,BGD,2018,29,47.5968192883389,45.9494264663711,48.3209700628881
Zimbabwe,ZWE,2018,29,45.4686734292107,44.2210092325383,46.6236168895488
Burundi,BDI,2018,25,43.6350199817553,42.3767553077889,45.5267798852117
Democratic Republic of Congo,COD,2018,25,42.0622775190583,39.8651207054238,43.472974277578
Chad,TCD,2018,27,36.1072351132917,34.8401367686518,38.1831048782975
Libya,LBY,2018,11,33.8900053113825,19.8265950193368,34.040652177696
Yemen,YEM,2018,26,33.8900053113825,31.8265167538104,35.7653428599158
Venezuela,VEN,2018,26,31.1452924891978,26.0090671897595,34.3090025496439
Haiti,HTI,2018,24,30.5431698466598,27.2452707288861,34.025917002273
Mauritania,MRT,2018,26,15.5776391706604,0,16.6718278275962
Angola,AGO,2018,15,0.691115376413665,0,9.6931602613505
New Zealand,NZL,2017,31,99.8866158644678,98.5161722936174,100
United Kingdom,GBR,2017,31,99.8597619059867,98.5731048973131,100
Sweden,SWE,2017,31,97.2595155302684,96.1464296471073,98.0330110945197
Hong Kong,HKG,2017,30,97.0797932976394,95.4879135088693,97.6447121167003
Norway,NOR,2017,30,96.4164097262601,95.2648879583168,97.1400166322435
Switzerland,CHE,2017,31,96.3544616503714,95.3977091904018,97.2461668592687
United States of America,USA,2017,28,96.1314320980879,94.4702469223343,100
Singapore,SGP,2017,31,96.0680436882438,94.9376705549655,96.8720688101973
Denmark,DNK,2017,31,95.979022825872,94.8636580114889,96.820854821814
Luxembourg,LUX,2017,30,95.6729194312113,93.796625462785,97.2296851974515
Iceland,ISL,2017,31,95.4004415887064,94.3340917688058,96.1904854546708
Canada,CAN,2017,28,95.0947432638843,91.2353093843153,97.9727104706361
Netherlands,NLD,2017,30,94.9295362217948,93.8545524355768,96.0439807205518
Germany,DEU,2017,31,94.3740659644042,93.4263557741848,95.2918789537506
Ireland,IRL,2017,31,93.7263133205634,92.6868632392742,94.4599888672352
Finland,FIN,2017,29,93.7199223093313,92.497147434168,95.4574759163598
Australia,AUS,2017,31,93.6100873582322,92.4169475636293,94.338216483097
Estonia,EST,2017,31,92.5007125197933,91.3058285964657,93.2112380519273
Belgium,BEL,2017,31,90.233208734093,89.2173977541491,91.0947978513929
Taiwan,TWN,2017,28,89.888101943619,88.7467089084804,91.4911162743233
Japan,JPN,2017,31,89.747682994002,88.8810763725177,90.6960231866757
Israel,ISR,2017,30,89.4755205367898,88.0894212513507,90.6959627131203
Austria,AUT,2017,31,89.3024542873681,88.367846105021,90.0729119127437
Malaysia,MYS,2017,31,85.156443031172,84.2194726619741,85.8814829238666
France,FRA,2017,31,83.9256554978692,82.9671184774576,84.6722873652226
Qatar,QAT,2017,29,83.8982739849312,82.2150860326298,84.7366514531039
Cyprus,CYP,2017,31,83.0884103582842,81.8023523783923,83.9249073650129
Czech Republic,CZE,2017,31,82.7837922411123,81.8961648583227,83.6197250722788
South Korea,KOR,2017,29,82.4152229583383,81.4824281867478,85.4734827030197
Malta,MLT,2017,31,82.3641024684114,81.2835785728357,83.1787019648015
Portugal,PRT,2017,31,81.0109867373352,80.0329894092177,81.7478352393582
United Arab Emirates,ARE,2017,30,80.8486827798697,79.9429235059397,82.1650783220298
Lithuania,LTU,2017,31,79.7522860682833,78.8539937631173,80.5054341007821
Latvia,LVA,2017,31,79.6673266107287,78.5960807299216,80.4212713616173
Puerto Rico,PRI,2017,29,79.4575542115719,78.8583320503052,80.6746336495829
Mauritius,MUS,2017,30,78.635071924926,78.0079739085569,80.4463669224209
Slovenia,SVN,2017,31,78.1714819905273,77.3053770765217,79.0581217353444
Costa Rica,CRI,2017,31,77.7100789034262,76.7663753402425,78.3835976480269
Italy,ITA,2017,30,76.7004940604275,74.4458167386946,76.7293311644134
South Africa,ZAF,2017,29,76.2219306743849,74.8961339870313,78.2498124475322
China,CHN,2017,31,76.0607265559043,75.1310632334055,76.8552842432095
Spain,ESP,2017,31,75.8158988216661,75.0329527153306,76.6241539150189
Chile,CHL,2017,31,75.7333927426022,74.865215138701,76.4908211621238
Panama,PAN,2017,31,75.0150895898399,73.9141436247471,75.761643650412
Slovakia,SVK,2017,31,74.8865687225557,74.0741283013447,75.711910135502
Poland,POL,2017,31,74.5572746359256,73.8575991597746,75.3932269653078
Uruguay,URY,2017,31,73.0108913505347,72.129199687699,73.7923298560268
Barbados,BRB,2017,28,72.3601114605714,70.7735275743753,74.1750387798165
Indonesia,IDN,2017,29,72.3049836537556,71.6763224551706,73.9499221181661
Cabo Verde,CPV,2017,28,70.8177580219703,70.2255747846324,73.2272177978622
Botswana,BWA,2017,28,70.6276134407209,69.7010417625938,73.3802945457174
Brunei,BRN,2017,29,70.5365081185927,69.9095177906698,72.1853725333972
North Macedonia,MKD,2017,31,70.4730521571672,69.5227383482474,71.2199335159107
Bahrain,BHR,2017,29,69.9757593387713,69.4082211281135,71.2808074012309
Bulgaria,BGR,2017,31,69.6608159247224,68.7622988318593,70.4163704191449
Montenegro,MNE,2017,31,69.3091591169942,68.4828269511838,70.1273710645644
Georgia,GEO,2017,31,68.5892715911793,67.8916470836894,69.3248293304155
India,IND,2017,31,68.4904322414969,67.7577994951726,69.2489709488935
Saudi Arabia,SAU,2017,29,68.2007023708088,66.3470132268536,69.4855636264333
Thailand,THA,2017,31,67.6221807078306,66.9423176131906,68.3899682361821
Hungary,HUN,2017,31,67.3185841473504,66.5498666667642,68.1138129195953
Jordan,JOR,2017,30,67.2641584184624,66.5956675358106,68.1656659405189
Jamaica,JAM,2017,29,66.7637140679855,65.7598932026835,68.8705324047572
Croatia,HRV,2017,30,66.6581084328348,65.1664996580807,67.2431889531246
Philippines,PHL,2017,30,66.63839802819,66.054360499964,67.5493666832335
Russia,RUS,2017,30,66.5988623501196,65.6997887817632,67.4924145487929
Kazakhstan,KAZ,2017,30,66.3413011989252,65.7644613945565,67.5990544487171
Brazil,BRA,2017,30,66.2204986784462,64.7952121478622,66.6551003103935
Bahamas,BHS,2017,8,66.0363476810712,65.7359237353304,70.7274559145371
Azerbaijan,AZE,2017,30,65.7070792790586,64.8747740685202,66.2899961149907
Romania,ROU,2017,27,65.6616159096059,64.6288174693538,69.5640596174647
Mexico,MEX,2017,29,65.5701910848109,64.5357581556699,66.7989660854643
Namibia,NAM,2017,31,65.4525092686793,64.7921762877058,66.2386109733129
Colombia,COL,2017,31,65.2615104268251,64.59169180383,66.1051063492996
Oman,OMN,2017,30,64.9692113310978,64.4603401571839,66.6898389474309
Greece,GRC,2017,31,64.7532830979905,64.0624185165834,65.4903329004302
Albania,ALB,2017,30,64.5907060655376,62.7833739314149,65.0719021776616
Peru,PER,2017,31,64.5766007793876,63.8610472068058,65.2754471948049
Bhutan,BTN,2017,27,64.4713163354486,62.937531350464,66.2893420203952
Kenya,KEN,2017,27,64.3649334023864,63.8484045602804,66.9771997257196
Argentina,ARG,2017,30,63.9492766060796,63.3753857023318,64.9167892793237
Armenia,ARM,2017,30,63.9287817227112,63.2436304102739,64.7236534610744
Sri Lanka,LKA,2017,29,63.8719343892427,62.9070436322067,64.4126758809361
Guyana,GUY,2017,22,63.8097742866153,57.8008584950051,64.0883856969321
Seychelles,SYC,2017,28,63.7583507875326,61.321615616526,65.1504116307315
Trinidad and Tobago,TTO,2017,31,63.6085848310364,62.8603814270944,64.3304946448487
Ghana,GHA,2017,27,63.4470536252186,63.1845035363824,65.9161059156167
Senegal,SEN,2017,30,63.1537531456418,62.5456037053627,64.1233708121172
Fiji,FJI,2017,8,62.7533254813656,60.6941934236989,66.1484625852278
Niger,NER,2017,9,62.7179741228096,57.2648654529766,62.9713882019147
Turkey,TUR,2017,31,62.433715740082,61.721596503939,63.2818274961839
Guatemala,GTM,2017,29,62.1538916331847,61.6865098396741,63.1693120553108
Palestinian Territories,PSE,2017,7,62.0139005665237,59.2099246131201,64.39215149169
Lebanon,LBN,2017,26,61.9341384810927,60.340970713011,62.7396337407133
Uzbekistan,UZB,2017,20,61.8827809938128,52.9718644104917,64.7891284828489
Belarus,BLR,2017,13,61.7017294372467,52.9583492246109,62.7240367762563
Vietnam,VNM,2017,30,61.6254006450414,60.7168710222019,62.1774702965939
Mongolia,MNG,2017,31,61.5820376005861,60.8038748712013,62.3579277000149
Zambia,ZMB,2017,29,61.4169225081315,60.60514575894,62.5769771691965
Cuba,CUB,2017,8,61.3819473694791,56.8740954604255,63.8032923181452
Tajikistan,TJK,2017,29,61.2588211465868,60.5087232747927,62.0395740291465
São Tomé and Príncipe,STP,2017,8,60.9465947478372,58.7331243297947,63.4400227063772
Djibouti,DJI,2017,8,60.6769434045962,57.337037909192,62.5351872546172
Equatorial Guinea,GNQ,2017,7,60.6707109962107,57.770953816477,63.5704681759443
Bosnia and Herzegovina,BIH,2017,31,60.6501300525128,59.749219899358,61.3533609975332
Ukraine,UKR,2017,30,60.4318884310699,59.7974770871158,61.2917866792602
Serbia,SRB,2017,31,59.5622127831393,58.7797478191901,60.6636510980789
Turkmenistan,TKM,2017,8,59.4084858770043,56.0446050208176,61.0454929483481
Kuwait,KWT,2017,29,59.2678740065325,58.6382465832621,60.4924913666251
Suriname,SUR,2017,19,59.1325946449579,56.7013764793802,65.1772899248621
Comoros,COM,2017,8,59.0924433372208,53.8241167250882,59.8276628767838
Papua New Guinea,PNG,2017,9,58.6105325738667,57.2139214274663,62.4732709643856
Burkina Faso,BFA,2017,27,58.5952458499808,55.2153228978407,59.4227265721492
Ecuador,ECU,2017,29,58.5284857201096,57.9817095514627,59.874064137522
Côte d'Ivoire,CIV,2017,29,58.2909406627809,57.6618457251228,59.1500527774141
Dominican Republic,DOM,2017,28,58.0223394523642,57.1948634048289,59.3810982260501
El Salvador,SLV,2017,30,57.9771227562263,57.3952235752038,59.024048166637
Uganda,UGA,2017,29,57.9378941520448,57.0852825857299,59.2045095000801
Tanzania,TZA,2017,29,57.9198305437873,56.7921245371741,59.0153266792564
Honduras,HND,2017,29,57.8115338605676,57.1209718869339,58.8753843971952
Tunisia,TUN,2017,31,57.525168592307,56.8000172346154,58.4903493603187
Morocco,MAR,2017,30,57.4781201432864,56.9765374506557,58.7126945859788
Sudan,SDN,2017,8,57.2171229231617,51.9785732524854,57.8173530974085
Togo,TGO,2017,11,57.0912163196354,52.0762961163836,59.4766536367511
Laos,LAO,2017,27,57.0349861852252,55.2999982118837,57.8413190632092
Rwanda,RWA,2017,31,57.0200466281412,56.3676319742245,57.8602142148948
Cambodia,KHM,2017,30,56.8633563923524,56.1577539692408,57.6626834056314
Republic of Congo,COG,2017,10,56.8234812415218,52.2768297715106,59.4870935483006
Kyrgyzstan,KGZ,2017,29,55.9324069269969,55.2625555021986,56.9064630524935
Lesotho,LSO,2017,30,55.8007485071805,55.1288112326219,56.6552884832305
Eswatini,SWZ,2017,28,55.6555723838638,54.5190622113767,57.5871846276047
Eritrea,ERI,2017,6,55.568527787498,55.0609118801589,59.6726981301167
Benin,BEN,2017,28,55.448220431847,54.6593110496367,56.8198664105415
Afghanistan,AFG,2017,10,55.1225876261551,51.352631747745,58.8925435045651
Gambia,GMB,2017,26,55.0419694197763,54.2095714803849,56.4303520257604
Ethiopia,ETH,2017,29,54.6371066349621,53.4592680913867,55.907051905636
Mali,MLI,2017,29,54.5606088144284,53.9783184377112,55.5741671695718
Pakistan,PAK,2017,31,54.5186186629621,53.7408427359981,55.3355993143684
South Sudan,SSD,2017,8,54.1677422298611,49.153892403016,55.3647983559429
Guinea-Bissau,GNB,2017,7,53.8396945429166,53.5835622154287,59.0863582891479
Moldova,MDA,2017,30,53.4459059928429,52.6153573833865,54.6279208314591
Timor-Leste,TLS,2017,16,53.0478217422093,47.9228316153152,57.1912881648054
Iran,IRN,2017,28,52.7509908487728,52.0403043455978,53.7735742779063
Paraguay,PRY,2017,29,52.7101781130305,52.183418296515,53.9202307191394
Bolivia,BOL,2017,28,52.7015943548462,51.4082512951976,54.5369922640335
Somalia,SOM,2017,9,52.6627786351064,50.0139648847691,55.2585509299906
Nigeria,NGA,2017,29,52.5990838379781,51.8105653606787,53.6721614435376
Iraq,IRQ,2017,13,52.482207658069,47.3451024565287,55.3866980397465
Cameroon,CMR,2017,27,52.460308088211,51.3067086519959,53.2360958616964
Sierra Leone,SLE,2017,27,51.9623508177166,51.7885867707824,55.5448118415986
Malawi,MWI,2017,27,51.2906634999228,51.0088646282432,54.0711778432485
Mozambique,MOZ,2017,29,50.9544393710266,49.711014581725,51.5695413219775
Nepal,NPL,2017,29,50.3883093220871,49.9467184983886,51.8081287941557
Liberia,LBR,2017,29,49.9739746650022,49.4992291476074,51.4019689659867
Central African Republic,CAF,2017,9,49.4454969954893,49.3368444128256,55.5736343738526
Madagascar,MDG,2017,29,48.6543881839554,47.4762490049448,49.5728456520374
Algeria,DZA,2017,30,47.9647209436165,47.3522802957907,49.5080212360729
Nicaragua,NIC,2017,27,47.7854787580588,47.102916603522,50.3851014703404
Egypt,EGY,2017,31,47.3724700027014,46.4163471195813,48.2728716249532
Myanmar,MMR,2017,23,47.2999900093953,46.535580224303,51.5530482346415
Bangladesh,BGD,2017,29,46.6796182264618,46.0941596259073,48.1104937331166
Gabon,GAB,2017,26,46.3544994904301,44.8261707238421,49.0573763301157
Zimbabwe,ZWE,2017,29,45.5017166341852,44.696556537154,46.5318480444329
Guinea,GIN,2017,27,45.4946725158265,44.2133884358916,47.5581798676522
Democratic Republic of Congo,COD,2017,26,42.0467619908883,40.0370183114286,44.7687342450658
Burundi,BDI,2017,26,40.5506305531597,39.5010510342397,42.0212218078124
Venezuela,VEN,2017,28,38.5667230695069,35.9697179650108,41.7170724530111
Chad,TCD,2017,29,35.8777790246849,34.9790126883264,37.1530452971743
Yemen,YEM,2017,27,32.0219023384809,31.3187120545542,34.9124573430241
Haiti,HTI,2017,24,30.3417437981085,29.4347418798333,35.84140162565
Libya,LBY,2017,16,29.4627500181021,24.7137211765614,34.2117788596428
Mauritania,MRT,2017,27,22.1721202083924,18.3962082203681,28.7228659150628
Angola,AGO,2017,27,6.59901054684736,0,12.0475880136196
United Kingdom,GBR,2016,31,99.0864196454218,97.8441215645766,99.8716118879411
New Zealand,NZL,2016,31,98.9243171297436,97.6074842703514,99.6350649846554
Sweden,SWE,2016,31,97.1273294820014,96.0313501195241,97.9526390343118
United States of America,USA,2016,28,96.9473293156914,94.7910256129062,100
Netherlands,NLD,2016,28,96.5857029942841,94.4228015503801,100
Singapore,SGP,2016,31,96.4641252825164,95.3602422511318,97.1900891311513
Hong Kong,HKG,2016,30,96.2936132258322,94.9346749341363,97.0427640699458
Switzerland,CHE,2016,31,96.1717821428474,95.1189917029875,96.9786862308299
Norway,NOR,2016,30,96.03989303705,94.9531540148123,96.8474079263174
Canada,CAN,2016,28,95.6046618690845,92.3842031285151,98.3319289148816
Denmark,DNK,2016,31,95.2778057787868,94.251597139526,96.1361811721226
Iceland,ISL,2016,31,94.8565998353691,93.6564859526333,95.671530695178
Finland,FIN,2016,29,94.6715672952088,92.6246486198046,95.2309227378408
Germany,DEU,2016,31,93.724710395094,92.7512560176202,94.5103472811319
Ireland,IRL,2016,31,93.6417488058065,92.6266457882702,94.4092734244576
Australia,AUS,2016,31,93.6155599084106,92.4025788333307,94.3354209009561
Luxembourg,LUX,2016,30,93.4230424111702,92.9501674272245,96.5229458760276
Estonia,EST,2016,31,92.5897159691211,91.4154314814881,93.2956867034538
Taiwan,TWN,2016,28,91.4573127596498,89.4280474554294,92.3353409977536
Japan,JPN,2016,31,90.0815762348663,89.1738198328148,90.9241658530018
Belgium,BEL,2016,31,89.3272084018619,88.3786918491297,90.1347310001898
Austria,AUT,2016,31,89.0997509074517,88.1767741956864,90.0227701192778
Israel,ISR,2016,30,88.4387106749082,86.7826575428939,89.6128293409501
Malaysia,MYS,2016,31,85.2524962001292,84.3328333203292,85.9971355146653
Qatar,QAT,2016,29,83.8081584198307,82.0595984850438,84.5009891130513
France,FRA,2016,30,83.1855916055431,82.6181501680127,84.9508882631953
Czech Republic,CZE,2016,30,83.1018781840243,82.1723388279318,84.3822554481661
Cyprus,CYP,2016,31,82.8708051801242,81.649660613177,83.6562084242999
South Korea,KOR,2016,29,82.429629832071,81.7271267247358,85.2858853786211
United Arab Emirates,ARE,2016,30,81.7090775766387,79.6753562787846,81.8533011014617
Portugal,PRT,2016,31,80.9482777690808,79.962857799292,81.6840967118181
Malta,MLT,2016,31,80.9207515231551,79.8687430988914,81.7693327338465
Latvia,LVA,2016,31,80.6166647840824,79.5800901665554,81.393129889086
Lithuania,LTU,2016,31,80.1159577638393,79.2658523093958,80.8862949044396
Puerto Rico,PRI,2016,29,79.5320428273137,78.6216291270055,80.5259968357798
Costa Rica,CRI,2016,31,78.9043666802748,77.926514576006,79.6104841149152
Mauritius,MUS,2016,30,78.5578715154762,77.7577784456911,80.2930126741613
Slovenia,SVN,2016,31,77.5808355477298,76.7426222529652,78.3956576689036
Chile,CHL,2016,31,76.4277137127418,75.5323059566261,77.2349042821703
South Africa,ZAF,2016,29,75.8132130021145,74.0594151278783,77.6773718183631
Spain,ESP,2016,31,75.6919451404164,74.9157215568886,76.4426803997245
Poland,POL,2016,31,75.3884353812548,74.6708677319246,76.2336585442181
Slovakia,SVK,2016,31,75.2049569113309,74.3983754616912,75.940719034788
China,CHN,2016,31,74.5997749019686,73.7826330982109,75.3210102152437
Italy,ITA,2016,30,74.4464781592816,73.7785582336968,75.9180945767302
Panama,PAN,2016,30,74.0506645386851,73.3271396802384,75.8394302853692
Barbados,BRB,2016,28,73.9185950106068,72.8465905330261,75.7915903274654
Brunei,BRN,2016,29,72.9970233556771,72.3929179244903,74.5144632673271
Uruguay,URY,2016,30,71.9465271048421,70.9379582703857,72.9363073904111
Botswana,BWA,2016,28,71.7709731827085,69.9312206339318,74.0749582338503
Indonesia,IDN,2016,29,71.6671503123304,70.7336494189615,73.0532183646203
Hungary,HUN,2016,31,70.7773313007344,69.9133667133709,71.6968164413676
Montenegro,MNE,2016,31,70.6195483486249,69.7114470856239,71.3392984362934
North Macedonia,MKD,2016,31,70.0624169676978,69.2110207385953,70.7330772209555
Bahrain,BHR,2016,29,69.8609194173086,69.2347375143546,70.7850919844269
Cabo Verde,CPV,2016,28,69.5779182023849,68.8436135028905,71.7396797275485
Bahamas,BHS,2016,8,68.4205134375038,65.5775160490399,71.0048824401385
Saudi Arabia,SAU,2016,29,68.3739105336254,67.2148374050795,70.6374818859098
Bulgaria,BGR,2016,31,67.9950739015881,67.0985115706373,68.7831047923436
Thailand,THA,2016,31,67.9418999541709,67.2097213982883,68.6775080483442
Philippines,PHL,2016,30,67.560521564279,66.7734480229372,68.4431418605049
Jordan,JOR,2016,29,67.4310861187819,66.6703749300501,69.2755373263858
Kazakhstan,KAZ,2016,30,66.9145552517337,66.3558467639143,67.9499489802308
Brazil,BRA,2016,30,66.8128450885124,66.05059562408,68.0782761138115
Croatia,HRV,2016,30,66.5290682136638,65.8789117698917,67.9465326358096
Romania,ROU,2016,27,66.4138341196243,65.1451661715554,70.2915951470896
India,IND,2016,31,66.193985731448,65.539267641147,66.9904730326036
Jamaica,JAM,2016,29,66.1024800059523,64.7787959859263,67.5427651870625
Georgia,GEO,2016,31,66.0216477268344,65.1679655460885,66.8304199889324
Namibia,NAM,2016,31,65.8996696153982,65.265742817845,66.6532300333207
Russia,RUS,2016,30,65.7430485792629,64.596058092847,66.2385510355451
Colombia,COL,2016,31,65.6751334658424,64.9852903396044,66.5101362003355
Uzbekistan,UZB,2016,20,65.549891038933,53.9737488978384,66.0736569659145
Mexico,MEX,2016,29,65.414510544609,65.2121323416636,67.4988183553643
Ghana,GHA,2016,27,65.3518356892882,62.9598296536949,66.6694731124336
Peru,PER,2016,31,65.0854309851082,64.3371881350847,65.8253613436243
Greece,GRC,2016,31,64.7926429451202,64.1253059616775,65.6230489766185
Bhutan,BTN,2016,27,64.7379634227396,62.3962727300675,66.0100397744669
Oman,OMN,2016,30,64.5962325709695,63.5142660201214,65.6415927102307
Turkey,TUR,2016,31,64.3310705382402,63.5827867501062,65.1112801490608
Trinidad and Tobago,TTO,2016,31,64.000552605309,63.250931568951,64.7858051229677
Mongolia,MNG,2016,31,63.8216634551159,63.0995921918324,64.4968543124012
Senegal,SEN,2016,30,63.6275474875989,62.9765435719449,64.5154536908749
Azerbaijan,AZE,2016,30,63.5748669600049,62.9236415315817,64.4036136840993
Albania,ALB,2016,30,63.4461829467261,62.0759738382961,64.0431528319724
Kenya,KEN,2016,27,63.3721258206494,63.1569896135301,66.0726361641416
Sri Lanka,LKA,2016,29,63.3290596204234,62.6740362046536,64.1990257804506
Armenia,ARM,2016,30,63.2404364056987,62.5327512217232,64.0410252991899
Guatemala,GTM,2016,29,63.0503585533193,62.4016531575662,63.8859194840897
Argentina,ARG,2016,30,62.833105450047,62.2529286175334,63.7690533844771
Fiji,FJI,2016,8,62.7922117897507,60.950008824367,66.3157264612505
Suriname,SUR,2016,19,62.6793352168307,55.8660031652662,63.714577027939
Papua New Guinea,PNG,2016,8,62.6106016398749,57.7715860541235,63.2233979959573
Zambia,ZMB,2016,29,62.5034658472805,61.7559981320724,63.7200006665647
Vietnam,VNM,2016,30,62.4414688454569,61.7842603818307,63.1856400124546
Palestinian Territories,PSE,2016,7,61.1108246653514,60.0494306715388,64.564938002308
Seychelles,SYC,2016,27,61.0189211428365,59.8045796418383,63.6656006314484
Niger,NER,2016,8,60.7914533571255,57.6627502095858,62.5484084227612
El Salvador,SLV,2016,30,60.7016514021028,60.0831757584697,61.65870903167
Ukraine,UKR,2016,30,60.5966619930622,59.8142878131715,61.313933368769
Bosnia and Herzegovina,BIH,2016,30,60.5581952327937,59.6149312902351,61.2815884225881
Djibouti,DJI,2016,8,60.545732035711,58.220635717082,63.1078208940466
Tajikistan,TJK,2016,29,60.2001518928003,59.2307315786665,60.8490926446974
Honduras,HND,2016,29,60.162393659807,59.3182437357864,61.0899350084498
São Tomé and Príncipe,STP,2016,8,60.0617749323971,58.5835726318986,63.5139998666353
Belarus,BLR,2016,13,59.8861241925618,52.9324675012438,62.9441814619144
Lebanon,LBN,2016,26,59.8440429070094,58.8388008714176,61.436665293636
Kuwait,KWT,2016,29,59.5283810442461,58.9416958233016,60.5093599989117
Guyana,GUY,2016,22,59.4665883948796,56.6377034067407,62.7057615874432
Ecuador,ECU,2016,29,59.466232267378,58.6634309219237,60.4606447742475
Cuba,CUB,2016,8,59.4262803076705,57.242775152718,63.5689967074276
Serbia,SRB,2016,31,59.4122806578241,58.6794371352586,60.4573992504404
Equatorial Guinea,GNQ,2016,7,59.0491122707403,55.088456008094,60.6197008047925
Côte d'Ivoire,CIV,2016,28,58.7086761006144,58.21294173661,60.3086141587409
Turkmenistan,TKM,2016,8,58.5289210495329,56.0511339470155,61.403045133277
Bolivia,BOL,2016,28,58.4422131302374,55.483765116145,58.6945185415151
Dominican Republic,DOM,2016,28,58.20392967548,57.6948496369468,59.9396534976043
Tunisia,TUN,2016,31,58.1281719133701,57.4372618922792,59.0328376227378
Guinea-Bissau,GNB,2016,7,58.0870435776518,54.4238484625762,59.68508439661
Eritrea,ERI,2016,6,57.3823281830577,54.9812360665526,59.8968566227632
Rwanda,RWA,2016,29,57.3438642829792,55.7794784937427,57.5513327431152
Morocco,MAR,2016,30,57.1059130250758,56.3635700116531,58.3017438595156
Uganda,UGA,2016,29,57.0665698754599,56.5643234980425,58.4697791912151
Tanzania,TZA,2016,29,56.8796912744696,55.7698942424593,58.0961522592892
Lesotho,LSO,2016,30,56.8467724055641,56.1847370841232,57.7286700535825
Laos,LAO,2016,27,56.7611954678582,55.7604251694876,58.3695227876117
Cambodia,KHM,2016,30,56.7476583805047,56.0727289530409,57.5586414856132
Burkina Faso,BFA,2016,27,56.7217318297693,55.6355095974201,59.7094377040038
Moldova,MDA,2016,30,56.1453317170913,55.2539560057923,57.0872843002223
Afghanistan,AFG,2016,10,56.0507953659827,48.3171349787797,56.4057408645214
Republic of Congo,COG,2016,10,56.0472914334748,52.9996201788989,59.9880289213482
Gambia,GMB,2016,26,55.8829628747956,55.0252292983146,57.3284064431298
Kyrgyzstan,KGZ,2016,29,55.5215026897385,54.8374157927203,56.5437667424427
Benin,BEN,2016,28,55.4121030281711,53.967187425918,55.8272067194741
Iraq,IRQ,2016,13,55.2957690313114,47.2031467404379,55.3435707973513
Eswatini,SWZ,2016,28,54.561279522153,53.8963514889774,56.7922444560804
Mali,MLI,2016,29,54.5588176751894,53.791050976097,55.5095159260286
Comoros,COM,2016,8,54.4730893116183,53.9640236718643,59.9032084098482
Pakistan,PAK,2016,31,54.1838407035595,53.504368850276,55.0229393710336
Timor-Leste,TLS,2016,16,53.9745757764607,47.6585548820979,57.0535805415973
Sierra Leone,SLE,2016,27,53.8448451152112,51.6888132904911,55.1298330687197
Togo,TGO,2016,11,53.8385942179773,51.6426817324127,59.8622878914611
Nigeria,NGA,2016,29,53.5426819717008,53.0309594872131,54.7665193364835
Ethiopia,ETH,2016,29,53.1710694483364,52.2352913482912,54.5196773050546
Malawi,MWI,2016,27,53.1171250980487,52.2472686926681,55.0186549797632
Iran,IRN,2016,28,52.9556316491539,52.2688632534012,53.9232622091954
Paraguay,PRY,2016,29,52.3768373061611,51.7061686468054,53.4468846492911
Cameroon,CMR,2016,27,52.2455622296038,51.556720578379,53.5908652883057
Sudan,SDN,2016,8,52.2110307909572,49.3546713553982,55.0673902265162
Central African Republic,CAF,2016,9,52.1700269956955,49.1278522740618,55.3997333790013
Mozambique,MOZ,2016,29,52.1695103867667,51.5819323594412,53.2403627949608
Somalia,SOM,2016,7,51.3156636344896,50.3499470877396,55.9014880804161
Nepal,NPL,2016,29,50.2936293123978,49.5777210720133,51.2946760193623
Madagascar,MDG,2016,29,50.1548369975674,49.4528787754309,51.1564142357597
South Sudan,SSD,2016,8,50.0472975414779,49.6492481553876,55.9188505839743
Liberia,LBR,2016,29,49.8125872874784,49.0465677737205,50.8847000461923
Myanmar,MMR,2016,23,48.5514339091748,45.2502376271607,50.2085062975309
Nicaragua,NIC,2016,27,47.9797388046977,47.2501163027392,51.0228625493872
Egypt,EGY,2016,31,47.582270694686,46.6071577004577,48.5511027174983
Algeria,DZA,2016,30,47.3527121228878,46.4619186140806,48.6047464608516
Guinea,GIN,2016,27,45.9258161027169,44.5170091495958,47.3478462084801
Bangladesh,BGD,2016,29,45.9003442842009,45.3254586556128,47.3048916989083
Gabon,GAB,2016,26,44.6760471625371,44.4092574198919,48.4616503934578
Zimbabwe,ZWE,2016,29,43.1819864445627,42.476847254609,44.6244140819773
Democratic Republic of Congo,COD,2016,18,40.9554942355721,35.4162275173735,45.0680194766652
Venezuela,VEN,2016,28,38.3039708603145,36.1884164972044,44.4825056230698
Burundi,BDI,2016,26,36.3345156490987,34.9647689978036,38.214323973264
Chad,TCD,2016,28,35.6294679874837,34.4489533650823,36.9036967784658
Libya,LBY,2016,16,32.7989326786826,30.1344233564263,39.929628680503
Yemen,YEM,2016,27,31.625091980388,29.3936517644328,32.8549059457594
Haiti,HTI,2016,24,31.3198752324086,30.4507801272213,36.4792976454146
Mauritania,MRT,2016,25,18.8181013362244,13.5402231840012,25.6927699533869
Angola,AGO,2016,26,8.26133758512287,0,13.9368759469181
New Zealand,NZL,2015,31,99.6945348792317,98.2581107094752,100
United Kingdom,GBR,2015,31,99.6750454849772,98.4531080711529,100
United States of America,USA,2015,28,98.7690004419469,95.1437190309799,100
Singapore,SGP,2015,31,97.3624976123532,96.2126308361084,98.210992688815
Hong Kong,HKG,2015,30,97.2237926665532,95.7698450866536,97.9243803690482
Sweden,SWE,2015,31,97.2008162007292,96.0706330920736,97.9834550899127
Switzerland,CHE,2015,31,96.2730139441623,95.2069150964381,97.1156002238073
Norway,NOR,2015,30,95.91764114767,94.837330831188,96.8228160345201
Canada,CAN,2015,28,95.872937637941,93.3046376654613,99.0539714858985
Luxembourg,LUX,2015,30,95.7819602904182,92.951700881049,96.547140224047
Iceland,ISL,2015,31,95.4310683894724,94.2403235108988,96.1660274705754
Netherlands,NLD,2015,28,94.991880323851,94.1053850962912,99.617319522827
Denmark,DNK,2015,31,94.7369307996865,93.7018724967248,95.5786484165982
Australia,AUS,2015,31,94.7306558751178,93.6439530143111,95.5986431711831
Ireland,IRL,2015,31,94.2244218431477,93.2070884534471,94.9629094561391
Finland,FIN,2015,29,94.0156890768725,93.5321722381125,96.0285079426716
Germany,DEU,2015,31,93.353649779119,92.3947638111355,94.2597559227702
Estonia,EST,2015,31,92.3594995762673,91.1879615813242,93.0715083823435
Taiwan,TWN,2015,28,91.925897128173,90.1450138060145,92.8922838412804
Japan,JPN,2015,31,90.5062718428049,89.6172584193926,91.4131313719959
Austria,AUT,2015,31,88.9672890155853,88.0497844808982,89.8932166636764
Belgium,BEL,2015,31,88.9431467480101,87.9141646317927,89.6786383589621
Israel,ISR,2015,30,88.0675511778185,86.4152093225987,89.4843753604756
Malaysia,MYS,2015,31,85.5717423607356,84.6143197313749,86.2925239316678
Cyprus,CYP,2015,31,84.6985687783699,83.4528998824285,85.4667340846883
Qatar,QAT,2015,29,83.7342685508816,82.3678711061483,84.9388312213655
France,FRA,2015,30,82.8695173947502,81.6486162658193,84.2855790404307
Czech Republic,CZE,2015,30,82.5456073532958,81.929769352791,84.0960485797368
South Korea,KOR,2015,29,82.5090208512476,82.101494179022,85.8134370676431
Puerto Rico,PRI,2015,26,81.6176991970782,79.6118664030804,85.0771046309406
Malta,MLT,2015,31,81.4041879941549,80.3713905899213,82.0701825984512
Portugal,PRT,2015,31,81.0956939099228,80.0578042751551,81.851286955381
Latvia,LVA,2015,31,80.9652784685513,79.9546352455011,81.6750226992319
Mauritius,MUS,2015,30,80.6356193632511,79.4291988100174,81.9916961350048
Lithuania,LTU,2015,31,80.3352979056829,79.480187089585,81.1598883625445
United Arab Emirates,ARE,2015,30,80.3351748182894,78.9794226650937,81.0910053416567
Costa Rica,CRI,2015,31,80.1281028428016,79.1468079653938,80.8018895461988
Slovenia,SVN,2015,31,77.7111517397249,76.817032039501,78.4751170813641
Panama,PAN,2015,29,77.4583990454628,74.801509148012,78.68460567659
Chile,CHL,2015,31,77.2848006311225,76.4294880409029,78.0698996320372
South Africa,ZAF,2015,29,76.3837732690168,74.3315677097098,77.869963783376
Spain,ESP,2015,31,76.192835871163,75.3984209322224,76.9269246480729
Poland,POL,2015,31,75.6707852519091,74.9738527108876,76.4724374841501
Slovakia,SVK,2015,31,75.6426921334721,74.8023496746688,76.400870295642
Brunei,BRN,2015,28,74.7534055042948,72.6923308700972,75.3296832031957
Italy,ITA,2015,30,73.8269378691064,73.1668375807462,75.2895915497666
Barbados,BRB,2015,26,73.7617030353038,72.8040161942219,77.6763931493652
China,CHN,2015,31,73.6379431525719,72.7359454615855,74.4224237557656
Indonesia,IDN,2015,29,73.5247553977611,71.2431288310068,73.6482954836866
Botswana,BWA,2015,28,73.0456908935117,71.0777513998806,75.4690180057028
Uruguay,URY,2015,30,72.916408009693,71.7843772205025,73.8513211492196
Hungary,HUN,2015,31,72.2300227921574,71.344286428378,73.0443082736162
North Macedonia,MKD,2015,31,71.4614573175729,70.5894109234772,72.1146687387216
Montenegro,MNE,2015,31,71.1674753868123,70.2771620083069,71.878066706415
Saudi Arabia,SAU,2015,29,69.16880972906,66.9932670997333,70.4782715975792
Bahrain,BHR,2015,29,69.1301017472716,68.5585225492001,70.176792085
Bahamas,BHS,2015,8,68.7528149855295,66.4054281536821,71.8551602368233
Jordan,JOR,2015,29,68.607591002096,67.006021278178,69.4822041567012
Cabo Verde,CPV,2015,28,68.527384901051,67.9572144391861,71.267712214304
Thailand,THA,2015,30,68.3919022372137,67.8049071629281,69.2998091264253
Brazil,BRA,2015,30,67.6271450001578,66.6586034180623,68.5962514157825
Croatia,HRV,2015,30,67.5440682476662,66.792294733192,68.7690226657399
Bulgaria,BGR,2015,31,67.3514375504334,66.5513561370962,68.1450064423435
Kazakhstan,KAZ,2015,30,67.2460747344106,66.5353556836472,68.1279712219904
Philippines,PHL,2015,29,67.0587597952076,66.4837743966736,68.3667790512468
Romania,ROU,2015,27,67.0044302558852,66.1918089625175,71.4035190023316
Georgia,GEO,2015,31,66.705325361911,65.8748581031222,67.4616887035962
Mexico,MEX,2015,29,66.4066330318496,65.830398145108,68.4364575530057
India,IND,2015,31,66.202357325409,65.5302939323814,66.9389867985835
Peru,PER,2015,31,66.1136277164378,65.3824219964716,66.6659891861273
Colombia,COL,2015,30,66.068084034687,65.7505253756085,67.9574047500266
Turkey,TUR,2015,31,65.9117310330248,65.1156201455782,66.6981320007688
Namibia,NAM,2015,31,65.8078887685358,65.1749117430345,66.595079304645
Russia,RUS,2015,30,65.5064909572263,64.6494717010057,66.281242370654
Ghana,GHA,2015,27,65.2267259932196,62.5222147952313,65.6434435587373
Mongolia,MNG,2015,31,65.1633531404117,64.4241569861098,65.907833125857
Greece,GRC,2015,31,64.8345779476613,64.1896082513976,65.6482003467576
Oman,OMN,2015,30,64.6786683249935,64.1141464016736,66.3318385851556
Jamaica,JAM,2015,29,64.5541889353055,64.2621185720631,66.806666790246
Trinidad and Tobago,TTO,2015,31,64.3389750163394,63.6313353416118,65.1400715502936
Kenya,KEN,2015,27,64.1214459382523,63.6132190869841,66.7325320726429
Senegal,SEN,2015,29,63.8582822618122,62.9730197407167,65.1571694938655
Bhutan,BTN,2015,27,63.823487477147,62.9537939017296,66.2588636154858
El Salvador,SLV,2015,30,63.7494061240389,63.0517676129861,64.6548734405148
Uzbekistan,UZB,2015,20,63.6637121982902,53.8700775953934,65.2457064654984
Guatemala,GTM,2015,29,63.6178484743075,62.9521366269064,64.4710281762999
Fiji,FJI,2015,8,63.5240926758128,59.9970595190081,66.1300273536338
Albania,ALB,2015,30,63.3891780641863,62.8764720986029,64.9018015198363
Armenia,ARM,2015,30,63.3493037340799,62.668782462815,64.1789543826355
Azerbaijan,AZE,2015,30,63.3306010166683,62.5162440472146,63.8786127849322
Sri Lanka,LKA,2015,29,63.3178079181089,62.7334450874698,64.2148401128157
Argentina,ARG,2015,30,63.2772636328875,61.8069593438743,63.5107536464677
Zambia,ZMB,2015,29,63.2252959175385,62.5748503521346,64.5330436055943
Vietnam,VNM,2015,30,63.1120023266343,62.4601743159394,63.9062599922099
Djibouti,DJI,2015,8,61.7972631470976,58.342613140154,63.2963958204946
Palestinian Territories,PSE,2015,7,61.7636917497947,59.7727327344983,64.7922947060567
Ecuador,ECU,2015,28,61.3311608083045,59.8646384763897,62.7352952337269
Niger,NER,2015,8,61.2579236140507,57.7369306855782,63.0428263346467
Dominican Republic,DOM,2015,28,60.4300549523363,59.0951815800936,61.3736113032577
Papua New Guinea,PNG,2015,8,60.2442259188236,59.1658187486945,63.3538148349105
Cuba,CUB,2015,8,60.1445687449812,56.8955730898936,63.3040728714352
Honduras,HND,2015,28,59.9059671776424,59.4178410757661,61.2406999935092
Bosnia and Herzegovina,BIH,2015,30,59.8895028517613,58.477403779385,60.5917994968515
Serbia,SRB,2015,31,59.8393787025164,59.1123748763467,60.8862804609071
São Tomé and Príncipe,STP,2015,8,59.8099062018793,58.5827852743139,63.4003427796508
Tunisia,TUN,2015,31,59.6635512106318,58.9092402022986,60.5738140400519
Guyana,GUY,2015,22,59.6262811511962,57.4407089549591,63.5435106951935
Burkina Faso,BFA,2015,27,59.6247995012747,57.0285168956349,60.3183833811686
Suriname,SUR,2015,19,59.4929961217041,56.2436349643089,63.4949287463153
Tajikistan,TJK,2015,29,59.4447784300986,58.6478919538521,60.2453438161295
Ukraine,UKR,2015,30,59.4107088307127,58.6956487569593,60.2742679328083
Eritrea,ERI,2015,6,59.3595403193443,55.0227578331991,60.0648407335996
Lebanon,LBN,2015,26,59.0583635318502,58.382970583541,61.1964462359691
Guinea-Bissau,GNB,2015,7,59.0394321493377,54.4808733247248,59.548413998157
Kuwait,KWT,2015,29,58.8963832126849,58.2144210819328,59.8902251458803
Moldova,MDA,2015,30,58.8840677371723,58.0132607618045,59.6983463399082
Turkmenistan,TKM,2015,7,58.7122342419486,55.9164888541284,61.4089050069549
Equatorial Guinea,GNQ,2015,7,58.6510546044646,55.5895417850205,60.8139453416831
Laos,LAO,2015,27,58.3633557237425,57.3867713896771,59.9382519747752
Morocco,MAR,2015,30,57.9962914791124,57.3284523700814,59.0066397455332
Seychelles,SYC,2015,27,57.9449730859128,56.0772034680288,59.7788217935676
Comoros,COM,2015,8,57.7419389774459,54.3657673617334,59.7765150806846
Sierra Leone,SLE,2015,27,57.5897512006571,54.7339530801745,58.0858406770007
Côte d'Ivoire,CIV,2015,28,57.5833534119229,57.1794171715592,59.1905522176792
Uganda,UGA,2015,29,57.4103420798932,55.9749109914906,57.9589691742692
Cambodia,KHM,2015,29,57.3499668543952,56.6603529069334,58.4585373835892
Sudan,SDN,2015,8,57.316231543989,52.3494088135212,58.2227975308273
Bolivia,BOL,2015,28,57.2310345516267,56.50180397956,59.7448193819268
Belarus,BLR,2015,13,57.2246851571477,53.1499540661747,61.9634556394935
Tanzania,TZA,2015,29,56.8192505193751,54.9605829091244,57.0514373422416
Gambia,GMB,2015,26,56.7937363090119,56.0479152203273,59.2828514450799
Togo,TGO,2015,11,56.70288996601,52.1268280101181,59.2092756288488
Rwanda,RWA,2015,29,56.5933902748887,55.1834750061391,57.0839199077874
Lesotho,LSO,2015,29,56.1446431038213,55.5324319306124,57.0625695072055
Mali,MLI,2015,28,55.9044739866866,54.7995193005315,56.662302824281
Eswatini,SWZ,2015,27,55.5660694603819,54.5276757702934,57.5380909528281
Kyrgyzstan,KGZ,2015,29,55.4598788703142,54.7965967786575,56.434168783583
Republic of Congo,COG,2015,10,55.267913984573,53.2302079214721,60.0764560553511
Malawi,MWI,2015,27,55.1709840924619,53.9898014005373,56.4759363842847
Pakistan,PAK,2015,31,53.8604388030613,53.1492685122745,54.7180799023848
Benin,BEN,2015,28,53.8444725379672,52.5966234688724,54.5298014396255
Nigeria,NGA,2015,29,53.5537128102975,52.6823066138128,54.4549806710396
South Sudan,SSD,2015,8,53.3472166468163,49.9667315831403,55.8906338969932
Iran,IRN,2015,28,53.1804925792668,52.0486046196688,53.9694812041512
Cameroon,CMR,2015,27,53.1302393677005,52.0137136290818,54.0100297362333
Nicaragua,NIC,2015,27,52.9938365709738,52.0649498728658,54.8672719596136
Paraguay,PRY,2015,29,52.8819674962861,52.2315398347625,54.0077687810596
Mozambique,MOZ,2015,28,52.4955828126375,51.7189716292532,53.6846446458774
Somalia,SOM,2015,7,52.2842186319618,49.7004094785492,55.0644584290977
Afghanistan,AFG,2015,10,52.2268355894372,48.2935756336265,54.7987185323472
Madagascar,MDG,2015,29,51.7396537150101,51.0168324862948,52.6996897523186
Timor-Leste,TLS,2015,16,50.7306368765853,48.4110078504856,56.6022439961972
Liberia,LBR,2015,29,50.3819988894378,49.6587124317705,51.396770568075
Ethiopia,ETH,2015,29,50.2470297861337,49.7528835948302,52.4540769430959
Nepal,NPL,2015,29,49.7660999493954,48.9867517613947,50.9024289536504
Iraq,IRQ,2015,13,49.6848180523045,48.2999281632898,55.8124970078042
Central African Republic,CAF,2015,9,49.2477730021134,48.8511853578525,55.8083570527889
Egypt,EGY,2015,31,48.995938075557,48.1575484838799,49.9226292287886
Gabon,GAB,2015,26,47.4854121430039,46.8691381464948,50.3492551354378
Myanmar,MMR,2015,23,46.4799389974592,44.8632865253364,50.3064030117451
Bangladesh,BGD,2015,28,45.5440330011957,44.918699749832,47.4450368805706
Guinea,GIN,2015,27,45.2422866418371,44.2035114002616,46.9839975781883
Algeria,DZA,2015,30,43.716168064017,42.262074093347,45.1650739739602
Zimbabwe,ZWE,2015,29,43.2422864024704,42.5066731529315,44.6469777896167
Burundi,BDI,2015,26,42.7143915845806,36.1247401020682,43.0171968787163
Democratic Republic of Congo,COD,2015,17,40.5141759717232,35.429097095739,46.1947206397561
Venezuela,VEN,2015,28,39.2320699353129,37.4332182484118,46.4209714415772
Chad,TCD,2015,28,36.0560987925687,33.762484408972,36.6048285989386
Haiti,HTI,2015,24,34.0612273512168,33.763366397804,40.1022947346678
Libya,LBY,2015,16,31.7683272821359,27.1247282929864,36.4119262712855
Yemen,YEM,2015,27,28.4460500069822,27.4554330841703,30.9999541470469
Mauritania,MRT,2015,25,26.8522203675108,20.1705194187583,29.767593030482
Angola,AGO,2015,26,10.4888811659897,0.241646775975645,15.0045731567273
New Zealand,NZL,2014,31,100,98.650423752241,100
United Kingdom,GBR,2014,31,99.6483460814455,98.4160896116883,100
Sweden,SWE,2014,31,98.0670083067433,96.9011867640509,98.8345122239195
Singapore,SGP,2014,31,97.9055198539008,96.7186906159284,98.6931412476515
Hong Kong,HKG,2014,30,97.3900399367041,96.3113191049603,98.4289486258791
Norway,NOR,2014,30,96.6913535937301,95.4067385382512,97.4184143355008
Switzerland,CHE,2014,31,96.6504137695101,95.6105087270173,97.4036450479561
United States of America,USA,2014,28,96.5258043537292,95.783645330505,100
Netherlands,NLD,2014,28,96.0209418380235,94.1007705365118,100
Iceland,ISL,2014,31,96.003037159877,94.6899812887997,96.7786187571096
Australia,AUS,2014,31,95.5537602790487,94.311286206463,96.3735271116555
Luxembourg,LUX,2014,30,95.4584910177726,92.48182104666,96.230347692502
Canada,CAN,2014,28,95.3214187546679,93.3213808581071,99.3689599158692
Finland,FIN,2014,29,95.1265427976912,94.1799283264533,96.9942674040914
Denmark,DNK,2014,31,94.6567100705906,93.528297229674,95.3855512795631
Ireland,IRL,2014,31,94.3616405464005,93.2206886349611,95.0684149344434
Estonia,EST,2014,31,94.1822902054431,92.9788534830561,94.9037478470902
Germany,DEU,2014,31,93.2043979381553,92.2580865553669,94.1622699233305
Taiwan,TWN,2014,28,92.3969814047162,90.7619933035134,93.6090272013934
Japan,JPN,2014,31,89.9580808176277,89.0746083989454,90.8565560314044
Belgium,BEL,2014,31,89.1783505790558,88.1732353823112,89.9442875302269
Austria,AUT,2014,31,88.9506140498223,88.0711411751155,89.8014752625719
Israel,ISR,2014,30,86.7599908482419,86.4180325392955,89.3335170566868
Malaysia,MYS,2014,31,85.2999610034357,84.3595577788216,85.9715315272909
Qatar,QAT,2014,29,85.1522903779022,84.1439191902605,86.924012344692
Cyprus,CYP,2014,31,84.8770759627009,83.6528157467121,85.6759627387219
South Korea,KOR,2014,29,84.6773091773083,82.4250776950726,86.1396643657563
Czech Republic,CZE,2014,30,83.0506008325139,82.1329013674598,84.3478206148938
France,FRA,2014,30,82.1642701161159,81.5831347838991,83.936361256149
Malta,MLT,2014,31,81.5858825689227,80.5680001475247,82.4254680718183
Mauritius,MUS,2014,30,80.9176010729524,79.5488138694442,81.8632496474625
Costa Rica,CRI,2014,31,80.8268741248171,79.8053824094421,81.4857039901145
Latvia,LVA,2014,31,80.324817692287,79.3738375651989,80.9613858325889
United Arab Emirates,ARE,2014,30,80.1236542411831,79.1740754313291,81.3453853498011
Portugal,PRT,2014,31,80.089544609097,79.1299649147542,80.8690632667704
Lithuania,LTU,2014,31,79.8086118705042,78.950896486864,80.5641795004377
Puerto Rico,PRI,2014,26,79.5679647778086,76.2558465097047,82.8800830459125
Panama,PAN,2014,29,78.056569067276,76.058835091258,80.4443041326339
Slovenia,SVN,2014,31,77.8867118193287,77.0483068658148,78.7071668339571
Chile,CHL,2014,31,77.6389531468308,76.8230112199719,78.3617209284773
Spain,ESP,2014,31,77.057979033398,76.2202218097361,77.8272864912004
South Africa,ZAF,2014,29,76.7941533261883,75.9143521073444,79.8310672314526
Slovakia,SVK,2014,31,76.248352363445,75.3774337900548,77.0092347248131
Poland,POL,2014,31,75.6656744480748,74.9334967729346,76.4711472634737
Barbados,BRB,2014,26,75.3294559181881,73.985253011286,79.9918937704099
Italy,ITA,2014,30,73.5938609499946,72.4677476143979,74.7636500579663
Brunei,BRN,2014,28,73.577277975666,72.4251748512428,74.8799761359372
Botswana,BWA,2014,29,73.0537795562038,72.2420065817709,75.6719143531982
Hungary,HUN,2014,31,72.9080608608395,72.0149345813892,73.7186971170423
Uruguay,URY,2014,30,72.8442489014581,71.72039293174,73.8251819485497
China,CHN,2014,31,72.1124334930813,71.2662957011288,72.9069360603523
Montenegro,MNE,2014,31,71.2143058747742,70.3255081961515,71.983429921092
Indonesia,IDN,2014,29,70.8109248490152,70.4195464057408,72.7670994855949
Saudi Arabia,SAU,2014,30,70.0919596590757,68.4536299177788,71.2016693169982
North Macedonia,MKD,2014,31,69.5438649702476,68.6117351366363,70.3382731791029
Brazil,BRA,2014,30,69.467568764936,68.8854647621356,70.9479144573187
Cabo Verde,CPV,2014,27,69.4365275349508,67.3700865284726,71.1301011133337
Mexico,MEX,2014,29,69.1145890076792,67.2875202253472,69.7000586444098
Thailand,THA,2014,30,69.004901195844,68.3216278444201,69.9319472399923
Bahrain,BHR,2014,28,68.7895643307656,68.4112990520453,70.2087440065993
Bahamas,BHS,2014,8,68.6254929185039,67.7226405074882,72.2513619087675
Kazakhstan,KAZ,2014,30,68.3829458226808,67.0567105384389,68.5114033957968
Croatia,HRV,2014,30,67.8867759109507,67.4157856441261,69.5009684339351
Bulgaria,BGR,2014,31,67.2367016342067,66.4859558969076,68.0574010670321
Turkey,TUR,2014,31,66.9732473290802,66.1917486534012,67.7718259052558
Peru,PER,2014,31,66.8856870186129,66.1775604719117,67.6510292648782
India,IND,2014,31,66.8288427896516,66.029226523545,67.5750736515002
Colombia,COL,2014,30,66.5337907181108,65.8027595146283,68.1305146359186
Oman,OMN,2014,30,66.3838540851819,65.49177786416,67.6828929266199
Namibia,NAM,2014,30,66.2625938694853,65.5649053603625,67.0599009767029
Jordan,JOR,2014,29,65.8705367092632,64.800035470099,67.0454225340024
Georgia,GEO,2014,31,65.3035242455596,64.5291187267236,66.052865587901
Jamaica,JAM,2014,29,65.219469995175,63.7860935923896,66.3795623199771
Romania,ROU,2014,27,65.2001245068574,64.5431312776151,69.5252276575693
Philippines,PHL,2014,29,65.159333658474,64.2188884525198,66.2516348230607
Armenia,ARM,2014,30,64.9907026441607,63.7119870260292,65.2461306039092
Mongolia,MNG,2014,31,64.9733227921527,64.2683084319204,65.6789399049408
Zambia,ZMB,2014,29,64.8889206325426,63.7537881418251,65.6357481884274
Bhutan,BTN,2014,27,64.8553986510944,62.382850859396,65.7196887252888
Greece,GRC,2014,31,64.6604901351369,63.9518580294546,65.5679672482118
Trinidad and Tobago,TTO,2014,31,64.5162741726176,63.7522145907203,65.3162068041749
El Salvador,SLV,2014,30,64.0758142627007,62.6677704479078,64.2823296680121
Guatemala,GTM,2014,29,64.0730820836586,63.3457486840307,64.9477802599301
Azerbaijan,AZE,2014,30,63.7320636743066,62.5856119145199,64.16524044350069
Russia,RUS,2014,30,63.691240545766,62.9557498419926,64.6830787107654
Vietnam,VNM,2014,30,63.5018643793385,62.8040990738684,64.3098911933334
Fiji,FJI,2014,8,63.4147069471074,58.2155064522234,64.49065884004
Sri Lanka,LKA,2014,29,63.2701843096917,62.6850694564047,64.2009954810765
Senegal,SEN,2014,29,63.148318217753,62.1519061652374,64.1316822337198
Kenya,KEN,2014,27,62.9815476863151,62.7382675980596,65.8548487185944
Albania,ALB,2014,30,62.9290727276159,62.3563003232153,64.1459585749971
Ghana,GHA,2014,27,62.601108684784,61.8023998873637,64.8236791870971
Niger,NER,2014,8,62.5819160301666,57.9094076057198,63.2742298723682
Suriname,SUR,2014,19,62.4023886733391,57.849062916656,65.1520384223331
Argentina,ARG,2014,30,62.344996403222,61.6871779311294,63.2182151531614
Uzbekistan,UZB,2014,20,61.9678469132245,54.2087202079036,65.4527627996988
Papua New Guinea,PNG,2014,8,61.3291788467962,58.4440293066583,63.6701445693292
Djibouti,DJI,2014,7,61.2714580198484,58.2185451983216,63.5454000797497
Eritrea,ERI,2014,6,61.267638213611,55.5695268909639,61.5320601718532
São Tomé and Príncipe,STP,2014,8,61.054279310917,58.761565531474,63.5387267923544
Palestinian Territories,PSE,2014,8,60.9939739198027,59.1740627679292,64.1370909270635
Guyana,GUY,2014,22,60.9899087712217,57.3870996924338,63.4968662955846
Cuba,CUB,2014,8,60.9767073364116,56.7264129598276,63.1985057150229
Burkina Faso,BFA,2014,26,60.8612895297243,58.0669310952623,61.3995520781845
Lebanon,LBN,2014,26,60.57680381258,59.5697707034678,61.665379823152
Tajikistan,TJK,2014,29,60.491364664864,59.7094101357733,61.2178874039149
Tunisia,TUN,2014,31,60.3233183684527,59.6067159347263,61.1512811850638
Bosnia and Herzegovina,BIH,2014,30,60.2713083561342,58.8362090986426,61.0092980183043
Equatorial Guinea,GNQ,2014,7,60.1686878787305,54.5929420777006,60.5930636530067
Dominican Republic,DOM,2014,28,60.1134389111195,58.902103056909,60.8716096379813
Ecuador,ECU,2014,28,59.9585498882879,59.4979401989035,62.0772316957402
Ukraine,UKR,2014,30,59.4844735194127,58.8590862412863,60.3807359771043
Turkmenistan,TKM,2014,7,59.1549618506872,54.9267221366038,60.6160753248932
Kuwait,KWT,2014,29,59.1136809776297,58.2950244532653,59.8781233481212
Laos,LAO,2014,27,59.1136809776297,57.0851172962121,59.5709902655259
Serbia,SRB,2014,31,58.584105801976,57.7997813221259,59.6503775160902
Honduras,HND,2014,28,58.5668378638743,58.0237198507029,59.8292590674656
Cambodia,KHM,2014,29,58.0164825775854,57.3693793408183,59.1742645306963
Gambia,GMB,2014,26,57.5538852993219,56.9856876871402,59.6175692228745
Bolivia,BOL,2014,27,57.3696706515825,57.0959756058363,60.9252659091031
Moldova,MDA,2014,30,57.355914842875,56.3917504793642,58.237607372865
Guinea-Bissau,GNB,2014,7,56.9386806285051,55.0708652539635,60.0281014559062
Morocco,MAR,2014,30,56.7594942421489,56.1690811492225,58.0218920798345
Uganda,UGA,2014,28,56.6667552618759,56.0534816087999,58.2983843194443
Seychelles,SYC,2014,27,56.6144290852756,54.2582152662765,58.2351761711166
Comoros,COM,2014,8,56.4976994664179,53.7265233051684,59.1669119344797
Iraq,IRQ,2014,13,56.3056314519024,52.4154415687868,60.195821335018
Rwanda,RWA,2014,29,55.8312174022061,54.6465129995876,56.4085765844021
Belarus,BLR,2014,13,55.73231034133,52.2289769534981,62.0619053467241
Malawi,MWI,2014,27,55.7227378475657,55.3546246952867,57.7835673478911
Tanzania,TZA,2014,30,55.6290732458147,54.9567202259596,56.5721695873423
Afghanistan,AFG,2014,10,55.4662127415177,51.7317847111151,59.2006407719203
Côte d'Ivoire,CIV,2014,28,55.4472481769879,54.2563533674083,56.1969858323318
Sierra Leone,SLE,2014,27,55.3919511867608,54.6348507104027,58.2365243790463
Mali,MLI,2014,28,55.3551857550725,54.6382148062224,56.5718082975619
Sudan,SDN,2014,8,55.3056817569973,52.4112007594028,58.7698128855324
Lesotho,LSO,2014,29,54.9972589980395,54.3604910793842,56.0142839010587
Republic of Congo,COG,2014,10,54.9860123474985,52.3388519153322,59.663439171669
South Sudan,SSD,2014,8,54.7015126764479,51.8388715103976,57.3967651053434
Eswatini,SWZ,2014,27,54.52228597002,53.7697312499568,56.7509828449681
Nigeria,NGA,2014,29,54.3031632534696,53.4830230811996,55.1960042611646
Togo,TGO,2014,11,54.0834426887101,50.971661023266,59.4017619226954
Benin,BEN,2014,28,53.8863163588723,52.7619092390826,54.6784900790318
Mozambique,MOZ,2014,26,53.4333719625995,52.1701150345898,55.9042432348342
Nicaragua,NIC,2014,27,53.2357771005851,52.6771368992942,55.5898396160021
Iran,IRN,2014,28,53.1881966356233,52.2989803071057,54.0577693029402
Pakistan,PAK,2014,31,53.1147204459696,52.4220870258923,53.8849224878605
Cameroon,CMR,2014,27,53.0784193117722,51.8155714970992,53.8637988115728
Madagascar,MDG,2014,27,52.5451668936566,52.031515127917,55.2154872666454
Timor-Leste,TLS,2014,16,52.4858774082716,47.9337715900341,56.3661820394398
Paraguay,PRY,2014,29,52.3873158774032,51.8291477387677,53.5627237935801
Kyrgyzstan,KGZ,2014,29,52.2614824874895,51.4142216327889,53.3764258574106
Somalia,SOM,2014,7,51.7505873272331,50.1286855194022,55.3511860985392
Central African Republic,CAF,2014,9,51.5514825329408,49.276858220232,56.4516690728491
Liberia,LBR,2014,29,51.0910637698106,50.2153817879898,52.0333925199792
Egypt,EGY,2014,31,50.2947705790532,49.439227724957,51.1979785660866
Nepal,NPL,2014,29,47.8173682363176,47.102597718026,48.9737621807488
Ethiopia,ETH,2014,30,47.7407985589078,46.6841208823471,48.8738863285078
Guinea,GIN,2014,26,47.7341366169502,46.5280483743627,49.1782938301528
Myanmar,MMR,2014,23,47.1604010285839,44.178090022093,50.221609466288
Bangladesh,BGD,2014,27,44.6989930303166,44.2474796219413,46.9498935888423
Gabon,GAB,2014,26,43.0979308902152,43.0488299439616,47.9763679406572
Zimbabwe,ZWE,2014,29,42.1878845592319,41.3959155768451,43.4830060708874
Algeria,DZA,2014,30,41.8555429059977,40.0740862609483,42.8639431613517
Libya,LBY,2014,16,41.0185459052525,34.6773921315482,43.801403601643
Venezuela,VEN,2014,28,40.3318948761125,38.0896341187271,47.7635211799329
Democratic Republic of Congo,COD,2014,17,39.7123417832727,36.7883638015565,47.0591048774297
Chad,TCD,2014,28,39.0422297710123,38.0065191922144,40.1920916660102
Haiti,HTI,2014,24,37.7778782328082,35.1461300014945,40.4710998795497
Burundi,BDI,2014,26,34.683615790849,33.7413744088392,37.5735387926167
Yemen,YEM,2014,27,26.4784476981759,25.068084150189,29.7173424426043
Mauritania,MRT,2014,25,24.2402121129242,19.9618456148001,30.4969291665046
Angola,AGO,2014,26,10.7364469361396,2.34068077810569,15.7882150477291
United Kingdom,GBR,2013,31,99.0633323886658,97.802719077589,99.8278169637228
New Zealand,NZL,2013,31,98.8461878316878,97.493167792777,99.5996527692081
Sweden,SWE,2013,31,98.258906854484,97.1116374506276,99.0548589529943
Singapore,SGP,2013,31,98.1688075395032,97.0286069007753,98.989993317585
Switzerland,CHE,2013,31,97.1441494837952,96.0527119377222,97.9782057498663
Canada,CAN,2013,28,96.545508804097,93.9208698421498,99.9799990111181
Hong Kong,HKG,2013,30,96.3549010383964,95.0339985711721,97.068643798921
Iceland,ISL,2013,31,96.3192556009928,95.1380891942864,97.0694168952036
Norway,NOR,2013,30,96.1179947759365,94.9794085399691,96.9827462905284
Finland,FIN,2013,29,95.7756606859179,94.9581781270688,97.8799570809155
Australia,AUS,2013,31,95.6709222870159,94.493587512644,96.4938653086561
United States of America,USA,2013,28,95.3397445797411,93.1329604953542,97.546528664128
Netherlands,NLD,2013,28,94.9362489783568,94.549701516749,100
Denmark,DNK,2013,31,94.5961300274764,93.5516962529015,95.4476561617872
Ireland,IRL,2013,31,94.1995430241792,93.165002840189,95.0060057429101
Luxembourg,LUX,2013,30,93.7705171341604,91.8032928725191,95.406230362137
Estonia,EST,2013,31,93.3172054586762,92.208085597074,94.0662603646047
Germany,DEU,2013,31,93.206424743368,92.2247879488271,94.1675956168739
Taiwan,TWN,2013,28,93.0488754570677,91.3302995755085,94.0350991901464
Japan,JPN,2013,31,89.8542119114154,89.0006239375686,90.7632041829514
Austria,AUT,2013,31,89.3284828573807,88.38195626084,90.2756998376963
Belgium,BEL,2013,31,88.7145463652933,87.7046050018717,89.573189711841
Israel,ISR,2013,30,88.3061179845789,86.7135760894544,89.1224183328609
Qatar,QAT,2013,29,86.1009651784601,84.7188134409921,87.2534004650895
South Korea,KOR,2013,29,85.8377382674519,82.9018568460409,86.6683568995265
Malaysia,MYS,2013,31,85.0496656527081,84.0983715173092,85.7147015104278
France,FRA,2013,30,83.4942869342353,81.780059907162,84.1432371844671
Czech Republic,CZE,2013,30,83.1744784872706,82.4437716831037,84.7178129157478
Cyprus,CYP,2013,31,83.0688996228109,81.9973840471748,83.9157004700096
Costa Rica,CRI,2013,29,82.4502088239885,79.2258287361336,83.8560842141781
Puerto Rico,PRI,2013,25,82.0076349634726,80.0574890336473,86.3978218145183
Chile,CHL,2013,29,81.7635601048695,78.7282658269021,84.5078769555314
Malta,MLT,2013,31,80.2962496598417,79.3959501918069,81.2135429270004
Latvia,LVA,2013,31,80.1251845728201,79.0971869251868,80.8345018777216
Portugal,PRT,2013,31,79.9415752658835,79.1009425806524,80.725393782142
United Arab Emirates,ARE,2013,30,79.7168989861077,78.2297911259967,80.2938051262187
Lithuania,LTU,2013,31,79.2294875426754,78.4370981852789,80.0405869776344
South Africa,ZAF,2013,29,78.4878349026096,76.3916326144725,79.6114779726295
Slovenia,SVN,2013,31,78.2334145196105,77.3268912951834,79.0982289522575
Mauritius,MUS,2013,31,78.2179473927414,77.2045056673994,78.8976416536408
Spain,ESP,2013,31,77.5256156165212,76.7349014538555,78.3057431592928
Barbados,BRB,2013,26,77.0257400993748,75.2930721523686,81.1160248120817
Slovakia,SVK,2013,31,76.5879639791917,75.8674980596377,77.3460264649632
Poland,POL,2013,31,75.7190487912157,74.9621674004865,76.4958130835943
Botswana,BWA,2013,29,75.6895555983782,73.3200234851893,77.8601473968773
Brunei,BRN,2013,28,74.5115538068218,72.4067002694349,75.222475882957
Hungary,HUN,2013,31,73.1652506193809,72.2670480038448,74.0580696891302
Uruguay,URY,2013,30,73.0497311340997,72.3159969811268,74.3805118458979
Italy,ITA,2013,30,72.9064332829636,72.2803256211685,74.167022268658
Panama,PAN,2013,28,72.5409492561771,71.1876618338879,75.7109142931737
China,CHN,2013,31,70.8631164184213,70.0682284765975,71.7316079195794
Cabo Verde,CPV,2013,27,70.5592138888899,68.6435714458766,72.4748563319032
Bahrain,BHR,2013,28,70.4441961187128,69.116028366251,70.8933834291694
Brazil,BRA,2013,30,70.4396614329703,70.0312861465235,72.2478831204741
Montenegro,MNE,2013,31,70.2238751835366,69.3806910801693,70.8310977118683
North Macedonia,MKD,2013,31,69.9926570776509,69.1346811409673,70.6738188783821
Saudi Arabia,SAU,2013,30,69.4416154928805,68.3644751906933,70.9758830758527
Indonesia,IDN,2013,28,69.3843459498966,68.3710334164608,70.4573983241558
Kazakhstan,KAZ,2013,30,68.8045900180944,68.0513103177585,69.6358891214101
Thailand,THA,2013,30,68.7197010391372,67.9623535617626,69.4368302757888
Bahamas,BHS,2013,8,68.5798567388228,67.8381027947222,72.748745512965
Mexico,MEX,2013,29,68.292567595276,67.4497859427779,69.99007130643
Croatia,HRV,2013,30,68.1921446711002,66.8876948409592,69.0520931657584
Bulgaria,BGR,2013,31,67.3924819645794,66.6119874131541,68.1365458899089
Peru,PER,2013,31,67.2734392373123,66.5274244065291,67.9089571329831
Oman,OMN,2013,30,66.9932927711556,65.7441725464338,68.0128446909021
India,IND,2013,31,66.8454839739573,66.1093370186983,67.5286453644022
Turkey,TUR,2013,31,66.7348745025754,66.0473016073452,67.5498027397655
Colombia,COL,2013,28,66.4384717364362,65.9833252979493,71.0528396962094
Namibia,NAM,2013,30,66.1229361142509,65.4802777003477,66.900262366602
Sri Lanka,LKA,2013,29,66.102644974906,65.1859071138862,66.6777570807201
Romania,ROU,2013,27,65.6280057111899,63.9932140775536,69.0575032184101
Jordan,JOR,2013,29,65.3844933918517,64.6866186316928,67.0240732846319
Georgia,GEO,2013,30,65.3597757754253,64.3205004090988,66.195296349342
Bhutan,BTN,2013,19,65.0174103717365,60.0730965980123,67.2231403318001
Zambia,ZMB,2013,29,64.9542973537767,64.3934902089667,66.3082649808993
Mongolia,MNG,2013,31,64.856867649739,64.1088621122537,65.6313490576035
Trinidad and Tobago,TTO,2013,31,64.2541808246935,63.4987931404453,65.0374199867346
Guatemala,GTM,2013,29,64.2161731031983,63.5139490048007,65.0505579097513
Palestinian Territories,PSE,2013,8,64.2018048867778,59.1025139291126,64.4392231287792
Armenia,ARM,2013,30,64.1711465752416,63.4125145827898,64.9384647316637
Kenya,KEN,2013,27,63.9863763325774,61.9279738130202,65.161933418369
Philippines,PHL,2013,29,63.9664521947438,62.660793614634,64.4523468886371
Jamaica,JAM,2013,29,63.5732695478628,63.2327526185944,65.5993961255448
Vietnam,VNM,2013,30,63.570703818373,62.9856415182622,64.3639534903668
Greece,GRC,2013,31,63.5514445810595,62.8600575452279,64.3635750975939
El Salvador,SLV,2013,30,63.2087708798742,62.4083587973335,63.9712931588645
Senegal,SEN,2013,29,63.0503535549019,62.2445287716492,64.4202835349936
Azerbaijan,AZE,2013,30,63.0184142412866,62.0997388514509,63.6180292569795
Tunisia,TUN,2013,31,62.9453081721802,62.2119402027904,63.8451457259513
Albania,ALB,2013,30,62.4615073246117,61.8546506569908,63.6675208774369
Russia,RUS,2013,30,62.102379251408,61.1446886343211,62.8733719414554
Burkina Faso,BFA,2013,26,61.9060472551708,60.9986413900608,64.240235913918
Uzbekistan,UZB,2013,20,61.8723290921101,53.2907744495567,64.8270468015824
São Tomé and Príncipe,STP,2013,7,61.6105101010997,58.3606879967036,63.4678455350036
Lebanon,LBN,2013,26,61.2459312585624,59.8662179796367,62.4501057633062
Ghana,GHA,2013,27,61.1515253520282,60.5546190386087,64.103368915452
Fiji,FJI,2013,8,61.0771420051297,57.8296558920313,63.485552630682
Niger,NER,2013,8,60.9405406184054,58.1164338346758,62.9399182679318
Tajikistan,TJK,2013,29,60.8526752925876,60.0925448747018,61.58592252323
Bosnia and Herzegovina,BIH,2013,31,60.8254118642616,59.3874021851497,61.6160295338952
Papua New Guinea,PNG,2013,8,60.8106116344378,58.4877208935817,63.0398798369172
Cuba,CUB,2013,8,60.6747213751778,55.9120757030855,62.1281050945162
Ukraine,UKR,2013,30,60.5264217891791,59.8858464341187,61.4410250463991
Argentina,ARG,2013,30,60.5155778164662,59.9215004193908,61.7311693727667
Dominican Republic,DOM,2013,28,60.3171987480647,59.2900721351528,61.3443253609765
Bolivia,BOL,2013,27,59.6012703769572,56.2233355872713,60.5919011766952
Kuwait,KWT,2013,29,59.3483587342114,58.7421063155485,60.2635795988951
Djibouti,DJI,2013,7,59.3450510855038,58.2044734018962,63.3443127572378
Moldova,MDA,2013,30,59.2231112326129,58.5633297038742,60.1120179956592
Serbia,SRB,2013,31,59.2116416194896,58.4635268622244,60.0641865893053
Honduras,HND,2013,28,59.103297844409,58.5826454672914,60.02249257779
Cambodia,KHM,2013,29,59.0633501041974,58.1425293516726,59.6233925171812
Gambia,GMB,2013,26,58.638780389584,58.1450023403814,60.7379116270245
Laos,LAO,2013,19,58.5226174522611,54.0241482762751,61.1872644405717
Turkmenistan,TKM,2013,7,58.2347495952885,54.7186278724421,60.3570110444632
Suriname,SUR,2013,19,58.0415646545144,58.0352148795553,64.8726528669286
Guinea-Bissau,GNB,2013,7,57.6665804626169,55.4068516870688,60.6909915250549
Malawi,MWI,2013,27,57.4203280233686,56.1967308772602,58.5543431968124
Guyana,GUY,2013,22,57.3303375769094,55.9512573878463,61.7381053252864
Uganda,UGA,2013,28,57.243326250739,56.1394064875659,58.1229045362486
Eritrea,ERI,2013,6,57.2251144194901,55.6383342966754,60.2163296781714
Ecuador,ECU,2013,28,57.1403341065812,56.0267863405725,58.7702139412658
Morocco,MAR,2013,30,56.9852404242704,56.2645583521489,58.012148864199
Equatorial Guinea,GNQ,2013,7,56.9018274767975,54.7368732620482,60.3667865640593
South Sudan,SSD,2013,8,56.1212491652979,52.3554593629714,58.4302028025723
Sudan,SDN,2013,8,56.1115120614573,52.2346316598057,58.1489447142185
Rwanda,RWA,2013,29,56.0449422570738,55.4375601170414,57.3888303283717
Republic of Congo,COG,2013,10,55.9888550935522,52.2434048005606,59.4041118651203
Iraq,IRQ,2013,13,55.958584759024,48.3652023146188,56.2858929211205
Tanzania,TZA,2013,30,55.5743189099956,54.8256938271012,56.7118984085063
Togo,TGO,2013,11,55.556177031251,50.8483813485027,58.7935039658017
Mali,MLI,2013,28,55.5057789764825,54.7788177653485,56.6737082877534
Timor-Leste,TLS,2013,16,55.086904979938,46.2926961848158,55.5194724388288
Central African Republic,CAF,2013,9,54.779484052958,50.8159430896352,56.9524790233429
Benin,BEN,2013,28,54.7661334906142,54.1507917168946,55.9401872545902
Mozambique,MOZ,2013,26,54.6093386591213,53.5014446796817,56.8928684079853
Nigeria,NGA,2013,29,54.1997139302971,53.5676038428126,55.4562565826952
Sierra Leone,SLE,2013,27,54.1997139302971,52.5566135601424,56.3081738575061
Iran,IRN,2013,28,53.9389309493312,53.3480951372358,54.9647928417078
Comoros,COM,2013,8,53.8852218719195,52.9337370895372,58.9011721793113
Lesotho,LSO,2013,29,53.5328074539842,52.8655161377317,54.4786928289414
Paraguay,PRY,2013,28,53.362435730976,52.9302715165083,55.5612569856739
Cameroon,CMR,2013,27,53.1606309452857,52.4721050634387,54.5595182416171
Pakistan,PAK,2013,31,53.1066760358524,52.449270961122,53.9221199905408
Liberia,LBR,2013,29,53.0254337669327,52.3657862436895,54.2371721101101
Nicaragua,NIC,2013,27,53.0254337669327,51.9047834690996,55.7460691616887
Madagascar,MDG,2013,27,52.5600244691466,51.8625478379032,54.9232200669055
Afghanistan,AFG,2013,10,52.3391261925265,47.9258046779464,54.8252908803714
Eswatini,SWZ,2013,27,52.0086697304757,51.1673432587215,54.028764226611
Somalia,SOM,2013,7,51.8552935904193,49.8209433781672,55.665665565479
Seychelles,SYC,2013,27,51.3925067185066,50.4916566769908,54.5929181663026
Egypt,EGY,2013,31,51.3194580162352,50.5371880101757,52.2719270973411
Guinea,GIN,2013,26,51.1448606511752,49.8574624675067,53.373751827236
Ethiopia,ETH,2013,30,50.9085645988558,50.2453936151887,51.9280754472472
Côte d'Ivoire,CIV,2013,27,50.4181720721164,49.7498359252255,52.4489101009777
Kyrgyzstan,KGZ,2013,29,50.1697211144701,49.144905231011,51.212630382265
Myanmar,MMR,2013,14,49.7155205120373,43.2970952820819,53.0293738377871
Belarus,BLR,2013,13,48.0561008972085,47.4199865200367,60.6126324327308
Nepal,NPL,2013,29,46.5792832051605,45.7457248216919,47.7926232130448
Bangladesh,BGD,2013,27,45.746007687301,45.1464798097806,47.9616507911518
Gabon,GAB,2013,26,45.5829850118627,45.152327749017,49.8475610185378
Libya,LBY,2013,16,45.0966270732336,40.3099416969243,48.9719762675418
Democratic Republic of Congo,COD,2013,17,44.2997434985565,35.370412409583,45.3567483836519
Venezuela,VEN,2013,28,42.1461876965542,36.7278495189749,46.6867480690996
Zimbabwe,ZWE,2013,29,41.6757729943221,40.8268288865713,42.9697398043244
Haiti,HTI,2013,24,39.937379896723,39.3437935307006,45.1153784771744
Chad,TCD,2013,28,38.9532545828716,37.7352537889579,40.4096807000862
Algeria,DZA,2013,30,35.6320638199432,33.8732924113175,37.3690794621047
Burundi,BDI,2013,27,35.3819609535495,33.9778100604145,37.8505029341918
Mauritania,MRT,2013,25,28.5865604852117,21.8327762763032,31.9776438255916
Yemen,YEM,2013,27,24.219077762254,22.9698328276289,28.0283275254678
Angola,AGO,2013,26,20.8540483207055,8.46437511627969,21.3942895581786
Netherlands,NLD,2012,28,99.6800889016812,94.9719003775473,100
United Kingdom,GBR,2012,31,98.9211377919377,97.7032996700699,99.6062926554442
Sweden,SWE,2012,31,98.6574946782534,97.4974287133714,99.4281907712663
New Zealand,NZL,2012,31,98.5635918697877,97.2152835633765,99.2885254907193
Singapore,SGP,2012,31,98.2704422524965,97.0792800929273,98.9828328084485
Canada,CAN,2012,28,97.5418626739681,94.6120886001754,100
Finland,FIN,2012,29,97.4307173878473,95.5348951361699,98.2704347811261
Iceland,ISL,2012,31,96.9838854016493,95.7221824542325,97.6444732353367
Australia,AUS,2012,31,96.9657377963191,95.7983219020023,97.7793291692447
Switzerland,CHE,2012,29,96.572805860929,95.8741148358462,98.3872620987987
United States of America,USA,2012,28,96.2305713196013,96.0300386314068,100
Norway,NOR,2012,30,95.9053558654113,94.8569598564791,96.7742668657228
Hong Kong,HKG,2012,30,95.7216759398246,94.7152102275031,96.8302712891503
Denmark,DNK,2012,31,94.7916302738834,93.7441349515278,95.6477654693046
Ireland,IRL,2012,31,94.2009364882171,93.0768043574755,94.8913533992355
Estonia,EST,2012,31,93.5564296316103,92.3681161493584,94.2927077233713
Germany,DEU,2012,31,92.9565753439028,92.0136531025664,93.8848934599232
Taiwan,TWN,2012,28,92.9279480263914,91.4158568387867,94.289016194802
Luxembourg,LUX,2012,30,92.8706191065853,91.6838969295408,94.3157493902169
Japan,JPN,2012,31,90.222563786678,89.2970159650239,91.2070053248588
Austria,AUT,2012,31,89.6314465317732,88.6703468124239,90.5075328866459
Belgium,BEL,2012,31,89.0553490220678,88.0488544617848,89.8288182485182
Israel,ISR,2012,30,88.7715529089769,87.3666025439209,90.2504503399524
Malaysia,MYS,2012,31,85.8778530083337,84.8340331302144,86.5126204363782
South Korea,KOR,2012,29,85.2658269020217,83.2823396990834,87.428088264265
Qatar,QAT,2012,28,84.9782476484899,83.7473878629782,86.8168983988183
Czech Republic,CZE,2012,30,83.8935255493498,82.9407265129064,84.9378741465922
Cyprus,CYP,2012,31,83.7877379879418,82.6950911556378,84.5426663875196
France,FRA,2012,30,83.7809343219658,82.0006208798955,84.1730953834471
Puerto Rico,PRI,2012,25,82.6276781112743,79.5008923386203,86.1046552326091
Chile,CHL,2012,29,81.6604283308086,79.6707547817031,85.2980981922394
Malta,MLT,2012,30,81.0996868612403,79.9240143594857,83.1186411511766
Portugal,PRT,2012,31,80.6397273145115,79.5864094376703,81.3620777003117
United Arab Emirates,ARE,2012,30,79.9600493849805,77.0484531240951,80.0971380272562
Slovenia,SVN,2012,31,79.7360034241359,78.8872049678076,80.5945426296436
Latvia,LVA,2012,31,79.5424386804657,78.5644372207145,80.2759564460468
Costa Rica,CRI,2012,28,79.1819023730449,78.3796319639075,83.8896188340021
Mauritius,MUS,2012,30,79.0144113350409,77.6417114311838,80.1566451716498
Lithuania,LTU,2012,31,78.7604842937205,77.9314817905106,79.3949760217177
Spain,ESP,2012,31,78.5750934016422,77.6968389313755,79.3896975513675
South Africa,ZAF,2012,29,78.2474013838073,76.6218957083207,79.7299979064186
Barbados,BRB,2012,25,77.2808309275133,75.3752881976841,82.1950263197217
Slovakia,SVK,2012,31,77.2069370464025,76.4038817234138,77.9528752166277
Botswana,BWA,2012,28,76.6772833484987,74.6339735155643,79.3196241940922
Poland,POL,2012,31,76.0461055855331,75.3596047029751,76.8052016665974
Hungary,HUN,2012,31,75.0403448344927,74.1351408059646,75.9144165538716
Brunei,BRN,2012,26,74.7658797484201,73.0772395667651,79.4026933752148
Bahamas,BHS,2012,8,74.624113441134,68.0434120515768,74.9292020935494
Uruguay,URY,2012,30,73.7789682163598,72.9772379453101,75.0384908617606
Panama,PAN,2012,28,73.3965695881384,72.032418919254,77.0256310078193
Italy,ITA,2012,30,73.258163788881,72.6261449336508,74.419610035069
Brazil,BRA,2012,30,72.8999115630724,71.5389237061072,73.5151801412124
Bahrain,BHR,2012,28,71.2460846152821,70.519292713848,72.3835960558652
China,CHN,2012,31,70.4629731224326,69.7308888576251,71.2699341277139
Montenegro,MNE,2012,31,70.39998449616,69.5844599603672,71.1681102302768
North Macedonia,MKD,2012,31,70.375666506401,69.4566820777298,71.0196552715095
Saudi Arabia,SAU,2012,30,69.9527969155314,68.2840585395721,71.2068734119876
Mexico,MEX,2012,29,69.2422553532418,68.306760123921,70.9066927919957
Thailand,THA,2012,30,68.8491419791364,68.1313766050401,69.7314011729355
Peru,PER,2012,31,68.7092105852437,67.8929385782248,69.394746696351
Indonesia,IDN,2012,28,68.6265158244812,68.1318211919577,70.3699172201152
Croatia,HRV,2012,30,68.365644244153,67.696608316918,69.7400940391787
Cabo Verde,CPV,2012,28,67.7316300340265,65.2332921958684,69.913416225423
India,IND,2012,31,67.6483268741346,66.9724474354388,68.3331693441654
Kazakhstan,KAZ,2012,30,67.4179157104636,66.7803553293752,68.2333245578863
Turkey,TUR,2012,31,66.7930374213634,66.0773536574701,67.6241092257819
Colombia,COL,2012,28,66.6162082967344,66.356543957376,71.9470597627498
Bulgaria,BGR,2012,31,66.5606360314134,65.7993357527092,67.323255354279
Oman,OMN,2012,30,66.4043054935877,65.6493117293431,67.9868183929386
Namibia,NAM,2012,29,66.2010251819464,65.5185602030544,67.2516044441646
Sri Lanka,LKA,2012,29,66.0344793131311,65.3523885790762,66.9366540110509
Romania,ROU,2012,27,66.0083770943842,64.8337868368014,69.4363068111952
Zambia,ZMB,2012,29,65.6509188763494,64.8929129475858,66.8407917679761
Mongolia,MNG,2012,31,65.4548251111066,64.6616826270997,66.1399429013481
Guatemala,GTM,2012,29,65.1125741304574,64.5596883485728,66.2185879939636
Vietnam,VNM,2012,30,64.8283283543616,64.2348151740178,65.6095932788458
Trinidad and Tobago,TTO,2012,30,64.8280934377964,63.8803834585006,65.5696685876397
Burkina Faso,BFA,2012,26,64.7227588909484,62.4369857724979,65.71511429885
Greece,GRC,2012,31,64.6028209478513,63.9194126722745,65.4006734964715
Jordan,JOR,2012,29,64.5492070121392,64.1447553527609,66.312757839106
Belize,BLZ,2012,17,64.4230381684379,61.5141256131098,65.5469185784094
Georgia,GEO,2012,30,64.3316816543461,63.1071009837753,65.0075654049359
El Salvador,SLV,2012,30,64.2991268697567,63.6853725035331,65.2054549650517
Jamaica,JAM,2012,29,63.9169901332984,63.1841178859066,65.8237639371317
Papua New Guinea,PNG,2012,8,63.6934180315858,61.3707969808927,66.016039082279
Senegal,SEN,2012,29,63.6199707804426,62.531172744488,64.6575149377008
Kenya,KEN,2012,27,63.501311719183,61.574348786975,64.4131029591359
Albania,ALB,2012,30,63.4938366379791,62.4970788945587,64.2242011566038
Tunisia,TUN,2012,31,63.2660840426314,62.5285915920674,64.1305718297575
Palestinian Territories,PSE,2012,8,62.7486191500555,59.8091916220316,64.554567727273
Azerbaijan,AZE,2012,30,62.2522808987786,61.5752665640358,63.0221202014277
Armenia,ARM,2012,30,62.2330214229771,60.8529917224548,62.7636854979155
Suriname,SUR,2012,19,62.0762847968664,56.1971247535409,63.9198750524395
Russia,RUS,2012,30,61.7905881933835,61.2887739344504,62.9125241128078
Philippines,PHL,2012,29,61.7271401686515,61.1194541671143,63.124514388598
Bhutan,BTN,2012,19,61.4255272711876,59.0398952057407,66.5264603003963
Ghana,GHA,2012,27,61.3509344800904,60.7712350929443,64.2214160495265
Fiji,FJI,2012,8,61.2473711682023,57.3082637770748,63.5287453590287
Argentina,ARG,2012,30,61.2031478631312,60.5559856989573,62.4353628692282
Lebanon,LBN,2012,26,61.0258814337671,60.0484997361995,62.6412144654527
Uzbekistan,UZB,2012,20,60.7999053917066,52.2824922076717,65.225351249191
Kuwait,KWT,2012,29,60.6138411275652,59.7274492058446,61.239986211861
Tajikistan,TJK,2012,29,60.5939963412532,59.8834483658142,61.3709034838135
Moldova,MDA,2012,30,60.4346055013127,59.6639828985636,61.1867021493901
Honduras,HND,2012,28,60.3234363902714,59.6671999554107,61.4069111373497
Cuba,CUB,2012,8,60.3094839942646,55.9505851055878,61.8236823719903
Ukraine,UKR,2012,30,60.2933959413241,59.511009860288,61.178531727066
Bosnia and Herzegovina,BIH,2012,31,60.2118000137187,59.3365155914864,60.9031299674046
São Tomé and Príncipe,STP,2012,7,60.1089374977608,58.2226458244288,63.7260720361031
Niger,NER,2012,8,60.0545931544016,58.2566541670454,63.624388320397
Malawi,MWI,2012,27,59.6388109244487,58.0697544426429,60.5145303007308
Guyana,GUY,2012,22,59.5139117877626,55.780399208574,61.0682453969073
Djibouti,DJI,2012,7,59.4819450636946,58.5323697960854,63.7820354423827
Gambia,GMB,2012,27,58.9431048922106,58.3399850969868,61.0545220872963
Dominican Republic,DOM,2012,28,58.8821212740901,58.2714084798564,60.254899364856
Serbia,SRB,2012,31,58.5943542331234,57.7690134948626,59.6333358370228
Laos,LAO,2012,19,58.4518573144573,53.6330578810317,60.864128532912
Guinea-Bissau,GNB,2012,7,58.4010899506885,56.3052103463712,61.1103190643466
Cambodia,KHM,2012,29,58.3595715457856,57.7625547120595,59.4001527090002
Belarus,BLR,2012,13,58.0038364774658,50.5829190600064,60.2074079412242
Equatorial Guinea,GNQ,2012,7,57.519517513339,54.9964700527023,60.8665992343208
Bolivia,BOL,2012,27,57.5115416527072,56.1688349911497,60.6011142278475
Uganda,UGA,2012,28,57.443447630094,56.3009533893028,58.6348582603504
Republic of Congo,COG,2012,10,57.1976417941644,52.3437807726326,58.9818889291952
Mali,MLI,2012,28,57.1175578974411,56.3047797663653,58.2515584453934
Eritrea,ERI,2012,7,56.7920545863586,55.7020671537077,60.4935296930213
Morocco,MAR,2012,30,56.7609268810527,55.9277603164876,57.6002723935029
Syria,SYR,2012,16,56.7599433607017,54.6501136740213,58.9704954931464
Benin,BEN,2012,28,56.677184416657,56.0806886436353,57.9929405910299
Comoros,COM,2012,8,56.4049670359847,52.6472638373184,58.6165639246033
Mozambique,MOZ,2012,26,55.9841908186895,54.7626053285885,58.0262754812487
Togo,TGO,2012,11,55.9342673549912,50.6291008918947,59.0386461653927
Rwanda,RWA,2012,29,55.6891046193663,54.4283584957862,56.3476995391352
Ecuador,ECU,2012,28,55.5983956778243,55.377865659683,57.5758625632853
Tanzania,TZA,2012,30,55.216983907786,54.5943193519254,56.5910051905369
Nigeria,NGA,2012,29,54.6360736815135,53.8174735819863,55.6262256556443
South Sudan,SSD,2012,8,54.4635611054838,51.9075789242811,57.0265051708733
Sierra Leone,SLE,2012,19,54.3628214670481,45.5921449905209,54.746208190504
Iran,IRN,2012,28,54.3440352651085,53.5895669140681,55.3579306368902
Sudan,SDN,2012,8,54.2611858961088,52.5856754032685,58.1876670456945
Paraguay,PRY,2012,28,54.1252123419098,53.3090462997534,55.924574732534
Madagascar,MDG,2012,27,54.0368090499628,52.6841340534153,56.3677147699838
Lesotho,LSO,2012,30,53.9004363269736,53.2964636878185,54.8284759612252
Cameroon,CMR,2012,27,53.7543621199242,52.8773300168098,55.3140780856232
Central African Republic,CAF,2012,9,53.6167856955499,50.4757024295323,56.9846991705694
Liberia,LBR,2012,21,52.9600423144792,47.4602207875206,55.8176112523985
Pakistan,PAK,2012,31,52.9600423144792,52.1881530770984,53.8113648632714
Iraq,IRQ,2012,13,52.9305123527059,48.5441543434467,56.2413428637979
Nicaragua,NIC,2012,27,52.7427848986564,52.1625559598914,56.7081681499985
Turkmenistan,TKM,2012,7,52.6979987231987,52.3626287566255,59.5152011800586
Côte d'Ivoire,CIV,2012,27,52.468681636348,51.5824852353925,53.700672306186
Somalia,SOM,2012,7,52.30151977221,49.5222283396032,55.1117196027426
Kyrgyzstan,KGZ,2012,29,51.7261450995774,50.8561936987313,52.8647050542421
Eswatini,SWZ,2012,27,51.6513954423578,50.3037483410122,53.1177886349545
Egypt,EGY,2012,30,51.4692863915087,50.6969811902144,52.3987586621614
Gabon,GAB,2012,18,51.3880562927978,48.3072671174275,56.8731771857369
Guinea,GIN,2012,18,51.2138776706978,45.6473346558786,54.616349960834
Afghanistan,AFG,2012,10,51.1515505519347,47.4656485742052,54.2235245390264
Timor-Leste,TLS,2012,16,50.5887627041609,46.8982383183247,56.3825748936693
Myanmar,MMR,2012,14,50.0727655511495,43.6411250291798,53.9651003078446
Ethiopia,ETH,2012,30,49.8969786186968,48.8753000947867,50.8357301556739
Seychelles,SYC,2012,19,49.1892668851597,40.3463024349099,53.3660001534836
Nepal,NPL,2012,29,46.7366542439175,45.8317800796669,47.9118593606176
Bangladesh,BGD,2012,27,45.9773079649125,45.1107931628975,48.2986582068014
Venezuela,VEN,2012,28,44.308819547493,37.7112789555772,47.973787330795
Haiti,HTI,2012,24,43.3364966799236,41.3584924769852,46.499498668863
Algeria,DZA,2012,30,41.961647824143,40.9166382368407,43.4104380493097
Democratic Republic of Congo,COD,2012,17,41.8499508526277,35.964055823849,45.7406897530296
Chad,TCD,2012,27,41.7814089054554,41.0811822912852,43.2806076082731
Zimbabwe,ZWE,2012,29,41.7333587417245,40.897882060697,43.1305336603876
Libya,LBY,2012,16,40.6630237876169,34.8929564355689,44.6885645667514
Burundi,BDI,2012,27,35.9902051647476,34.8741209991911,37.8285199891814
Yemen,YEM,2012,27,23.5466749511765,20.9554278286811,26.2460969628928
Mauritania,MRT,2012,25,22.9340837446578,16.553054781239,29.1494506789634
Angola,AGO,2012,26,16.2632371420509,9.72849328502909,20.7058301185895
Canada,CAN,2011,28,99.085564039928,94.8698875396152,100
Sweden,SWE,2011,31,98.5975864133605,97.4641244924231,99.3966859934955
United Kingdom,GBR,2011,31,98.3009410327164,97.0814061820464,99.0408955853744
Singapore,SGP,2011,31,98.0863295334425,96.9704876590915,98.8579392260715
New Zealand,NZL,2011,31,97.7713542491635,96.4850445240737,98.5043493654108
Australia,AUS,2011,31,97.3118155428144,96.0588108376947,98.0170542338129
Finland,FIN,2011,29,97.2120379741406,95.8764794541863,98.5448001434258
United States of America,USA,2011,28,96.9562220255968,96.1230285510452,100
Iceland,ISL,2011,31,96.7811352364787,95.6042218848521,97.548221748306
Switzerland,CHE,2011,29,96.5187593058244,95.7360467225116,98.2273217493036
Norway,NOR,2011,30,96.072959771333,95.0441120825413,96.8875634174772
Netherlands,NLD,2011,28,95.4809393483072,94.4029269394561,100
Hong Kong,HKG,2011,30,95.4484664889782,94.1253957943408,96.1281752712265
Denmark,DNK,2011,31,94.7570648850763,93.7155042840306,95.5282135417641
Ireland,IRL,2011,31,93.8772460824175,92.828112046626,94.6100987418844
Taiwan,TWN,2011,28,93.6825059319795,91.8310550577461,94.5402219950735
Luxembourg,LUX,2011,30,92.9092244034905,92.1884338534827,95.4280711101926
Germany,DEU,2011,31,92.4156163864019,91.5073163373882,93.3817664487666
Estonia,EST,2011,31,92.1406556381758,91.0265952141362,92.8790958259568
Japan,JPN,2011,31,89.6486976424914,88.7262211711918,90.5814665583815
Austria,AUT,2011,31,89.64312016252,88.6775025867631,90.4797455820654
Israel,ISR,2011,30,88.6164571621828,87.0378592694793,89.9753942929599
Belgium,BEL,2011,31,88.3443801392185,87.4644222360852,89.1738127572392
Qatar,QAT,2011,28,86.3794527293443,84.2527996008893,87.3180973513256
Malaysia,MYS,2011,31,84.4782603219282,83.5128624786158,85.1374122352321
Cyprus,CYP,2011,31,84.1410258980771,83.1134870022441,84.8357774717961
Czech Republic,CZE,2011,30,83.316520886627,82.5933602205564,84.3212093085087
South Korea,KOR,2011,29,83.2092146835635,81.246898170594,85.1715311965331
France,FRA,2011,30,82.6698864560823,81.8258266980021,83.9604698085634
Chile,CHL,2011,29,82.3432093088575,80.3216142472267,85.6862637098776
Malta,MLT,2011,30,82.0455611009659,79.7381521468132,82.7123828964755
Puerto Rico,PRI,2011,25,81.3305645152379,79.627260130261,85.7350223107596
Costa Rica,CRI,2011,28,80.6349671257345,79.4708998087177,84.968133350718
Portugal,PRT,2011,31,80.0384190408559,79.0327061280293,80.7879871892024
Slovenia,SVN,2011,31,79.874883841202,79.0356599276929,80.6096348559775
Barbados,BRB,2011,25,79.1665253122438,74.6579120059073,81.053583197472
Latvia,LVA,2011,31,78.9454346732941,78.0109917750813,79.7318251812893
Spain,ESP,2011,31,78.7376216100723,77.8494976945574,79.5816053160064
Mauritius,MUS,2011,30,78.6803487366875,77.0390614191225,79.1422994535026
Lithuania,LTU,2011,31,78.3057155496285,77.5510459142026,78.986340193729
South Africa,ZAF,2011,29,78.0986994337147,77.7785939116347,80.7324285403462
Slovakia,SVK,2011,31,77.5335140018718,76.7486419741164,78.287025772915
United Arab Emirates,ARE,2011,29,76.9439871056213,75.3663045880025,77.7783261718827
Botswana,BWA,2011,28,76.625846796646,74.3227172825323,78.9686095900315
Poland,POL,2011,31,75.76303762817,75.0476262040444,76.5093211243366
Hungary,HUN,2011,31,75.2872601907892,74.4030322820085,76.1360491645647
Panama,PAN,2011,28,74.6516997088941,72.2208973656143,77.1610727297695
Brunei,BRN,2011,26,74.4752895982293,72.9082472842076,78.2678436725659
Uruguay,URY,2011,30,74.1319774705505,73.0526334111663,75.0716448595118
Italy,ITA,2011,30,72.8055073330946,72.0413784125673,73.9142500387705
Brazil,BRA,2011,30,72.6080453134616,72.0906130147451,74.0338045962016
Montenegro,MNE,2011,30,70.8960830402706,69.301247941837,71.5237150707804
Bahrain,BHR,2011,28,70.7247396948808,69.9544136034209,71.7674315365852
Saudi Arabia,SAU,2011,30,70.5413557806132,68.6073828782893,71.1771451125298
Bahamas,BHS,2011,8,70.4827147956109,68.6909002038812,73.6816461746333
North Macedonia,MKD,2011,31,69.1864869194104,68.2666472680045,70.0110201497127
Indonesia,IDN,2011,28,69.0632592538716,67.8484706139322,70.0402350050779
China,CHN,2011,31,68.9865107358892,68.2207369741082,69.8736481477064
Croatia,HRV,2011,30,68.8483259705079,68.1142881404622,69.9043308504291
Mexico,MEX,2011,29,68.8204707146454,67.951269183977,70.4095619479369
Peru,PER,2011,30,68.7534608792126,68.1864399029076,69.7760773624738
Colombia,COL,2011,28,68.3996008144814,65.6715727318035,70.5881516143429
Oman,OMN,2011,29,68.3540824984953,66.3009425901798,68.8177745771478
Thailand,THA,2011,30,68.2820434275948,67.7422689467291,69.1750522839812
Kazakhstan,KAZ,2011,30,68.1871299522282,67.4231671737355,68.7954149815065
India,IND,2011,31,67.3769400794325,66.664032359973,68.1168358041121
Turkey,TUR,2011,31,66.752097636677,66.0269213235192,67.499472484601
Romania,ROU,2011,27,66.1808394227383,65.3693829593732,70.6116950995339
Sri Lanka,LKA,2011,29,66.1379863186066,65.2041324506114,66.7761862025816
Bulgaria,BGR,2011,31,66.0225363521137,65.2535973202816,66.7273830848362
Cabo Verde,CPV,2011,27,66.0225363521137,62.7518305414431,67.6980902801976
Namibia,NAM,2011,30,65.9715928037586,65.4214076104284,67.0630220299228
Guatemala,GTM,2011,29,65.5650958351821,64.9311627786271,66.4715095994368
Zambia,ZMB,2011,29,65.3420855670765,64.8431753455708,66.601254352848
Vietnam,VNM,2011,27,65.2341691103048,64.7690793765902,66.6399098884653
El Salvador,SLV,2011,30,65.2049385768228,64.5333310946596,66.1185703776896
Mongolia,MNG,2011,31,64.9902543850628,64.256101126906,65.7101967382514
Greece,GRC,2011,28,64.9409523154664,64.2917871002276,68.5583780597644
Tunisia,TUN,2011,31,64.6769788646648,63.8952267547929,65.5946730317007
Jordan,JOR,2011,29,64.5904278572447,63.5062551043379,65.3981487802735
Burkina Faso,BFA,2011,26,63.5127781463015,62.3249271998913,65.458126617286
Senegal,SEN,2011,30,63.4130084707708,62.8295767522788,64.3435124234323
Armenia,ARM,2011,30,63.1891963021902,62.1757553359525,63.6319153576169
Albania,ALB,2011,30,63.0930086461974,62.4638616665483,64.2942309393767
Jamaica,JAM,2011,29,62.9023455657343,62.5367435011096,64.9038825218584
Kenya,KEN,2011,28,62.8859306852594,61.578197107181,64.8789507930885
Papua New Guinea,PNG,2011,8,62.6883091862133,58.7644470822147,63.234546731357
São Tomé and Príncipe,STP,2011,7,62.6434698169487,58.6977456846269,63.314888774654
Trinidad and Tobago,TTO,2011,30,62.4860234527708,61.7317722448196,63.499290819353
Uzbekistan,UZB,2011,20,62.2174515848101,53.1472812200536,65.1935538165793
Belize,BLZ,2011,9,61.8844227718986,60.5200575920523,66.3315699005741
Palestinian Territories,PSE,2011,8,61.7434938451778,59.9463938203701,65.0761371970034
Bhutan,BTN,2011,19,61.6832347159625,58.8863627054559,66.3005843734192
Azerbaijan,AZE,2011,30,61.0881526743257,60.3890572204621,61.8451917490291
Russia,RUS,2011,30,61.023269193958,60.4159498639527,62.0806099476689
Bosnia and Herzegovina,BIH,2011,31,60.872588362732,59.9877977713683,61.618785887626
Argentina,ARG,2011,30,60.6540807975341,60.0487992804709,61.8240436465273
Niger,NER,2011,8,60.6404717575021,58.0254232758722,63.3742191381822
Georgia,GEO,2011,30,60.5339167867335,59.7909180517019,61.7983284997374
Kuwait,KWT,2011,29,60.5036324398008,59.9106514141959,61.4286135899248
Ghana,GHA,2011,28,60.4632503841954,59.7664674819337,62.6135331409306
Ukraine,UKR,2011,30,60.3623659466077,59.7603092305289,61.3269104816922
Fiji,FJI,2011,8,60.3537337592665,56.6391046474808,63.1242965782516
Lebanon,LBN,2011,26,60.1635145973836,59.0507367543495,61.4732650383546
Dominican Republic,DOM,2011,27,60.1162114056763,58.8288522662342,62.8615911943126
Turkmenistan,TKM,2011,7,60.0751340853101,54.1438179498101,60.3500068875213
Tajikistan,TJK,2011,29,59.7685187739221,59.1447877136801,60.7502425041544
Gambia,GMB,2011,27,59.7256818560262,58.5625342098476,60.9453801391435
Malawi,MWI,2011,27,59.653704276907,58.5863955144888,60.6954162327878
Philippines,PHL,2011,29,59.6215833399148,59.149314273798,60.8981350357639
Honduras,HND,2011,28,59.3102243352134,58.8460160774241,60.531276657333
Djibouti,DJI,2011,7,59.1981904204319,58.7415752108111,63.7453024238835
Eritrea,ERI,2011,7,59.032716479318,55.5885784620474,60.2184310599418
Laos,LAO,2011,19,58.699636327017,53.0882659809718,60.9227200111583
Moldova,MDA,2011,30,58.5927993766974,57.6704054349215,59.4264595700825
Guyana,GUY,2011,22,58.3950280097027,55.0444669552331,60.9072951361934
Republic of Congo,COG,2011,10,57.969621165842,51.4020493500021,58.885866266938
Suriname,SUR,2011,19,57.8421669487306,55.0732073602889,62.4284807526092
Syria,SYR,2011,16,57.8218601753662,55.6683094170126,59.9754109337198
Morocco,MAR,2011,31,57.7805576287955,57.0220220543714,58.6290128685036
Serbia,SRB,2011,31,57.553253253033,56.7504082908477,58.444390931179
Cambodia,KHM,2011,29,57.4649516155841,56.71106895404,58.344282105072
Guinea-Bissau,GNB,2011,7,57.1859399471555,55.9099842943121,61.3376031735546
Mali,MLI,2011,29,56.9307155378823,55.4665748403588,57.2537530209151
Uganda,UGA,2011,29,56.8450079407572,56.1013793932375,58.0203410417102
Gabon,GAB,2011,18,56.5837121393685,50.23536944681,57.9364099951327
Mozambique,MOZ,2011,27,56.5698908985526,55.9294847394646,59.1548166718683
Benin,BEN,2011,28,56.4236833108899,55.7742678218646,57.6812852751455
Togo,TGO,2011,11,56.3833574489152,50.3110779036582,58.4350567664593
Bolivia,BOL,2011,27,56.1723720508044,55.342161868933,58.7702474542333
Cuba,CUB,2011,8,55.8738195340404,55.5039750577611,62.0137560915483
Ecuador,ECU,2011,28,55.6787879400016,53.3605500568334,56.0909769629864
Equatorial Guinea,GNQ,2011,7,55.5467350437425,54.6945053147177,60.3882089518461
Somalia,SOM,2011,7,55.1259437961972,49.8210426941576,55.3910448825056
Tanzania,TZA,2011,30,54.9312677003404,53.4437115116942,55.2459545926481
Central African Republic,CAF,2011,9,54.6858205291217,51.2194589152939,57.059829402815
Sierra Leone,SLE,2011,19,54.6517746347471,46.5894003644028,54.7273611663475
Lesotho,LSO,2011,30,53.9901732250208,53.1407153072827,54.7435540174282
Rwanda,RWA,2011,29,53.9870379880149,53.1935594663577,54.9542780579715
Sudan,SDN,2011,8,53.9870379880149,52.2255615212897,58.0855439868322
Nicaragua,NIC,2011,26,53.80369786169,51.2809594741282,55.8700914980036
Nigeria,NGA,2011,29,53.7460538716972,53.161684843251,54.9496318046033
Iraq,IRQ,2011,13,53.6973365515737,47.3359037836274,56.3665737407577
Madagascar,MDG,2011,27,53.6261633060346,53.1320700015371,56.9189208688755
Iran,IRN,2011,28,53.5093830906268,52.753192860503,54.6678014852774
Liberia,LBR,2011,19,52.9693026475103,43.9162072285219,53.1129361258182
Timor-Leste,TLS,2011,16,52.6853617031029,45.0703704845556,53.7335725769262
Belarus,BLR,2011,13,52.4665008354222,49.8246521903013,60.2150573912464
Pakistan,PAK,2011,31,52.3927546492524,51.7252909948562,53.1943474009659
Egypt,EGY,2011,30,52.3082441449886,51.578444389891,53.2947162968087
Comoros,COM,2011,8,52.25773867512,51.9929369759039,58.2468784258497
Cameroon,CMR,2011,27,51.8071192493106,50.7057883965551,53.230000534898
Paraguay,PRY,2011,28,51.7117855742889,50.8020543538467,54.025077840619
Ethiopia,ETH,2011,27,50.5382185762486,48.9955704303134,52.8454636551086
Kyrgyzstan,KGZ,2011,29,50.3156733729924,49.3637292234274,51.3976534999214
Côte d'Ivoire,CIV,2011,27,50.0922872076474,49.4708454811791,51.9897181529803
Eswatini,SWZ,2011,27,49.1638165077915,48.5221294388849,51.7743761247265
Afghanistan,AFG,2011,10,48.290465921193,47.4182784001053,54.3983024931519
Guinea,GIN,2011,18,48.2604999022802,45.2498581995205,54.0747206027424
Myanmar,MMR,2011,14,48.2402077975515,43.4925167900428,53.5608634667938
Venezuela,VEN,2011,28,44.0075524184191,37.987016467042,48.3273845301289
Seychelles,SYC,2011,19,44.0009369166585,36.9883560365215,49.9534666425192
Nepal,NPL,2011,30,43.9070414348355,43.0112801467369,45.1182446996152
Haiti,HTI,2011,17,43.7512907227252,38.1743503023486,47.8581754169248
Algeria,DZA,2011,30,43.106574650494,42.4413656258223,44.7279446851177
Bangladesh,BGD,2011,27,42.8606477177726,42.1826073676228,45.7306071315645
Democratic Republic of Congo,COD,2011,17,41.2838651656858,34.9379224632108,44.9236653088822
Chad,TCD,2011,27,40.173352479651,38.8212709474839,41.9426722658277
Zimbabwe,ZWE,2011,27,39.9626148910763,39.1824903329797,41.783049748713
Libya,LBY,2011,16,38.4909634393395,35.2670671172679,46.7878039009
Burundi,BDI,2011,27,31.3726385409212,30.0996557735049,34.823274496813
Yemen,YEM,2011,19,26.7398707304759,25.4145383489613,37.9292879317209
Mauritania,MRT,2011,25,24.0600117389007,20.0464024678602,29.8968662734864
Angola,AGO,2011,26,20.5015201337212,16.5442476976058,25.8153635614955
Singapore,SGP,2010,31,98.9703917961153,97.8055166442774,99.7497298340954
Canada,CAN,2010,28,98.5071820950223,94.8291334546497,100
Sweden,SWE,2010,31,98.4404359276803,97.3562732571676,99.2465432855158
United Kingdom,GBR,2010,30,97.9652483768088,96.4652008875947,99.3551717191202
United States of America,USA,2010,28,97.9007009048678,95.4582128131425,100
Switzerland,CHE,2010,29,97.8011610247603,95.9297438245026,98.1872265955016
New Zealand,NZL,2010,31,97.5889075779012,96.3231309614049,98.3180092897322
Finland,FIN,2010,29,97.5793301446114,96.321306525069,99.2423653067211
Iceland,ISL,2010,31,97.4112234746565,96.1031575566963,98.1511821919613
Australia,AUS,2010,31,97.1432593770536,96.0126784948446,97.9830438767118
Norway,NOR,2010,30,95.8263070454644,94.8412261326763,96.7389241916084
Hong Kong,HKG,2010,30,95.5787721990748,94.1334550779709,96.1264469701206
Netherlands,NLD,2010,28,95.507687192011,94.3074535923793,100
Denmark,DNK,2010,31,94.493771823883,93.4464431636994,95.331569620911
Ireland,IRL,2010,31,94.2543783324737,93.2292184417108,94.9599472115937
Luxembourg,LUX,2010,30,93.5277773255951,91.6037828781939,94.2377058252349
Taiwan,TWN,2010,28,93.1849362116802,91.6565138720302,94.4992560909211
Germany,DEU,2010,31,92.4015498711469,91.4602574218277,93.2651936967196
Estonia,EST,2010,31,91.49325029535,90.4308445749158,92.1961399694937
Austria,AUT,2010,31,89.4672235375888,88.4989979697376,90.2903709227401
Japan,JPN,2010,31,89.3297222021914,88.5022445441394,90.3068204724767
Belgium,BEL,2010,31,88.0818835337983,87.1440769369661,88.8745342397287
Israel,ISR,2010,30,87.8028209982367,86.0280021009566,88.9671892401351
Qatar,QAT,2010,28,84.9902393309419,84.137105780497,87.004681816421
South Korea,KOR,2010,29,83.6935591671666,83.1738165388331,87.1176624735253
Czech Republic,CZE,2010,30,83.6690165664866,82.6068197950327,84.2491191842253
Malaysia,MYS,2010,31,83.6043465635763,82.7302357891552,84.2592856351215
Cyprus,CYP,2010,31,83.3817014378857,82.3848230171917,84.1918712511283
France,FRA,2010,30,83.2046357191072,81.1731073898876,83.3006337884023
Chile,CHL,2010,29,82.4068135459746,80.7781402327105,85.6557907823524
Portugal,PRT,2010,31,81.133904986733,80.0944355194608,81.8987699105178
Costa Rica,CRI,2010,28,81.0710942283306,78.9790668281431,83.9465736418492
South Africa,ZAF,2010,29,81.0670533327673,78.8787496489779,82.0578685803292
Slovenia,SVN,2010,31,80.5105551420961,79.6191769764842,81.3558244457388
Puerto Rico,PRI,2010,26,79.9740205395204,79.1362619793614,85.0398781579621
Malta,MLT,2010,30,79.5796742215414,78.3376594808514,81.3493178004918
Spain,ESP,2010,31,79.183807167723,78.2738113029995,80.0424029459055
Botswana,BWA,2010,28,78.392530217801,74.5508559235338,78.9115155577721
Slovakia,SVK,2010,31,78.331170430716,77.5358640490451,79.0796403612917
Mauritius,MUS,2010,30,78.165278977722,76.7917245526793,79.0604832301515
Panama,PAN,2010,28,77.9932040144423,75.4526365049938,80.5337715238909
Lithuania,LTU,2010,31,77.359700960765,76.6592526795831,78.125401017097
Latvia,LVA,2010,31,77.1568669735719,76.2683899853352,77.9413877866571
Barbados,BRB,2010,25,76.7886093826187,74.6906472545215,81.4305897045748
United Arab Emirates,ARE,2010,29,75.6333819225859,74.9267622082368,77.2776275311896
Hungary,HUN,2010,31,75.3786867276645,74.4916703656003,76.1131215667272
Poland,POL,2010,31,74.602521405661,73.8947215752108,75.4085873710982
Brazil,BRA,2010,30,74.0062242141686,72.6881431903235,74.5857222764961
Brunei,BRN,2010,26,73.9996572868409,71.8908923624036,78.3425239039353
Uruguay,URY,2010,30,72.1959257406873,71.922573303809,73.7896143522443
Italy,ITA,2010,30,71.9494388039675,71.0109887183008,72.754638271348
Bahamas,BHS,2010,8,71.2481202578491,68.9516324843697,73.994218196426
Montenegro,MNE,2010,30,70.3382103359184,69.1755253479055,71.3121100366788
Bahrain,BHR,2010,28,70.2376170857443,69.4968358008869,71.2923406428321
Kazakhstan,KAZ,2010,30,69.1362587571109,68.4145842993498,69.9062102765015
Mexico,MEX,2010,29,69.0177269824356,68.1530816793876,70.5094347218624
Croatia,HRV,2010,30,68.9567829667364,68.3339631438761,70.3249633670607
Peru,PER,2010,30,68.8739494795542,67.759193660175,69.3122629001302
North Macedonia,MKD,2010,31,68.2331298555064,67.2672574810935,69.1696427505877
Thailand,THA,2010,30,67.9929640372977,67.2971869216225,68.7950271160247
India,IND,2010,31,67.8439360604467,67.1149575678418,68.5730168436328
Saudi Arabia,SAU,2010,30,67.6890877382861,66.0188070872828,68.5962036808898
Indonesia,IDN,2010,29,67.3692173452592,66.6300374524867,68.6008921153474
Colombia,COL,2010,28,67.3218818525302,65.5334059383337,70.7309535546765
Oman,OMN,2010,29,66.8325712168351,65.5988003003799,68.0772140929379
Burkina Faso,BFA,2010,27,66.6246450311435,65.2053229955941,68.4994248166483
Turkey,TUR,2010,31,66.57173406818,65.8666084471944,67.2826228723388
China,CHN,2010,28,66.5248102430008,65.9964670338361,69.1222888949419
Namibia,NAM,2010,29,66.4958210033435,65.0442408450515,67.2004774938121
Cabo Verde,CPV,2010,19,66.1153961560239,62.2279176434147,69.5946829825566
Romania,ROU,2010,27,65.9254585151748,64.8604533375601,69.2196074206853
Vietnam,VNM,2010,27,65.7802598092664,65.2280235569801,67.2271432616963
Guatemala,GTM,2010,29,65.6191623037122,64.9786514799723,66.5674302287408
Jordan,JOR,2010,29,65.3587710192809,63.9101744948337,65.9072810252135
Sri Lanka,LKA,2010,29,65.1489420819901,64.4365253063097,66.070236395949
El Salvador,SLV,2010,30,64.973335917675,63.811250079191,65.4555109465029
Zambia,ZMB,2010,29,64.9646389029024,63.6352272883385,65.5514251214582
Uzbekistan,UZB,2010,20,64.9623675466816,54.5081837675197,66.2606905043357
Jamaica,JAM,2010,29,64.9604879707145,62.1463113818695,65.0928590454702
Greece,GRC,2010,28,64.7787857527796,64.5529851234062,69.1088422268276
Tunisia,TUN,2010,30,64.6445157394104,63.9458624196466,66.4773217954367
Mongolia,MNG,2010,31,64.3718571815056,63.7446053391806,65.0850701081913
Bulgaria,BGR,2010,28,63.8669428712861,62.977245672367,67.0843103781986
Senegal,SEN,2010,30,63.5796586714457,62.9353450095863,64.6485958839391
Armenia,ARM,2010,30,63.4519220792107,62.29086520952,63.9465694322749
Bhutan,BTN,2010,19,62.5842504587851,59.1472162108094,66.0600485659471
São Tomé and Príncipe,STP,2010,7,62.5461840316757,58.5849022703468,63.1804404276237
Palestinian Territories,PSE,2010,8,62.3865356632023,59.075214212791,64.0676877416516
Trinidad and Tobago,TTO,2010,30,61.9734709041688,61.1516053798401,62.9494476255112
Belize,BLZ,2010,9,61.9268741814157,60.1877520258496,65.6824837308815
Djibouti,DJI,2010,7,61.8235992251959,58.6373847799135,63.8223738590406
Lebanon,LBN,2010,18,61.8133670269899,59.2039563378296,65.438579152438
Niger,NER,2010,8,61.549357011821,58.1421556951552,63.0692719501277
Azerbaijan,AZE,2010,30,61.3062898831198,60.8635425815371,62.4086241448109
Kenya,KEN,2010,27,61.2499546173255,60.4848846780193,63.2710741329764
Papua New Guinea,PNG,2010,8,60.7820955234767,58.4822371245236,63.773276638157
Russia,RUS,2010,30,60.6797118045125,59.8201065918273,61.486984093135
Ukraine,UKR,2010,30,60.4708363136908,59.7643678636746,61.3692542262676
Dominican Republic,DOM,2010,27,60.3392763524412,59.2877934596377,63.5927674962846
Argentina,ARG,2010,30,60.1114186012289,59.2007999992367,61.1958750164427
Tajikistan,TJK,2010,29,59.9088632101782,58.9691572277782,60.5917057120677
Kuwait,KWT,2010,29,59.8285303716894,59.2942063907941,60.7917275208518
Moldova,MDA,2010,30,59.7768378394303,58.8823258044437,60.3589505666916
Guinea-Bissau,GNB,2010,7,59.5918606884156,56.3774053220583,61.3131309892135
Cuba,CUB,2010,8,59.3288482764677,55.4697405183938,61.5998346904098
Malawi,MWI,2010,28,59.261748159572,58.172526304595,59.9957892410612
Fiji,FJI,2010,8,59.1133252830553,55.6227793656768,61.5705946217563
Albania,ALB,2010,30,59.0064277689114,57.9831302352474,60.2312933858418
Honduras,HND,2010,28,58.896670090401,58.282448823358,59.9479138955826
Georgia,GEO,2010,30,58.6828413678039,56.9331495193233,59.1685806627757
Laos,LAO,2010,19,58.3001500303267,52.9405640983771,60.6135998438122
Republic of Congo,COG,2010,10,58.180589076279,51.2799274711157,59.1120644765734
Philippines,PHL,2010,29,58.0872102434624,57.6205245793876,59.3174706210773
Gambia,GMB,2010,27,58.0249770680868,57.2120197776515,59.8599304461144
Suriname,SUR,2010,19,57.9379078247063,54.7048257550587,62.7404246644325
Ghana,GHA,2010,27,57.5509376612776,56.144653264359,59.3251892252681
Turkmenistan,TKM,2010,7,57.1894165934295,54.007745905241,59.4587731917779
Serbia,SRB,2010,31,56.9855890292314,56.1945195229664,57.9499478883655
Guyana,GUY,2010,22,56.9296371861747,54.1659728598215,59.9200392361269
Bosnia and Herzegovina,BIH,2010,30,56.9003610344811,56.2447669479777,59.1324276531441
Eritrea,ERI,2010,7,56.8893686763967,55.7168384918212,60.2201522998604
Mali,MLI,2010,28,56.8885150531574,56.5085661016875,58.7913190010127
Mozambique,MOZ,2010,27,56.6343293018455,54.1805365399191,57.5257509080587
Cambodia,KHM,2010,29,56.2423626466031,55.5620696684552,57.29894830547
Sudan,SDN,2010,8,55.9857155830968,52.3491823753403,58.0065057407225
Uganda,UGA,2010,29,55.7296169923215,55.186426450135,57.319456400767
Comoros,COM,2010,8,55.3426547160044,52.4530367950222,58.1022530852413
Syria,SYR,2010,16,55.317186390672,53.8713417818887,58.2486303899814
Benin,BEN,2010,28,55.2263438862726,54.8150465541148,56.7932111802284
Madagascar,MDG,2010,27,54.9761169677637,54.1995641018352,57.9069590974553
Morocco,MAR,2010,30,54.8973747441115,54.2279252607347,56.0914724360355
Nigeria,NGA,2010,29,54.4286570773508,53.79769090969,55.5512032680861
Lesotho,LSO,2010,30,54.2518018173459,53.4052397418894,55.0179417025129
Belarus,BLR,2010,13,53.9321958822513,49.3234394733405,59.8813456329298
Equatorial Guinea,GNQ,2010,7,53.9290477487151,53.6049078564445,60.5270922519663
Cameroon,CMR,2010,27,53.3384147999831,51.5319018353447,53.7912993204111
Tanzania,TZA,2010,29,52.7223369798506,52.0020016300162,54.4786374173359
Sierra Leone,SLE,2010,19,52.5287243824075,46.7015796721351,55.2148804061112
Egypt,EGY,2010,30,52.3788110728531,51.5598057051337,53.324902530155
Rwanda,RWA,2010,21,51.7978081367102,49.5916644768044,57.547169891156
Ecuador,ECU,2010,28,51.7476027396061,50.5329813738668,53.1882455167215
Gabon,GAB,2010,19,51.5054907344422,47.8997040622163,55.1112774066681
Liberia,LBR,2010,19,51.4857665618781,42.8673990569154,51.5761747244096
Iraq,IRQ,2010,13,51.4357477100228,46.9240494820891,55.6787686377605
Pakistan,PAK,2010,31,51.377621432944,50.6748111771863,52.2201841432016
Bolivia,BOL,2010,28,51.1771921449604,49.660408435719,55.2096038171589
Somalia,SOM,2010,7,51.0269478022051,49.9725632916225,55.0865717440717
Nicaragua,NIC,2010,26,50.7297032648096,49.7992903253599,55.0570794772735
Iran,IRN,2010,20,50.4389584486739,46.0517196492896,54.520454827641
Central African Republic,CAF,2010,9,50.4160530124843,47.3178789544709,53.5142270704977
Ethiopia,ETH,2010,26,50.3167740930877,48.7696111400568,52.7634908981927
Myanmar,MMR,2010,14,50.2876316657198,40.89228557192,51.7482926461211
Kyrgyzstan,KGZ,2010,29,49.3620383619536,48.3762813122123,50.3697599464882
Eswatini,SWZ,2010,19,48.6351540741392,46.8902582352368,55.5128708177679
Côte d'Ivoire,CIV,2010,27,48.3937043573484,47.945149809709,50.3639715654001
Timor-Leste,TLS,2010,16,48.3039453769112,45.5919611210641,54.5879933143768
Guinea,GIN,2010,18,47.89961677869,43.4671619259114,52.3223822143033
Togo,TGO,2010,10,47.5844854333719,47.0106964828434,58.9719002298221
Paraguay,PRY,2010,28,46.9409561823834,46.0779513686243,50.6569085664916
Afghanistan,AFG,2010,10,46.5926967050681,46.3103682552706,53.647061417469
Haiti,HTI,2010,17,42.3160660540273,39.9527526955259,49.7160492295735
Bangladesh,BGD,2010,27,41.3137556617182,40.780327012766,46.162155341808
Democratic Republic of Congo,COD,2010,18,40.6733591992578,36.6848381339009,45.7466831170628
Algeria,DZA,2010,30,40.0403233268422,39.2064473056513,41.8465936609664
Nepal,NPL,2010,30,40.0111725661671,38.8868638210968,41.4970761405927
Chad,TCD,2010,27,37.3648184681009,35.8031910753736,38.9507961669516
Venezuela,VEN,2010,28,36.7949247240846,31.3661319476768,43.3092826477576
Libya,LBY,2010,16,36.4103978938541,35.7583111094772,49.1704453029365
Zimbabwe,ZWE,2010,27,36.2153453864886,34.8517095278481,37.738358696521
Seychelles,SYC,2010,19,34.4133323696064,31.4494258115326,46.3571018562102
Burundi,BDI,2010,27,33.551871303297,28.8906766827753,33.7677659256403
Yemen,YEM,2010,19,29.6906604975327,24.2205222054036,38.3209137957664
Angola,AGO,2010,18,25.0175466949127,14.7295170997213,29.2816532946209
Mauritania,MRT,2010,25,23.0137664274957,18.4576135493598,28.1304330061672
Netherlands,NLD,2009,28,98.9842458991682,94.444919522765,100
Singapore,SGP,2009,31,98.8226101370072,97.7325157094474,99.5746025936073
United Kingdom,GBR,2009,30,98.7228135191433,95.7497990606647,99.1743451798929
Iceland,ISL,2009,31,98.3244735702387,97.0547899921064,99.1123084969699
Finland,FIN,2009,29,98.3216405663862,96.3232332136524,99.2364614723525
Sweden,SWE,2009,31,98.2015723697001,97.0371511269521,99.0172155842555
Australia,AUS,2009,31,97.84500721747,96.6647013498908,98.5466279486746
United States of America,USA,2009,28,97.8028395202333,95.716599211438,100
New Zealand,NZL,2009,30,97.6151942705888,95.8596729047625,98.8378852134256
Switzerland,CHE,2009,30,97.4571639190697,95.688949132915,98.0751364056338
Norway,NOR,2009,30,95.7237970953534,94.5812991299516,96.5973865204459
Hong Kong,HKG,2009,30,95.5187859757035,94.4981504556592,96.6103437318747
Canada,CAN,2009,28,95.0370739358369,94.6767215344621,100
Ireland,IRL,2009,31,95.025357357407,94.0062178458195,95.7932681725088
Denmark,DNK,2009,31,93.9815583868058,92.9397091791803,94.8033816065429
Taiwan,TWN,2009,28,93.5612505395078,92.4953257569548,95.2515364627688
Germany,DEU,2009,31,92.1305885265798,91.1619393570492,93.0185934958083
Estonia,EST,2009,31,92.0888324586971,90.9025983285876,92.7972807850705
Austria,AUT,2009,31,89.589893453674,88.6390460233985,90.4959752454239
Luxembourg,LUX,2009,28,89.0844099091063,88.2671380258474,94.325485239163
Japan,JPN,2009,30,88.6394313007805,87.7916125002939,89.5397377323166
Belgium,BEL,2009,31,87.6277893711107,86.6505889279519,88.4754584863759
Israel,ISR,2009,30,86.6924553072522,85.0499212196617,87.7464715507769
South Korea,KOR,2009,29,84.6589090561596,82.4627360203604,86.3821018921978
Cyprus,CYP,2009,30,84.5661764133685,82.3724967018753,85.3024981087913
Puerto Rico,PRI,2009,25,84.2084886987291,79.4782099632728,84.2812269891529
Qatar,QAT,2009,28,83.9606362215555,83.2016183702341,86.3564348937762
Malaysia,MYS,2009,31,83.9156520760597,82.9299675684787,84.5745264457838
Czech Republic,CZE,2009,30,82.8721252624742,82.1326364404577,83.7382507578521
France,FRA,2009,30,82.3323310095387,80.9845523713565,82.7179044570613
Portugal,PRT,2009,31,81.7256551680339,80.646568711307,82.4661872864496
Chile,CHL,2009,29,81.2902065603035,81.2311273176795,85.5955110173114
Spain,ESP,2009,31,80.1903409602402,79.2853256481153,80.9133698240299
Costa Rica,CRI,2009,28,80.1278299760445,79.1316950042941,83.7976715615679
Slovenia,SVN,2009,31,79.9018673534019,79.0216109607666,80.689027010135
South Africa,ZAF,2009,29,79.6297109539559,79.3427057995961,81.9902651838278
Barbados,BRB,2009,25,79.3021703868535,75.4783622874001,82.4075775247778
Malta,MLT,2009,30,79.2903274185368,77.5875677402285,80.8263036552383
Mauritius,MUS,2009,30,78.905614183223,76.924394224571,78.9626968905786
Slovakia,SVK,2009,31,78.5636636176545,77.7601105420577,79.3256338739906
Lithuania,LTU,2009,31,76.6441110489276,75.9279445777337,77.3997654069147
Latvia,LVA,2009,31,76.530036661078,75.7448130525006,77.3390082171873
Brazil,BRA,2009,30,76.2087229035443,75.4380884405998,77.5113476139902
Botswana,BWA,2009,28,75.9259895217566,75.1203586260502,79.3298443491987
Panama,PAN,2009,28,75.7200091359322,73.5487085162503,78.122671288311
Hungary,HUN,2009,31,75.3337159113428,74.3623821026535,76.1455081316176
Poland,POL,2009,31,74.2188491556932,73.5246642145734,74.9490769360991
United Arab Emirates,ARE,2009,29,74.1798537379253,73.0806644212456,75.2467476684951
Uruguay,URY,2009,30,73.1282467141951,71.8874609012579,73.9543372173726
Brunei,BRN,2009,26,72.201253059725,70.3233884421735,75.7710604499037
Bahamas,BHS,2009,8,71.6011296499617,70.3603594808867,75.3642242264668
Italy,ITA,2009,30,71.4107159367954,70.5993003560061,72.3870958987234
Bahrain,BHR,2009,28,70.3211349776232,69.4050424792901,71.096734557957
Montenegro,MNE,2009,30,70.1922888108091,68.8805147333774,70.9105259804928
Kazakhstan,KAZ,2009,30,69.9447822331127,69.2424311328004,70.7844741212688
Croatia,HRV,2009,30,69.5837593731896,68.7171111067627,70.5856614717019
Burkina Faso,BFA,2009,27,69.4909911605095,67.5669111185908,71.1940531596941
North Macedonia,MKD,2009,31,69.3903827751438,68.4542105831222,70.3186821535846
Mexico,MEX,2009,29,68.8239074816622,67.7721059435658,69.9359801050401
Peru,PER,2009,30,68.8153196611204,67.8655860833155,69.5416385698557
India,IND,2009,31,68.2483166538042,67.5272395363106,68.9755936877426
Colombia,COL,2009,28,67.5911258529694,66.1502231127263,71.366160600228
China,CHN,2009,28,67.0601342115638,63.9033568931085,67.208432186127
Saudi Arabia,SAU,2009,30,66.9726669544166,66.3284125190614,69.0866282698046
Thailand,THA,2009,30,66.9246119199914,66.3081046804534,67.7663176304633
Oman,OMN,2009,29,66.8645099239236,65.4095011626311,67.7958353418184
Zambia,ZMB,2009,30,66.5682046272417,65.7629148395113,67.3865129493563
Indonesia,IDN,2009,28,66.351453970141,65.3239244127278,67.2858236005221
Turkey,TUR,2009,31,66.2282049752586,65.4616467858196,67.0097054678366
Guatemala,GTM,2009,29,66.1577366217466,65.3966696365944,67.2118639776543
El Salvador,SLV,2009,30,66.0800477371895,65.337350761517,66.7378022259946
Namibia,NAM,2009,29,65.9941600594092,64.9294172412984,66.9710260880485
Vietnam,VNM,2009,27,65.9782715943934,65.1787704613358,67.3434337622992
Romania,ROU,2009,27,65.971863309476,64.5785358278868,69.3768710346811
Jordan,JOR,2009,30,65.6044101641691,64.9987930793943,66.5602180736198
Tunisia,TUN,2009,29,65.4823061078683,64.306553825419,67.0049927062329
Greece,GRC,2009,28,65.3650865741776,64.4468952666555,68.8515267271676
Bulgaria,BGR,2009,28,65.0708107177215,62.6853966123907,66.874938156587
Sri Lanka,LKA,2009,29,64.9776793344376,64.3610131778422,66.0786792287687
Cabo Verde,CPV,2009,19,64.712355989998,61.75513105198,68.8448679106553
Senegal,SEN,2009,30,64.0817051770693,63.4797604111094,64.9918718658544
Mongolia,MNG,2009,31,64.0550879801205,63.3737091872638,64.7824132498802
Lebanon,LBN,2009,18,63.866733353155,58.5690415948449,65.2706404004676
Uzbekistan,UZB,2009,20,63.3866589944054,54.9763779089623,66.8087300735941
Trinidad and Tobago,TTO,2009,30,63.376542948828,62.6641041668633,64.1948241907401
Belize,BLZ,2009,9,63.1005840089972,59.9750226046296,65.7705931573364
Armenia,ARM,2009,30,63.0164946438652,62.2185098702499,63.8144794174805
Niger,NER,2009,8,62.9137895404081,58.3059838128469,63.2196036037047
Bhutan,BTN,2009,19,62.5873926856505,58.5874966963357,66.6591278670472
Jamaica,JAM,2009,29,62.4676484083382,62.1315698889037,64.4496048935105
Guinea-Bissau,GNB,2009,7,62.1217421072203,55.9959889437966,62.4055100390101
São Tomé and Príncipe,STP,2009,7,61.7367158863202,58.4786511755658,63.0634828854451
Djibouti,DJI,2009,7,61.511914047055,58.3902012140574,63.5305598598448
Papua New Guinea,PNG,2009,8,61.3898006649349,58.3393370127348,63.2367376233142
Ukraine,UKR,2009,30,61.3498746085748,60.71808315921,62.2281393418399
Azerbaijan,AZE,2009,30,60.9642683168061,60.2867834959666,61.7785713624766
Ghana,GHA,2009,27,60.8538713171946,54.0587384377766,61.1675821901372
Kenya,KEN,2009,27,60.7163672930291,60.3536134076246,63.4559700386114
Russia,RUS,2009,30,60.6676543856164,59.9052260769169,61.5214152186635
Palestinian Territories,PSE,2009,8,60.2742815885503,56.9481509429521,62.5871862590994
Dominican Republic,DOM,2009,27,60.2682293543536,59.7367164246593,62.7835606353489
Tajikistan,TJK,2009,29,60.0445348431736,59.1564894024473,60.6675013912918
Malawi,MWI,2009,28,59.9867145229147,58.8573813393108,60.8305017156399
Moldova,MDA,2009,30,59.8456193429406,59.0746604634898,60.6897161465
Honduras,HND,2009,27,59.6221242018902,58.7995241828645,61.3341469781526
Argentina,ARG,2009,30,59.6182459160196,58.9067627317067,60.7943425421045
Georgia,GEO,2009,30,59.3325042451665,58.7517696574056,60.9163471344263
Albania,ALB,2009,31,59.2787626643916,58.5199010630448,60.3775311968306
Suriname,SUR,2009,19,59.0221063116001,56.7747405376225,63.7680625392019
Mali,MLI,2009,27,58.860554252593,57.138237950431,59.8253770372796
Equatorial Guinea,GNQ,2009,7,58.5709158562532,54.8671372721512,60.2347406213751
Gambia,GMB,2009,27,58.3626528434649,57.2693005005823,59.6152641929484
Kuwait,KWT,2009,29,58.3210807975323,57.2903134494057,59.0734862446276
Philippines,PHL,2009,28,57.9921434799192,57.2527563835761,59.3246504484523
Fiji,FJI,2009,8,57.4726369580872,55.6093712888446,61.7060963175214
Sudan,SDN,2009,8,57.2693664084565,52.4340026610146,58.6189068540327
Cuba,CUB,2009,8,57.073820437658,55.6162258591425,61.536408056192
Syria,SYR,2009,16,56.9583853102237,55.1140823517747,59.7765409473945
Serbia,SRB,2009,31,56.6775024421358,55.7616896831339,57.6347118161523
Bosnia and Herzegovina,BIH,2009,28,56.5185421137833,55.0101318762605,61.2404406612262
Eritrea,ERI,2009,7,56.3600014364915,55.5526469995391,60.4661785865985
Laos,LAO,2009,19,55.8892820879442,51.9751664495829,60.946319344442
Mozambique,MOZ,2009,27,55.5283730940495,54.4608877576289,58.0450767690824
Belarus,BLR,2009,13,55.4316633657537,50.0913905798036,60.600585773072
Madagascar,MDG,2009,27,55.2868336603301,55.11812644353,58.7369727721643
Guyana,GUY,2009,22,54.9168739552163,53.7068363779879,60.178514300837
Turkmenistan,TKM,2009,7,54.8855542068787,53.9096054938273,59.2201290870963
Gabon,GAB,2009,19,54.7489052934688,51.8553586921206,59.1147322160928
Benin,BEN,2009,28,54.7234728348144,54.0334563840238,55.9600521123515
Uganda,UGA,2009,29,54.4831258172132,53.4021128116276,55.8221056237295
Cambodia,KHM,2009,29,54.3921699204702,53.8690288785265,55.4343903919927
Nigeria,NGA,2009,29,54.3519349664332,53.6678594171221,55.3053370734362
Comoros,COM,2009,7,54.3035395566455,52.2703319128123,57.783068799803
Lesotho,LSO,2009,29,53.9975217664997,53.4463062827359,55.2700649024872
Morocco,MAR,2009,30,53.9953459387675,53.3145715037457,55.1319715118335
Republic of Congo,COG,2009,10,53.8292166478938,51.6066262117586,58.9078438758125
Timor-Leste,TLS,2009,16,53.6904573995362,44.0787269157102,54.1271509264981
Central African Republic,CAF,2009,8,53.3392582527034,50.9749585280911,57.2968610985887
Sierra Leone,SLE,2009,19,53.2074393415662,46.9523550332422,56.0512102855585
Cameroon,CMR,2009,27,53.1905153199481,51.8611662693786,54.3489964594709
Togo,TGO,2009,9,52.389827634795,49.7331281552225,58.6211616684341
Somalia,SOM,2009,7,52.1575925249492,49.7239186251512,55.5526699080518
Bolivia,BOL,2009,27,52.0808831757229,49.526621557217,56.5746579227828
Iraq,IRQ,2009,13,51.8636155353578,46.9037901435758,54.4306130133924
Egypt,EGY,2009,30,51.5715910859773,50.8497422756689,52.7230590708422
Eswatini,SWZ,2009,19,51.1626702622864,46.7431652489148,55.3453027317933
Rwanda,RWA,2009,21,51.0767189102208,49.858724443978,56.6991458575095
Kyrgyzstan,KGZ,2009,29,51.034508084339,50.2378382582819,52.0323409947577
Afghanistan,AFG,2009,8,51.0157138882835,46.7406432540615,53.6004171389534
Iran,IRN,2009,20,50.9455167304306,46.6693256409404,55.7982615858527
Ecuador,ECU,2009,28,50.8399592121804,50.1151724227528,52.8059991930225
Pakistan,PAK,2009,30,50.830505948336,49.4126374631174,51.2186245728683
Paraguay,PRY,2009,28,50.5640490740507,45.6460802447604,50.7925653629169
Nicaragua,NIC,2009,26,49.8784759195145,48.6150443346311,54.7298408674857
Liberia,LBR,2009,19,49.5741504986418,42.4499578676664,51.9441615125675
Ethiopia,ETH,2009,26,49.3251269840755,45.797062271741,50.3625594060958
Guinea,GIN,2009,18,48.7056790804732,41.8304744085559,52.710461852579
Libya,LBY,2009,16,48.6941027460515,40.035650899525,50.7187436603196
Tanzania,TZA,2009,29,47.9000054822198,47.1858326090176,50.092524228769
Côte d'Ivoire,CIV,2009,27,47.1577171395002,46.1870838098046,48.974590212543
Haiti,HTI,2009,17,46.6760141853575,41.6975867101665,51.3379179540397
Myanmar,MMR,2009,14,45.3892882547955,42.1642867300688,52.8785831472296
Democratic Republic of Congo,COD,2009,18,41.1397044736728,35.790218530307,45.754281295048
Venezuela,VEN,2009,28,40.9621320756438,33.3015689977455,44.6627131824119
Bangladesh,BGD,2009,27,39.7310258794754,39.0357199551575,44.661688118329
Nepal,NPL,2009,30,39.3831449496122,38.1839332092365,40.7122186053421
Chad,TCD,2009,27,37.8422658138052,36.7980481764289,39.5925849788032
Zimbabwe,ZWE,2009,27,36.5514689444288,34.5854157097467,37.8106249985297
Algeria,DZA,2009,30,36.2051544915755,34.1607780626425,37.3374941904123
Burundi,BDI,2009,27,35.0699915144046,34.0244107468032,37.1109145989331
Seychelles,SYC,2009,19,28.5742980774963,26.4715009335087,42.1115869619023
Yemen,YEM,2009,19,28.1807369195745,24.8390976446974,38.1843541328929
Angola,AGO,2009,18,24.799287714303,13.1649421732686,28.6278240344127
Mauritania,MRT,2009,25,18.9229612733114,12.5093292349377,25.6281283359386
